﻿Current_Run_SE,Current_Run_RE,current_pair_SE,current_pair_RE,current_card_prob,ITI_SE,ITI_RE,Q_bar,Q_card,start_MRI.thisRepN,start_MRI.thisTrialN,start_MRI.thisN,start_MRI.thisIndex,L_subjects.thisRepN,L_subjects.thisTrialN,L_subjects.thisN,L_subjects.thisIndex,Bar_Card_L.thisRepN,Bar_Card_L.thisTrialN,Bar_Card_L.thisN,Bar_Card_L.thisIndex,trials_bar_L.thisRepN,trials_bar_L.thisTrialN,trials_bar_L.thisN,trials_bar_L.thisIndex,Q_bar_L.thisRepN,Q_bar_L.thisTrialN,Q_bar_L.thisN,Q_bar_L.thisIndex,trials_Card_L.thisRepN,trials_Card_L.thisTrialN,trials_Card_L.thisN,trials_Card_L.thisIndex,Q_card_L.thisRepN,Q_card_L.thisTrialN,Q_card_L.thisN,Q_card_L.thisIndex,R_subjects.thisRepN,R_subjects.thisTrialN,R_subjects.thisN,R_subjects.thisIndex,fMR_Instr1_text.started,fMR_Instr1_text.stopped,Ready_text.started,Ready_text.stopped,trigger_2.keys,trigger_2.rt,trigger_2.started,trigger_2.stopped,center_OnsetTime.started,center_OnsetTime.stopped,text_SE_9.started,text_SE_9.stopped,fixOnset_text_ISI_SE_2.started,fixOnset_text_ISI_SE_2.stopped,current_pair_SE,current_pair_RE,target_pair,ISI_SE,Q_bar,PairQuestionONSET_SE_text_L.started,PairQuestionONSET_SE_text_L.stopped,key_resp_rating_SE_L.keys,key_resp_rating_SE_L.rt,key_resp_rating_SE_L.started,key_resp_rating_SE_L.stopped,Rating_pair,current_ITI,lagTime,fixOnset_text_ITI.started,fixOnset_text_ITI.stopped,PairONSET_card_prob_2.started,PairONSET_card_prob_2.stopped,fixOnset_text_ISI_RE_2.started,fixOnset_text_ISI_RE_2.stopped,card_pair,ISI_RE,Q_card,PairQuestionONSET_RE_text_L.started,PairQuestionONSET_RE_text_L.stopped,key_resp_rating_RE_L.keys,key_resp_rating_RE_L.rt,key_resp_rating_RE_L.started,key_resp_rating_RE_L.stopped,participant,session,date,expName,psychopyVersion,frameRate,
,,,,,,,,,0,0,0,0,,,,,,,,,,,,,,,,,,,,,,,,,,,,,9.117976400069892,None,,,,,,,,,,,,,,,,,,,,,,,,,,,,,,,,,,,,,,,,,,Sub028,001,2022_Sep_13_1349,2_1_MRI_Rating_SE_RE,2021.2.3,60.09066492596886,
1,0,2,-1,-1,2,-1,0,0,,,,,0,0,0,0,0,0,0,16,0,0,0,0,,,,,,,,,,,,,,,,,,,42.98620260041207,None,t,13.537375600077212,42.98620260041207,None,56.5660042995587,None,56.5660042995587,None,58.56046179961413,None,2,-1,34.44239353557274,2,0,,,,,,,,,,,,,,,,,,0,,,,,,,Sub028,001,2022_Sep_13_1349,2_1_MRI_Rating_SE_RE,2021.2.3,60.09066492596886,
1,0,2,-1,-1,2,-1,0,0,,,,,0,0,0,0,0,0,0,16,,,,,,,,,,,,,,,,,,,,,,,,,,,,,,,,,,,2,-1,,,0,,,,,,,,,,,,,,,,,,0,,,,,,,Sub028,001,2022_Sep_13_1349,2_1_MRI_Rating_SE_RE,2021.2.3,60.09066492596886,
1,0,2,-1,-1,2,-1,1,0,,,,,0,0,0,0,0,1,1,34,0,0,0,0,0,0,0,0,,,,,,,,,,,,,,,,,,,,,60.56961060035974,None,60.56961060035974,None,62.5773160001263,None,2,-1,34.44239353557274,2,1,64.59868939965963,None,r,1.0856814002618194,64.59868939965963,None,Extremely Likely,1.8613049999999944,0.8613049999999944,65.71084779966623,None,,,,,,,0,,,,,,,Sub028,001,2022_Sep_13_1349,2_1_MRI_Rating_SE_RE,2021.2.3,60.09066492596886,
1,0,2,-1,-1,2,-1,1,0,,,,,0,0,0,0,0,1,1,34,0,0,0,0,,,,,,,,,,,,,,,,,,,,,,,,,,,,,,,2,-1,,,1,,,,,,,,,,,,,,,,,,0,,,,,,,Sub028,001,2022_Sep_13_1349,2_1_MRI_Rating_SE_RE,2021.2.3,60.09066492596886,
1,0,2,-1,-1,2,-1,1,0,,,,,0,0,0,0,0,1,1,34,,,,,,,,,,,,,,,,,,,,,,,,,,,,,,,,,,,2,-1,,,1,,,,,,,,,,,,,,,,,,0,,,,,,,Sub028,001,2022_Sep_13_1349,2_1_MRI_Rating_SE_RE,2021.2.3,60.09066492596886,
0,1,-1,0,20,-1,2,0,1,,,,,0,0,0,0,0,2,2,75,,,,,,,,,0,0,0,0,0,0,0,0,,,,,,,,,,,,,,,,,,,-1,0,,,0,,,,,,,Slightly Unlikely,2.1999739999999974,1.1999739999999974,72.39470859989524,None,67.59524419996887,None,69.59390410035849,None,20,2,1,71.59651689976454,None,y,0.7817843994125724,71.59651689976454,None,Sub028,001,2022_Sep_13_1349,2_1_MRI_Rating_SE_RE,2021.2.3,60.09066492596886,
0,1,-1,0,20,-1,2,0,1,,,,,0,0,0,0,0,2,2,75,,,,,,,,,0,0,0,0,,,,,,,,,,,,,,,,,,,,,,,-1,0,,,0,,,,,,,,,,,,,,,,,,1,,,,,,,Sub028,001,2022_Sep_13_1349,2_1_MRI_Rating_SE_RE,2021.2.3,60.09066492596886,
0,1,-1,0,20,-1,2,0,1,,,,,0,0,0,0,0,2,2,75,,,,,,,,,,,,,,,,,,,,,,,,,,,,,,,,,,,-1,0,,,0,,,,,,,,,,,,,,,,,,1,,,,,,,Sub028,001,2022_Sep_13_1349,2_1_MRI_Rating_SE_RE,2021.2.3,60.09066492596886,
0,1,-1,2,80,-1,1,0,1,,,,,0,0,0,0,0,3,3,83,,,,,,,,,0,0,0,0,0,0,0,0,,,,,,,,,,,,,,,,,,,-1,2,,,0,,,,,,,Extremely Likely,2.4910850000000124,1.4910850000000124,78.12791199982166,None,74.61528110038489,None,76.61178390029818,None,80,1,1,77.61439289990813,None,r,0.48697239998728037,77.61439289990813,None,Sub028,001,2022_Sep_13_1349,2_1_MRI_Rating_SE_RE,2021.2.3,60.09066492596886,
0,1,-1,2,80,-1,1,0,1,,,,,0,0,0,0,0,3,3,83,,,,,,,,,0,0,0,0,,,,,,,,,,,,,,,,,,,,,,,-1,2,,,0,,,,,,,,,,,,,,,,,,1,,,,,,,Sub028,001,2022_Sep_13_1349,2_1_MRI_Rating_SE_RE,2021.2.3,60.09066492596886,
0,1,-1,2,80,-1,1,0,1,,,,,0,0,0,0,0,3,3,83,,,,,,,,,,,,,,,,,,,,,,,,,,,,,,,,,,,-1,2,,,0,,,,,,,,,,,,,,,,,,1,,,,,,,Sub028,001,2022_Sep_13_1349,2_1_MRI_Rating_SE_RE,2021.2.3,60.09066492596886,
1,0,1,-1,-1,2,-1,0,0,,,,,0,0,0,0,0,4,4,4,0,0,0,0,,,,,,,,,,,,,,,,,,,,,,,,,80.6377066001296,None,80.6377066001296,None,82.64489169977605,None,1,-1,18.12686832064904,2,0,,,,,,,,,,,,,,,,,,0,,,,,,,Sub028,001,2022_Sep_13_1349,2_1_MRI_Rating_SE_RE,2021.2.3,60.09066492596886,
1,0,1,-1,-1,2,-1,0,0,,,,,0,0,0,0,0,4,4,4,,,,,,,,,,,,,,,,,,,,,,,,,,,,,,,,,,,1,-1,,,0,,,,,,,,,,,,,,,,,,0,,,,,,,Sub028,001,2022_Sep_13_1349,2_1_MRI_Rating_SE_RE,2021.2.3,60.09066492596886,
0,1,-1,1,50,-1,3,0,1,,,,,0,0,0,0,0,5,5,88,,,,,,,,,0,0,0,0,0,0,0,0,,,,,,,,,,,,,,,,,,,-1,1,,,0,,,,,,,Slightly Likely,1.519640300000006,0.519640300000006,91.12887020036578,None,84.64533660002053,None,86.64597519952804,None,50,3,1,89.64600740000606,None,g,1.4573284992948174,89.64600740000606,None,Sub028,001,2022_Sep_13_1349,2_1_MRI_Rating_SE_RE,2021.2.3,60.09066492596886,
0,1,-1,1,50,-1,3,0,1,,,,,0,0,0,0,0,5,5,88,,,,,,,,,0,0,0,0,,,,,,,,,,,,,,,,,,,,,,,-1,1,,,0,,,,,,,,,,,,,,,,,,1,,,,,,,Sub028,001,2022_Sep_13_1349,2_1_MRI_Rating_SE_RE,2021.2.3,60.09066492596886,
0,1,-1,1,50,-1,3,0,1,,,,,0,0,0,0,0,5,5,88,,,,,,,,,,,,,,,,,,,,,,,,,,,,,,,,,,,-1,1,,,0,,,,,,,,,,,,,,,,,,1,,,,,,,Sub028,001,2022_Sep_13_1349,2_1_MRI_Rating_SE_RE,2021.2.3,60.09066492596886,
1,0,1,-1,-1,2,-1,1,0,,,,,0,0,0,0,0,6,6,22,0,0,0,0,0,0,0,0,,,,,,,,,,,,,,,,,,,,,92.6633746996522,None,92.6633746996522,None,94.66224659979343,None,1,-1,18.12686832064904,2,1,96.66350150015205,None,g,0.8567780992016196,96.66350150015205,None,Slightly Likely,2.1221531000000056,1.1221531000000056,97.54535780008882,None,,,,,,,0,,,,,,,Sub028,001,2022_Sep_13_1349,2_1_MRI_Rating_SE_RE,2021.2.3,60.09066492596886,
1,0,1,-1,-1,2,-1,1,0,,,,,0,0,0,0,0,6,6,22,0,0,0,0,,,,,,,,,,,,,,,,,,,,,,,,,,,,,,,1,-1,,,1,,,,,,,,,,,,,,,,,,0,,,,,,,Sub028,001,2022_Sep_13_1349,2_1_MRI_Rating_SE_RE,2021.2.3,60.09066492596886,
1,0,1,-1,-1,2,-1,1,0,,,,,0,0,0,0,0,6,6,22,,,,,,,,,,,,,,,,,,,,,,,,,,,,,,,,,,,1,-1,,,1,,,,,,,,,,,,,,,,,,0,,,,,,,Sub028,001,2022_Sep_13_1349,2_1_MRI_Rating_SE_RE,2021.2.3,60.09066492596886,
1,0,1,-1,-1,2,-1,1,0,,,,,0,0,0,0,0,7,7,13,0,0,0,0,0,0,0,0,,,,,,,,,,,,,,,,,,,,,99.68482199963182,None,99.68482199963182,None,101.69623889960349,None,1,-1,18.12686832064904,2,1,103.69658519979566,None,r,1.0989100001752377,103.69658519979566,None,Extremely Likely,1.8784449000000052,0.8784449000000052,104.81262580025941,None,,,,,,,0,,,,,,,Sub028,001,2022_Sep_13_1349,2_1_MRI_Rating_SE_RE,2021.2.3,60.09066492596886,
1,0,1,-1,-1,2,-1,1,0,,,,,0,0,0,0,0,7,7,13,0,0,0,0,,,,,,,,,,,,,,,,,,,,,,,,,,,,,,,1,-1,,,1,,,,,,,,,,,,,,,,,,0,,,,,,,Sub028,001,2022_Sep_13_1349,2_1_MRI_Rating_SE_RE,2021.2.3,60.09066492596886,
1,0,1,-1,-1,2,-1,1,0,,,,,0,0,0,0,0,7,7,13,,,,,,,,,,,,,,,,,,,,,,,,,,,,,,,,,,,1,-1,,,1,,,,,,,,,,,,,,,,,,0,,,,,,,Sub028,001,2022_Sep_13_1349,2_1_MRI_Rating_SE_RE,2021.2.3,60.09066492596886,
1,0,1,-1,-1,2,-1,1,0,,,,,0,0,0,0,0,8,8,31,0,0,0,0,0,0,0,0,,,,,,,,,,,,,,,,,,,,,106.69822699949145,None,106.69822699949145,None,108.71259710006416,None,1,-1,18.12686832064904,2,1,110.71296439971775,None,r,0.5155314998701215,110.71296439971775,None,Extremely Likely,2.457356500000003,1.457356500000003,111.2460318999365,None,,,,,,,0,,,,,,,Sub028,001,2022_Sep_13_1349,2_1_MRI_Rating_SE_RE,2021.2.3,60.09066492596886,
1,0,1,-1,-1,2,-1,1,0,,,,,0,0,0,0,0,8,8,31,0,0,0,0,,,,,,,,,,,,,,,,,,,,,,,,,,,,,,,1,-1,,,1,,,,,,,,,,,,,,,,,,0,,,,,,,Sub028,001,2022_Sep_13_1349,2_1_MRI_Rating_SE_RE,2021.2.3,60.09066492596886,
1,0,1,-1,-1,2,-1,1,0,,,,,0,0,0,0,0,8,8,31,,,,,,,,,,,,,,,,,,,,,,,,,,,,,,,,,,,1,-1,,,1,,,,,,,,,,,,,,,,,,0,,,,,,,Sub028,001,2022_Sep_13_1349,2_1_MRI_Rating_SE_RE,2021.2.3,60.09066492596886,
0,1,-1,0,20,-1,1,0,0,,,,,0,0,0,0,0,9,9,54,,,,,,,,,0,0,0,0,,,,,,,,,,,,,,,,,,,,,,,-1,0,,,0,,,,,,,,,,,,113.7187032001093,None,115.72958109993488,None,20,1,0,,,,,,,Sub028,001,2022_Sep_13_1349,2_1_MRI_Rating_SE_RE,2021.2.3,60.09066492596886,
0,1,-1,0,20,-1,1,0,0,,,,,0,0,0,0,0,9,9,54,,,,,,,,,,,,,,,,,,,,,,,,,,,,,,,,,,,-1,0,,,0,,,,,,,,,,,,,,,,,,0,,,,,,,Sub028,001,2022_Sep_13_1349,2_1_MRI_Rating_SE_RE,2021.2.3,60.09066492596886,
1,0,2,-1,-1,3,-1,1,0,,,,,0,0,0,0,0,10,10,35,0,0,0,0,0,0,0,0,,,,,,,,,,,,,,,,,,,,,116.73207239992917,None,116.73207239992917,None,118.74628630001098,None,2,-1,34.44239353557274,3,1,121.76172719988972,None,r,1.5046690991148353,121.76172719988972,None,Extremely Likely,1.4385628999999938,0.43856289999999376,123.29662779998034,None,,,,,,,0,,,,,,,Sub028,001,2022_Sep_13_1349,2_1_MRI_Rating_SE_RE,2021.2.3,60.09066492596886,
1,0,2,-1,-1,3,-1,1,0,,,,,0,0,0,0,0,10,10,35,0,0,0,0,,,,,,,,,,,,,,,,,,,,,,,,,,,,,,,2,-1,,,1,,,,,,,,,,,,,,,,,,0,,,,,,,Sub028,001,2022_Sep_13_1349,2_1_MRI_Rating_SE_RE,2021.2.3,60.09066492596886,
1,0,2,-1,-1,3,-1,1,0,,,,,0,0,0,0,0,10,10,35,,,,,,,,,,,,,,,,,,,,,,,,,,,,,,,,,,,2,-1,,,1,,,,,,,,,,,,,,,,,,0,,,,,,,Sub028,001,2022_Sep_13_1349,2_1_MRI_Rating_SE_RE,2021.2.3,60.09066492596886,
0,1,-1,1,50,-1,2,0,1,,,,,0,0,0,0,0,11,11,67,,,,,,,,,0,0,0,0,0,0,0,0,,,,,,,,,,,,,,,,,,,-1,1,,,0,,,,,,,Slightly Likely,1.2273257999999885,0.22732579999998848,130.53011220041662,None,124.7540395995602,None,126.7633028998971,None,50,2,1,128.76390899997205,None,g,1.7505751000717282,128.76390899997205,None,Sub028,001,2022_Sep_13_1349,2_1_MRI_Rating_SE_RE,2021.2.3,60.09066492596886,
0,1,-1,1,50,-1,2,0,1,,,,,0,0,0,0,0,11,11,67,,,,,,,,,0,0,0,0,,,,,,,,,,,,,,,,,,,,,,,-1,1,,,0,,,,,,,,,,,,,,,,,,1,,,,,,,Sub028,001,2022_Sep_13_1349,2_1_MRI_Rating_SE_RE,2021.2.3,60.09066492596886,
0,1,-1,1,50,-1,2,0,1,,,,,0,0,0,0,0,11,11,67,,,,,,,,,,,,,,,,,,,,,,,,,,,,,,,,,,,-1,1,,,0,,,,,,,,,,,,,,,,,,1,,,,,,,Sub028,001,2022_Sep_13_1349,2_1_MRI_Rating_SE_RE,2021.2.3,60.09066492596886,
0,1,-1,2,80,-1,3,0,0,,,,,0,0,0,0,0,12,12,53,,,,,,,,,0,0,0,0,,,,,,,,,,,,,,,,,,,,,,,-1,2,,,0,,,,,,,,,,,,131.76874299999326,None,133.78061710018665,None,80,3,0,,,,,,,Sub028,001,2022_Sep_13_1349,2_1_MRI_Rating_SE_RE,2021.2.3,60.09066492596886,
0,1,-1,2,80,-1,3,0,0,,,,,0,0,0,0,0,12,12,53,,,,,,,,,,,,,,,,,,,,,,,,,,,,,,,,,,,-1,2,,,0,,,,,,,,,,,,,,,,,,0,,,,,,,Sub028,001,2022_Sep_13_1349,2_1_MRI_Rating_SE_RE,2021.2.3,60.09066492596886,
1,0,2,-1,-1,3,-1,0,0,,,,,0,0,0,0,0,13,13,17,0,0,0,0,,,,,,,,,,,,,,,,,,,,,,,,,136.7957300003618,None,136.7957300003618,None,138.79725459963083,None,2,-1,34.44239353557274,3,0,,,,,,,,,,,,,,,,,,0,,,,,,,Sub028,001,2022_Sep_13_1349,2_1_MRI_Rating_SE_RE,2021.2.3,60.09066492596886,
1,0,2,-1,-1,3,-1,0,0,,,,,0,0,0,0,0,13,13,17,,,,,,,,,,,,,,,,,,,,,,,,,,,,,,,,,,,2,-1,,,0,,,,,,,,,,,,,,,,,,0,,,,,,,Sub028,001,2022_Sep_13_1349,2_1_MRI_Rating_SE_RE,2021.2.3,60.09066492596886,
0,1,-1,1,50,-1,1,0,1,,,,,0,0,0,0,0,14,14,73,,,,,,,,,0,0,0,0,0,0,0,0,,,,,,,,,,,,,,,,,,,-1,1,,,0,,,,,,,Extremely Likely,1.8727341999999965,0.8727341999999965,145.93081010039896,None,141.79849839955568,None,143.8142007002607,None,50,1,1,144.8147451998666,None,r,1.0956608997657895,144.8147451998666,None,Sub028,001,2022_Sep_13_1349,2_1_MRI_Rating_SE_RE,2021.2.3,60.09066492596886,
0,1,-1,1,50,-1,1,0,1,,,,,0,0,0,0,0,14,14,73,,,,,,,,,0,0,0,0,,,,,,,,,,,,,,,,,,,,,,,-1,1,,,0,,,,,,,,,,,,,,,,,,1,,,,,,,Sub028,001,2022_Sep_13_1349,2_1_MRI_Rating_SE_RE,2021.2.3,60.09066492596886,
0,1,-1,1,50,-1,1,0,1,,,,,0,0,0,0,0,14,14,73,,,,,,,,,,,,,,,,,,,,,,,,,,,,,,,,,,,-1,1,,,0,,,,,,,,,,,,,,,,,,1,,,,,,,Sub028,001,2022_Sep_13_1349,2_1_MRI_Rating_SE_RE,2021.2.3,60.09066492596886,
1,0,0,-1,-1,2,-1,0,0,,,,,0,0,0,0,0,15,15,1,0,0,0,0,,,,,,,,,,,,,,,,,,,,,,,,,147.82089900039136,None,147.82089900039136,None,149.8310083001852,None,0,-1,6.807317636205193,2,0,,,,,,,,,,,,,,,,,,0,,,,,,,Sub028,001,2022_Sep_13_1349,2_1_MRI_Rating_SE_RE,2021.2.3,60.09066492596886,
1,0,0,-1,-1,2,-1,0,0,,,,,0,0,0,0,0,15,15,1,,,,,,,,,,,,,,,,,,,,,,,,,,,,,,,,,,,0,-1,,,0,,,,,,,,,,,,,,,,,,0,,,,,,,Sub028,001,2022_Sep_13_1349,2_1_MRI_Rating_SE_RE,2021.2.3,60.09066492596886,
0,1,-1,1,50,-1,2,0,0,,,,,0,0,0,0,0,16,16,49,,,,,,,,,0,0,0,0,,,,,,,,,,,,,,,,,,,,,,,-1,1,,,0,,,,,,,,,,,,151.84630810003728,None,153.84770319983363,None,50,2,0,,,,,,,Sub028,001,2022_Sep_13_1349,2_1_MRI_Rating_SE_RE,2021.2.3,60.09066492596886,
0,1,-1,1,50,-1,2,0,0,,,,,0,0,0,0,0,16,16,49,,,,,,,,,,,,,,,,,,,,,,,,,,,,,,,,,,,-1,1,,,0,,,,,,,,,,,,,,,,,,0,,,,,,,Sub028,001,2022_Sep_13_1349,2_1_MRI_Rating_SE_RE,2021.2.3,60.09066492596886,
1,0,0,-1,-1,3,-1,0,0,,,,,0,0,0,0,0,17,17,2,0,0,0,0,,,,,,,,,,,,,,,,,,,,,,,,,155.84813299961388,None,155.84813299961388,None,157.84771250002086,None,0,-1,6.807317636205193,3,0,,,,,,,,,,,,,,,,,,0,,,,,,,Sub028,001,2022_Sep_13_1349,2_1_MRI_Rating_SE_RE,2021.2.3,60.09066492596886,
1,0,0,-1,-1,3,-1,0,0,,,,,0,0,0,0,0,17,17,2,,,,,,,,,,,,,,,,,,,,,,,,,,,,,,,,,,,0,-1,,,0,,,,,,,,,,,,,,,,,,0,,,,,,,Sub028,001,2022_Sep_13_1349,2_1_MRI_Rating_SE_RE,2021.2.3,60.09066492596886,
0,1,-1,1,50,-1,1,0,0,,,,,0,0,0,0,0,18,18,55,,,,,,,,,0,0,0,0,,,,,,,,,,,,,,,,,,,,,,,-1,1,,,0,,,,,,,,,,,,160.84909300040454,None,162.8482274003327,None,50,1,0,,,,,,,Sub028,001,2022_Sep_13_1349,2_1_MRI_Rating_SE_RE,2021.2.3,60.09066492596886,
0,1,-1,1,50,-1,1,0,0,,,,,0,0,0,0,0,18,18,55,,,,,,,,,,,,,,,,,,,,,,,,,,,,,,,,,,,-1,1,,,0,,,,,,,,,,,,,,,,,,0,,,,,,,Sub028,001,2022_Sep_13_1349,2_1_MRI_Rating_SE_RE,2021.2.3,60.09066492596886,
1,0,0,-1,-1,1,-1,0,0,,,,,0,0,0,0,0,19,19,9,0,0,0,0,,,,,,,,,,,,,,,,,,,,,,,,,163.8489453997463,None,163.8489453997463,None,165.84805729985237,None,0,-1,6.807317636205193,1,0,,,,,,,,,,,,,,,,,,0,,,,,,,Sub028,001,2022_Sep_13_1349,2_1_MRI_Rating_SE_RE,2021.2.3,60.09066492596886,
1,0,0,-1,-1,1,-1,0,0,,,,,0,0,0,0,0,19,19,9,,,,,,,,,,,,,,,,,,,,,,,,,,,,,,,,,,,0,-1,,,0,,,,,,,,,,,,,,,,,,0,,,,,,,Sub028,001,2022_Sep_13_1349,2_1_MRI_Rating_SE_RE,2021.2.3,60.09066492596886,
1,0,1,-1,-1,3,-1,1,0,,,,,0,0,0,0,0,20,20,32,0,0,0,0,0,0,0,0,,,,,,,,,,,,,,,,,,,,,166.85548949986696,None,166.85548949986696,None,168.86480209976435,None,1,-1,18.12686832064904,3,1,171.86824950017035,None,g,1.829585699364543,171.86824950017035,None,Slightly Likely,1.1394063999999844,0.1394063999999844,173.715039299801,None,,,,,,,0,,,,,,,Sub028,001,2022_Sep_13_1349,2_1_MRI_Rating_SE_RE,2021.2.3,60.09066492596886,
1,0,1,-1,-1,3,-1,1,0,,,,,0,0,0,0,0,20,20,32,0,0,0,0,,,,,,,,,,,,,,,,,,,,,,,,,,,,,,,1,-1,,,1,,,,,,,,,,,,,,,,,,0,,,,,,,Sub028,001,2022_Sep_13_1349,2_1_MRI_Rating_SE_RE,2021.2.3,60.09066492596886,
1,0,1,-1,-1,3,-1,1,0,,,,,0,0,0,0,0,20,20,32,,,,,,,,,,,,,,,,,,,,,,,,,,,,,,,,,,,1,-1,,,1,,,,,,,,,,,,,,,,,,0,,,,,,,Sub028,001,2022_Sep_13_1349,2_1_MRI_Rating_SE_RE,2021.2.3,60.09066492596886,
0,1,-1,2,80,-1,2,0,0,,,,,0,0,0,0,0,21,21,50,,,,,,,,,0,0,0,0,,,,,,,,,,,,,,,,,,,,,,,-1,2,,,0,,,,,,,,,,,,174.87132950033993,None,176.8820652998984,None,80,2,0,,,,,,,Sub028,001,2022_Sep_13_1349,2_1_MRI_Rating_SE_RE,2021.2.3,60.09066492596886,
0,1,-1,2,80,-1,2,0,0,,,,,0,0,0,0,0,21,21,50,,,,,,,,,,,,,,,,,,,,,,,,,,,,,,,,,,,-1,2,,,0,,,,,,,,,,,,,,,,,,0,,,,,,,Sub028,001,2022_Sep_13_1349,2_1_MRI_Rating_SE_RE,2021.2.3,60.09066492596886,
0,1,-1,2,80,-1,3,0,0,,,,,0,0,0,0,0,22,22,62,,,,,,,,,0,0,0,0,,,,,,,,,,,,,,,,,,,,,,,-1,2,,,0,,,,,,,,,,,,178.88311159983277,None,180.8992790998891,None,80,3,0,,,,,,,Sub028,001,2022_Sep_13_1349,2_1_MRI_Rating_SE_RE,2021.2.3,60.09066492596886,
0,1,-1,2,80,-1,3,0,0,,,,,0,0,0,0,0,22,22,62,,,,,,,,,,,,,,,,,,,,,,,,,,,,,,,,,,,-1,2,,,0,,,,,,,,,,,,,,,,,,0,,,,,,,Sub028,001,2022_Sep_13_1349,2_1_MRI_Rating_SE_RE,2021.2.3,60.09066492596886,
1,0,0,-1,-1,2,-1,1,0,,,,,0,0,0,0,0,23,23,28,0,0,0,0,0,0,0,0,,,,,,,,,,,,,,,,,,,,,183.9052349999547,None,183.9052349999547,None,185.91581480018795,None,0,-1,6.807317636205193,2,1,187.92299920041114,None,r,1.9154618000611663,187.92299920041114,None,Extremely Likely,1.039298599999995,0.039298599999995076,189.86565660033375,None,,,,,,,0,,,,,,,Sub028,001,2022_Sep_13_1349,2_1_MRI_Rating_SE_RE,2021.2.3,60.09066492596886,
1,0,0,-1,-1,2,-1,1,0,,,,,0,0,0,0,0,23,23,28,0,0,0,0,,,,,,,,,,,,,,,,,,,,,,,,,,,,,,,0,-1,,,1,,,,,,,,,,,,,,,,,,0,,,,,,,Sub028,001,2022_Sep_13_1349,2_1_MRI_Rating_SE_RE,2021.2.3,60.09066492596886,
1,0,0,-1,-1,2,-1,1,0,,,,,0,0,0,0,0,23,23,28,,,,,,,,,,,,,,,,,,,,,,,,,,,,,,,,,,,0,-1,,,1,,,,,,,,,,,,,,,,,,0,,,,,,,Sub028,001,2022_Sep_13_1349,2_1_MRI_Rating_SE_RE,2021.2.3,60.09066492596886,
1,0,1,-1,-1,1,-1,1,0,,,,,0,0,0,0,0,24,24,21,0,0,0,0,0,0,0,0,,,,,,,,,,,,,,,,,,,,,190.92164860013872,None,190.92164860013872,None,192.93269080016762,None,1,-1,18.12686832064904,1,1,193.9323033997789,None,r,1.8332690000534058,193.9323033997789,None,Extremely Likely,1.1431340000000034,0.14313400000000343,195.78247870039195,None,,,,,,,0,,,,,,,Sub028,001,2022_Sep_13_1349,2_1_MRI_Rating_SE_RE,2021.2.3,60.09066492596886,
1,0,1,-1,-1,1,-1,1,0,,,,,0,0,0,0,0,24,24,21,0,0,0,0,,,,,,,,,,,,,,,,,,,,,,,,,,,,,,,1,-1,,,1,,,,,,,,,,,,,,,,,,0,,,,,,,Sub028,001,2022_Sep_13_1349,2_1_MRI_Rating_SE_RE,2021.2.3,60.09066492596886,
1,0,1,-1,-1,1,-1,1,0,,,,,0,0,0,0,0,24,24,21,,,,,,,,,,,,,,,,,,,,,,,,,,,,,,,,,,,1,-1,,,1,,,,,,,,,,,,,,,,,,0,,,,,,,Sub028,001,2022_Sep_13_1349,2_1_MRI_Rating_SE_RE,2021.2.3,60.09066492596886,
1,0,2,-1,-1,3,-1,0,0,,,,,0,0,0,0,0,25,25,8,0,0,0,0,,,,,,,,,,,,,,,,,,,,,,,,,196.93920900020748,None,196.93920900020748,None,198.94953829981387,None,2,-1,34.44239353557274,3,0,,,,,,,,,,,,,,,,,,0,,,,,,,Sub028,001,2022_Sep_13_1349,2_1_MRI_Rating_SE_RE,2021.2.3,60.09066492596886,
1,0,2,-1,-1,3,-1,0,0,,,,,0,0,0,0,0,25,25,8,,,,,,,,,,,,,,,,,,,,,,,,,,,,,,,,,,,2,-1,,,0,,,,,,,,,,,,,,,,,,0,,,,,,,Sub028,001,2022_Sep_13_1349,2_1_MRI_Rating_SE_RE,2021.2.3,60.09066492596886,
0,1,-1,0,20,-1,1,0,0,,,,,0,0,0,0,0,26,26,45,,,,,,,,,0,0,0,0,,,,,,,,,,,,,,,,,,,,,,,-1,0,,,0,,,,,,,,,,,,201.95735689997673,None,203.96668220032007,None,20,1,0,,,,,,,Sub028,001,2022_Sep_13_1349,2_1_MRI_Rating_SE_RE,2021.2.3,60.09066492596886,
0,1,-1,0,20,-1,1,0,0,,,,,0,0,0,0,0,26,26,45,,,,,,,,,,,,,,,,,,,,,,,,,,,,,,,,,,,-1,0,,,0,,,,,,,,,,,,,,,,,,0,,,,,,,Sub028,001,2022_Sep_13_1349,2_1_MRI_Rating_SE_RE,2021.2.3,60.09066492596886,
1,0,0,-1,-1,2,-1,1,0,,,,,0,0,0,0,0,27,27,19,0,0,0,0,0,0,0,0,,,,,,,,,,,,,,,,,,,,,204.97054539993405,None,204.97054539993405,None,206.98323060013354,None,0,-1,6.807317636205193,2,1,208.9835246000439,None,r,1.042866200208664,208.9835246000439,None,Extremely Likely,1.920811299999997,0.9208112999999969,210.04984499979764,None,,,,,,,0,,,,,,,Sub028,001,2022_Sep_13_1349,2_1_MRI_Rating_SE_RE,2021.2.3,60.09066492596886,
1,0,0,-1,-1,2,-1,1,0,,,,,0,0,0,0,0,27,27,19,0,0,0,0,,,,,,,,,,,,,,,,,,,,,,,,,,,,,,,0,-1,,,1,,,,,,,,,,,,,,,,,,0,,,,,,,Sub028,001,2022_Sep_13_1349,2_1_MRI_Rating_SE_RE,2021.2.3,60.09066492596886,
1,0,0,-1,-1,2,-1,1,0,,,,,0,0,0,0,0,27,27,19,,,,,,,,,,,,,,,,,,,,,,,,,,,,,,,,,,,0,-1,,,1,,,,,,,,,,,,,,,,,,0,,,,,,,Sub028,001,2022_Sep_13_1349,2_1_MRI_Rating_SE_RE,2021.2.3,60.09066492596886,
1,0,0,-1,-1,3,-1,1,0,,,,,0,0,0,0,0,28,28,11,0,0,0,0,0,0,0,0,,,,,,,,,,,,,,,,,,,,,211.9908544998616,None,211.9908544998616,None,214.00030220020562,None,0,-1,6.807317636205193,3,1,217.00021379999816,None,b,0.8732710005715489,217.00021379999816,None,Extremely Unlikely,2.092415599999981,1.0924155999999812,217.8999899001792,None,,,,,,,0,,,,,,,Sub028,001,2022_Sep_13_1349,2_1_MRI_Rating_SE_RE,2021.2.3,60.09066492596886,
1,0,0,-1,-1,3,-1,1,0,,,,,0,0,0,0,0,28,28,11,0,0,0,0,,,,,,,,,,,,,,,,,,,,,,,,,,,,,,,0,-1,,,1,,,,,,,,,,,,,,,,,,0,,,,,,,Sub028,001,2022_Sep_13_1349,2_1_MRI_Rating_SE_RE,2021.2.3,60.09066492596886,
1,0,0,-1,-1,3,-1,1,0,,,,,0,0,0,0,0,28,28,11,,,,,,,,,,,,,,,,,,,,,,,,,,,,,,,,,,,0,-1,,,1,,,,,,,,,,,,,,,,,,0,,,,,,,Sub028,001,2022_Sep_13_1349,2_1_MRI_Rating_SE_RE,2021.2.3,60.09066492596886,
1,0,1,-1,-1,2,-1,1,0,,,,,0,0,0,0,0,29,29,40,0,0,0,0,0,0,0,0,,,,,,,,,,,,,,,,,,,,,220.00353529956192,None,220.00353529956192,None,222.01755370013416,None,1,-1,18.12686832064904,2,1,224.03225850034505,None,g,0.8702047001570463,224.03225850034505,None,Slightly Likely,2.074337200000002,1.0743372000000022,224.93381720036268,None,,,,,,,0,,,,,,,Sub028,001,2022_Sep_13_1349,2_1_MRI_Rating_SE_RE,2021.2.3,60.09066492596886,
1,0,1,-1,-1,2,-1,1,0,,,,,0,0,0,0,0,29,29,40,0,0,0,0,,,,,,,,,,,,,,,,,,,,,,,,,,,,,,,1,-1,,,1,,,,,,,,,,,,,,,,,,0,,,,,,,Sub028,001,2022_Sep_13_1349,2_1_MRI_Rating_SE_RE,2021.2.3,60.09066492596886,
1,0,1,-1,-1,2,-1,1,0,,,,,0,0,0,0,0,29,29,40,,,,,,,,,,,,,,,,,,,,,,,,,,,,,,,,,,,1,-1,,,1,,,,,,,,,,,,,,,,,,0,,,,,,,Sub028,001,2022_Sep_13_1349,2_1_MRI_Rating_SE_RE,2021.2.3,60.09066492596886,
1,0,0,-1,-1,3,-1,1,0,,,,,0,0,0,0,0,30,30,20,0,0,0,0,0,0,0,0,,,,,,,,,,,,,,,,,,,,,227.026631699875,None,227.026631699875,None,229.03456609975547,None,0,-1,6.807317636205193,3,1,232.03565299976617,None,y,1.6438070004805923,232.03565299976617,None,Slightly Unlikely,1.3305608999999947,0.3305608999999947,233.70116470009089,None,,,,,,,0,,,,,,,Sub028,001,2022_Sep_13_1349,2_1_MRI_Rating_SE_RE,2021.2.3,60.09066492596886,
1,0,0,-1,-1,3,-1,1,0,,,,,0,0,0,0,0,30,30,20,0,0,0,0,,,,,,,,,,,,,,,,,,,,,,,,,,,,,,,0,-1,,,1,,,,,,,,,,,,,,,,,,0,,,,,,,Sub028,001,2022_Sep_13_1349,2_1_MRI_Rating_SE_RE,2021.2.3,60.09066492596886,
1,0,0,-1,-1,3,-1,1,0,,,,,0,0,0,0,0,30,30,20,,,,,,,,,,,,,,,,,,,,,,,,,,,,,,,,,,,0,-1,,,1,,,,,,,,,,,,,,,,,,0,,,,,,,Sub028,001,2022_Sep_13_1349,2_1_MRI_Rating_SE_RE,2021.2.3,60.09066492596886,
1,0,1,-1,-1,3,-1,1,0,,,,,0,0,0,0,0,31,31,41,0,0,0,0,0,0,0,0,,,,,,,,,,,,,,,,,,,,,235.0430773999542,None,235.0430773999542,None,237.05111190024763,None,1,-1,18.12686832064904,3,1,240.05366909969598,None,g,0.6598931001499295,240.05366909969598,None,Slightly Likely,2.3127626000000134,1.3127626000000134,240.7342103999108,None,,,,,,,0,,,,,,,Sub028,001,2022_Sep_13_1349,2_1_MRI_Rating_SE_RE,2021.2.3,60.09066492596886,
1,0,1,-1,-1,3,-1,1,0,,,,,0,0,0,0,0,31,31,41,0,0,0,0,,,,,,,,,,,,,,,,,,,,,,,,,,,,,,,1,-1,,,1,,,,,,,,,,,,,,,,,,0,,,,,,,Sub028,001,2022_Sep_13_1349,2_1_MRI_Rating_SE_RE,2021.2.3,60.09066492596886,
1,0,1,-1,-1,3,-1,1,0,,,,,0,0,0,0,0,31,31,41,,,,,,,,,,,,,,,,,,,,,,,,,,,,,,,,,,,1,-1,,,1,,,,,,,,,,,,,,,,,,0,,,,,,,Sub028,001,2022_Sep_13_1349,2_1_MRI_Rating_SE_RE,2021.2.3,60.09066492596886,
0,1,-1,2,80,-1,2,0,0,,,,,0,0,0,0,0,32,32,59,,,,,,,,,0,0,0,0,,,,,,,,,,,,,,,,,,,,,,,-1,2,,,0,,,,,,,,,,,,243.05959310010076,None,245.067971999757,None,80,2,0,,,,,,,Sub028,001,2022_Sep_13_1349,2_1_MRI_Rating_SE_RE,2021.2.3,60.09066492596886,
0,1,-1,2,80,-1,2,0,0,,,,,0,0,0,0,0,32,32,59,,,,,,,,,,,,,,,,,,,,,,,,,,,,,,,,,,,-1,2,,,0,,,,,,,,,,,,,,,,,,0,,,,,,,Sub028,001,2022_Sep_13_1349,2_1_MRI_Rating_SE_RE,2021.2.3,60.09066492596886,
1,0,0,-1,-1,1,-1,0,0,,,,,0,0,0,0,0,33,33,0,0,0,0,0,,,,,,,,,,,,,,,,,,,,,,,,,247.07002440001816,None,247.07002440001816,None,249.08525360003114,None,0,-1,6.807317636205193,1,0,,,,,,,,,,,,,,,,,,0,,,,,,,Sub028,001,2022_Sep_13_1349,2_1_MRI_Rating_SE_RE,2021.2.3,60.09066492596886,
1,0,0,-1,-1,1,-1,0,0,,,,,0,0,0,0,0,33,33,0,,,,,,,,,,,,,,,,,,,,,,,,,,,,,,,,,,,0,-1,,,0,,,,,,,,,,,,,,,,,,0,,,,,,,Sub028,001,2022_Sep_13_1349,2_1_MRI_Rating_SE_RE,2021.2.3,60.09066492596886,
1,0,0,-1,-1,1,-1,1,0,,,,,0,0,0,0,0,34,34,18,0,0,0,0,0,0,0,0,,,,,,,,,,,,,,,,,,,,,250.08953970018774,None,250.08953970018774,None,252.10208760015666,None,0,-1,6.807317636205193,1,1,253.11639969982207,None,y,1.0861430000513792,253.11639969982207,None,Slightly Unlikely,1.8758999000000074,0.8758999000000074,254.21799479983747,None,,,,,,,0,,,,,,,Sub028,001,2022_Sep_13_1349,2_1_MRI_Rating_SE_RE,2021.2.3,60.09066492596886,
1,0,0,-1,-1,1,-1,1,0,,,,,0,0,0,0,0,34,34,18,0,0,0,0,,,,,,,,,,,,,,,,,,,,,,,,,,,,,,,0,-1,,,1,,,,,,,,,,,,,,,,,,0,,,,,,,Sub028,001,2022_Sep_13_1349,2_1_MRI_Rating_SE_RE,2021.2.3,60.09066492596886,
1,0,0,-1,-1,1,-1,1,0,,,,,0,0,0,0,0,34,34,18,,,,,,,,,,,,,,,,,,,,,,,,,,,,,,,,,,,0,-1,,,1,,,,,,,,,,,,,,,,,,0,,,,,,,Sub028,001,2022_Sep_13_1349,2_1_MRI_Rating_SE_RE,2021.2.3,60.09066492596886,
1,0,1,-1,-1,1,-1,1,0,,,,,0,0,0,0,0,35,35,30,0,0,0,0,0,0,0,0,,,,,,,,,,,,,,,,,,,,,256.1119857998565,None,256.1119857998565,None,258.11852249968797,None,1,-1,18.12686832064904,1,1,259.1210497999564,None,g,0.7554620997980237,259.1210497999564,None,Slightly Likely,2.2142829999999947,1.2142829999999947,259.9026533002034,None,,,,,,,0,,,,,,,Sub028,001,2022_Sep_13_1349,2_1_MRI_Rating_SE_RE,2021.2.3,60.09066492596886,
1,0,1,-1,-1,1,-1,1,0,,,,,0,0,0,0,0,35,35,30,0,0,0,0,,,,,,,,,,,,,,,,,,,,,,,,,,,,,,,1,-1,,,1,,,,,,,,,,,,,,,,,,0,,,,,,,Sub028,001,2022_Sep_13_1349,2_1_MRI_Rating_SE_RE,2021.2.3,60.09066492596886,
1,0,1,-1,-1,1,-1,1,0,,,,,0,0,0,0,0,35,35,30,,,,,,,,,,,,,,,,,,,,,,,,,,,,,,,,,,,1,-1,,,1,,,,,,,,,,,,,,,,,,0,,,,,,,Sub028,001,2022_Sep_13_1349,2_1_MRI_Rating_SE_RE,2021.2.3,60.09066492596886,
1,0,0,-1,-1,2,-1,1,0,,,,,0,0,0,0,0,36,36,37,0,0,0,0,0,0,0,0,,,,,,,,,,,,,,,,,,,,,262.12632159981877,None,262.12632159981877,None,264.1352302003652,None,0,-1,6.807317636205193,2,1,266.1357851997018,None,b,0.6289725005626678,266.1357851997018,None,Extremely Unlikely,2.3464017000000013,1.3464017000000013,266.7859555995092,None,,,,,,,0,,,,,,,Sub028,001,2022_Sep_13_1349,2_1_MRI_Rating_SE_RE,2021.2.3,60.09066492596886,
1,0,0,-1,-1,2,-1,1,0,,,,,0,0,0,0,0,36,36,37,0,0,0,0,,,,,,,,,,,,,,,,,,,,,,,,,,,,,,,0,-1,,,1,,,,,,,,,,,,,,,,,,0,,,,,,,Sub028,001,2022_Sep_13_1349,2_1_MRI_Rating_SE_RE,2021.2.3,60.09066492596886,
1,0,0,-1,-1,2,-1,1,0,,,,,0,0,0,0,0,36,36,37,,,,,,,,,,,,,,,,,,,,,,,,,,,,,,,,,,,0,-1,,,1,,,,,,,,,,,,,,,,,,0,,,,,,,Sub028,001,2022_Sep_13_1349,2_1_MRI_Rating_SE_RE,2021.2.3,60.09066492596886,
0,1,-1,1,50,-1,3,0,1,,,,,0,0,0,0,0,37,37,70,,,,,,,,,0,0,0,0,0,0,0,0,,,,,,,,,,,,,,,,,,,-1,1,,,0,,,,,,,Slightly Likely,1.8615303999999924,0.8615303999999924,275.2857884997502,None,269.1405033003539,None,271.1528903003782,None,50,3,1,274.15540339984,None,g,1.115268599241972,274.15540339984,None,Sub028,001,2022_Sep_13_1349,2_1_MRI_Rating_SE_RE,2021.2.3,60.09066492596886,
0,1,-1,1,50,-1,3,0,1,,,,,0,0,0,0,0,37,37,70,,,,,,,,,0,0,0,0,,,,,,,,,,,,,,,,,,,,,,,-1,1,,,0,,,,,,,,,,,,,,,,,,1,,,,,,,Sub028,001,2022_Sep_13_1349,2_1_MRI_Rating_SE_RE,2021.2.3,60.09066492596886,
0,1,-1,1,50,-1,3,0,1,,,,,0,0,0,0,0,37,37,70,,,,,,,,,,,,,,,,,,,,,,,,,,,,,,,,,,,-1,1,,,0,,,,,,,,,,,,,,,,,,1,,,,,,,Sub028,001,2022_Sep_13_1349,2_1_MRI_Rating_SE_RE,2021.2.3,60.09066492596886,
1,0,2,-1,-1,2,-1,1,0,,,,,0,0,0,0,0,38,38,25,0,0,0,0,0,0,0,0,,,,,,,,,,,,,,,,,,,,,277.15851680003107,None,277.15851680003107,None,279.16937169991434,None,2,-1,34.44239353557274,2,1,281.18435239978135,None,r,0.33523309975862503,281.18435239978135,None,Extremely Likely,2.626595199999997,1.626595199999997,281.5356339002028,None,,,,,,,0,,,,,,,Sub028,001,2022_Sep_13_1349,2_1_MRI_Rating_SE_RE,2021.2.3,60.09066492596886,
1,0,2,-1,-1,2,-1,1,0,,,,,0,0,0,0,0,38,38,25,0,0,0,0,,,,,,,,,,,,,,,,,,,,,,,,,,,,,,,2,-1,,,1,,,,,,,,,,,,,,,,,,0,,,,,,,Sub028,001,2022_Sep_13_1349,2_1_MRI_Rating_SE_RE,2021.2.3,60.09066492596886,
1,0,2,-1,-1,2,-1,1,0,,,,,0,0,0,0,0,38,38,25,,,,,,,,,,,,,,,,,,,,,,,,,,,,,,,,,,,2,-1,,,1,,,,,,,,,,,,,,,,,,0,,,,,,,Sub028,001,2022_Sep_13_1349,2_1_MRI_Rating_SE_RE,2021.2.3,60.09066492596886,
1,0,0,-1,-1,3,-1,1,0,,,,,0,0,0,0,0,39,39,38,0,0,0,0,0,0,0,0,,,,,,,,,,,,,,,,,,,,,284.17712750006467,None,284.17712750006467,None,286.1864414997399,None,0,-1,6.807317636205193,3,1,289.1865448001772,None,b,0.3141582002863288,289.1865448001772,None,Extremely Unlikely,2.6620637999999985,1.6620637999999985,289.5195207996294,None,,,,,,,0,,,,,,,Sub028,001,2022_Sep_13_1349,2_1_MRI_Rating_SE_RE,2021.2.3,60.09066492596886,
1,0,0,-1,-1,3,-1,1,0,,,,,0,0,0,0,0,39,39,38,0,0,0,0,,,,,,,,,,,,,,,,,,,,,,,,,,,,,,,0,-1,,,1,,,,,,,,,,,,,,,,,,0,,,,,,,Sub028,001,2022_Sep_13_1349,2_1_MRI_Rating_SE_RE,2021.2.3,60.09066492596886,
1,0,0,-1,-1,3,-1,1,0,,,,,0,0,0,0,0,39,39,38,,,,,,,,,,,,,,,,,,,,,,,,,,,,,,,,,,,0,-1,,,1,,,,,,,,,,,,,,,,,,0,,,,,,,Sub028,001,2022_Sep_13_1349,2_1_MRI_Rating_SE_RE,2021.2.3,60.09066492596886,
0,1,-1,0,20,-1,3,0,1,,,,,0,0,0,0,0,40,40,60,,,,,,,,,0,0,0,0,0,0,0,0,,,,,,,,,,,,,,,,,,,-1,0,,,0,,,,,,,Slightly Unlikely,2.5469782000000123,1.5469782000000123,297.653316100128,None,292.1941165998578,None,294.20325480028987,None,20,3,1,297.21852250024676,None,y,0.41106459964066744,297.21852250024676,None,Sub028,001,2022_Sep_13_1349,2_1_MRI_Rating_SE_RE,2021.2.3,60.09066492596886,
0,1,-1,0,20,-1,3,0,1,,,,,0,0,0,0,0,40,40,60,,,,,,,,,0,0,0,0,,,,,,,,,,,,,,,,,,,,,,,-1,0,,,0,,,,,,,,,,,,,,,,,,1,,,,,,,Sub028,001,2022_Sep_13_1349,2_1_MRI_Rating_SE_RE,2021.2.3,60.09066492596886,
0,1,-1,0,20,-1,3,0,1,,,,,0,0,0,0,0,40,40,60,,,,,,,,,,,,,,,,,,,,,,,,,,,,,,,,,,,-1,0,,,0,,,,,,,,,,,,,,,,,,1,,,,,,,Sub028,001,2022_Sep_13_1349,2_1_MRI_Rating_SE_RE,2021.2.3,60.09066492596886,
1,0,1,-1,-1,3,-1,1,0,,,,,0,0,0,0,0,41,41,23,0,0,0,0,0,0,0,0,,,,,,,,,,,,,,,,,,,,,300.2116617998108,None,300.2116617998108,None,302.2199464002624,None,1,-1,18.12686832064904,3,1,305.23536380007863,None,g,0.5722875008359551,305.23536380007863,None,Slightly Likely,2.3763015999999766,1.3763015999999766,305.83755409996957,None,,,,,,,0,,,,,,,Sub028,001,2022_Sep_13_1349,2_1_MRI_Rating_SE_RE,2021.2.3,60.09066492596886,
1,0,1,-1,-1,3,-1,1,0,,,,,0,0,0,0,0,41,41,23,0,0,0,0,,,,,,,,,,,,,,,,,,,,,,,,,,,,,,,1,-1,,,1,,,,,,,,,,,,,,,,,,0,,,,,,,Sub028,001,2022_Sep_13_1349,2_1_MRI_Rating_SE_RE,2021.2.3,60.09066492596886,
1,0,1,-1,-1,3,-1,1,0,,,,,0,0,0,0,0,41,41,23,,,,,,,,,,,,,,,,,,,,,,,,,,,,,,,,,,,1,-1,,,1,,,,,,,,,,,,,,,,,,0,,,,,,,Sub028,001,2022_Sep_13_1349,2_1_MRI_Rating_SE_RE,2021.2.3,60.09066492596886,
0,1,-1,1,50,-1,2,0,1,,,,,0,0,0,0,0,42,42,76,,,,,,,,,0,0,0,0,0,0,0,0,,,,,,,,,,,,,,,,,,,-1,1,,,0,,,,,,,Slightly Likely,2.4105458999999883,1.4105458999999883,312.8205958995968,None,308.2270484995097,None,310.23734719958156,None,50,2,1,312.2389054996893,None,g,0.5627317000180483,312.2389054996893,None,Sub028,001,2022_Sep_13_1349,2_1_MRI_Rating_SE_RE,2021.2.3,60.09066492596886,
0,1,-1,1,50,-1,2,0,1,,,,,0,0,0,0,0,42,42,76,,,,,,,,,0,0,0,0,,,,,,,,,,,,,,,,,,,,,,,-1,1,,,0,,,,,,,,,,,,,,,,,,1,,,,,,,Sub028,001,2022_Sep_13_1349,2_1_MRI_Rating_SE_RE,2021.2.3,60.09066492596886,
0,1,-1,1,50,-1,2,0,1,,,,,0,0,0,0,0,42,42,76,,,,,,,,,,,,,,,,,,,,,,,,,,,,,,,,,,,-1,1,,,0,,,,,,,,,,,,,,,,,,1,,,,,,,Sub028,001,2022_Sep_13_1349,2_1_MRI_Rating_SE_RE,2021.2.3,60.09066492596886,
0,1,-1,0,20,-1,1,0,1,,,,,0,0,0,0,0,43,43,81,,,,,,,,,0,0,0,0,0,0,0,0,,,,,,,,,,,,,,,,,,,-1,0,,,0,,,,,,,Slightly Unlikely,2.509216600000002,1.509216600000002,318.73741739988327,None,315.2433572001755,None,317.2546693002805,None,20,1,1,318.2544700000435,None,y,0.458147999830544,318.2544700000435,None,Sub028,001,2022_Sep_13_1349,2_1_MRI_Rating_SE_RE,2021.2.3,60.09066492596886,
0,1,-1,0,20,-1,1,0,1,,,,,0,0,0,0,0,43,43,81,,,,,,,,,0,0,0,0,,,,,,,,,,,,,,,,,,,,,,,-1,0,,,0,,,,,,,,,,,,,,,,,,1,,,,,,,Sub028,001,2022_Sep_13_1349,2_1_MRI_Rating_SE_RE,2021.2.3,60.09066492596886,
0,1,-1,0,20,-1,1,0,1,,,,,0,0,0,0,0,43,43,81,,,,,,,,,,,,,,,,,,,,,,,,,,,,,,,,,,,-1,0,,,0,,,,,,,,,,,,,,,,,,1,,,,,,,Sub028,001,2022_Sep_13_1349,2_1_MRI_Rating_SE_RE,2021.2.3,60.09066492596886,
0,1,-1,0,20,-1,2,0,1,,,,,0,0,0,0,0,44,44,66,,,,,,,,,0,0,0,0,0,0,0,0,,,,,,,,,,,,,,,,,,,-1,0,,,0,,,,,,,Slightly Unlikely,2.362733800000001,1.3627338000000009,325.90406970027834,None,321.2615118995309,None,323.2711683996022,None,20,2,1,325.2716856999323,None,y,0.6159835001453757,325.2716856999323,None,Sub028,001,2022_Sep_13_1349,2_1_MRI_Rating_SE_RE,2021.2.3,60.09066492596886,
0,1,-1,0,20,-1,2,0,1,,,,,0,0,0,0,0,44,44,66,,,,,,,,,0,0,0,0,,,,,,,,,,,,,,,,,,,,,,,-1,0,,,0,,,,,,,,,,,,,,,,,,1,,,,,,,Sub028,001,2022_Sep_13_1349,2_1_MRI_Rating_SE_RE,2021.2.3,60.09066492596886,
0,1,-1,0,20,-1,2,0,1,,,,,0,0,0,0,0,44,44,66,,,,,,,,,,,,,,,,,,,,,,,,,,,,,,,,,,,-1,0,,,0,,,,,,,,,,,,,,,,,,1,,,,,,,Sub028,001,2022_Sep_13_1349,2_1_MRI_Rating_SE_RE,2021.2.3,60.09066492596886,
1,0,1,-1,-1,3,-1,0,0,,,,,0,0,0,0,0,45,45,5,0,0,0,0,,,,,,,,,,,,,,,,,,,,,,,,,328.2732165995985,None,328.2732165995985,None,330.28847809974104,None,1,-1,18.12686832064904,3,0,,,,,,,,,,,,,,,,,,0,,,,,,,Sub028,001,2022_Sep_13_1349,2_1_MRI_Rating_SE_RE,2021.2.3,60.09066492596886,
1,0,1,-1,-1,3,-1,0,0,,,,,0,0,0,0,0,45,45,5,,,,,,,,,,,,,,,,,,,,,,,,,,,,,,,,,,,1,-1,,,0,,,,,,,,,,,,,,,,,,0,,,,,,,Sub028,001,2022_Sep_13_1349,2_1_MRI_Rating_SE_RE,2021.2.3,60.09066492596886,
1,0,1,-1,-1,3,-1,0,0,,,,,0,0,0,0,0,46,46,14,0,0,0,0,,,,,,,,,,,,,,,,,,,,,,,,,333.28976059984416,None,333.28976059984416,None,335.30536559969187,None,1,-1,18.12686832064904,3,0,,,,,,,,,,,,,,,,,,0,,,,,,,Sub028,001,2022_Sep_13_1349,2_1_MRI_Rating_SE_RE,2021.2.3,60.09066492596886,
1,0,1,-1,-1,3,-1,0,0,,,,,0,0,0,0,0,46,46,14,,,,,,,,,,,,,,,,,,,,,,,,,,,,,,,,,,,1,-1,,,0,,,,,,,,,,,,,,,,,,0,,,,,,,Sub028,001,2022_Sep_13_1349,2_1_MRI_Rating_SE_RE,2021.2.3,60.09066492596886,
0,1,-1,0,20,-1,2,0,0,,,,,0,0,0,0,0,47,47,57,,,,,,,,,0,0,0,0,,,,,,,,,,,,,,,,,,,,,,,-1,0,,,0,,,,,,,,,,,,338.3059721002355,None,340.30470729991794,None,20,2,0,,,,,,,Sub028,001,2022_Sep_13_1349,2_1_MRI_Rating_SE_RE,2021.2.3,60.09066492596886,
0,1,-1,0,20,-1,2,0,0,,,,,0,0,0,0,0,47,47,57,,,,,,,,,,,,,,,,,,,,,,,,,,,,,,,,,,,-1,0,,,0,,,,,,,,,,,,,,,,,,0,,,,,,,Sub028,001,2022_Sep_13_1349,2_1_MRI_Rating_SE_RE,2021.2.3,60.09066492596886,
0,1,-1,0,20,-1,1,0,1,,,,,0,0,0,0,0,48,48,72,,,,,,,,,0,0,0,0,0,0,0,0,,,,,,,,,,,,,,,,,,,-1,0,,,0,,,,,,,Slightly Unlikely,1.9059476000000473,0.9059476000000473,346.40536969993263,None,342.30591460037977,None,344.30517369974405,None,20,1,1,345.30551460012794,None,y,1.0749909998849034,345.30551460012794,None,Sub028,001,2022_Sep_13_1349,2_1_MRI_Rating_SE_RE,2021.2.3,60.09066492596886,
0,1,-1,0,20,-1,1,0,1,,,,,0,0,0,0,0,48,48,72,,,,,,,,,0,0,0,0,,,,,,,,,,,,,,,,,,,,,,,-1,0,,,0,,,,,,,,,,,,,,,,,,1,,,,,,,Sub028,001,2022_Sep_13_1349,2_1_MRI_Rating_SE_RE,2021.2.3,60.09066492596886,
0,1,-1,0,20,-1,1,0,1,,,,,0,0,0,0,0,48,48,72,,,,,,,,,,,,,,,,,,,,,,,,,,,,,,,,,,,-1,0,,,0,,,,,,,,,,,,,,,,,,1,,,,,,,Sub028,001,2022_Sep_13_1349,2_1_MRI_Rating_SE_RE,2021.2.3,60.09066492596886,
0,1,-1,0,20,-1,2,0,1,,,,,0,0,0,0,0,49,49,84,,,,,,,,,0,0,0,0,0,0,0,0,,,,,,,,,,,,,,,,,,,-1,0,,,0,,,,,,,Slightly Unlikely,1.341693399999997,0.3416933999999969,353.9886670000851,None,348.3265089998022,None,350.33921580016613,None,20,2,1,352.33928980026394,None,y,1.631755500100553,352.33928980026394,None,Sub028,001,2022_Sep_13_1349,2_1_MRI_Rating_SE_RE,2021.2.3,60.09066492596886,
0,1,-1,0,20,-1,2,0,1,,,,,0,0,0,0,0,49,49,84,,,,,,,,,0,0,0,0,,,,,,,,,,,,,,,,,,,,,,,-1,0,,,0,,,,,,,,,,,,,,,,,,1,,,,,,,Sub028,001,2022_Sep_13_1349,2_1_MRI_Rating_SE_RE,2021.2.3,60.09066492596886,
0,1,-1,0,20,-1,2,0,1,,,,,0,0,0,0,0,49,49,84,,,,,,,,,,,,,,,,,,,,,,,,,,,,,,,,,,,-1,0,,,0,,,,,,,,,,,,,,,,,,1,,,,,,,Sub028,001,2022_Sep_13_1349,2_1_MRI_Rating_SE_RE,2021.2.3,60.09066492596886,
0,1,-1,2,80,-1,3,0,1,,,,,0,0,0,0,0,50,50,80,,,,,,,,,0,0,0,0,0,0,0,0,,,,,,,,,,,,,,,,,,,-1,2,,,0,,,,,,,Extremely Likely,2.5633662000000186,1.5633662000000186,360.7889780001715,None,355.34714990016073,None,357.35580740030855,None,80,3,1,360.37091549951583,None,r,0.3918024003505707,360.37091549951583,None,Sub028,001,2022_Sep_13_1349,2_1_MRI_Rating_SE_RE,2021.2.3,60.09066492596886,
0,1,-1,2,80,-1,3,0,1,,,,,0,0,0,0,0,50,50,80,,,,,,,,,0,0,0,0,,,,,,,,,,,,,,,,,,,,,,,-1,2,,,0,,,,,,,,,,,,,,,,,,1,,,,,,,Sub028,001,2022_Sep_13_1349,2_1_MRI_Rating_SE_RE,2021.2.3,60.09066492596886,
0,1,-1,2,80,-1,3,0,1,,,,,0,0,0,0,0,50,50,80,,,,,,,,,,,,,,,,,,,,,,,,,,,,,,,,,,,-1,2,,,0,,,,,,,,,,,,,,,,,,1,,,,,,,Sub028,001,2022_Sep_13_1349,2_1_MRI_Rating_SE_RE,2021.2.3,60.09066492596886,
0,1,-1,1,50,-1,3,0,0,,,,,0,0,0,0,0,51,51,61,,,,,,,,,0,0,0,0,,,,,,,,,,,,,,,,,,,,,,,-1,1,,,0,,,,,,,,,,,,363.3654747996479,None,365.3723919996992,None,50,3,0,,,,,,,Sub028,001,2022_Sep_13_1349,2_1_MRI_Rating_SE_RE,2021.2.3,60.09066492596886,
0,1,-1,1,50,-1,3,0,0,,,,,0,0,0,0,0,51,51,61,,,,,,,,,,,,,,,,,,,,,,,,,,,,,,,,,,,-1,1,,,0,,,,,,,,,,,,,,,,,,0,,,,,,,Sub028,001,2022_Sep_13_1349,2_1_MRI_Rating_SE_RE,2021.2.3,60.09066492596886,
1,0,2,-1,-1,2,-1,1,0,,,,,0,0,0,0,0,52,52,43,0,0,0,0,0,0,0,0,,,,,,,,,,,,,,,,,,,,,368.37323219981045,None,368.37323219981045,None,370.3730239998549,None,2,-1,34.44239353557274,2,1,372.37596049997956,None,g,1.2485918998718262,372.37596049997956,None,Slightly Likely,1.7380268,0.7380268000000001,373.6392125999555,None,,,,,,,0,,,,,,,Sub028,001,2022_Sep_13_1349,2_1_MRI_Rating_SE_RE,2021.2.3,60.09066492596886,
1,0,2,-1,-1,2,-1,1,0,,,,,0,0,0,0,0,52,52,43,0,0,0,0,,,,,,,,,,,,,,,,,,,,,,,,,,,,,,,2,-1,,,1,,,,,,,,,,,,,,,,,,0,,,,,,,Sub028,001,2022_Sep_13_1349,2_1_MRI_Rating_SE_RE,2021.2.3,60.09066492596886,
1,0,2,-1,-1,2,-1,1,0,,,,,0,0,0,0,0,52,52,43,,,,,,,,,,,,,,,,,,,,,,,,,,,,,,,,,,,2,-1,,,1,,,,,,,,,,,,,,,,,,0,,,,,,,Sub028,001,2022_Sep_13_1349,2_1_MRI_Rating_SE_RE,2021.2.3,60.09066492596886,
1,0,0,-1,-1,3,-1,1,0,,,,,0,0,0,0,0,53,53,29,0,0,0,0,0,0,0,0,,,,,,,,,,,,,,,,,,,,,375.39886519964784,None,375.39886519964784,None,377.4061099002138,None,0,-1,6.807317636205193,3,1,380.40680439956486,None,None,,380.40680439956486,None,,0.9974727999999686,-0.002527200000031371,382.4066390004009,None,,,,,,,0,,,,,,,Sub028,001,2022_Sep_13_1349,2_1_MRI_Rating_SE_RE,2021.2.3,60.09066492596886,
1,0,0,-1,-1,3,-1,1,0,,,,,0,0,0,0,0,53,53,29,0,0,0,0,,,,,,,,,,,,,,,,,,,,,,,,,,,,,,,0,-1,,,1,,,,,,,,,,,,,,,,,,0,,,,,,,Sub028,001,2022_Sep_13_1349,2_1_MRI_Rating_SE_RE,2021.2.3,60.09066492596886,
1,0,0,-1,-1,3,-1,1,0,,,,,0,0,0,0,0,53,53,29,,,,,,,,,,,,,,,,,,,,,,,,,,,,,,,,,,,0,-1,,,1,,,,,,,,,,,,,,,,,,0,,,,,,,Sub028,001,2022_Sep_13_1349,2_1_MRI_Rating_SE_RE,2021.2.3,60.09066492596886,
1,0,2,-1,-1,2,-1,0,0,,,,,0,0,0,0,0,54,54,7,0,0,0,0,,,,,,,,,,,,,,,,,,,,,,,,,383.4137506997213,None,383.4137506997213,None,385.4237262001261,None,2,-1,34.44239353557274,2,0,,,,,,,,,,,,,,,,,,0,,,,,,,Sub028,001,2022_Sep_13_1349,2_1_MRI_Rating_SE_RE,2021.2.3,60.09066492596886,
1,0,2,-1,-1,2,-1,0,0,,,,,0,0,0,0,0,54,54,7,,,,,,,,,,,,,,,,,,,,,,,,,,,,,,,,,,,2,-1,,,0,,,,,,,,,,,,,,,,,,0,,,,,,,Sub028,001,2022_Sep_13_1349,2_1_MRI_Rating_SE_RE,2021.2.3,60.09066492596886,
0,1,-1,1,50,-1,2,0,1,,,,,0,0,0,0,0,55,55,85,,,,,,,,,0,0,0,0,0,0,0,0,,,,,,,,,,,,,,,,,,,-1,1,,,0,,,,,,,Extremely Likely,2.2562805000000026,1.2562805000000026,392.1736196000129,None,387.4264912996441,None,389.4401120003313,None,50,2,1,391.4404856003821,None,r,0.7022347003221512,391.4404856003821,None,Sub028,001,2022_Sep_13_1349,2_1_MRI_Rating_SE_RE,2021.2.3,60.09066492596886,
0,1,-1,1,50,-1,2,0,1,,,,,0,0,0,0,0,55,55,85,,,,,,,,,0,0,0,0,,,,,,,,,,,,,,,,,,,,,,,-1,1,,,0,,,,,,,,,,,,,,,,,,1,,,,,,,Sub028,001,2022_Sep_13_1349,2_1_MRI_Rating_SE_RE,2021.2.3,60.09066492596886,
0,1,-1,1,50,-1,2,0,1,,,,,0,0,0,0,0,55,55,85,,,,,,,,,,,,,,,,,,,,,,,,,,,,,,,,,,,-1,1,,,0,,,,,,,,,,,,,,,,,,1,,,,,,,Sub028,001,2022_Sep_13_1349,2_1_MRI_Rating_SE_RE,2021.2.3,60.09066492596886,
0,1,-1,2,80,-1,3,0,1,,,,,0,0,0,0,0,56,56,89,,,,,,,,,0,0,0,0,0,0,0,0,,,,,,,,,,,,,,,,,,,-1,2,,,0,,,,,,,Extremely Likely,2.363325799999984,1.3633257999999842,400.0902027999982,None,394.4478427004069,None,396.457045099698,None,80,3,1,399.4578451998532,None,r,0.6047883005812764,399.4578451998532,None,Sub028,001,2022_Sep_13_1349,2_1_MRI_Rating_SE_RE,2021.2.3,60.09066492596886,
0,1,-1,2,80,-1,3,0,1,,,,,0,0,0,0,0,56,56,89,,,,,,,,,0,0,0,0,,,,,,,,,,,,,,,,,,,,,,,-1,2,,,0,,,,,,,,,,,,,,,,,,1,,,,,,,Sub028,001,2022_Sep_13_1349,2_1_MRI_Rating_SE_RE,2021.2.3,60.09066492596886,
0,1,-1,2,80,-1,3,0,1,,,,,0,0,0,0,0,56,56,89,,,,,,,,,,,,,,,,,,,,,,,,,,,,,,,,,,,-1,2,,,0,,,,,,,,,,,,,,,,,,1,,,,,,,Sub028,001,2022_Sep_13_1349,2_1_MRI_Rating_SE_RE,2021.2.3,60.09066492596886,
0,1,-1,1,50,-1,2,0,1,,,,,0,0,0,0,0,57,57,58,,,,,,,,,0,0,0,0,0,0,0,0,,,,,,,,,,,,,,,,,,,-1,1,,,0,,,,,,,Slightly Likely,2.058520700000031,1.058520700000031,407.40763780009,None,402.46246750000864,None,404.4747999003157,None,50,2,1,406.47690539993346,None,g,0.9025469999760389,406.47690539993346,None,Sub028,001,2022_Sep_13_1349,2_1_MRI_Rating_SE_RE,2021.2.3,60.09066492596886,
0,1,-1,1,50,-1,2,0,1,,,,,0,0,0,0,0,57,57,58,,,,,,,,,0,0,0,0,,,,,,,,,,,,,,,,,,,,,,,-1,1,,,0,,,,,,,,,,,,,,,,,,1,,,,,,,Sub028,001,2022_Sep_13_1349,2_1_MRI_Rating_SE_RE,2021.2.3,60.09066492596886,
0,1,-1,1,50,-1,2,0,1,,,,,0,0,0,0,0,57,57,58,,,,,,,,,,,,,,,,,,,,,,,,,,,,,,,,,,,-1,1,,,0,,,,,,,,,,,,,,,,,,1,,,,,,,Sub028,001,2022_Sep_13_1349,2_1_MRI_Rating_SE_RE,2021.2.3,60.09066492596886,
1,0,0,-1,-1,1,-1,1,0,,,,,0,0,0,0,0,58,58,36,0,0,0,0,0,0,0,0,,,,,,,,,,,,,,,,,,,,,409.4802839998156,None,409.4802839998156,None,411.4907940002158,None,0,-1,6.807317636205193,1,1,412.49320439994335,None,b,1.3044063998386264,412.49320439994335,None,Extremely Unlikely,1.659441500000014,0.659441500000014,413.8245216002688,None,,,,,,,0,,,,,,,Sub028,001,2022_Sep_13_1349,2_1_MRI_Rating_SE_RE,2021.2.3,60.09066492596886,
1,0,0,-1,-1,1,-1,1,0,,,,,0,0,0,0,0,58,58,36,0,0,0,0,,,,,,,,,,,,,,,,,,,,,,,,,,,,,,,0,-1,,,1,,,,,,,,,,,,,,,,,,0,,,,,,,Sub028,001,2022_Sep_13_1349,2_1_MRI_Rating_SE_RE,2021.2.3,60.09066492596886,
1,0,0,-1,-1,1,-1,1,0,,,,,0,0,0,0,0,58,58,36,,,,,,,,,,,,,,,,,,,,,,,,,,,,,,,,,,,0,-1,,,1,,,,,,,,,,,,,,,,,,0,,,,,,,Sub028,001,2022_Sep_13_1349,2_1_MRI_Rating_SE_RE,2021.2.3,60.09066492596886,
1,0,1,-1,-1,1,-1,1,0,,,,,0,0,0,0,0,59,59,39,0,0,0,0,0,0,0,0,,,,,,,,,,,,,,,,,,,,,415.4979499997571,None,415.4979499997571,None,417.50789500027895,None,1,-1,18.12686832064904,1,1,418.5104777002707,None,y,0.6162122990936041,418.5104777002707,None,Slightly Unlikely,2.3602805000000444,1.3602805000000444,419.1410248000175,None,,,,,,,0,,,,,,,Sub028,001,2022_Sep_13_1349,2_1_MRI_Rating_SE_RE,2021.2.3,60.09066492596886,
1,0,1,-1,-1,1,-1,1,0,,,,,0,0,0,0,0,59,59,39,0,0,0,0,,,,,,,,,,,,,,,,,,,,,,,,,,,,,,,1,-1,,,1,,,,,,,,,,,,,,,,,,0,,,,,,,Sub028,001,2022_Sep_13_1349,2_1_MRI_Rating_SE_RE,2021.2.3,60.09066492596886,
1,0,1,-1,-1,1,-1,1,0,,,,,0,0,0,0,0,59,59,39,,,,,,,,,,,,,,,,,,,,,,,,,,,,,,,,,,,1,-1,,,1,,,,,,,,,,,,,,,,,,0,,,,,,,Sub028,001,2022_Sep_13_1349,2_1_MRI_Rating_SE_RE,2021.2.3,60.09066492596886,
1,0,1,-1,-1,1,-1,0,0,,,,,0,0,0,0,0,60,60,3,0,0,0,0,,,,,,,,,,,,,,,,,,,,,,,,,421.51283639948815,None,421.51283639948815,None,423.5253387996927,None,1,-1,18.12686832064904,1,0,,,,,,,,,,,,,,,,,,0,,,,,,,Sub028,001,2022_Sep_13_1349,2_1_MRI_Rating_SE_RE,2021.2.3,60.09066492596886,
1,0,1,-1,-1,1,-1,0,0,,,,,0,0,0,0,0,60,60,3,,,,,,,,,,,,,,,,,,,,,,,,,,,,,,,,,,,1,-1,,,0,,,,,,,,,,,,,,,,,,0,,,,,,,Sub028,001,2022_Sep_13_1349,2_1_MRI_Rating_SE_RE,2021.2.3,60.09066492596886,
0,1,-1,0,20,-1,3,0,1,,,,,0,0,0,0,0,61,61,69,,,,,,,,,0,0,0,0,0,0,0,0,,,,,,,,,,,,,,,,,,,-1,0,,,0,,,,,,,Slightly Likely,2.1531873000000132,1.1531873000000132,430.3750769002363,None,424.52525870036334,None,426.5246360003948,None,20,3,1,429.52789979986846,None,g,0.8186814002692699,429.52789979986846,None,Sub028,001,2022_Sep_13_1349,2_1_MRI_Rating_SE_RE,2021.2.3,60.09066492596886,
0,1,-1,0,20,-1,3,0,1,,,,,0,0,0,0,0,61,61,69,,,,,,,,,0,0,0,0,,,,,,,,,,,,,,,,,,,,,,,-1,0,,,0,,,,,,,,,,,,,,,,,,1,,,,,,,Sub028,001,2022_Sep_13_1349,2_1_MRI_Rating_SE_RE,2021.2.3,60.09066492596886,
0,1,-1,0,20,-1,3,0,1,,,,,0,0,0,0,0,61,61,69,,,,,,,,,,,,,,,,,,,,,,,,,,,,,,,,,,,-1,0,,,0,,,,,,,,,,,,,,,,,,1,,,,,,,Sub028,001,2022_Sep_13_1349,2_1_MRI_Rating_SE_RE,2021.2.3,60.09066492596886,
0,1,-1,0,20,-1,3,0,0,,,,,0,0,0,0,0,62,62,51,,,,,,,,,0,0,0,0,,,,,,,,,,,,,,,,,,,,,,,-1,0,,,0,,,,,,,,,,,,432.5472515001893,None,434.55876949988306,None,20,3,0,,,,,,,Sub028,001,2022_Sep_13_1349,2_1_MRI_Rating_SE_RE,2021.2.3,60.09066492596886,
0,1,-1,0,20,-1,3,0,0,,,,,0,0,0,0,0,62,62,51,,,,,,,,,,,,,,,,,,,,,,,,,,,,,,,,,,,-1,0,,,0,,,,,,,,,,,,,,,,,,0,,,,,,,Sub028,001,2022_Sep_13_1349,2_1_MRI_Rating_SE_RE,2021.2.3,60.09066492596886,
1,0,2,-1,-1,3,-1,1,0,,,,,0,0,0,0,0,63,63,44,0,0,0,0,0,0,0,0,,,,,,,,,,,,,,,,,,,,,437.5604071998969,None,437.5604071998969,None,439.5754677997902,None,2,-1,34.44239353557274,3,1,442.57555569987744,None,r,0.5450892997905612,442.57555569987744,None,Extremely Likely,2.4219161999999983,1.4219161999999983,443.1419120002538,None,,,,,,,0,,,,,,,Sub028,001,2022_Sep_13_1349,2_1_MRI_Rating_SE_RE,2021.2.3,60.09066492596886,
1,0,2,-1,-1,3,-1,1,0,,,,,0,0,0,0,0,63,63,44,0,0,0,0,,,,,,,,,,,,,,,,,,,,,,,,,,,,,,,2,-1,,,1,,,,,,,,,,,,,,,,,,0,,,,,,,Sub028,001,2022_Sep_13_1349,2_1_MRI_Rating_SE_RE,2021.2.3,60.09066492596886,
1,0,2,-1,-1,3,-1,1,0,,,,,0,0,0,0,0,63,63,44,,,,,,,,,,,,,,,,,,,,,,,,,,,,,,,,,,,2,-1,,,1,,,,,,,,,,,,,,,,,,0,,,,,,,Sub028,001,2022_Sep_13_1349,2_1_MRI_Rating_SE_RE,2021.2.3,60.09066492596886,
1,0,2,-1,-1,1,-1,1,0,,,,,0,0,0,0,0,64,64,24,0,0,0,0,0,0,0,0,,,,,,,,,,,,,,,,,,,,,445.5820073997602,None,445.5820073997602,None,447.5925177996978,None,2,-1,34.44239353557274,1,1,448.59273939952254,None,r,0.9749310994520783,448.59273939952254,None,Extremely Likely,1.9949148000000037,0.9949148000000037,449.5924452999607,None,,,,,,,0,,,,,,,Sub028,001,2022_Sep_13_1349,2_1_MRI_Rating_SE_RE,2021.2.3,60.09066492596886,
1,0,2,-1,-1,1,-1,1,0,,,,,0,0,0,0,0,64,64,24,0,0,0,0,,,,,,,,,,,,,,,,,,,,,,,,,,,,,,,2,-1,,,1,,,,,,,,,,,,,,,,,,0,,,,,,,Sub028,001,2022_Sep_13_1349,2_1_MRI_Rating_SE_RE,2021.2.3,60.09066492596886,
1,0,2,-1,-1,1,-1,1,0,,,,,0,0,0,0,0,64,64,24,,,,,,,,,,,,,,,,,,,,,,,,,,,,,,,,,,,2,-1,,,1,,,,,,,,,,,,,,,,,,0,,,,,,,Sub028,001,2022_Sep_13_1349,2_1_MRI_Rating_SE_RE,2021.2.3,60.09066492596886,
0,1,-1,0,20,-1,2,0,0,,,,,0,0,0,0,0,65,65,48,,,,,,,,,0,0,0,0,,,,,,,,,,,,,,,,,,,,,,,-1,0,,,0,,,,,,,,,,,,451.5970970997587,None,453.6098597003147,None,20,2,0,,,,,,,Sub028,001,2022_Sep_13_1349,2_1_MRI_Rating_SE_RE,2021.2.3,60.09066492596886,
0,1,-1,0,20,-1,2,0,0,,,,,0,0,0,0,0,65,65,48,,,,,,,,,,,,,,,,,,,,,,,,,,,,,,,,,,,-1,0,,,0,,,,,,,,,,,,,,,,,,0,,,,,,,Sub028,001,2022_Sep_13_1349,2_1_MRI_Rating_SE_RE,2021.2.3,60.09066492596886,
1,0,2,-1,-1,1,-1,1,0,,,,,0,0,0,0,0,66,66,33,0,0,0,0,0,0,0,0,,,,,,,,,,,,,,,,,,,,,455.6245258003473,None,455.6245258003473,None,457.6265770997852,None,2,-1,34.44239353557274,1,1,458.628154899925,None,r,1.1505451006814837,458.628154899925,None,Extremely Likely,1.804045599999995,0.8040455999999949,459.8097494998947,None,,,,,,,0,,,,,,,Sub028,001,2022_Sep_13_1349,2_1_MRI_Rating_SE_RE,2021.2.3,60.09066492596886,
1,0,2,-1,-1,1,-1,1,0,,,,,0,0,0,0,0,66,66,33,0,0,0,0,,,,,,,,,,,,,,,,,,,,,,,,,,,,,,,2,-1,,,1,,,,,,,,,,,,,,,,,,0,,,,,,,Sub028,001,2022_Sep_13_1349,2_1_MRI_Rating_SE_RE,2021.2.3,60.09066492596886,
1,0,2,-1,-1,1,-1,1,0,,,,,0,0,0,0,0,66,66,33,,,,,,,,,,,,,,,,,,,,,,,,,,,,,,,,,,,2,-1,,,1,,,,,,,,,,,,,,,,,,0,,,,,,,Sub028,001,2022_Sep_13_1349,2_1_MRI_Rating_SE_RE,2021.2.3,60.09066492596886,
0,1,-1,2,80,-1,2,0,1,,,,,0,0,0,0,0,67,67,77,,,,,,,,,0,0,0,0,0,0,0,0,,,,,,,,,,,,,,,,,,,-1,2,,,0,,,,,,,Extremely Likely,1.5285640000000171,0.5285640000000171,467.1098245996982,None,461.632748699747,None,463.6440314995125,None,80,2,1,465.6431769998744,None,r,1.4513523001223803,465.6431769998744,None,Sub028,001,2022_Sep_13_1349,2_1_MRI_Rating_SE_RE,2021.2.3,60.09066492596886,
0,1,-1,2,80,-1,2,0,1,,,,,0,0,0,0,0,67,67,77,,,,,,,,,0,0,0,0,,,,,,,,,,,,,,,,,,,,,,,-1,2,,,0,,,,,,,,,,,,,,,,,,1,,,,,,,Sub028,001,2022_Sep_13_1349,2_1_MRI_Rating_SE_RE,2021.2.3,60.09066492596886,
0,1,-1,2,80,-1,2,0,1,,,,,0,0,0,0,0,67,67,77,,,,,,,,,,,,,,,,,,,,,,,,,,,,,,,,,,,-1,2,,,0,,,,,,,,,,,,,,,,,,1,,,,,,,Sub028,001,2022_Sep_13_1349,2_1_MRI_Rating_SE_RE,2021.2.3,60.09066492596886,
1,0,1,-1,-1,1,-1,0,0,,,,,0,0,0,0,0,68,68,12,0,0,0,0,,,,,,,,,,,,,,,,,,,,,,,,,468.6506794998422,None,468.6506794998422,None,470.66017649974674,None,1,-1,18.12686832064904,1,0,,,,,,,,,,,,,,,,,,0,,,,,,,Sub028,001,2022_Sep_13_1349,2_1_MRI_Rating_SE_RE,2021.2.3,60.09066492596886,
1,0,1,-1,-1,1,-1,0,0,,,,,0,0,0,0,0,68,68,12,,,,,,,,,,,,,,,,,,,,,,,,,,,,,,,,,,,1,-1,,,0,,,,,,,,,,,,,,,,,,0,,,,,,,Sub028,001,2022_Sep_13_1349,2_1_MRI_Rating_SE_RE,2021.2.3,60.09066492596886,
0,1,-1,2,80,-1,1,0,1,,,,,0,0,0,0,0,69,69,65,,,,,,,,,0,0,0,0,0,0,0,0,,,,,,,,,,,,,,,,,,,-1,2,,,0,,,,,,,Extremely Likely,2.472626000000048,1.472626000000048,475.19338800013065,None,471.6749104000628,None,473.67681400012225,None,80,1,1,474.6773402998224,None,r,0.4853461002930999,474.6773402998224,None,Sub028,001,2022_Sep_13_1349,2_1_MRI_Rating_SE_RE,2021.2.3,60.09066492596886,
0,1,-1,2,80,-1,1,0,1,,,,,0,0,0,0,0,69,69,65,,,,,,,,,0,0,0,0,,,,,,,,,,,,,,,,,,,,,,,-1,2,,,0,,,,,,,,,,,,,,,,,,1,,,,,,,Sub028,001,2022_Sep_13_1349,2_1_MRI_Rating_SE_RE,2021.2.3,60.09066492596886,
0,1,-1,2,80,-1,1,0,1,,,,,0,0,0,0,0,69,69,65,,,,,,,,,,,,,,,,,,,,,,,,,,,,,,,,,,,-1,2,,,0,,,,,,,,,,,,,,,,,,1,,,,,,,Sub028,001,2022_Sep_13_1349,2_1_MRI_Rating_SE_RE,2021.2.3,60.09066492596886,
1,0,2,-1,-1,3,-1,1,0,,,,,0,0,0,0,0,70,70,26,0,0,0,0,0,0,0,0,,,,,,,,,,,,,,,,,,,,,477.68396000005305,None,477.68396000005305,None,479.6938979998231,None,2,-1,34.44239353557274,3,1,482.6953112995252,None,r,0.5392412003129721,482.6953112995252,None,Extremely Likely,2.4290108000000146,1.4290108000000146,483.26021880004555,None,,,,,,,0,,,,,,,Sub028,001,2022_Sep_13_1349,2_1_MRI_Rating_SE_RE,2021.2.3,60.09066492596886,
1,0,2,-1,-1,3,-1,1,0,,,,,0,0,0,0,0,70,70,26,0,0,0,0,,,,,,,,,,,,,,,,,,,,,,,,,,,,,,,2,-1,,,1,,,,,,,,,,,,,,,,,,0,,,,,,,Sub028,001,2022_Sep_13_1349,2_1_MRI_Rating_SE_RE,2021.2.3,60.09066492596886,
1,0,2,-1,-1,3,-1,1,0,,,,,0,0,0,0,0,70,70,26,,,,,,,,,,,,,,,,,,,,,,,,,,,,,,,,,,,2,-1,,,1,,,,,,,,,,,,,,,,,,0,,,,,,,Sub028,001,2022_Sep_13_1349,2_1_MRI_Rating_SE_RE,2021.2.3,60.09066492596886,
1,0,2,-1,-1,1,-1,1,0,,,,,0,0,0,0,0,71,71,15,0,0,0,0,0,0,0,0,,,,,,,,,,,,,,,,,,,,,485.7022256003693,None,485.7022256003693,None,487.7103850999847,None,2,-1,34.44239353557274,1,1,488.71232880000025,None,r,1.3992469999939203,488.71232880000025,None,Extremely Likely,1.5810437000000093,0.5810437000000093,490.12748400028795,None,,,,,,,0,,,,,,,Sub028,001,2022_Sep_13_1349,2_1_MRI_Rating_SE_RE,2021.2.3,60.09066492596886,
1,0,2,-1,-1,1,-1,1,0,,,,,0,0,0,0,0,71,71,15,0,0,0,0,,,,,,,,,,,,,,,,,,,,,,,,,,,,,,,2,-1,,,1,,,,,,,,,,,,,,,,,,0,,,,,,,Sub028,001,2022_Sep_13_1349,2_1_MRI_Rating_SE_RE,2021.2.3,60.09066492596886,
1,0,2,-1,-1,1,-1,1,0,,,,,0,0,0,0,0,71,71,15,,,,,,,,,,,,,,,,,,,,,,,,,,,,,,,,,,,2,-1,,,1,,,,,,,,,,,,,,,,,,0,,,,,,,Sub028,001,2022_Sep_13_1349,2_1_MRI_Rating_SE_RE,2021.2.3,60.09066492596886,
0,1,-1,1,50,-1,1,0,1,,,,,0,0,0,0,0,72,72,82,,,,,,,,,0,0,0,0,0,0,0,0,,,,,,,,,,,,,,,,,,,-1,1,,,0,,,,,,,Slightly Likely,2.192121900000018,1.1921219000000178,495.5273604998365,None,491.71497020032257,None,493.72736719995737,None,50,1,1,494.7292812997475,None,g,0.7673877999186516,494.7292812997475,None,Sub028,001,2022_Sep_13_1349,2_1_MRI_Rating_SE_RE,2021.2.3,60.09066492596886,
0,1,-1,1,50,-1,1,0,1,,,,,0,0,0,0,0,72,72,82,,,,,,,,,0,0,0,0,,,,,,,,,,,,,,,,,,,,,,,-1,1,,,0,,,,,,,,,,,,,,,,,,1,,,,,,,Sub028,001,2022_Sep_13_1349,2_1_MRI_Rating_SE_RE,2021.2.3,60.09066492596886,
0,1,-1,1,50,-1,1,0,1,,,,,0,0,0,0,0,72,72,82,,,,,,,,,,,,,,,,,,,,,,,,,,,,,,,,,,,-1,1,,,0,,,,,,,,,,,,,,,,,,1,,,,,,,Sub028,001,2022_Sep_13_1349,2_1_MRI_Rating_SE_RE,2021.2.3,60.09066492596886,
0,1,-1,2,80,-1,3,0,1,,,,,0,0,0,0,0,73,73,71,,,,,,,,,0,0,0,0,0,0,0,0,,,,,,,,,,,,,,,,,,,-1,2,,,0,,,,,,,Extremely Likely,2.261891599999956,1.2618915999999558,503.4779549995437,None,497.7342521995306,None,499.74440030008554,None,80,3,1,502.75986440014094,None,r,0.7003808002918959,502.75986440014094,None,Sub028,001,2022_Sep_13_1349,2_1_MRI_Rating_SE_RE,2021.2.3,60.09066492596886,
0,1,-1,2,80,-1,3,0,1,,,,,0,0,0,0,0,73,73,71,,,,,,,,,0,0,0,0,,,,,,,,,,,,,,,,,,,,,,,-1,2,,,0,,,,,,,,,,,,,,,,,,1,,,,,,,Sub028,001,2022_Sep_13_1349,2_1_MRI_Rating_SE_RE,2021.2.3,60.09066492596886,
0,1,-1,2,80,-1,3,0,1,,,,,0,0,0,0,0,73,73,71,,,,,,,,,,,,,,,,,,,,,,,,,,,,,,,,,,,-1,2,,,0,,,,,,,,,,,,,,,,,,1,,,,,,,Sub028,001,2022_Sep_13_1349,2_1_MRI_Rating_SE_RE,2021.2.3,60.09066492596886,
1,0,0,-1,-1,1,-1,1,0,,,,,0,0,0,0,0,74,74,27,0,0,0,0,0,0,0,0,,,,,,,,,,,,,,,,,,,,,505.75231739971787,None,505.75231739971787,None,507.7615507999435,None,0,-1,6.807317636205193,1,1,508.7645476004109,None,None,,508.7645476004109,None,,0.9812334000000078,-0.018766599999992195,510.77784460037947,None,,,,,,,0,,,,,,,Sub028,001,2022_Sep_13_1349,2_1_MRI_Rating_SE_RE,2021.2.3,60.09066492596886,
1,0,0,-1,-1,1,-1,1,0,,,,,0,0,0,0,0,74,74,27,0,0,0,0,,,,,,,,,,,,,,,,,,,,,,,,,,,,,,,0,-1,,,1,,,,,,,,,,,,,,,,,,0,,,,,,,Sub028,001,2022_Sep_13_1349,2_1_MRI_Rating_SE_RE,2021.2.3,60.09066492596886,
1,0,0,-1,-1,1,-1,1,0,,,,,0,0,0,0,0,74,74,27,,,,,,,,,,,,,,,,,,,,,,,,,,,,,,,,,,,0,-1,,,1,,,,,,,,,,,,,,,,,,0,,,,,,,Sub028,001,2022_Sep_13_1349,2_1_MRI_Rating_SE_RE,2021.2.3,60.09066492596886,
0,1,-1,0,20,-1,1,0,1,,,,,0,0,0,0,0,75,75,63,,,,,,,,,0,0,0,0,0,0,0,0,,,,,,,,,,,,,,,,,,,-1,0,,,0,,,,,,,Extremely Unlikely,1.7119729000000348,0.7119729000000348,516.0614381004125,None,511.76973239984363,None,513.7786739002913,None,20,1,1,514.7804012000561,None,b,1.250237099826336,514.7804012000561,None,Sub028,001,2022_Sep_13_1349,2_1_MRI_Rating_SE_RE,2021.2.3,60.09066492596886,
0,1,-1,0,20,-1,1,0,1,,,,,0,0,0,0,0,75,75,63,,,,,,,,,0,0,0,0,,,,,,,,,,,,,,,,,,,,,,,-1,0,,,0,,,,,,,,,,,,,,,,,,1,,,,,,,Sub028,001,2022_Sep_13_1349,2_1_MRI_Rating_SE_RE,2021.2.3,60.09066492596886,
0,1,-1,0,20,-1,1,0,1,,,,,0,0,0,0,0,75,75,63,,,,,,,,,,,,,,,,,,,,,,,,,,,,,,,,,,,-1,0,,,0,,,,,,,,,,,,,,,,,,1,,,,,,,Sub028,001,2022_Sep_13_1349,2_1_MRI_Rating_SE_RE,2021.2.3,60.09066492596886,
1,0,2,-1,-1,1,-1,0,0,,,,,0,0,0,0,0,76,76,6,0,0,0,0,,,,,,,,,,,,,,,,,,,,,,,,,517.7843899996951,None,517.7843899996951,None,519.7950162002817,None,2,-1,34.44239353557274,1,0,,,,,,,,,,,,,,,,,,0,,,,,,,Sub028,001,2022_Sep_13_1349,2_1_MRI_Rating_SE_RE,2021.2.3,60.09066492596886,
1,0,2,-1,-1,1,-1,0,0,,,,,0,0,0,0,0,76,76,6,,,,,,,,,,,,,,,,,,,,,,,,,,,,,,,,,,,2,-1,,,0,,,,,,,,,,,,,,,,,,0,,,,,,,Sub028,001,2022_Sep_13_1349,2_1_MRI_Rating_SE_RE,2021.2.3,60.09066492596886,
1,0,0,-1,-1,2,-1,0,0,,,,,0,0,0,0,0,77,77,10,0,0,0,0,,,,,,,,,,,,,,,,,,,,,,,,,520.8018410997465,None,520.8018410997465,None,522.8123174002394,None,0,-1,6.807317636205193,2,0,,,,,,,,,,,,,,,,,,0,,,,,,,Sub028,001,2022_Sep_13_1349,2_1_MRI_Rating_SE_RE,2021.2.3,60.09066492596886,
1,0,0,-1,-1,2,-1,0,0,,,,,0,0,0,0,0,77,77,10,,,,,,,,,,,,,,,,,,,,,,,,,,,,,,,,,,,0,-1,,,0,,,,,,,,,,,,,,,,,,0,,,,,,,Sub028,001,2022_Sep_13_1349,2_1_MRI_Rating_SE_RE,2021.2.3,60.09066492596886,
0,1,-1,0,20,-1,3,0,1,,,,,0,0,0,0,0,78,78,78,,,,,,,,,0,0,0,0,0,0,0,0,,,,,,,,,,,,,,,,,,,-1,0,,,0,,,,,,,Slightly Unlikely,2.324183000000062,1.3241830000000618,530.4956098999828,None,524.81311680004,None,526.8121496997774,None,20,3,1,529.8140054000542,None,y,0.6547041004523635,529.8140054000542,None,Sub028,001,2022_Sep_13_1349,2_1_MRI_Rating_SE_RE,2021.2.3,60.09066492596886,
0,1,-1,0,20,-1,3,0,1,,,,,0,0,0,0,0,78,78,78,,,,,,,,,0,0,0,0,,,,,,,,,,,,,,,,,,,,,,,-1,0,,,0,,,,,,,,,,,,,,,,,,1,,,,,,,Sub028,001,2022_Sep_13_1349,2_1_MRI_Rating_SE_RE,2021.2.3,60.09066492596886,
0,1,-1,0,20,-1,3,0,1,,,,,0,0,0,0,0,78,78,78,,,,,,,,,,,,,,,,,,,,,,,,,,,,,,,,,,,-1,0,,,0,,,,,,,,,,,,,,,,,,1,,,,,,,Sub028,001,2022_Sep_13_1349,2_1_MRI_Rating_SE_RE,2021.2.3,60.09066492596886,
0,1,-1,1,50,-1,1,0,1,,,,,0,0,0,0,0,79,79,64,,,,,,,,,0,0,0,0,0,0,0,0,,,,,,,,,,,,,,,,,,,-1,1,,,0,,,,,,,Slightly Unlikely,1.8272706999999855,0.8272706999999855,537.0125633999705,None,532.8357210997492,None,534.8457402000204,None,50,1,1,535.8610135000199,None,y,1.129705199971795,535.8610135000199,None,Sub028,001,2022_Sep_13_1349,2_1_MRI_Rating_SE_RE,2021.2.3,60.09066492596886,
0,1,-1,1,50,-1,1,0,1,,,,,0,0,0,0,0,79,79,64,,,,,,,,,0,0,0,0,,,,,,,,,,,,,,,,,,,,,,,-1,1,,,0,,,,,,,,,,,,,,,,,,1,,,,,,,Sub028,001,2022_Sep_13_1349,2_1_MRI_Rating_SE_RE,2021.2.3,60.09066492596886,
0,1,-1,1,50,-1,1,0,1,,,,,0,0,0,0,0,79,79,64,,,,,,,,,,,,,,,,,,,,,,,,,,,,,,,,,,,-1,1,,,0,,,,,,,,,,,,,,,,,,1,,,,,,,Sub028,001,2022_Sep_13_1349,2_1_MRI_Rating_SE_RE,2021.2.3,60.09066492596886,
0,1,-1,1,50,-1,3,0,0,,,,,0,0,0,0,0,80,80,52,,,,,,,,,0,0,0,0,,,,,,,,,,,,,,,,,,,,,,,-1,1,,,0,,,,,,,,,,,,538.8501441003755,None,540.8628118000925,None,50,3,0,,,,,,,Sub028,001,2022_Sep_13_1349,2_1_MRI_Rating_SE_RE,2021.2.3,60.09066492596886,
0,1,-1,1,50,-1,3,0,0,,,,,0,0,0,0,0,80,80,52,,,,,,,,,,,,,,,,,,,,,,,,,,,,,,,,,,,-1,1,,,0,,,,,,,,,,,,,,,,,,0,,,,,,,Sub028,001,2022_Sep_13_1349,2_1_MRI_Rating_SE_RE,2021.2.3,60.09066492596886,
0,1,-1,2,80,-1,2,0,1,,,,,0,0,0,0,0,81,81,68,,,,,,,,,0,0,0,0,0,0,0,0,,,,,,,,,,,,,,,,,,,-1,2,,,0,,,,,,,Extremely Likely,2.304143100000033,1.304143100000033,548.5626261001453,None,543.8633286003023,None,545.8632199997082,None,80,2,1,547.8649006998166,None,r,0.6804728992283344,547.8649006998166,None,Sub028,001,2022_Sep_13_1349,2_1_MRI_Rating_SE_RE,2021.2.3,60.09066492596886,
0,1,-1,2,80,-1,2,0,1,,,,,0,0,0,0,0,81,81,68,,,,,,,,,0,0,0,0,,,,,,,,,,,,,,,,,,,,,,,-1,2,,,0,,,,,,,,,,,,,,,,,,1,,,,,,,Sub028,001,2022_Sep_13_1349,2_1_MRI_Rating_SE_RE,2021.2.3,60.09066492596886,
0,1,-1,2,80,-1,2,0,1,,,,,0,0,0,0,0,81,81,68,,,,,,,,,,,,,,,,,,,,,,,,,,,,,,,,,,,-1,2,,,0,,,,,,,,,,,,,,,,,,1,,,,,,,Sub028,001,2022_Sep_13_1349,2_1_MRI_Rating_SE_RE,2021.2.3,60.09066492596886,
0,1,-1,2,80,-1,1,0,0,,,,,0,0,0,0,0,82,82,47,,,,,,,,,0,0,0,0,,,,,,,,,,,,,,,,,,,,,,,-1,2,,,0,,,,,,,,,,,,550.8837783997878,None,552.8966405997053,None,80,1,0,,,,,,,Sub028,001,2022_Sep_13_1349,2_1_MRI_Rating_SE_RE,2021.2.3,60.09066492596886,
0,1,-1,2,80,-1,1,0,0,,,,,0,0,0,0,0,82,82,47,,,,,,,,,,,,,,,,,,,,,,,,,,,,,,,,,,,-1,2,,,0,,,,,,,,,,,,,,,,,,0,,,,,,,Sub028,001,2022_Sep_13_1349,2_1_MRI_Rating_SE_RE,2021.2.3,60.09066492596886,
1,0,2,-1,-1,1,-1,1,0,,,,,0,0,0,0,0,83,83,42,0,0,0,0,0,0,0,0,,,,,,,,,,,,,,,,,,,,,553.9009718000889,None,553.9009718000889,None,555.9133700001985,None,2,-1,34.44239353557274,1,1,556.913422900252,None,r,0.5622727004811168,556.913422900252,None,Extremely Likely,2.406814699999927,1.4068146999999271,557.4963862001896,None,,,,,,,0,,,,,,,Sub028,001,2022_Sep_13_1349,2_1_MRI_Rating_SE_RE,2021.2.3,60.09066492596886,
1,0,2,-1,-1,1,-1,1,0,,,,,0,0,0,0,0,83,83,42,0,0,0,0,,,,,,,,,,,,,,,,,,,,,,,,,,,,,,,2,-1,,,1,,,,,,,,,,,,,,,,,,0,,,,,,,Sub028,001,2022_Sep_13_1349,2_1_MRI_Rating_SE_RE,2021.2.3,60.09066492596886,
1,0,2,-1,-1,1,-1,1,0,,,,,0,0,0,0,0,83,83,42,,,,,,,,,,,,,,,,,,,,,,,,,,,,,,,,,,,2,-1,,,1,,,,,,,,,,,,,,,,,,0,,,,,,,Sub028,001,2022_Sep_13_1349,2_1_MRI_Rating_SE_RE,2021.2.3,60.09066492596886,
0,1,-1,2,80,-1,1,0,1,,,,,0,0,0,0,0,84,84,74,,,,,,,,,0,0,0,0,0,0,0,0,,,,,,,,,,,,,,,,,,,-1,2,,,0,,,,,,,Extremely Likely,2.212097500000027,1.2120975000000271,563.7132569998503,None,559.9203241001815,None,561.9307340001687,None,80,1,1,562.9304381003603,None,r,0.7582281995564699,562.9304381003603,None,Sub028,001,2022_Sep_13_1349,2_1_MRI_Rating_SE_RE,2021.2.3,60.09066492596886,
0,1,-1,2,80,-1,1,0,1,,,,,0,0,0,0,0,84,84,74,,,,,,,,,0,0,0,0,,,,,,,,,,,,,,,,,,,,,,,-1,2,,,0,,,,,,,,,,,,,,,,,,1,,,,,,,Sub028,001,2022_Sep_13_1349,2_1_MRI_Rating_SE_RE,2021.2.3,60.09066492596886,
0,1,-1,2,80,-1,1,0,1,,,,,0,0,0,0,0,84,84,74,,,,,,,,,,,,,,,,,,,,,,,,,,,,,,,,,,,-1,2,,,0,,,,,,,,,,,,,,,,,,1,,,,,,,Sub028,001,2022_Sep_13_1349,2_1_MRI_Rating_SE_RE,2021.2.3,60.09066492596886,
0,1,-1,0,20,-1,3,0,1,,,,,0,0,0,0,0,85,85,87,,,,,,,,,0,0,0,0,0,0,0,0,,,,,,,,,,,,,,,,,,,-1,0,,,0,,,,,,,Slightly Unlikely,1.9305646999999908,0.9305646999999908,572.013600599952,None,565.9391863998026,None,567.9471474001184,None,20,3,1,570.9492726996541,None,y,1.0374632002785802,570.9492726996541,None,Sub028,001,2022_Sep_13_1349,2_1_MRI_Rating_SE_RE,2021.2.3,60.09066492596886,
0,1,-1,0,20,-1,3,0,1,,,,,0,0,0,0,0,85,85,87,,,,,,,,,0,0,0,0,,,,,,,,,,,,,,,,,,,,,,,-1,0,,,0,,,,,,,,,,,,,,,,,,1,,,,,,,Sub028,001,2022_Sep_13_1349,2_1_MRI_Rating_SE_RE,2021.2.3,60.09066492596886,
0,1,-1,0,20,-1,3,0,1,,,,,0,0,0,0,0,85,85,87,,,,,,,,,,,,,,,,,,,,,,,,,,,,,,,,,,,-1,0,,,0,,,,,,,,,,,,,,,,,,1,,,,,,,Sub028,001,2022_Sep_13_1349,2_1_MRI_Rating_SE_RE,2021.2.3,60.09066492596886,
0,1,-1,2,80,-1,2,0,1,,,,,0,0,0,0,0,86,86,86,,,,,,,,,0,0,0,0,0,0,0,0,,,,,,,,,,,,,,,,,,,-1,2,,,0,,,,,,,Extremely Likely,2.392709699999955,1.3927096999999549,578.5638338001445,None,573.9535799995065,None,575.964682799764,None,80,2,1,577.9648658996448,None,r,0.5830980995669961,577.9648658996448,None,Sub028,001,2022_Sep_13_1349,2_1_MRI_Rating_SE_RE,2021.2.3,60.09066492596886,
0,1,-1,2,80,-1,2,0,1,,,,,0,0,0,0,0,86,86,86,,,,,,,,,0,0,0,0,,,,,,,,,,,,,,,,,,,,,,,-1,2,,,0,,,,,,,,,,,,,,,,,,1,,,,,,,Sub028,001,2022_Sep_13_1349,2_1_MRI_Rating_SE_RE,2021.2.3,60.09066492596886,
0,1,-1,2,80,-1,2,0,1,,,,,0,0,0,0,0,86,86,86,,,,,,,,,,,,,,,,,,,,,,,,,,,,,,,,,,,-1,2,,,0,,,,,,,,,,,,,,,,,,1,,,,,,,Sub028,001,2022_Sep_13_1349,2_1_MRI_Rating_SE_RE,2021.2.3,60.09066492596886,
0,1,-1,1,50,-1,1,0,0,,,,,0,0,0,0,0,87,87,46,,,,,,,,,0,0,0,0,,,,,,,,,,,,,,,,,,,,,,,-1,1,,,0,,,,,,,,,,,,580.9731070995331,None,582.9813733994961,None,50,1,0,,,,,,,Sub028,001,2022_Sep_13_1349,2_1_MRI_Rating_SE_RE,2021.2.3,60.09066492596886,
0,1,-1,1,50,-1,1,0,0,,,,,0,0,0,0,0,87,87,46,,,,,,,,,,,,,,,,,,,,,,,,,,,,,,,,,,,-1,1,,,0,,,,,,,,,,,,,,,,,,0,,,,,,,Sub028,001,2022_Sep_13_1349,2_1_MRI_Rating_SE_RE,2021.2.3,60.09066492596886,
0,1,-1,1,50,-1,3,0,1,,,,,0,0,0,0,0,88,88,79,,,,,,,,,0,0,0,0,0,0,0,0,,,,,,,,,,,,,,,,,,,-1,1,,,0,,,,,,,Slightly Likely,2.3388009999999895,1.3388009999999895,589.6477266000584,None,583.9810816999525,None,585.9814457995817,None,50,3,1,588.9833276998252,None,g,0.6483156001195312,588.9833276998252,None,Sub028,001,2022_Sep_13_1349,2_1_MRI_Rating_SE_RE,2021.2.3,60.09066492596886,
0,1,-1,1,50,-1,3,0,1,,,,,0,0,0,0,0,88,88,79,,,,,,,,,0,0,0,0,,,,,,,,,,,,,,,,,,,,,,,-1,1,,,0,,,,,,,,,,,,,,,,,,1,,,,,,,Sub028,001,2022_Sep_13_1349,2_1_MRI_Rating_SE_RE,2021.2.3,60.09066492596886,
0,1,-1,1,50,-1,3,0,1,,,,,0,0,0,0,0,88,88,79,,,,,,,,,,,,,,,,,,,,,,,,,,,,,,,,,,,-1,1,,,0,,,,,,,,,,,,,,,,,,1,,,,,,,Sub028,001,2022_Sep_13_1349,2_1_MRI_Rating_SE_RE,2021.2.3,60.09066492596886,
0,1,-1,2,80,-1,1,0,1,,,,,0,0,0,0,0,89,89,56,,,,,,,,,0,0,0,0,0,0,0,0,,,,,,,,,,,,,,,,,,,-1,2,,,0,,,,,,,Extremely Likely,2.2435502999999244,1.2435502999999244,595.7644611001015,None,592.0029069995508,None,594.0149769000709,None,80,1,1,595.0298357000574,None,r,0.7199023002758622,595.0298357000574,None,Sub028,001,2022_Sep_13_1349,2_1_MRI_Rating_SE_RE,2021.2.3,60.09066492596886,
0,1,-1,2,80,-1,1,0,1,,,,,0,0,0,0,0,89,89,56,,,,,,,,,0,0,0,0,,,,,,,,,,,,,,,,,,,,,,,-1,2,,,0,,,,,,,,,,,,,,,,,,1,,,,,,,Sub028,001,2022_Sep_13_1349,2_1_MRI_Rating_SE_RE,2021.2.3,60.09066492596886,
0,1,-1,2,80,-1,1,0,1,,,,,0,0,0,0,0,89,89,56,,,,,,,,,,,,,,,,,,,,,,,,,,,,,,,,,,,-1,2,,,0,,,,,,,,,,,,,,,,,,1,,,,,,,Sub028,001,2022_Sep_13_1349,2_1_MRI_Rating_SE_RE,2021.2.3,60.09066492596886,
,,,,,,,,,,,,,0,0,0,0,,,,,,,,,,,,,,,,,,,,,,,,,,,,,,,,,,,,,,,,,,,,,,,,,,,,,,,,,,,,,,,,,,,,Sub028,001,2022_Sep_13_1349,2_1_MRI_Rating_SE_RE,2021.2.3,60.09066492596886,
