﻿current_pair,current_pair_SE,current_pair_RE,current_card_prob,ITI_Play,Play_block_Q,start_MRI.thisRepN,start_MRI.thisTrialN,start_MRI.thisN,start_MRI.thisIndex,L_subjects.thisRepN,L_subjects.thisTrialN,L_subjects.thisN,L_subjects.thisIndex,fMRI_trials_Play_L.thisRepN,fMRI_trials_Play_L.thisTrialN,fMRI_trials_Play_L.thisN,fMRI_trials_Play_L.thisIndex,Q_Play_L.thisRepN,Q_Play_L.thisTrialN,Q_Play_L.thisN,Q_Play_L.thisIndex,R_subjects.thisRepN,R_subjects.thisTrialN,R_subjects.thisN,R_subjects.thisIndex,fMRI_center.started,fMRI_center.stopped,fMR_Instr1_text.started,fMR_Instr1_text.stopped,text_SE_7.started,text_SE_7.stopped,fMRI_center_2.started,fMRI_center_2.stopped,fMR_Instr2_text_2.started,fMR_Instr2_text_2.stopped,text_SE_8.started,text_SE_8.stopped,Slider_rating_Play_instr_L.response,Slider_rating_Play_instr_L.rt,Slider_rating_Play_instr_L.started,Slider_rating_Play_instr_L.stopped,fMRI_center_instrTimePlay_L.started,fMRI_center_instrTimePlay_L.stopped,fMR_Instr2_text_6.started,fMR_Instr2_text_6.stopped,fMRI_instr3_Q_play.started,fMRI_instr3_Q_play.stopped,text_SE_3.started,text_SE_3.stopped,PairQuestionONSET_attri_R_2.started,PairQuestionONSET_attri_R_2.stopped,key_resp_rating_Attri_R_2.keys,key_resp_rating_Attri_R_2.rt,key_resp_rating_Attri_R_2.started,key_resp_rating_Attri_R_2.stopped,text_SE_18.started,text_SE_18.stopped,fMR_Instr2_text_9.started,fMR_Instr2_text_9.stopped,Ready_text.started,Ready_text.stopped,trigger_2.keys,trigger_2.rt,trigger_2.started,trigger_2.stopped,center_OnsetTime.started,center_OnsetTime.stopped,PairONSET_card_prob.started,PairONSET_card_prob.stopped,text_SE_9.started,text_SE_9.stopped,fixOnset_text_5.started,fixOnset_text_5.stopped,current_pair,current_pair_SE,current_pair_RE,target_pair,card_pair,ISI1_Play,type_Q,Play_block_Q,PairQuestionONSET_text_2.started,PairQuestionONSET_text_2.stopped,key_resp_rating_play_L.keys,key_resp_rating_play_L.rt,key_resp_rating_play_L.started,key_resp_rating_play_L.stopped,Rating_pair_Play,ISI2_Play,fixOnset_text.started,fixOnset_text.stopped,PairQuestionONSET_attri_2.started,PairQuestionONSET_attri_2.stopped,key_resp_rating_Attri_L2.keys,key_resp_rating_Attri_L2.started,key_resp_rating_Attri_L2.stopped,ITI_actual_Play,Attri_Ans,lagTime,text_SE_19.started,text_SE_19.stopped,fixOnset_text_ITI.started,fixOnset_text_ITI.stopped,key_resp_rating_Attri_L2.rt,Final_text_Q.started,Final_text_Q.stopped,key_resp_3.keys,participant,session,date,expName,psychopyVersion,frameRate,
,,,,,,0,0,0,0,,,,,,,,,,,,,,,,,12.364861300215125,None,12.364861300215125,None,12.364861300215125,None,,,,,,,,,,,,,,,,,,,,,,,,,,,,,,,,,,,,,,,,,,,,,,,,,,,,,,,,,,,,,,,,,,,,,,,,,,,,,Sub036,001,2022_Sep_16_1507,2_3_MRI_Rating_Play_Eyetracking,2021.2.3,59.82074120866718,
1,0,1,50,2,1,,,,,0,0,0,0,0,0,0,10,0,0,0,0,,,,,,,,,,,38.92275489959866,None,38.92275489959866,None,38.92275489959866,None,None,None,120.72616379987448,None,120.72616379987448,None,120.72616379987448,None,120.72616379987448,None,120.72616379987448,None,127.9768508002162,None,g,8.600928399711847,127.9768508002162,None,127.9768508002162,None,127.9768508002162,None,136.60376799944788,None,t,14.307103000581264,136.60376799944788,None,151.00799379963428,None,151.00799379963428,None,151.00799379963428,None,153.05117020010948,None,1,0,1,5.746901602660155,50,2,2,1,155.16044020000845,None,y,1.0545285008847713,155.16044020000845,None,No,1.9454714991152287,156.3401889996603,None,158.38955119997263,None,None,158.38955119997263,None,0.6495978000000093,,-0.35040219999999067,158.38955119997263,None,160.40951559972018,None,,,,,Sub036,001,2022_Sep_16_1507,2_3_MRI_Rating_Play_Eyetracking,2021.2.3,59.82074120866718,
1,0,1,50,2,1,,,,,0,0,0,0,0,0,0,10,,,,,,,,,,,,,,,,,,,,,,,,,,,,,,,,,,,,,,,,,,,,,,,,,,,,,,,,,1,0,1,,,,,1,,,,,,,,,,,,,,,,,,,,,,,,,,,Sub036,001,2022_Sep_16_1507,2_3_MRI_Rating_Play_Eyetracking,2021.2.3,59.82074120866718,
3,1,0,20,2,1,,,,,0,0,0,0,0,1,1,57,0,0,0,0,,,,,,,,,,,,,,,,,,,,,,,,,,,,,,,,,,,,,,,,,,,,,161.17450959980488,None,161.17450959980488,None,161.17450959980488,None,163.19125229958445,None,3,1,0,15.303139088015294,20,2,2,1,165.30429899971932,None,y,0.9499381007626653,165.30429899971932,None,No,2.0500618992373347,166.36323979962617,None,168.50746549945325,None,y,168.50746549945325,None,1.8127318999999886,Card,0.8127318999999886,168.50746549945325,None,169.3935041995719,None,0.7618517000228167,,,,Sub036,001,2022_Sep_16_1507,2_3_MRI_Rating_Play_Eyetracking,2021.2.3,59.82074120866718,
3,1,0,20,2,1,,,,,0,0,0,0,0,1,1,57,,,,,,,,,,,,,,,,,,,,,,,,,,,,,,,,,,,,,,,,,,,,,,,,,,,,,,,,,3,1,0,,,,,1,,,,,,,,,,,,,,,,,,,,,,,,,,,Sub036,001,2022_Sep_16_1507,2_3_MRI_Rating_Play_Eyetracking,2021.2.3,59.82074120866718,
0,0,0,20,3,1,,,,,0,0,0,0,0,2,2,45,0,0,0,0,,,,,,,,,,,,,,,,,,,,,,,,,,,,,,,,,,,,,,,,,,,,,171.27679389994591,None,171.27679389994591,None,171.27679389994591,None,173.32025200035423,None,0,0,0,5.746901602660155,20,3,2,1,176.42323249951005,None,b,0.5031647002324462,176.42323249951005,None,Definitely No,2.496835299767554,177.04975469969213,None,179.66194549947977,None,g,179.66194549947977,None,2.041397200000006,Bar,1.0413972000000058,179.66194549947977,None,180.2919127997011,None,0.5005353996530175,,,,Sub036,001,2022_Sep_16_1507,2_3_MRI_Rating_Play_Eyetracking,2021.2.3,59.82074120866718,
0,0,0,20,3,1,,,,,0,0,0,0,0,2,2,45,,,,,,,,,,,,,,,,,,,,,,,,,,,,,,,,,,,,,,,,,,,,,,,,,,,,,,,,,0,0,0,,,,,1,,,,,,,,,,,,,,,,,,,,,,,,,,,Sub036,001,2022_Sep_16_1507,2_3_MRI_Rating_Play_Eyetracking,2021.2.3,59.82074120866718,
2,0,2,80,1,1,,,,,0,0,0,0,0,3,3,56,0,0,0,0,,,,,,,,,,,,,,,,,,,,,,,,,,,,,,,,,,,,,,,,,,,,,182.43911520019174,None,182.43911520019174,None,182.43911520019174,None,184.45204749982804,None,2,0,2,5.746901602660155,80,1,2,1,185.56010289955884,None,y,0.7599512003362179,185.56010289955884,None,No,2.240048799663782,186.43403809983283,None,188.77333709970117,None,r,188.77333709970117,None,2.221533899999997,Definitely Bar,1.2215338999999972,188.77333709970117,None,189.2344397995621,None,0.3445401005446911,,,,Sub036,001,2022_Sep_16_1507,2_3_MRI_Rating_Play_Eyetracking,2021.2.3,59.82074120866718,
2,0,2,80,1,1,,,,,0,0,0,0,0,3,3,56,,,,,,,,,,,,,,,,,,,,,,,,,,,,,,,,,,,,,,,,,,,,,,,,,,,,,,,,,2,0,2,,,,,1,,,,,,,,,,,,,,,,,,,,,,,,,,,Sub036,001,2022_Sep_16_1507,2_3_MRI_Rating_Play_Eyetracking,2021.2.3,59.82074120866718,
1,0,1,50,3,1,,,,,0,0,0,0,0,4,4,46,0,0,0,0,,,,,,,,,,,,,,,,,,,,,,,,,,,,,,,,,,,,,,,,,,,,,191.53053020033985,None,191.53053020033985,None,191.53053020033985,None,193.56339649949223,None,1,0,1,5.746901602660155,50,3,2,1,196.67870400007814,None,y,0.8572008004412055,196.67870400007814,None,No,2.1427991995587945,197.65584560018033,None,199.9143503997475,None,r,199.9143503997475,None,2.2229059999999947,Definitely Bar,1.2229059999999947,199.9143503997475,None,200.3343909997493,None,0.3191339997574687,,,,Sub036,001,2022_Sep_16_1507,2_3_MRI_Rating_Play_Eyetracking,2021.2.3,59.82074120866718,
1,0,1,50,3,1,,,,,0,0,0,0,0,4,4,46,,,,,,,,,,,,,,,,,,,,,,,,,,,,,,,,,,,,,,,,,,,,,,,,,,,,,,,,,1,0,1,,,,,1,,,,,,,,,,,,,,,,,,,,,,,,,,,Sub036,001,2022_Sep_16_1507,2_3_MRI_Rating_Play_Eyetracking,2021.2.3,59.82074120866718,
2,0,2,80,1,0,,,,,0,0,0,0,0,5,5,2,,,,,,,,,,,,,,,,,,,,,,,,,,,,,,,,,,,,,,,,,,,,,,,,,202.6561354994774,None,202.6561354994774,None,202.6561354994774,None,204.67161399964243,None,2,0,2,5.746901602660155,80,1,2,0,,,,,,,,,,,,,,,,,,,,,,,,,,,Sub036,001,2022_Sep_16_1507,2_3_MRI_Rating_Play_Eyetracking,2021.2.3,59.82074120866718,
7,2,1,50,3,0,,,,,0,0,0,0,0,6,6,25,,,,,,,,,,,,,,,,,,,,,,,,,,,,,,,,,,,,,,,,,,,,,,,,,205.7801288003102,None,205.7801288003102,None,205.7801288003102,None,207.78514739964157,None,7,2,1,29.077098673388292,50,3,2,0,,,,,,,,,,,,,,,,,,,,,,,,,,,Sub036,001,2022_Sep_16_1507,2_3_MRI_Rating_Play_Eyetracking,2021.2.3,59.82074120866718,
4,1,1,50,3,1,,,,,0,0,0,0,0,7,7,67,0,0,0,0,,,,,,,,,,,,,,,,,,,,,,,,,,,,,,,,,,,,,,,,,,,,,210.89412240032107,None,210.89412240032107,None,210.89412240032107,None,212.90678219962865,None,4,1,1,15.303139088015294,50,3,2,1,216.00706099998206,None,g,0.6834018006920815,216.00706099998206,None,Yes,2.3165981993079185,216.81133809965104,None,219.2452015997842,None,b,219.2452015997842,None,1.8629823999999928,Definitely Card,0.8629823999999928,219.2452015997842,None,220.04322339966893,None,0.6731659006327391,,,,Sub036,001,2022_Sep_16_1507,2_3_MRI_Rating_Play_Eyetracking,2021.2.3,59.82074120866718,
4,1,1,50,3,1,,,,,0,0,0,0,0,7,7,67,,,,,,,,,,,,,,,,,,,,,,,,,,,,,,,,,,,,,,,,,,,,,,,,,,,,,,,,,4,1,1,,,,,1,,,,,,,,,,,,,,,,,,,,,,,,,,,Sub036,001,2022_Sep_16_1507,2_3_MRI_Rating_Play_Eyetracking,2021.2.3,59.82074120866718,
1,0,1,50,1,1,,,,,0,0,0,0,0,8,8,28,0,0,0,0,,,,,,,,,,,,,,,,,,,,,,,,,,,,,,,,,,,,,,,,,,,,,222.01440129987895,None,222.01440129987895,None,222.01440129987895,None,224.02188989985734,None,1,0,1,5.746901602660155,50,1,2,1,225.10388300009072,None,g,1.854393701069057,225.10388300009072,None,Yes,1.145606298930943,227.08049779944122,None,228.3456659000367,None,b,228.3456659000367,None,1.3388473999999917,Definitely Card,0.3388473999999917,228.3456659000367,None,229.68739440012723,None,1.2187792006880045,,,,Sub036,001,2022_Sep_16_1507,2_3_MRI_Rating_Play_Eyetracking,2021.2.3,59.82074120866718,
1,0,1,50,1,1,,,,,0,0,0,0,0,8,8,28,,,,,,,,,,,,,,,,,,,,,,,,,,,,,,,,,,,,,,,,,,,,,,,,,,,,,,,,,1,0,1,,,,,1,,,,,,,,,,,,,,,,,,,,,,,,,,,Sub036,001,2022_Sep_16_1507,2_3_MRI_Rating_Play_Eyetracking,2021.2.3,59.82074120866718,
3,1,0,20,1,1,,,,,0,0,0,0,0,9,9,30,0,0,0,0,,,,,,,,,,,,,,,,,,,,,,,,,,,,,,,,,,,,,,,,,,,,,231.14455449953675,None,231.14455449953675,None,231.14455449953675,None,233.1562174996361,None,3,1,0,15.303139088015294,20,1,2,1,234.23999769985676,None,r,1.1419253004714847,234.23999769985676,None,Definitely Yes,1.8580746995285153,235.5021816994995,None,237.48084540013224,None,b,237.48084540013224,None,2.1369286000000045,Definitely Card,1.1369286000000045,237.48084540013224,None,238.00601570028812,None,0.419556001201272,,,,Sub036,001,2022_Sep_16_1507,2_3_MRI_Rating_Play_Eyetracking,2021.2.3,59.82074120866718,
3,1,0,20,1,1,,,,,0,0,0,0,0,9,9,30,,,,,,,,,,,,,,,,,,,,,,,,,,,,,,,,,,,,,,,,,,,,,,,,,,,,,,,,,3,1,0,,,,,1,,,,,,,,,,,,,,,,,,,,,,,,,,,Sub036,001,2022_Sep_16_1507,2_3_MRI_Rating_Play_Eyetracking,2021.2.3,59.82074120866718,
6,2,0,20,2,1,,,,,0,0,0,0,0,10,10,15,0,0,0,0,,,,,,,,,,,,,,,,,,,,,,,,,,,,,,,,,,,,,,,,,,,,,240.2517011994496,None,240.2517011994496,None,240.2517011994496,None,242.27119120024145,None,6,2,0,29.077098673388292,20,2,2,1,244.35449360031635,None,g,0.6077562998980284,244.35449360031635,None,Yes,2.3922437001019716,245.0927379000932,None,247.597543399781,None,r,247.597543399781,None,2.056363600000026,Definitely Bar,1.0563636000000258,247.597543399781,None,248.21715020015836,None,0.5076577002182603,,,,Sub036,001,2022_Sep_16_1507,2_3_MRI_Rating_Play_Eyetracking,2021.2.3,59.82074120866718,
6,2,0,20,2,1,,,,,0,0,0,0,0,10,10,15,,,,,,,,,,,,,,,,,,,,,,,,,,,,,,,,,,,,,,,,,,,,,,,,,,,,,,,,,6,2,0,,,,,1,,,,,,,,,,,,,,,,,,,,,,,,,,,Sub036,001,2022_Sep_16_1507,2_3_MRI_Rating_Play_Eyetracking,2021.2.3,59.82074120866718,
8,2,2,80,1,0,,,,,0,0,0,0,0,11,11,8,,,,,,,,,,,,,,,,,,,,,,,,,,,,,,,,,,,,,,,,,,,,,,,,,250.37399860005826,None,250.37399860005826,None,250.37399860005826,None,252.38118840008974,None,8,2,2,29.077098673388292,80,1,2,0,,,,,,,,,,,,,,,,,,,,,,,,,,,Sub036,001,2022_Sep_16_1507,2_3_MRI_Rating_Play_Eyetracking,2021.2.3,59.82074120866718,
8,2,2,80,2,1,,,,,0,0,0,0,0,12,12,44,0,0,0,0,,,,,,,,,,,,,,,,,,,,,,,,,,,,,,,,,,,,,,,,,,,,,253.48853259999305,None,253.48853259999305,None,253.48853259999305,None,255.50077040027827,None,8,2,2,29.077098673388292,80,2,2,1,257.61270279996097,None,r,0.9390972005203366,257.61270279996097,None,Definitely Yes,2.0609027994796634,258.6701354999095,None,260.8368053995073,None,g,260.8368053995073,None,1.9616489999999942,Bar,0.9616489999999942,260.8368053995073,None,261.52123640011996,None,0.5835704999044538,,,,Sub036,001,2022_Sep_16_1507,2_3_MRI_Rating_Play_Eyetracking,2021.2.3,59.82074120866718,
8,2,2,80,2,1,,,,,0,0,0,0,0,12,12,44,,,,,,,,,,,,,,,,,,,,,,,,,,,,,,,,,,,,,,,,,,,,,,,,,,,,,,,,,8,2,2,,,,,1,,,,,,,,,,,,,,,,,,,,,,,,,,,Sub036,001,2022_Sep_16_1507,2_3_MRI_Rating_Play_Eyetracking,2021.2.3,59.82074120866718,
8,2,2,80,1,1,,,,,0,0,0,0,0,13,13,35,0,0,0,0,,,,,,,,,,,,,,,,,,,,,,,,,,,,,,,,,,,,,,,,,,,,,263.5936906998977,None,263.5936906998977,None,263.5936906998977,None,265.6062877001241,None,8,2,2,29.077098673388292,80,1,2,1,266.71223310008645,None,r,1.0355584006756544,266.71223310008645,None,Definitely Yes,1.9644415993243456,267.87939959950745,None,269.9627973996103,None,r,269.9627973996103,None,1.6725974000000292,Definitely Bar,0.6725974000000292,269.9627973996103,None,270.9268659995869,None,0.8588896999135613,,,,Sub036,001,2022_Sep_16_1507,2_3_MRI_Rating_Play_Eyetracking,2021.2.3,59.82074120866718,
8,2,2,80,1,1,,,,,0,0,0,0,0,13,13,35,,,,,,,,,,,,,,,,,,,,,,,,,,,,,,,,,,,,,,,,,,,,,,,,,,,,,,,,,8,2,2,,,,,1,,,,,,,,,,,,,,,,,,,,,,,,,,,Sub036,001,2022_Sep_16_1507,2_3_MRI_Rating_Play_Eyetracking,2021.2.3,59.82074120866718,
1,0,1,50,2,1,,,,,0,0,0,0,0,14,14,37,0,0,0,0,,,,,,,,,,,,,,,,,,,,,,,,,,,,,,,,,,,,,,,,,,,,,272.715719900094,None,272.715719900094,None,272.715719900094,None,274.7247363999486,None,1,0,1,5.746901602660155,50,2,2,1,276.8309122994542,None,y,0.9751896001398563,276.8309122994542,None,No,2.0248103998601437,277.92303560022265,None,280.0645495997742,None,r,280.0645495997742,None,1.5240625000000136,Definitely Bar,0.5240625000000136,280.0645495997742,None,281.20078929979354,None,1.0166391003876925,,,,Sub036,001,2022_Sep_16_1507,2_3_MRI_Rating_Play_Eyetracking,2021.2.3,59.82074120866718,
1,0,1,50,2,1,,,,,0,0,0,0,0,14,14,37,,,,,,,,,,,,,,,,,,,,,,,,,,,,,,,,,,,,,,,,,,,,,,,,,,,,,,,,,1,0,1,,,,,1,,,,,,,,,,,,,,,,,,,,,,,,,,,Sub036,001,2022_Sep_16_1507,2_3_MRI_Rating_Play_Eyetracking,2021.2.3,59.82074120866718,
8,2,2,80,2,1,,,,,0,0,0,0,0,15,15,17,0,0,0,0,,,,,,,,,,,,,,,,,,,,,,,,,,,,,,,,,,,,,,,,,,,,,282.82986100018024,None,282.82986100018024,None,282.82986100018024,None,284.8423074996099,None,8,2,2,29.077098673388292,80,2,2,1,286.9408309003338,None,r,0.8103753002360463,286.9408309003338,None,Definitely Yes,2.1896246997639537,287.8785089002922,None,290.1609477000311,None,r,290.1609477000311,None,1.9394173000000023,Definitely Bar,0.9394173000000023,290.1609477000311,None,290.9071838995442,None,0.6191314999014139,,,,Sub036,001,2022_Sep_16_1507,2_3_MRI_Rating_Play_Eyetracking,2021.2.3,59.82074120866718,
8,2,2,80,2,1,,,,,0,0,0,0,0,15,15,17,,,,,,,,,,,,,,,,,,,,,,,,,,,,,,,,,,,,,,,,,,,,,,,,,,,,,,,,,8,2,2,,,,,1,,,,,,,,,,,,,,,,,,,,,,,,,,,Sub036,001,2022_Sep_16_1507,2_3_MRI_Rating_Play_Eyetracking,2021.2.3,59.82074120866718,
4,1,1,50,2,1,,,,,0,0,0,0,0,16,16,13,0,0,0,0,,,,,,,,,,,,,,,,,,,,,,,,,,,,,,,,,,,,,,,,,,,,,292.9575239000842,None,292.9575239000842,None,292.9575239000842,None,294.975724699907,None,4,1,1,15.303139088015294,50,2,2,1,297.0711177000776,None,g,0.5848603006452322,297.0711177000776,None,Yes,2.415139699354768,297.7772701000795,None,300.2992126001045,None,g,300.2992126001045,None,2.1546544000000267,Bar,1.1546544000000267,300.2992126001045,None,300.7969627995044,None,0.40300710033625364,,,,Sub036,001,2022_Sep_16_1507,2_3_MRI_Rating_Play_Eyetracking,2021.2.3,59.82074120866718,
4,1,1,50,2,1,,,,,0,0,0,0,0,16,16,13,,,,,,,,,,,,,,,,,,,,,,,,,,,,,,,,,,,,,,,,,,,,,,,,,,,,,,,,,4,1,1,,,,,1,,,,,,,,,,,,,,,,,,,,,,,,,,,Sub036,001,2022_Sep_16_1507,2_3_MRI_Rating_Play_Eyetracking,2021.2.3,59.82074120866718,
3,1,0,20,1,0,,,,,0,0,0,0,0,17,17,3,,,,,,,,,,,,,,,,,,,,,,,,,,,,,,,,,,,,,,,,,,,,,,,,,303.0373817002401,None,303.0373817002401,None,303.0373817002401,None,305.0735961999744,None,3,1,0,15.303139088015294,20,1,2,0,,,,,,,,,,,,,,,,,,,,,,,,,,,Sub036,001,2022_Sep_16_1507,2_3_MRI_Rating_Play_Eyetracking,2021.2.3,59.82074120866718,
6,2,0,20,3,1,,,,,0,0,0,0,0,18,18,51,0,0,0,0,,,,,,,,,,,,,,,,,,,,,,,,,,,,,,,,,,,,,,,,,,,,,306.1776294000447,None,306.1776294000447,None,306.1776294000447,None,308.1841541994363,None,6,2,0,29.077098673388292,20,3,2,1,311.27763399947435,None,y,0.5167699009180069,311.27763399947435,None,No,2.483230099081993,311.912462499924,None,314.5086607998237,None,b,314.5086607998237,None,2.0095173000000273,Definitely Card,1.0095173000000273,314.5086607998237,None,315.15390679985285,None,0.5383161008358002,,,,Sub036,001,2022_Sep_16_1507,2_3_MRI_Rating_Play_Eyetracking,2021.2.3,59.82074120866718,
6,2,0,20,3,1,,,,,0,0,0,0,0,18,18,51,,,,,,,,,,,,,,,,,,,,,,,,,,,,,,,,,,,,,,,,,,,,,,,,,,,,,,,,,6,2,0,,,,,1,,,,,,,,,,,,,,,,,,,,,,,,,,,Sub036,001,2022_Sep_16_1507,2_3_MRI_Rating_Play_Eyetracking,2021.2.3,59.82074120866718,
1,0,1,50,3,1,,,,,0,0,0,0,0,19,19,64,0,0,0,0,,,,,,,,,,,,,,,,,,,,,,,,,,,,,,,,,,,,,,,,,,,,,317.28072750009596,None,317.28072750009596,None,317.28072750009596,None,319.2942332001403,None,1,0,1,5.746901602660155,50,3,2,1,322.3999381996691,None,y,1.7506710002198815,322.3999381996691,None,No,1.2493289997801185,324.2749167000875,None,325.6369965001941,None,r,325.6369965001941,None,2.15249399999999,Definitely Bar,1.1524939999999901,325.6369965001941,None,326.12641509994864,None,0.38500670064240694,,,,Sub036,001,2022_Sep_16_1507,2_3_MRI_Rating_Play_Eyetracking,2021.2.3,59.82074120866718,
1,0,1,50,3,1,,,,,0,0,0,0,0,19,19,64,,,,,,,,,,,,,,,,,,,,,,,,,,,,,,,,,,,,,,,,,,,,,,,,,,,,,,,,,1,0,1,,,,,1,,,,,,,,,,,,,,,,,,,,,,,,,,,Sub036,001,2022_Sep_16_1507,2_3_MRI_Rating_Play_Eyetracking,2021.2.3,59.82074120866718,
5,1,2,80,1,1,,,,,0,0,0,0,0,20,20,32,0,0,0,0,,,,,,,,,,,,,,,,,,,,,,,,,,,,,,,,,,,,,,,,,,,,,328.3723662002012,None,328.3723662002012,None,328.3723662002012,None,330.3716569999233,None,5,1,2,15.303139088015294,80,1,2,1,331.47123990021646,None,g,0.9280421007424593,331.47123990021646,None,Yes,2.0719578992575407,332.50166959967464,None,334.6608963003382,None,y,334.6608963003382,None,1.7714955000000145,Card,0.7714955000000145,334.6608963003382,None,335.63027710001916,None,0.8440918009728193,,,,Sub036,001,2022_Sep_16_1507,2_3_MRI_Rating_Play_Eyetracking,2021.2.3,59.82074120866718,
5,1,2,80,1,1,,,,,0,0,0,0,0,20,20,32,,,,,,,,,,,,,,,,,,,,,,,,,,,,,,,,,,,,,,,,,,,,,,,,,,,,,,,,,5,1,2,,,,,1,,,,,,,,,,,,,,,,,,,,,,,,,,,Sub036,001,2022_Sep_16_1507,2_3_MRI_Rating_Play_Eyetracking,2021.2.3,59.82074120866718,
5,1,2,80,2,1,,,,,0,0,0,0,0,21,21,68,0,0,0,0,,,,,,,,,,,,,,,,,,,,,,,,,,,,,,,,,,,,,,,,,,,,,337.516329200007,None,337.516329200007,None,337.516329200007,None,339.5278134001419,None,5,1,2,15.303139088015294,80,2,2,1,341.629023199901,None,g,0.8003652999177575,341.629023199901,None,Yes,2.1996347000822425,342.54067560005933,None,344.85063929948956,None,b,344.85063929948956,None,2.3391935999999873,Definitely Card,1.3391935999999873,344.85063929948956,None,345.1898822002113,None,0.21700580045580864,,,,Sub036,001,2022_Sep_16_1507,2_3_MRI_Rating_Play_Eyetracking,2021.2.3,59.82074120866718,
5,1,2,80,2,1,,,,,0,0,0,0,0,21,21,68,,,,,,,,,,,,,,,,,,,,,,,,,,,,,,,,,,,,,,,,,,,,,,,,,,,,,,,,,5,1,2,,,,,1,,,,,,,,,,,,,,,,,,,,,,,,,,,Sub036,001,2022_Sep_16_1507,2_3_MRI_Rating_Play_Eyetracking,2021.2.3,59.82074120866718,
7,2,1,50,1,1,,,,,0,0,0,0,0,22,22,34,0,0,0,0,,,,,,,,,,,,,,,,,,,,,,,,,,,,,,,,,,,,,,,,,,,,,347.6288518002257,None,347.6288518002257,None,347.6288518002257,None,349.6357183000073,None,7,2,1,29.077098673388292,50,1,2,1,350.7492247996852,None,r,0.6791100008413196,350.7492247996852,None,Definitely Yes,2.3208899991586804,351.54860529955477,None,353.9858499998227,None,g,353.9858499998227,None,1.5232353000000103,Bar,0.5232353000000103,353.9858499998227,None,355.1303826002404,None,1.0104810008779168,,,,Sub036,001,2022_Sep_16_1507,2_3_MRI_Rating_Play_Eyetracking,2021.2.3,59.82074120866718,
7,2,1,50,1,1,,,,,0,0,0,0,0,22,22,34,,,,,,,,,,,,,,,,,,,,,,,,,,,,,,,,,,,,,,,,,,,,,,,,,,,,,,,,,7,2,1,,,,,1,,,,,,,,,,,,,,,,,,,,,,,,,,,Sub036,001,2022_Sep_16_1507,2_3_MRI_Rating_Play_Eyetracking,2021.2.3,59.82074120866718,
7,2,1,50,2,1,,,,,0,0,0,0,0,23,23,16,0,0,0,0,,,,,,,,,,,,,,,,,,,,,,,,,,,,,,,,,,,,,,,,,,,,,356.76396339945495,None,356.76396339945495,None,356.76396339945495,None,358.7802901994437,None,7,2,1,29.077098673388292,50,2,2,1,360.9009301001206,None,g,0.8458354007452726,360.9009301001206,None,Yes,2.1541645992547274,361.8800203995779,None,364.12728849984705,None,g,364.12728849984705,None,1.305584300000021,Bar,0.3055843000000209,364.12728849984705,None,365.47316380031407,None,1.227079801261425,,,,Sub036,001,2022_Sep_16_1507,2_3_MRI_Rating_Play_Eyetracking,2021.2.3,59.82074120866718,
7,2,1,50,2,1,,,,,0,0,0,0,0,23,23,16,,,,,,,,,,,,,,,,,,,,,,,,,,,,,,,,,,,,,,,,,,,,,,,,,,,,,,,,,7,2,1,,,,,1,,,,,,,,,,,,,,,,,,,,,,,,,,,Sub036,001,2022_Sep_16_1507,2_3_MRI_Rating_Play_Eyetracking,2021.2.3,59.82074120866718,
3,1,0,20,3,0,,,,,0,0,0,0,0,24,24,21,,,,,,,,,,,,,,,,,,,,,,,,,,,,,,,,,,,,,,,,,,,,,,,,,366.8832409000024,None,366.8832409000024,None,366.8832409000024,None,368.8941134000197,None,3,1,0,15.303139088015294,20,3,2,0,,,,,,,,,,,,,,,,,,,,,,,,,,,Sub036,001,2022_Sep_16_1507,2_3_MRI_Rating_Play_Eyetracking,2021.2.3,59.82074120866718,
5,1,2,80,3,0,,,,,0,0,0,0,0,25,25,23,,,,,,,,,,,,,,,,,,,,,,,,,,,,,,,,,,,,,,,,,,,,,,,,,372.0058961994946,None,372.0058961994946,None,372.0058961994946,None,373.990046299994,None,5,1,2,15.303139088015294,80,3,2,0,,,,,,,,,,,,,,,,,,,,,,,,,,,Sub036,001,2022_Sep_16_1507,2_3_MRI_Rating_Play_Eyetracking,2021.2.3,59.82074120866718,
0,0,0,20,3,0,,,,,0,0,0,0,0,26,26,18,,,,,,,,,,,,,,,,,,,,,,,,,,,,,,,,,,,,,,,,,,,,,,,,,377.09070440009236,None,377.09070440009236,None,377.09070440009236,None,379.1158737996593,None,0,0,0,5.746901602660155,20,3,2,0,,,,,,,,,,,,,,,,,,,,,,,,,,,Sub036,001,2022_Sep_16_1507,2_3_MRI_Rating_Play_Eyetracking,2021.2.3,59.82074120866718,
8,2,2,80,3,1,,,,,0,0,0,0,0,27,27,53,0,0,0,0,,,,,,,,,,,,,,,,,,,,,,,,,,,,,,,,,,,,,,,,,,,,,382.21230799984187,None,382.21230799984187,None,382.21230799984187,None,384.2472721002996,None,8,2,2,29.077098673388292,80,3,2,1,387.35059960000217,None,g,0.6681125005707145,387.35059960000217,None,Yes,2.3318874994292855,388.14901809953153,None,390.58485210034996,None,g,390.58485210034996,None,1.759625700000015,Bar,0.7596257000000151,390.58485210034996,None,391.48310189973563,None,0.7733433004468679,,,,Sub036,001,2022_Sep_16_1507,2_3_MRI_Rating_Play_Eyetracking,2021.2.3,59.82074120866718,
8,2,2,80,3,1,,,,,0,0,0,0,0,27,27,53,,,,,,,,,,,,,,,,,,,,,,,,,,,,,,,,,,,,,,,,,,,,,,,,,,,,,,,,,8,2,2,,,,,1,,,,,,,,,,,,,,,,,,,,,,,,,,,Sub036,001,2022_Sep_16_1507,2_3_MRI_Rating_Play_Eyetracking,2021.2.3,59.82074120866718,
1,0,1,50,3,0,,,,,0,0,0,0,0,28,28,19,,,,,,,,,,,,,,,,,,,,,,,,,,,,,,,,,,,,,,,,,,,,,,,,,393.3285622000694,None,393.3285622000694,None,393.3285622000694,None,395.3564721001312,None,1,0,1,5.746901602660155,50,3,2,0,,,,,,,,,,,,,,,,,,,,,,,,,,,Sub036,001,2022_Sep_16_1507,2_3_MRI_Rating_Play_Eyetracking,2021.2.3,59.82074120866718,
0,0,0,20,2,1,,,,,0,0,0,0,0,29,29,9,0,0,0,0,,,,,,,,,,,,,,,,,,,,,,,,,,,,,,,,,,,,,,,,,,,,,398.46738119982183,None,398.46738119982183,None,398.46738119982183,None,400.4823516001925,None,0,0,0,5.746901602660155,20,2,2,1,402.5962982000783,None,b,0.4487545005977154,402.5962982000783,None,Definitely No,2.5512454994022846,403.16912019997835,None,405.83743489999324,None,r,405.83743489999324,None,2.1273120999999833,Definitely Bar,1.1273120999999833,405.83743489999324,None,406.34819019958377,None,0.38341170083731413,,,,Sub036,001,2022_Sep_16_1507,2_3_MRI_Rating_Play_Eyetracking,2021.2.3,59.82074120866718,
0,0,0,20,2,1,,,,,0,0,0,0,0,29,29,9,,,,,,,,,,,,,,,,,,,,,,,,,,,,,,,,,,,,,,,,,,,,,,,,,,,,,,,,,0,0,0,,,,,1,,,,,,,,,,,,,,,,,,,,,,,,,,,Sub036,001,2022_Sep_16_1507,2_3_MRI_Rating_Play_Eyetracking,2021.2.3,59.82074120866718,
0,0,0,20,1,0,,,,,0,0,0,0,0,30,30,0,,,,,,,,,,,,,,,,,,,,,,,,,,,,,,,,,,,,,,,,,,,,,,,,,408.58184050023556,None,408.58184050023556,None,408.58184050023556,None,410.5967347994447,None,0,0,0,5.746901602660155,20,1,2,0,,,,,,,,,,,,,,,,,,,,,,,,,,,Sub036,001,2022_Sep_16_1507,2_3_MRI_Rating_Play_Eyetracking,2021.2.3,59.82074120866718,
6,2,0,20,2,1,,,,,0,0,0,0,0,31,31,60,0,0,0,0,,,,,,,,,,,,,,,,,,,,,,,,,,,,,,,,,,,,,,,,,,,,,411.6787518002093,None,411.6787518002093,None,411.6787518002093,None,413.71366349980235,None,6,2,0,29.077098673388292,20,2,2,1,415.80691740009934,None,y,0.4009469002485275,415.80691740009934,None,No,2.5990530997514725,416.3114666994661,None,419.0016329996288,None,b,419.0016329996288,None,2.060169700000017,Definitely Card,1.0601697000000172,419.0016329996288,None,419.6258832998574,None,0.5143895009532571,,,,Sub036,001,2022_Sep_16_1507,2_3_MRI_Rating_Play_Eyetracking,2021.2.3,59.82074120866718,
6,2,0,20,2,1,,,,,0,0,0,0,0,31,31,60,,,,,,,,,,,,,,,,,,,,,,,,,,,,,,,,,,,,,,,,,,,,,,,,,,,,,,,,,6,2,0,,,,,1,,,,,,,,,,,,,,,,,,,,,,,,,,,Sub036,001,2022_Sep_16_1507,2_3_MRI_Rating_Play_Eyetracking,2021.2.3,59.82074120866718,
4,1,1,50,1,1,,,,,0,0,0,0,0,32,32,31,0,0,0,0,,,,,,,,,,,,,,,,,,,,,,,,,,,,,,,,,,,,,,,,,,,,,421.8043088000268,None,421.8043088000268,None,421.8043088000268,None,423.80518640019,None,4,1,1,15.303139088015294,50,1,2,1,424.91642909962684,None,g,1.1040270002558827,424.91642909962684,None,Yes,1.8959729997441173,426.1266513997689,None,428.1287546996027,None,g,428.1287546996027,None,1.674307199999987,Bar,0.674307199999987,428.1287546996027,None,429.14807039964944,None,0.9015851002186537,,,,Sub036,001,2022_Sep_16_1507,2_3_MRI_Rating_Play_Eyetracking,2021.2.3,59.82074120866718,
4,1,1,50,1,1,,,,,0,0,0,0,0,32,32,31,,,,,,,,,,,,,,,,,,,,,,,,,,,,,,,,,,,,,,,,,,,,,,,,,,,,,,,,,4,1,1,,,,,1,,,,,,,,,,,,,,,,,,,,,,,,,,,Sub036,001,2022_Sep_16_1507,2_3_MRI_Rating_Play_Eyetracking,2021.2.3,59.82074120866718,
2,0,2,80,3,1,,,,,0,0,0,0,0,33,33,47,0,0,0,0,,,,,,,,,,,,,,,,,,,,,,,,,,,,,,,,,,,,,,,,,,,,,430.9365456001833,None,430.9365456001833,None,430.9365456001833,None,432.94914539996535,None,2,0,2,5.746901602660155,80,3,2,1,436.0319825001061,None,y,0.7925344007089734,436.0319825001061,None,No,2.2074655992910266,436.95183310005814,None,439.27169100008905,None,r,439.27169100008905,None,2.238477699999976,Definitely Bar,1.2384776999999758,439.27169100008905,None,439.7083614002913,None,0.31462980061769485,,,,Sub036,001,2022_Sep_16_1507,2_3_MRI_Rating_Play_Eyetracking,2021.2.3,59.82074120866718,
2,0,2,80,3,1,,,,,0,0,0,0,0,33,33,47,,,,,,,,,,,,,,,,,,,,,,,,,,,,,,,,,,,,,,,,,,,,,,,,,,,,,,,,,2,0,2,,,,,1,,,,,,,,,,,,,,,,,,,,,,,,,,,Sub036,001,2022_Sep_16_1507,2_3_MRI_Rating_Play_Eyetracking,2021.2.3,59.82074120866718,
6,2,0,20,2,1,,,,,0,0,0,0,0,34,34,42,0,0,0,0,,,,,,,,,,,,,,,,,,,,,,,,,,,,,,,,,,,,,,,,,,,,,442.0493179000914,None,442.0493179000914,None,442.0493179000914,None,444.0423336001113,None,6,2,0,29.077098673388292,20,2,2,1,446.14061739947647,None,g,0.5371443005278707,446.14061739947647,None,Yes,2.4628556994721293,446.77907059993595,None,449.32730820029974,None,r,449.32730820029974,None,2.271870100000001,Definitely Bar,1.271870100000001,449.32730820029974,None,449.797913399525,None,0.3427445003762841,,,,Sub036,001,2022_Sep_16_1507,2_3_MRI_Rating_Play_Eyetracking,2021.2.3,59.82074120866718,
6,2,0,20,2,1,,,,,0,0,0,0,0,34,34,42,,,,,,,,,,,,,,,,,,,,,,,,,,,,,,,,,,,,,,,,,,,,,,,,,,,,,,,,,6,2,0,,,,,1,,,,,,,,,,,,,,,,,,,,,,,,,,,Sub036,001,2022_Sep_16_1507,2_3_MRI_Rating_Play_Eyetracking,2021.2.3,59.82074120866718,
8,2,2,80,1,1,,,,,0,0,0,0,0,35,35,62,0,0,0,0,,,,,,,,,,,,,,,,,,,,,,,,,,,,,,,,,,,,,,,,,,,,,452.1831879001111,None,452.1831879001111,None,452.1831879001111,None,454.1878501996398,None,8,2,2,29.077098673388292,80,1,2,1,455.29509670007974,None,r,0.8352365009486675,455.29509670007974,None,Definitely Yes,2.1647634990513325,456.24991129990667,None,458.5155806997791,None,r,458.5155806997791,None,2.106632100000013,Definitely Bar,1.106632100000013,458.5155806997791,None,459.08068099990487,None,0.45191900059580803,,,,Sub036,001,2022_Sep_16_1507,2_3_MRI_Rating_Play_Eyetracking,2021.2.3,59.82074120866718,
8,2,2,80,1,1,,,,,0,0,0,0,0,35,35,62,,,,,,,,,,,,,,,,,,,,,,,,,,,,,,,,,,,,,,,,,,,,,,,,,,,,,,,,,8,2,2,,,,,1,,,,,,,,,,,,,,,,,,,,,,,,,,,Sub036,001,2022_Sep_16_1507,2_3_MRI_Rating_Play_Eyetracking,2021.2.3,59.82074120866718,
4,1,1,50,1,0,,,,,0,0,0,0,0,36,36,4,,,,,,,,,,,,,,,,,,,,,,,,,,,,,,,,,,,,,,,,,,,,,,,,,461.30211369972676,None,461.30211369972676,None,461.30211369972676,None,463.30964319966733,None,4,1,1,15.303139088015294,50,1,2,0,,,,,,,,,,,,,,,,,,,,,,,,,,,Sub036,001,2022_Sep_16_1507,2_3_MRI_Rating_Play_Eyetracking,2021.2.3,59.82074120866718,
7,2,1,50,1,1,,,,,0,0,0,0,0,37,37,61,0,0,0,0,,,,,,,,,,,,,,,,,,,,,,,,,,,,,,,,,,,,,,,,,,,,,464.4156945999712,None,464.4156945999712,None,464.4156945999712,None,466.4310238994658,None,7,2,1,29.077098673388292,50,1,2,1,467.5063845999539,None,g,0.39120700117200613,467.5063845999539,None,Yes,2.608792998827994,468.0207238001749,None,470.7377421995625,None,g,470.7377421995625,None,2.011947599999985,Bar,1.011947599999985,470.7377421995625,None,471.4157189996913,None,0.5540215009823442,,,,Sub036,001,2022_Sep_16_1507,2_3_MRI_Rating_Play_Eyetracking,2021.2.3,59.82074120866718,
7,2,1,50,1,1,,,,,0,0,0,0,0,37,37,61,,,,,,,,,,,,,,,,,,,,,,,,,,,,,,,,,,,,,,,,,,,,,,,,,,,,,,,,,7,2,1,,,,,1,,,,,,,,,,,,,,,,,,,,,,,,,,,Sub036,001,2022_Sep_16_1507,2_3_MRI_Rating_Play_Eyetracking,2021.2.3,59.82074120866718,
3,1,0,20,2,1,,,,,0,0,0,0,0,38,38,39,0,0,0,0,,,,,,,,,,,,,,,,,,,,,,,,,,,,,,,,,,,,,,,,,,,,,473.5324593996629,None,473.5324593996629,None,473.5324593996629,None,475.5478298002854,None,3,1,0,15.303139088015294,20,2,2,1,477.65281119942665,None,y,0.8830365007743239,477.65281119942665,None,No,2.116963499225676,478.6686410997063,None,480.9050281001255,None,b,480.9050281001255,None,1.9232039000000327,Definitely Card,0.9232039000000327,480.9050281001255,None,481.63507169950753,None,0.6049373000860214,,,,Sub036,001,2022_Sep_16_1507,2_3_MRI_Rating_Play_Eyetracking,2021.2.3,59.82074120866718,
3,1,0,20,2,1,,,,,0,0,0,0,0,38,38,39,,,,,,,,,,,,,,,,,,,,,,,,,,,,,,,,,,,,,,,,,,,,,,,,,,,,,,,,,3,1,0,,,,,1,,,,,,,,,,,,,,,,,,,,,,,,,,,Sub036,001,2022_Sep_16_1507,2_3_MRI_Rating_Play_Eyetracking,2021.2.3,59.82074120866718,
0,0,0,20,1,1,,,,,0,0,0,0,0,39,39,27,0,0,0,0,,,,,,,,,,,,,,,,,,,,,,,,,,,,,,,,,,,,,,,,,,,,,483.6714206999168,None,483.6714206999168,None,483.6714206999168,None,485.6820037001744,None,0,0,0,5.746901602660155,20,1,2,1,486.781413000077,None,b,0.5029318006709218,486.781413000077,None,Definitely No,2.497068199329078,487.4036868996918,None,490.0059275999665,None,g,490.0059275999665,None,2.1886979000000224,Bar,1.1886979000000224,490.0059275999665,None,490.50188229978085,None,0.37301750108599663,,,,Sub036,001,2022_Sep_16_1507,2_3_MRI_Rating_Play_Eyetracking,2021.2.3,59.82074120866718,
0,0,0,20,1,1,,,,,0,0,0,0,0,39,39,27,,,,,,,,,,,,,,,,,,,,,,,,,,,,,,,,,,,,,,,,,,,,,,,,,,,,,,,,,0,0,0,,,,,1,,,,,,,,,,,,,,,,,,,,,,,,,,,Sub036,001,2022_Sep_16_1507,2_3_MRI_Rating_Play_Eyetracking,2021.2.3,59.82074120866718,
5,1,2,80,3,1,,,,,0,0,0,0,0,40,40,50,0,0,0,0,,,,,,,,,,,,,,,,,,,,,,,,,,,,,,,,,,,,,,,,,,,,,492.8026281995699,None,492.8026281995699,None,492.8026281995699,None,494.8166378000751,None,5,1,2,15.303139088015294,80,3,2,1,497.9193230997771,None,g,0.6207141997292638,497.9193230997771,None,Yes,2.379285800270736,498.6675869002938,None,501.1560744000599,None,b,501.1560744000599,None,1.9215697999999861,Definitely Card,0.9215697999999861,501.1560744000599,None,501.9053314998746,None,0.6285372003912926,,,,Sub036,001,2022_Sep_16_1507,2_3_MRI_Rating_Play_Eyetracking,2021.2.3,59.82074120866718,
5,1,2,80,3,1,,,,,0,0,0,0,0,40,40,50,,,,,,,,,,,,,,,,,,,,,,,,,,,,,,,,,,,,,,,,,,,,,,,,,,,,,,,,,5,1,2,,,,,1,,,,,,,,,,,,,,,,,,,,,,,,,,,Sub036,001,2022_Sep_16_1507,2_3_MRI_Rating_Play_Eyetracking,2021.2.3,59.82074120866718,
5,1,2,80,1,1,,,,,0,0,0,0,0,41,41,59,0,0,0,0,,,,,,,,,,,,,,,,,,,,,,,,,,,,,,,,,,,,,,,,,,,,,503.9271818995476,None,503.9271818995476,None,503.9271818995476,None,505.9527008999139,None,5,1,2,15.303139088015294,80,1,2,1,507.0652091996744,None,g,0.9391215005889535,507.0652091996744,None,Yes,2.0608784994110465,508.1138078002259,None,510.2646196000278,None,b,510.2646196000278,None,1.7057727000000114,Definitely Card,0.7057727000000114,510.2646196000278,None,511.250228099525,None,0.8620579000562429,,,,Sub036,001,2022_Sep_16_1507,2_3_MRI_Rating_Play_Eyetracking,2021.2.3,59.82074120866718,
5,1,2,80,1,1,,,,,0,0,0,0,0,41,41,59,,,,,,,,,,,,,,,,,,,,,,,,,,,,,,,,,,,,,,,,,,,,,,,,,,,,,,,,,5,1,2,,,,,1,,,,,,,,,,,,,,,,,,,,,,,,,,,Sub036,001,2022_Sep_16_1507,2_3_MRI_Rating_Play_Eyetracking,2021.2.3,59.82074120866718,
3,1,0,20,3,1,,,,,0,0,0,0,0,42,42,66,0,0,0,0,,,,,,,,,,,,,,,,,,,,,,,,,,,,,,,,,,,,,,,,,,,,,513.0745011996478,None,513.0745011996478,None,513.0745011996478,None,515.0846915002912,None,3,1,0,15.303139088015294,20,3,2,1,518.1886492995545,None,y,0.39737930055707693,518.1886492995545,None,No,2.602620699442923,518.7138332994655,None,521.4173379996791,None,b,521.4173379996791,None,0.83722640000002,Definitely Card,-0.16277359999997998,521.4173379996791,None,523.22087249998,None,1.7173008006066084,,,,Sub036,001,2022_Sep_16_1507,2_3_MRI_Rating_Play_Eyetracking,2021.2.3,59.82074120866718,
3,1,0,20,3,1,,,,,0,0,0,0,0,42,42,66,,,,,,,,,,,,,,,,,,,,,,,,,,,,,,,,,,,,,,,,,,,,,,,,,,,,,,,,,3,1,0,,,,,1,,,,,,,,,,,,,,,,,,,,,,,,,,,Sub036,001,2022_Sep_16_1507,2_3_MRI_Rating_Play_Eyetracking,2021.2.3,59.82074120866718,
7,2,1,50,3,1,,,,,0,0,0,0,0,43,43,52,0,0,0,0,,,,,,,,,,,,,,,,,,,,,,,,,,,,,,,,,,,,,,,,,,,,,524.1727575995028,None,524.1727575995028,None,524.1727575995028,None,526.1825960995629,None,7,2,1,29.077098673388292,50,3,2,1,529.2887420002371,None,g,0.5146037004888058,529.2887420002371,None,Yes,2.4853962995111942,529.9155618995428,None,532.5079745994881,None,r,532.5079745994881,None,2.0383959999999206,Definitely Bar,1.0383959999999206,532.5079745994881,None,533.1539027998224,None,0.523951300419867,,,,Sub036,001,2022_Sep_16_1507,2_3_MRI_Rating_Play_Eyetracking,2021.2.3,59.82074120866718,
7,2,1,50,3,1,,,,,0,0,0,0,0,43,43,52,,,,,,,,,,,,,,,,,,,,,,,,,,,,,,,,,,,,,,,,,,,,,,,,,,,,,,,,,7,2,1,,,,,1,,,,,,,,,,,,,,,,,,,,,,,,,,,Sub036,001,2022_Sep_16_1507,2_3_MRI_Rating_Play_Eyetracking,2021.2.3,59.82074120866718,
7,2,1,50,2,1,,,,,0,0,0,0,0,44,44,43,0,0,0,0,,,,,,,,,,,,,,,,,,,,,,,,,,,,,,,,,,,,,,,,,,,,,535.3053884999827,None,535.3053884999827,None,535.3053884999827,None,537.3212884003296,None,7,2,1,29.077098673388292,50,2,2,1,539.4382683997974,None,g,0.7135755000635982,539.4382683997974,None,Yes,2.286424499936402,540.2677910001948,None,542.6726182997227,None,r,542.6726182997227,None,2.1225147000000106,Definitely Bar,1.1225147000000106,542.6726182997227,None,543.1949730003253,None,0.41056960076093674,,,,Sub036,001,2022_Sep_16_1507,2_3_MRI_Rating_Play_Eyetracking,2021.2.3,59.82074120866718,
7,2,1,50,2,1,,,,,0,0,0,0,0,44,44,43,,,,,,,,,,,,,,,,,,,,,,,,,,,,,,,,,,,,,,,,,,,,,,,,,,,,,,,,,7,2,1,,,,,1,,,,,,,,,,,,,,,,,,,,,,,,,,,Sub036,001,2022_Sep_16_1507,2_3_MRI_Rating_Play_Eyetracking,2021.2.3,59.82074120866718,
7,2,1,50,1,0,,,,,0,0,0,0,0,45,45,7,,,,,,,,,,,,,,,,,,,,,,,,,,,,,,,,,,,,,,,,,,,,,,,,,545.4256090996787,None,545.4256090996787,None,545.4256090996787,None,547.4145176997408,None,7,2,1,29.077098673388292,50,1,2,0,,,,,,,,,,,,,,,,,,,,,,,,,,,Sub036,001,2022_Sep_16_1507,2_3_MRI_Rating_Play_Eyetracking,2021.2.3,59.82074120866718,
5,1,2,80,1,0,,,,,0,0,0,0,0,46,46,5,,,,,,,,,,,,,,,,,,,,,,,,,,,,,,,,,,,,,,,,,,,,,,,,,548.5163775999099,None,548.5163775999099,None,548.5163775999099,None,550.5346718998626,None,5,1,2,15.303139088015294,80,1,2,0,,,,,,,,,,,,,,,,,,,,,,,,,,,Sub036,001,2022_Sep_16_1507,2_3_MRI_Rating_Play_Eyetracking,2021.2.3,59.82074120866718,
0,0,0,20,1,1,,,,,0,0,0,0,0,47,47,54,0,0,0,0,,,,,,,,,,,,,,,,,,,,,,,,,,,,,,,,,,,,,,,,,,,,,551.6155035002157,None,551.6155035002157,None,551.6155035002157,None,553.6427595000714,None,0,0,0,5.746901602660155,20,1,2,1,554.7513741999865,None,g,0.7517210002988577,554.7513741999865,None,Yes,2.2482789997011423,555.6004780996591,None,557.9399758996442,None,y,557.9399758996442,None,0.8606219999999212,Card,-0.13937800000007883,557.9399758996442,None,559.7876498997211,None,1.7200367003679276,,,,Sub036,001,2022_Sep_16_1507,2_3_MRI_Rating_Play_Eyetracking,2021.2.3,59.82074120866718,
0,0,0,20,1,1,,,,,0,0,0,0,0,47,47,54,,,,,,,,,,,,,,,,,,,,,,,,,,,,,,,,,,,,,,,,,,,,,,,,,,,,,,,,,0,0,0,,,,,1,,,,,,,,,,,,,,,,,,,,,,,,,,,Sub036,001,2022_Sep_16_1507,2_3_MRI_Rating_Play_Eyetracking,2021.2.3,59.82074120866718,
3,1,0,20,2,1,,,,,0,0,0,0,0,48,48,12,0,0,0,0,,,,,,,,,,,,,,,,,,,,,,,,,,,,,,,,,,,,,,,,,,,,,560.7590950001031,None,560.7590950001031,None,560.7590950001031,None,562.737273699604,None,3,1,0,15.303139088015294,20,2,2,1,564.8378361994401,None,None,,564.8378361994401,None,,1,566.846300999634,None,567.9368195999414,None,b,567.9368195999414,None,2.305079800000044,Definitely Card,1.305079800000044,567.9368195999414,None,568.4525335999206,None,0.4156215004622936,,,,Sub036,001,2022_Sep_16_1507,2_3_MRI_Rating_Play_Eyetracking,2021.2.3,59.82074120866718,
3,1,0,20,2,1,,,,,0,0,0,0,0,48,48,12,,,,,,,,,,,,,,,,,,,,,,,,,,,,,,,,,,,,,,,,,,,,,,,,,,,,,,,,,3,1,0,,,,,1,,,,,,,,,,,,,,,,,,,,,,,,,,,Sub036,001,2022_Sep_16_1507,2_3_MRI_Rating_Play_Eyetracking,2021.2.3,59.82074120866718,
2,0,2,80,2,1,,,,,0,0,0,0,0,49,49,38,0,0,0,0,,,,,,,,,,,,,,,,,,,,,,,,,,,,,,,,,,,,,,,,,,,,,570.875540100038,None,570.875540100038,None,570.875540100038,None,572.8888975996524,None,2,0,2,5.746901602660155,80,2,2,1,575.0051298998296,None,y,0.6861020997166634,575.0051298998296,None,No,2.3138979002833366,575.7968172002584,None,578.227437700145,None,r,578.227437700145,None,2.155254099999979,Definitely Bar,1.1552540999999792,578.227437700145,None,578.7412415994331,None,0.39025240018963814,,,,Sub036,001,2022_Sep_16_1507,2_3_MRI_Rating_Play_Eyetracking,2021.2.3,59.82074120866718,
2,0,2,80,2,1,,,,,0,0,0,0,0,49,49,38,,,,,,,,,,,,,,,,,,,,,,,,,,,,,,,,,,,,,,,,,,,,,,,,,,,,,,,,,2,0,2,,,,,1,,,,,,,,,,,,,,,,,,,,,,,,,,,Sub036,001,2022_Sep_16_1507,2_3_MRI_Rating_Play_Eyetracking,2021.2.3,59.82074120866718,
6,2,0,20,1,1,,,,,0,0,0,0,0,50,50,33,0,0,0,0,,,,,,,,,,,,,,,,,,,,,,,,,,,,,,,,,,,,,,,,,,,,,580.9858798002824,None,580.9858798002824,None,580.9858798002824,None,583.0124201998115,None,6,2,0,29.077098673388292,20,1,2,1,584.1223801998422,None,r,0.9712486006319523,584.1223801998422,None,Definitely Yes,2.0287513993680477,585.2014376996085,None,587.3396202996373,None,g,587.3396202996373,None,1.688877199999979,Bar,0.688877199999979,587.3396202996373,None,588.3369551999494,None,0.8748586010187864,,,,Sub036,001,2022_Sep_16_1507,2_3_MRI_Rating_Play_Eyetracking,2021.2.3,59.82074120866718,
6,2,0,20,1,1,,,,,0,0,0,0,0,50,50,33,,,,,,,,,,,,,,,,,,,,,,,,,,,,,,,,,,,,,,,,,,,,,,,,,,,,,,,,,6,2,0,,,,,1,,,,,,,,,,,,,,,,,,,,,,,,,,,Sub036,001,2022_Sep_16_1507,2_3_MRI_Rating_Play_Eyetracking,2021.2.3,59.82074120866718,
2,0,2,80,1,1,,,,,0,0,0,0,0,51,51,29,0,0,0,0,,,,,,,,,,,,,,,,,,,,,,,,,,,,,,,,,,,,,,,,,,,,,590.1377531001344,None,590.1377531001344,None,590.1377531001344,None,592.1528233997524,None,2,0,2,5.746901602660155,80,1,2,1,593.2511380994692,None,None,,593.2511380994692,None,,1,595.2716988995671,None,596.3732492998242,None,b,596.3732492998242,None,0.8709711000000198,Definitely Card,-0.12902889999998024,596.3732492998242,None,598.2796233994886,None,1.7935850005596876,,,,Sub036,001,2022_Sep_16_1507,2_3_MRI_Rating_Play_Eyetracking,2021.2.3,59.82074120866718,
2,0,2,80,1,1,,,,,0,0,0,0,0,51,51,29,,,,,,,,,,,,,,,,,,,,,,,,,,,,,,,,,,,,,,,,,,,,,,,,,,,,,,,,,2,0,2,,,,,1,,,,,,,,,,,,,,,,,,,,,,,,,,,Sub036,001,2022_Sep_16_1507,2_3_MRI_Rating_Play_Eyetracking,2021.2.3,59.82074120866718,
1,0,1,50,2,1,,,,,0,0,0,0,0,52,52,55,0,0,0,0,,,,,,,,,,,,,,,,,,,,,,,,,,,,,,,,,,,,,,,,,,,,,599.2538654999807,None,599.2538654999807,None,599.2538654999807,None,601.2712578997016,None,1,0,1,5.746901602660155,50,2,2,1,603.3729318995029,None,y,0.5411952007561922,603.3729318995029,None,No,2.458804799243808,604.0390737000853,None,606.6046981001273,None,r,606.6046981001273,None,1.4031622999999627,Definitely Bar,0.40316229999996267,606.6046981001273,None,607.8741616001353,None,1.1461394997313619,,,,Sub036,001,2022_Sep_16_1507,2_3_MRI_Rating_Play_Eyetracking,2021.2.3,59.82074120866718,
1,0,1,50,2,1,,,,,0,0,0,0,0,52,52,55,,,,,,,,,,,,,,,,,,,,,,,,,,,,,,,,,,,,,,,,,,,,,,,,,,,,,,,,,1,0,1,,,,,1,,,,,,,,,,,,,,,,,,,,,,,,,,,Sub036,001,2022_Sep_16_1507,2_3_MRI_Rating_Play_Eyetracking,2021.2.3,59.82074120866718,
6,2,0,20,3,1,,,,,0,0,0,0,0,53,53,69,0,0,0,0,,,,,,,,,,,,,,,,,,,,,,,,,,,,,,,,,,,,,,,,,,,,,609.3697410998866,None,609.3697410998866,None,609.3697410998866,None,611.404187399894,None,6,2,0,29.077098673388292,20,3,2,1,614.5067502995953,None,g,0.5285024009644985,614.5067502995953,None,Yes,2.4714975990355015,615.1339790998027,None,617.683844299987,None,r,617.683844299987,None,1.6571067999999514,Definitely Bar,0.6571067999999514,617.683844299987,None,618.7562076998875,None,0.9536394011229277,,,,Sub036,001,2022_Sep_16_1507,2_3_MRI_Rating_Play_Eyetracking,2021.2.3,59.82074120866718,
6,2,0,20,3,1,,,,,0,0,0,0,0,53,53,69,,,,,,,,,,,,,,,,,,,,,,,,,,,,,,,,,,,,,,,,,,,,,,,,,,,,,,,,,6,2,0,,,,,1,,,,,,,,,,,,,,,,,,,,,,,,,,,Sub036,001,2022_Sep_16_1507,2_3_MRI_Rating_Play_Eyetracking,2021.2.3,59.82074120866718,
0,0,0,20,2,1,,,,,0,0,0,0,0,54,54,36,0,0,0,0,,,,,,,,,,,,,,,,,,,,,,,,,,,,,,,,,,,,,,,,,,,,,620.5254333997145,None,620.5254333997145,None,620.5254333997145,None,622.5396325001493,None,0,0,0,5.746901602660155,20,2,2,1,624.6407051999122,None,b,0.4568087998777628,624.6407051999122,None,Definitely No,2.543191200122237,625.2271886998788,None,627.8833051994443,None,g,627.8833051994443,None,2.005562800000007,Bar,1.005562800000007,627.8833051994443,None,628.5206439001486,None,0.5406769001856446,,,,Sub036,001,2022_Sep_16_1507,2_3_MRI_Rating_Play_Eyetracking,2021.2.3,59.82074120866718,
0,0,0,20,2,1,,,,,0,0,0,0,0,54,54,36,,,,,,,,,,,,,,,,,,,,,,,,,,,,,,,,,,,,,,,,,,,,,,,,,,,,,,,,,0,0,0,,,,,1,,,,,,,,,,,,,,,,,,,,,,,,,,,Sub036,001,2022_Sep_16_1507,2_3_MRI_Rating_Play_Eyetracking,2021.2.3,59.82074120866718,
5,1,2,80,2,1,,,,,0,0,0,0,0,55,55,41,0,0,0,0,,,,,,,,,,,,,,,,,,,,,,,,,,,,,,,,,,,,,,,,,,,,,630.6419706000015,None,630.6419706000015,None,630.6419706000015,None,632.6331960000098,None,5,1,2,15.303139088015294,80,2,2,1,634.7201100001112,None,g,0.6222932003438473,634.7201100001112,None,Yes,2.3777067996561527,635.4436582997441,None,637.9244013996795,None,y,637.9244013996795,None,2.255832199999986,Card,1.2558321999999862,637.9244013996795,None,638.4018709994853,None,0.3589854007586837,,,,Sub036,001,2022_Sep_16_1507,2_3_MRI_Rating_Play_Eyetracking,2021.2.3,59.82074120866718,
5,1,2,80,2,1,,,,,0,0,0,0,0,55,55,41,,,,,,,,,,,,,,,,,,,,,,,,,,,,,,,,,,,,,,,,,,,,,,,,,,,,,,,,,5,1,2,,,,,1,,,,,,,,,,,,,,,,,,,,,,,,,,,Sub036,001,2022_Sep_16_1507,2_3_MRI_Rating_Play_Eyetracking,2021.2.3,59.82074120866718,
1,0,1,50,1,0,,,,,0,0,0,0,0,56,56,1,,,,,,,,,,,,,,,,,,,,,,,,,,,,,,,,,,,,,,,,,,,,,,,,,640.7344779996201,None,640.7344779996201,None,640.7344779996201,None,642.7744555994868,None,1,0,1,5.746901602660155,50,1,2,0,,,,,,,,,,,,,,,,,,,,,,,,,,,Sub036,001,2022_Sep_16_1507,2_3_MRI_Rating_Play_Eyetracking,2021.2.3,59.82074120866718,
4,1,1,50,2,1,,,,,0,0,0,0,0,57,57,40,0,0,0,0,,,,,,,,,,,,,,,,,,,,,,,,,,,,,,,,,,,,,,,,,,,,,643.8599688000977,None,643.8599688000977,None,643.8599688000977,None,645.9027781998739,None,4,1,1,15.303139088015294,50,2,2,1,648.0111178997904,None,y,0.6383159011602402,648.0111178997904,None,No,2.36168409883976,648.7697863001376,None,651.2407708000392,None,g,651.2407708000392,None,1.7812635999999884,Bar,0.7812635999999884,651.2407708000392,None,652.1024621995166,None,0.7665189001709223,,,,Sub036,001,2022_Sep_16_1507,2_3_MRI_Rating_Play_Eyetracking,2021.2.3,59.82074120866718,
4,1,1,50,2,1,,,,,0,0,0,0,0,57,57,40,,,,,,,,,,,,,,,,,,,,,,,,,,,,,,,,,,,,,,,,,,,,,,,,,,,,,,,,,4,1,1,,,,,1,,,,,,,,,,,,,,,,,,,,,,,,,,,Sub036,001,2022_Sep_16_1507,2_3_MRI_Rating_Play_Eyetracking,2021.2.3,59.82074120866718,
7,2,1,50,2,1,,,,,0,0,0,0,0,58,58,70,0,0,0,0,,,,,,,,,,,,,,,,,,,,,,,,,,,,,,,,,,,,,,,,,,,,,653.9917176999152,None,653.9917176999152,None,653.9917176999152,None,656.0092970002443,None,7,2,1,29.077098673388292,50,2,2,1,658.1003807997331,None,r,1.3197803003713489,658.1003807997331,None,Definitely Yes,1.6802196996286511,659.539181499742,None,661.3276992002502,None,r,661.3276992002502,None,1.5731847999999218,Definitely Bar,0.5731847999999218,661.3276992002502,None,662.4139384003356,None,0.9808435011655092,,,,Sub036,001,2022_Sep_16_1507,2_3_MRI_Rating_Play_Eyetracking,2021.2.3,59.82074120866718,
7,2,1,50,2,1,,,,,0,0,0,0,0,58,58,70,,,,,,,,,,,,,,,,,,,,,,,,,,,,,,,,,,,,,,,,,,,,,,,,,,,,,,,,,7,2,1,,,,,1,,,,,,,,,,,,,,,,,,,,,,,,,,,Sub036,001,2022_Sep_16_1507,2_3_MRI_Rating_Play_Eyetracking,2021.2.3,59.82074120866718,
8,2,2,80,3,1,,,,,0,0,0,0,0,59,59,71,0,0,0,0,,,,,,,,,,,,,,,,,,,,,,,,,,,,,,,,,,,,,,,,,,,,,664.0902525000274,None,664.0902525000274,None,664.0902525000274,None,666.0978224994615,None,8,2,2,29.077098673388292,80,3,2,1,669.214326299727,None,r,0.7769813006743789,669.214326299727,None,Definitely Yes,2.223018699325621,670.0859436001629,None,672.413092199713,None,r,672.413092199713,None,2.1706746999999496,Definitely Bar,1.1706746999999496,672.413092199713,None,672.9219180997461,None,0.40334320068359375,,,,Sub036,001,2022_Sep_16_1507,2_3_MRI_Rating_Play_Eyetracking,2021.2.3,59.82074120866718,
8,2,2,80,3,1,,,,,0,0,0,0,0,59,59,71,,,,,,,,,,,,,,,,,,,,,,,,,,,,,,,,,,,,,,,,,,,,,,,,,,,,,,,,,8,2,2,,,,,1,,,,,,,,,,,,,,,,,,,,,,,,,,,Sub036,001,2022_Sep_16_1507,2_3_MRI_Rating_Play_Eyetracking,2021.2.3,59.82074120866718,
4,1,1,50,3,1,,,,,0,0,0,0,0,60,60,49,0,0,0,0,,,,,,,,,,,,,,,,,,,,,,,,,,,,,,,,,,,,,,,,,,,,,675.1885198000818,None,675.1885198000818,None,675.1885198000818,None,677.2223837999627,None,4,1,1,15.303139088015294,50,3,2,1,680.3321575000882,None,g,0.6583083011209965,680.3321575000882,None,Yes,2.3416916988790035,681.1092772996053,None,683.562389800325,None,g,683.562389800325,None,1.923025399999915,Bar,0.923025399999915,683.562389800325,None,684.2861757995561,None,0.6255759000778198,,,,Sub036,001,2022_Sep_16_1507,2_3_MRI_Rating_Play_Eyetracking,2021.2.3,59.82074120866718,
4,1,1,50,3,1,,,,,0,0,0,0,0,60,60,49,,,,,,,,,,,,,,,,,,,,,,,,,,,,,,,,,,,,,,,,,,,,,,,,,,,,,,,,,4,1,1,,,,,1,,,,,,,,,,,,,,,,,,,,,,,,,,,Sub036,001,2022_Sep_16_1507,2_3_MRI_Rating_Play_Eyetracking,2021.2.3,59.82074120866718,
6,2,0,20,3,0,,,,,0,0,0,0,0,61,61,24,,,,,,,,,,,,,,,,,,,,,,,,,,,,,,,,,,,,,,,,,,,,,,,,,686.3115584002808,None,686.3115584002808,None,686.3115584002808,None,688.3176309000701,None,6,2,0,29.077098673388292,20,3,2,0,,,,,,,,,,,,,,,,,,,,,,,,,,,Sub036,001,2022_Sep_16_1507,2_3_MRI_Rating_Play_Eyetracking,2021.2.3,59.82074120866718,
4,1,1,50,1,1,,,,,0,0,0,0,0,62,62,58,0,0,0,0,,,,,,,,,,,,,,,,,,,,,,,,,,,,,,,,,,,,,,,,,,,,,691.4265134995803,None,691.4265134995803,None,691.4265134995803,None,693.44088299945,None,4,1,1,15.303139088015294,50,1,2,1,694.5241438001394,None,g,0.6047191005200148,694.5241438001394,None,Yes,2.3952808994799852,695.2514830995351,None,697.7455810997635,None,g,697.7455810997635,None,2.0594012999999904,Bar,1.0594012999999904,697.7455810997635,None,698.3791296994314,None,0.501035001128912,,,,Sub036,001,2022_Sep_16_1507,2_3_MRI_Rating_Play_Eyetracking,2021.2.3,59.82074120866718,
4,1,1,50,1,1,,,,,0,0,0,0,0,62,62,58,,,,,,,,,,,,,,,,,,,,,,,,,,,,,,,,,,,,,,,,,,,,,,,,,,,,,,,,,4,1,1,,,,,1,,,,,,,,,,,,,,,,,,,,,,,,,,,Sub036,001,2022_Sep_16_1507,2_3_MRI_Rating_Play_Eyetracking,2021.2.3,59.82074120866718,
2,0,2,80,2,1,,,,,0,0,0,0,0,63,63,11,0,0,0,0,,,,,,,,,,,,,,,,,,,,,,,,,,,,,,,,,,,,,,,,,,,,,700.5451325001195,None,700.5451325001195,None,700.5451325001195,None,702.5380859002471,None,2,0,2,5.746901602660155,80,2,2,1,704.6338643003255,None,y,0.45994860026985407,704.6338643003255,None,No,2.540051399730146,705.2064148997888,None,707.8608186999336,None,r,707.8608186999336,None,2.1067573999999922,Definitely Bar,1.1067573999999922,707.8608186999336,None,708.4629995999858,None,0.47761450055986643,,,,Sub036,001,2022_Sep_16_1507,2_3_MRI_Rating_Play_Eyetracking,2021.2.3,59.82074120866718,
2,0,2,80,2,1,,,,,0,0,0,0,0,63,63,11,,,,,,,,,,,,,,,,,,,,,,,,,,,,,,,,,,,,,,,,,,,,,,,,,,,,,,,,,2,0,2,,,,,1,,,,,,,,,,,,,,,,,,,,,,,,,,,Sub036,001,2022_Sep_16_1507,2_3_MRI_Rating_Play_Eyetracking,2021.2.3,59.82074120866718,
8,2,2,80,3,0,,,,,0,0,0,0,0,64,64,26,,,,,,,,,,,,,,,,,,,,,,,,,,,,,,,,,,,,,,,,,,,,,,,,,710.6755277998745,None,710.6755277998745,None,710.6755277998745,None,712.6877792999148,None,8,2,2,29.077098673388292,80,3,2,0,,,,,,,,,,,,,,,,,,,,,,,,,,,Sub036,001,2022_Sep_16_1507,2_3_MRI_Rating_Play_Eyetracking,2021.2.3,59.82074120866718,
3,1,0,20,3,1,,,,,0,0,0,0,0,65,65,48,0,0,0,0,,,,,,,,,,,,,,,,,,,,,,,,,,,,,,,,,,,,,,,,,,,,,715.7737812995911,None,715.7737812995911,None,715.7737812995911,None,717.8096254002303,None,3,1,0,15.303139088015294,20,3,2,1,720.9167181998491,None,y,0.462792900390923,720.9167181998491,None,No,2.537207099609077,721.5129378000274,None,724.1678719995543,None,b,724.1678719995543,None,2.0786295000000337,Definitely Card,1.0786295000000337,724.1678719995543,None,724.7278698999435,None,0.4285233002156019,,,,Sub036,001,2022_Sep_16_1507,2_3_MRI_Rating_Play_Eyetracking,2021.2.3,59.82074120866718,
3,1,0,20,3,1,,,,,0,0,0,0,0,65,65,48,,,,,,,,,,,,,,,,,,,,,,,,,,,,,,,,,,,,,,,,,,,,,,,,,,,,,,,,,3,1,0,,,,,1,,,,,,,,,,,,,,,,,,,,,,,,,,,Sub036,001,2022_Sep_16_1507,2_3_MRI_Rating_Play_Eyetracking,2021.2.3,59.82074120866718,
6,2,0,20,1,0,,,,,0,0,0,0,0,66,66,6,,,,,,,,,,,,,,,,,,,,,,,,,,,,,,,,,,,,,,,,,,,,,,,,,726.9100204994902,None,726.9100204994902,None,726.9100204994902,None,728.9271954996511,None,6,2,0,29.077098673388292,20,1,2,0,,,,,,,,,,,,,,,,,,,,,,,,,,,Sub036,001,2022_Sep_16_1507,2_3_MRI_Rating_Play_Eyetracking,2021.2.3,59.82074120866718,
5,1,2,80,2,1,,,,,0,0,0,0,0,67,67,14,0,0,0,0,,,,,,,,,,,,,,,,,,,,,,,,,,,,,,,,,,,,,,,,,,,,,730.0314509999007,None,730.0314509999007,None,730.0314509999007,None,732.0438785003498,None,5,1,2,15.303139088015294,80,2,2,1,734.14282609988,None,g,0.5395200001075864,734.14282609988,None,Yes,2.4604799998924136,734.8105852995068,None,737.3840998997912,None,b,737.3840998997912,None,2.1446343999999726,Definitely Card,1.1446343999999726,737.3840998997912,None,737.8985417997465,None,0.3876978000625968,,,,Sub036,001,2022_Sep_16_1507,2_3_MRI_Rating_Play_Eyetracking,2021.2.3,59.82074120866718,
5,1,2,80,2,1,,,,,0,0,0,0,0,67,67,14,,,,,,,,,,,,,,,,,,,,,,,,,,,,,,,,,,,,,,,,,,,,,,,,,,,,,,,,,5,1,2,,,,,1,,,,,,,,,,,,,,,,,,,,,,,,,,,Sub036,001,2022_Sep_16_1507,2_3_MRI_Rating_Play_Eyetracking,2021.2.3,59.82074120866718,
0,0,0,20,3,1,,,,,0,0,0,0,0,68,68,63,0,0,0,0,,,,,,,,,,,,,,,,,,,,,,,,,,,,,,,,,,,,,,,,,,,,,740.1447746995836,None,740.1447746995836,None,740.1447746995836,None,742.1489223996177,None,0,0,0,5.746901602660155,20,3,2,1,745.2672097003087,None,b,1.405366901308298,745.2672097003087,None,Definitely No,1.594633098691702,746.7954476000741,None,748.5012330999598,None,r,748.5012330999598,None,2.0878973999999744,Definitely Bar,1.0878973999999744,748.5012330999598,None,749.0512108001858,None,0.4493180997669697,,,,Sub036,001,2022_Sep_16_1507,2_3_MRI_Rating_Play_Eyetracking,2021.2.3,59.82074120866718,
0,0,0,20,3,1,,,,,0,0,0,0,0,68,68,63,,,,,,,,,,,,,,,,,,,,,,,,,,,,,,,,,,,,,,,,,,,,,,,,,,,,,,,,,0,0,0,,,,,1,,,,,,,,,,,,,,,,,,,,,,,,,,,Sub036,001,2022_Sep_16_1507,2_3_MRI_Rating_Play_Eyetracking,2021.2.3,59.82074120866718,
2,0,2,80,2,1,,,,,0,0,0,0,0,69,69,65,0,0,0,0,,,,,,,,,,,,,,,,,,,,,,,,,,,,,,,,,,,,,,,,,,,,,751.2232945999131,None,751.2232945999131,None,751.2232945999131,None,753.2363475998864,None,2,0,2,5.746901602660155,80,2,2,1,755.3384047998115,None,g,0.5724102007225156,755.3384047998115,None,Yes,2.4275897992774844,756.0314839994535,None,758.5661610998213,None,b,758.5661610998213,None,2.2194743000000017,Definitely Card,1.2194743000000017,758.5661610998213,None,759.0221894001588,None,0.3466868009418249,,,,Sub036,001,2022_Sep_16_1507,2_3_MRI_Rating_Play_Eyetracking,2021.2.3,59.82074120866718,
2,0,2,80,2,1,,,,,0,0,0,0,0,69,69,65,,,,,,,,,,,,,,,,,,,,,,,,,,,,,,,,,,,,,,,,,,,,,,,,,,,,,,,,,2,0,2,,,,,1,,,,,,,,,,,,,,,,,,,,,,,,,,,Sub036,001,2022_Sep_16_1507,2_3_MRI_Rating_Play_Eyetracking,2021.2.3,59.82074120866718,
2,0,2,80,3,0,,,,,0,0,0,0,0,70,70,20,,,,,,,,,,,,,,,,,,,,,,,,,,,,,,,,,,,,,,,,,,,,,,,,,761.34521939978,None,761.34521939978,None,761.34521939978,None,763.3609124002978,None,2,0,2,5.746901602660155,80,3,2,0,,,,,,,,,,,,,,,,,,,,,,,,,,,Sub036,001,2022_Sep_16_1507,2_3_MRI_Rating_Play_Eyetracking,2021.2.3,59.82074120866718,
4,1,1,50,3,0,,,,,0,0,0,0,0,71,71,22,,,,,,,,,,,,,,,,,,,,,,,,,,,,,,,,,,,,,,,,,,,,,,,,,766.4639013996348,None,766.4639013996348,None,766.4639013996348,None,768.4762888001278,None,4,1,1,15.303139088015294,50,3,2,0,,,,,,,,,,,,,,,,,,,,,,,,,,,Sub036,001,2022_Sep_16_1507,2_3_MRI_Rating_Play_Eyetracking,2021.2.3,59.82074120866718,
,,,,,,,,,,0,0,0,0,,,,,,,,,,,,,,,,,,,,,,,,,,,,,,,,,,,,,,,,,,,,,,,,,,,,,,,,,,,,,,,,,,,,,,,,,,,,,,,,,,,,,,,,,,,,,,,Sub036,001,2022_Sep_16_1507,2_3_MRI_Rating_Play_Eyetracking,2021.2.3,59.82074120866718,
,,,,,,,,,,,,,,,,,,,,,,,,,,,,,,,,,,,,,,,,,,,,,,,,,,,,,,,,,,,,,,,,,,,,,,,,,,,,,,,,,,,,,,,,,,,,,,,,,,,,,,,,,771.5501188999042,None,None,Sub036,001,2022_Sep_16_1507,2_3_MRI_Rating_Play_Eyetracking,2021.2.3,59.82074120866718,
