﻿Run_Files,current_card_prob,current_WinLoss,Target_Size,start_position,start.thisRepN,start.thisTrialN,start.thisN,start.thisIndex,Run_card.thisRepN,Run_card.thisTrialN,Run_card.thisN,Run_card.thisIndex,trials_card.thisRepN,trials_card.thisTrialN,trials_card.thisN,trials_card.thisIndex,Qlikely_card_L.thisRepN,Qlikely_card_L.thisTrialN,Qlikely_card_L.thisN,Qlikely_card_L.thisIndex,Qlikely_card_R.thisRepN,Qlikely_card_R.thisTrialN,Qlikely_card_R.thisN,Qlikely_card_R.thisIndex,trials.thisRepN,trials.thisTrialN,trials.thisN,trials.thisIndex,trials_bar_Q.thisRepN,trials_bar_Q.thisTrialN,trials_bar_Q.thisN,trials_bar_Q.thisIndex,Qlikely_bar_L.thisRepN,Qlikely_bar_L.thisTrialN,Qlikely_bar_L.thisN,Qlikely_bar_L.thisIndex,Qlikely_bar_R.thisRepN,Qlikely_bar_R.thisTrialN,Qlikely_bar_R.thisN,Qlikely_bar_R.thisIndex,instr.started,instr.stopped,instr_5.started,instr_5.stopped,current_card_prob,current_WinLoss,Q_card_prob,Rating_Likely_card,key_resp_likely_card_L.keys,key_resp_likely_card_L.rt,key_resp_likely_card_L.started,key_resp_likely_card_L.stopped,bar_final_text_2.started,bar_final_text_2.stopped,key_resp_bar.keys,key_resp_bar.rt,key_resp_bar.started,key_resp_bar.stopped,Current_Target_Size,Start_position,key_resp_bar.position,key_resp_bar.hit,trial_speed,center.started,center.stopped,center2.started,center2.stopped,Rating_Likely_bar,center_2.started,center_2.stopped,key_resp_likely_bar_L.keys,key_resp_likely_bar_L.rt,key_resp_likely_bar_L.started,key_resp_likely_bar_L.stopped,instr_4.started,instr_4.stopped,participant,session,date,expName,psychopyVersion,frameRate,
,,,,,0,0,0,0,,,,,,,,,,,,,,,,,,,,,,,,,,,,,,,,,22.458678100258112,None,,,,,,,,,,,,,,,,,,,,,,,,,,,,,,,,,,,Sub004,001,2022_Apr_29_1033,1trainingbehavior_inMRI,2021.2.3,60.09828454542165,
Card_80.xlsx,80,1,,,,,,,0,0,0,2,0,0,0,4,,,,,,,,,,,,,,,,,,,,,,,,,,,129.78355719987303,None,80,1,,,,,,,,,,,,,,,,,,,,,,,,,,,,,,,Sub004,001,2022_Apr_29_1033,1trainingbehavior_inMRI,2021.2.3,60.09828454542165,
Card_80.xlsx,80,0,,,,,,,0,0,0,2,0,1,1,1,,,,,,,,,,,,,,,,,,,,,,,,,,,,,80,0,,,,,,,,,,,,,,,,,,,,,,,,,,,,,,,Sub004,001,2022_Apr_29_1033,1trainingbehavior_inMRI,2021.2.3,60.09828454542165,
Card_80.xlsx,80,1,,,,,,,0,0,0,2,0,2,2,5,,,,,,,,,,,,,,,,,,,,,,,,,,,,,80,1,,,,,,,,,,,,,,,,,,,,,,,,,,,,,,,Sub004,001,2022_Apr_29_1033,1trainingbehavior_inMRI,2021.2.3,60.09828454542165,
Card_80.xlsx,80,1,,,,,,,0,0,0,2,0,3,3,8,,,,,,,,,,,,,,,,,,,,,,,,,,,,,80,1,,,,,,,,,,,,,,,,,,,,,,,,,,,,,,,Sub004,001,2022_Apr_29_1033,1trainingbehavior_inMRI,2021.2.3,60.09828454542165,
Card_80.xlsx,80,1,,,,,,,0,0,0,2,0,4,4,9,,,,,,,,,,,,,,,,,,,,,,,,,,,,,80,1,,,,,,,,,,,,,,,,,,,,,,,,,,,,,,,Sub004,001,2022_Apr_29_1033,1trainingbehavior_inMRI,2021.2.3,60.09828454542165,
Card_80.xlsx,80,1,,,,,,,0,0,0,2,0,5,5,2,,,,,,,,,,,,,,,,,,,,,,,,,,,,,80,1,,,,,,,,,,,,,,,,,,,,,,,,,,,,,,,Sub004,001,2022_Apr_29_1033,1trainingbehavior_inMRI,2021.2.3,60.09828454542165,
Card_80.xlsx,80,0,,,,,,,0,0,0,2,0,6,6,0,,,,,,,,,,,,,,,,,,,,,,,,,,,,,80,0,,,,,,,,,,,,,,,,,,,,,,,,,,,,,,,Sub004,001,2022_Apr_29_1033,1trainingbehavior_inMRI,2021.2.3,60.09828454542165,
Card_80.xlsx,80,1,,,,,,,0,0,0,2,0,7,7,7,,,,,,,,,,,,,,,,,,,,,,,,,,,,,80,1,,,,,,,,,,,,,,,,,,,,,,,,,,,,,,,Sub004,001,2022_Apr_29_1033,1trainingbehavior_inMRI,2021.2.3,60.09828454542165,
Card_80.xlsx,80,1,,,,,,,0,0,0,2,0,8,8,3,,,,,,,,,,,,,,,,,,,,,,,,,,,,,80,1,,,,,,,,,,,,,,,,,,,,,,,,,,,,,,,Sub004,001,2022_Apr_29_1033,1trainingbehavior_inMRI,2021.2.3,60.09828454542165,
Card_80.xlsx,80,1,,,,,,,0,0,0,2,0,9,9,6,,,,,,,,,,,,,,,,,,,,,,,,,,,,,80,1,,,,,,,,,,,,,,,,,,,,,,,,,,,,,,,Sub004,001,2022_Apr_29_1033,1trainingbehavior_inMRI,2021.2.3,60.09828454542165,
Card_80.xlsx,,,,,,,,,0,0,0,2,,,,,0,0,0,0,,,,,,,,,,,,,,,,,,,,,,,,,,,80,Slightly Likely,g,2.936420999467373,186.70791320037097,None,,,,,,,,,,,,,,,,,,,,,,,,,Sub004,001,2022_Apr_29_1033,1trainingbehavior_inMRI,2021.2.3,60.09828454542165,
Card_80.xlsx,,,,,,,,,0,0,0,2,,,,,,,,,,,,,,,,,,,,,,,,,,,,,,,,,,,,,,,,,,,,,,,,,,,,,,,,,,,,,,,,,Sub004,001,2022_Apr_29_1033,1trainingbehavior_inMRI,2021.2.3,60.09828454542165,
Card_50.xlsx,50,1,,,,,,,0,1,1,1,0,0,0,7,,,,,,,,,,,,,,,,,,,,,,,,,,,,,50,1,,,,,,,,,,,,,,,,,,,,,,,,,,,,,,,Sub004,001,2022_Apr_29_1033,1trainingbehavior_inMRI,2021.2.3,60.09828454542165,
Card_50.xlsx,50,1,,,,,,,0,1,1,1,0,1,1,8,,,,,,,,,,,,,,,,,,,,,,,,,,,,,50,1,,,,,,,,,,,,,,,,,,,,,,,,,,,,,,,Sub004,001,2022_Apr_29_1033,1trainingbehavior_inMRI,2021.2.3,60.09828454542165,
Card_50.xlsx,50,1,,,,,,,0,1,1,1,0,2,2,5,,,,,,,,,,,,,,,,,,,,,,,,,,,,,50,1,,,,,,,,,,,,,,,,,,,,,,,,,,,,,,,Sub004,001,2022_Apr_29_1033,1trainingbehavior_inMRI,2021.2.3,60.09828454542165,
Card_50.xlsx,50,0,,,,,,,0,1,1,1,0,3,3,0,,,,,,,,,,,,,,,,,,,,,,,,,,,,,50,0,,,,,,,,,,,,,,,,,,,,,,,,,,,,,,,Sub004,001,2022_Apr_29_1033,1trainingbehavior_inMRI,2021.2.3,60.09828454542165,
Card_50.xlsx,50,0,,,,,,,0,1,1,1,0,4,4,1,,,,,,,,,,,,,,,,,,,,,,,,,,,,,50,0,,,,,,,,,,,,,,,,,,,,,,,,,,,,,,,Sub004,001,2022_Apr_29_1033,1trainingbehavior_inMRI,2021.2.3,60.09828454542165,
Card_50.xlsx,50,0,,,,,,,0,1,1,1,0,5,5,3,,,,,,,,,,,,,,,,,,,,,,,,,,,,,50,0,,,,,,,,,,,,,,,,,,,,,,,,,,,,,,,Sub004,001,2022_Apr_29_1033,1trainingbehavior_inMRI,2021.2.3,60.09828454542165,
Card_50.xlsx,50,1,,,,,,,0,1,1,1,0,6,6,6,,,,,,,,,,,,,,,,,,,,,,,,,,,,,50,1,,,,,,,,,,,,,,,,,,,,,,,,,,,,,,,Sub004,001,2022_Apr_29_1033,1trainingbehavior_inMRI,2021.2.3,60.09828454542165,
Card_50.xlsx,50,0,,,,,,,0,1,1,1,0,7,7,4,,,,,,,,,,,,,,,,,,,,,,,,,,,,,50,0,,,,,,,,,,,,,,,,,,,,,,,,,,,,,,,Sub004,001,2022_Apr_29_1033,1trainingbehavior_inMRI,2021.2.3,60.09828454542165,
Card_50.xlsx,50,1,,,,,,,0,1,1,1,0,8,8,9,,,,,,,,,,,,,,,,,,,,,,,,,,,,,50,1,,,,,,,,,,,,,,,,,,,,,,,,,,,,,,,Sub004,001,2022_Apr_29_1033,1trainingbehavior_inMRI,2021.2.3,60.09828454542165,
Card_50.xlsx,50,0,,,,,,,0,1,1,1,0,9,9,2,,,,,,,,,,,,,,,,,,,,,,,,,,,,,50,0,,,,,,,,,,,,,,,,,,,,,,,,,,,,,,,Sub004,001,2022_Apr_29_1033,1trainingbehavior_inMRI,2021.2.3,60.09828454542165,
Card_50.xlsx,,,,,,,,,0,1,1,1,,,,,0,0,0,0,,,,,,,,,,,,,,,,,,,,,,,,,,,50,Slightly Likely,g,2.383353599347174,224.67383349966258,None,,,,,,,,,,,,,,,,,,,,,,,,,Sub004,001,2022_Apr_29_1033,1trainingbehavior_inMRI,2021.2.3,60.09828454542165,
Card_50.xlsx,,,,,,,,,0,1,1,1,,,,,,,,,,,,,,,,,,,,,,,,,,,,,,,,,,,,,,,,,,,,,,,,,,,,,,,,,,,,,,,,,Sub004,001,2022_Apr_29_1033,1trainingbehavior_inMRI,2021.2.3,60.09828454542165,
Card_20.xlsx,20,0,,,,,,,0,2,2,0,0,0,0,3,,,,,,,,,,,,,,,,,,,,,,,,,,,,,20,0,,,,,,,,,,,,,,,,,,,,,,,,,,,,,,,Sub004,001,2022_Apr_29_1033,1trainingbehavior_inMRI,2021.2.3,60.09828454542165,
Card_20.xlsx,20,0,,,,,,,0,2,2,0,0,1,1,5,,,,,,,,,,,,,,,,,,,,,,,,,,,,,20,0,,,,,,,,,,,,,,,,,,,,,,,,,,,,,,,Sub004,001,2022_Apr_29_1033,1trainingbehavior_inMRI,2021.2.3,60.09828454542165,
Card_20.xlsx,20,0,,,,,,,0,2,2,0,0,2,2,0,,,,,,,,,,,,,,,,,,,,,,,,,,,,,20,0,,,,,,,,,,,,,,,,,,,,,,,,,,,,,,,Sub004,001,2022_Apr_29_1033,1trainingbehavior_inMRI,2021.2.3,60.09828454542165,
Card_20.xlsx,20,0,,,,,,,0,2,2,0,0,3,3,7,,,,,,,,,,,,,,,,,,,,,,,,,,,,,20,0,,,,,,,,,,,,,,,,,,,,,,,,,,,,,,,Sub004,001,2022_Apr_29_1033,1trainingbehavior_inMRI,2021.2.3,60.09828454542165,
Card_20.xlsx,20,0,,,,,,,0,2,2,0,0,4,4,1,,,,,,,,,,,,,,,,,,,,,,,,,,,,,20,0,,,,,,,,,,,,,,,,,,,,,,,,,,,,,,,Sub004,001,2022_Apr_29_1033,1trainingbehavior_inMRI,2021.2.3,60.09828454542165,
Card_20.xlsx,20,0,,,,,,,0,2,2,0,0,5,5,4,,,,,,,,,,,,,,,,,,,,,,,,,,,,,20,0,,,,,,,,,,,,,,,,,,,,,,,,,,,,,,,Sub004,001,2022_Apr_29_1033,1trainingbehavior_inMRI,2021.2.3,60.09828454542165,
Card_20.xlsx,20,1,,,,,,,0,2,2,0,0,6,6,9,,,,,,,,,,,,,,,,,,,,,,,,,,,,,20,1,,,,,,,,,,,,,,,,,,,,,,,,,,,,,,,Sub004,001,2022_Apr_29_1033,1trainingbehavior_inMRI,2021.2.3,60.09828454542165,
Card_20.xlsx,20,1,,,,,,,0,2,2,0,0,7,7,8,,,,,,,,,,,,,,,,,,,,,,,,,,,,,20,1,,,,,,,,,,,,,,,,,,,,,,,,,,,,,,,Sub004,001,2022_Apr_29_1033,1trainingbehavior_inMRI,2021.2.3,60.09828454542165,
Card_20.xlsx,20,0,,,,,,,0,2,2,0,0,8,8,2,,,,,,,,,,,,,,,,,,,,,,,,,,,,,20,0,,,,,,,,,,,,,,,,,,,,,,,,,,,,,,,Sub004,001,2022_Apr_29_1033,1trainingbehavior_inMRI,2021.2.3,60.09828454542165,
Card_20.xlsx,20,0,,,,,,,0,2,2,0,0,9,9,6,,,,,,,,,,,,,,,,,,,,,,,,,,,,,20,0,,,,,,,,,,,,,,,,,,,,,,,,,,,,,,,Sub004,001,2022_Apr_29_1033,1trainingbehavior_inMRI,2021.2.3,60.09828454542165,
Card_20.xlsx,,,,,,,,,0,2,2,0,,,,,0,0,0,0,,,,,,,,,,,,,,,,,,,,,,,,,,,20,Slightly Unlikely,y,1.3017806001007557,262.1054945997894,None,,,,,,,,,,,,,,,,,,,,,,,,,Sub004,001,2022_Apr_29_1033,1trainingbehavior_inMRI,2021.2.3,60.09828454542165,
Card_20.xlsx,,,,,,,,,0,2,2,0,,,,,,,,,,,,,,,,,,,,,,,,,,,,,,,,,,,,,,,,,,,,,,,,,,,,,,,,,,,,,,,,,Sub004,001,2022_Apr_29_1033,1trainingbehavior_inMRI,2021.2.3,60.09828454542165,
,,,10,1,,,,,,,,,,,,,,,,,,,,,0,0,0,19,,,,,,,,,,,,,,,,,,,,,,,,,263.4382584998384,None,y,1.7566653992980719,283.4906978001818,None,7.773750084074025,1,-2,1,7,283.4906978001818,None,285.2783701000735,None,,,,,,,,,,Sub004,001,2022_Apr_29_1033,1trainingbehavior_inMRI,2021.2.3,60.09828454542165,
,,,20,0,,,,,,,,,,,,,,,,,,,,,0,1,1,27,,,,,,,,,,,,,,,,,,,,,,,,,,,y,1.6786356996744871,285.78884959965944,None,20.700333326916414,0,37,0,7,285.78884959965944,None,287.48973860032856,None,,,,,,,,,,Sub004,001,2022_Apr_29_1033,1trainingbehavior_inMRI,2021.2.3,60.09828454542165,
,,,10,0,,,,,,,,,,,,,,,,,,,,,0,2,2,8,,,,,,,,,,,,,,,,,,,,,,,,,,,y,1.7370163006708026,287.9892303002998,None,7.773750084074025,0,9,0,7,287.9892303002998,None,289.7562819002196,None,,,,,,,,,,Sub004,001,2022_Apr_29_1033,1trainingbehavior_inMRI,2021.2.3,60.09828454542165,
,,,20,1,,,,,,,,,,,,,,,,,,,,,0,3,3,33,,,,,,,,,,,,,,,,,,,,,,,,,,,y,1.7785510001704097,290.25596689991653,None,20.700333326916414,1,5,1,7,290.25596689991653,None,292.0557417999953,None,,,,,,,,,,Sub004,001,2022_Apr_29_1033,1trainingbehavior_inMRI,2021.2.3,60.09828454542165,
,,,30,0,,,,,,,,,,,,,,,,,,,,,0,4,4,40,,,,,,,,,,,,,,,,,,,,,,,,,,,y,1.7475143000483513,292.55593959987164,None,39.33216781582815,0,9,1,7,292.55593959987164,None,294.3225530004129,None,,,,,,,,,,Sub004,001,2022_Apr_29_1033,1trainingbehavior_inMRI,2021.2.3,60.09828454542165,
,,,10,0,,,,,,,,,,,,,,,,,,,,,0,5,5,0,,,,,,,,,,,,,,,,,,,,,,,,,,,y,1.7520222999155521,294.82339120004326,None,7.773750084074025,0,2,1,7,294.82339120004326,None,296.6059414995834,None,,,,,,,,,,Sub004,001,2022_Apr_29_1033,1trainingbehavior_inMRI,2021.2.3,60.09828454542165,
,,,30,0,,,,,,,,,,,,,,,,,,,,,0,6,6,44,,,,,,,,,,,,,,,,,,,,,,,,,,,y,1.7979913000017405,297.10635569971055,None,39.33216781582815,0,-12,1,7,297.10635569971055,None,298.9225963000208,None,,,,,,,,,,Sub004,001,2022_Apr_29_1033,1trainingbehavior_inMRI,2021.2.3,60.09828454542165,
,,,20,1,,,,,,,,,,,,,,,,,,,,,0,7,7,32,,,,,,,,,,,,,,,,,,,,,,,,,,,y,1.841453899629414,299.4227993004024,None,20.700333326916414,1,33,0,7,299.4227993004024,None,301.28962509986013,None,,,,,,,,,,Sub004,001,2022_Apr_29_1033,1trainingbehavior_inMRI,2021.2.3,60.09828454542165,
,,,10,0,,,,,,,,,,,,,,,,,,,,,0,8,8,5,,,,,,,,,,,,,,,,,,,,,,,,,,,y,1.7783621000126004,301.79034520033747,None,7.773750084074025,0,-5,0,7,301.79034520033747,None,303.5895512001589,None,,,,,,,,,,Sub004,001,2022_Apr_29_1033,1trainingbehavior_inMRI,2021.2.3,60.09828454542165,
,,,30,1,,,,,,,,,,,,,,,,,,,,,0,9,9,54,,,,,,,,,,,,,,,,,,,,,,,,,,,y,0.6415951000526547,304.08966560009867,None,39.33216781582815,1,-37,0,7,304.08966560009867,None,304.7562936004251,None,,,,,,,,,,Sub004,001,2022_Apr_29_1033,1trainingbehavior_inMRI,2021.2.3,60.09828454542165,
,,,20,0,,,,,,,,,,,,,,,,,,,,,0,10,10,26,,,,,,,,,,,,,,,,,,,,,,,,,,,y,0.564801899716258,305.2566956002265,None,20.700333326916414,0,2,1,7,305.2566956002265,None,305.8400350995362,None,,,,,,,,,,Sub004,001,2022_Apr_29_1033,1trainingbehavior_inMRI,2021.2.3,60.09828454542165,
,,,20,0,,,,,,,,,,,,,,,,,,,,,0,11,11,22,,,,,,,,,,,,,,,,,,,,,,,,,,,y,1.7973122000694275,306.3400191999972,None,20.700333326916414,0,-12,0,7,306.3400191999972,None,308.156338499859,None,,,,,,,,,,Sub004,001,2022_Apr_29_1033,1trainingbehavior_inMRI,2021.2.3,60.09828454542165,
,,,20,1,,,,,,,,,,,,,,,,,,,,,0,12,12,30,,,,,,,,,,,,,,,,,,,,,,,,,,,y,1.8518305998295546,308.65636899974197,None,20.700333326916414,1,33,0,7,308.65636899974197,None,310.52329939976335,None,,,,,,,,,,Sub004,001,2022_Apr_29_1033,1trainingbehavior_inMRI,2021.2.3,60.09828454542165,
,,,10,0,,,,,,,,,,,,,,,,,,,,,0,13,13,1,,,,,,,,,,,,,,,,,,,,,,,,,,,y,1.7506812000647187,311.0235553001985,None,7.773750084074025,0,9,0,7,311.0235553001985,None,312.7899008002132,None,,,,,,,,,,Sub004,001,2022_Apr_29_1033,1trainingbehavior_inMRI,2021.2.3,60.09828454542165,
,,,30,1,,,,,,,,,,,,,,,,,,,,,0,14,14,52,,,,,,,,,,,,,,,,,,,,,,,,,,,y,1.7343152994289994,313.28995649982244,None,39.33216781582815,1,-16,1,7,313.28995649982244,None,315.039942599833,None,,,,,,,,,,Sub004,001,2022_Apr_29_1033,1trainingbehavior_inMRI,2021.2.3,60.09828454542165,
,,,30,1,,,,,,,,,,,,,,,,,,,,,0,15,15,55,,,,,,,,,,,,,,,,,,,,,,,,,,,y,1.8046329002827406,315.5406619999558,None,39.33216781582815,1,19,1,7,315.5406619999558,None,317.37378889974207,None,,,,,,,,,,Sub004,001,2022_Apr_29_1033,1trainingbehavior_inMRI,2021.2.3,60.09828454542165,
,,,20,0,,,,,,,,,,,,,,,,,,,,,0,16,16,20,,,,,,,,,,,,,,,,,,,,,,,,,,,y,1.660503899678588,317.8737952997908,None,20.700333326916414,0,44,0,7,317.8737952997908,None,319.55690160021186,None,,,,,,,,,,Sub004,001,2022_Apr_29_1033,1trainingbehavior_inMRI,2021.2.3,60.09828454542165,
,,,30,1,,,,,,,,,,,,,,,,,,,,,0,17,17,53,,,,,,,,,,,,,,,,,,,,,,,,,,,y,1.6965341996401548,320.05718609970063,None,39.33216781582815,1,-30,0,7,320.05718609970063,None,321.77396050002426,None,,,,,,,,,,Sub004,001,2022_Apr_29_1033,1trainingbehavior_inMRI,2021.2.3,60.09828454542165,
,,,20,0,,,,,,,,,,,,,,,,,,,,,0,18,18,21,,,,,,,,,,,,,,,,,,,,,,,,,,,y,1.766074599698186,322.2739572999999,None,20.700333326916414,0,2,1,7,322.2739572999999,None,324.0578344995156,None,,,,,,,,,,Sub004,001,2022_Apr_29_1033,1trainingbehavior_inMRI,2021.2.3,60.09828454542165,
,,,30,0,,,,,,,,,,,,,,,,,,,,,0,19,19,46,,,,,,,,,,,,,,,,,,,,,,,,,,,y,1.7680268995463848,324.55721409991384,None,39.33216781582815,0,2,1,7,324.55721409991384,None,326.34057109989226,None,,,,,,,,,,Sub004,001,2022_Apr_29_1033,1trainingbehavior_inMRI,2021.2.3,60.09828454542165,
,,,10,0,,,,,,,,,,,,,,,,,,,,,0,20,20,9,,,,,,,,,,,,,,,,,,,,,,,,,,,y,1.7454222002997994,326.8412800002843,None,7.773750084074025,0,9,0,7,326.8412800002843,None,328.6089979996905,None,,,,,,,,,,Sub004,001,2022_Apr_29_1033,1trainingbehavior_inMRI,2021.2.3,60.09828454542165,
,,,30,1,,,,,,,,,,,,,,,,,,,,,0,21,21,51,,,,,,,,,,,,,,,,,,,,,,,,,,,y,2.930294600315392,329.1241576001048,None,39.33216781582815,1,12,1,7,329.1241576001048,None,332.0739115998149,None,,,,,,,,,,Sub004,001,2022_Apr_29_1033,1trainingbehavior_inMRI,2021.2.3,60.09828454542165,
,,,10,1,,,,,,,,,,,,,,,,,,,,,0,22,22,17,,,,,,,,,,,,,,,,,,,,,,,,,,,y,1.7369369994848967,332.57462210021913,None,7.773750084074025,1,-9,0,7,332.57462210021913,None,334.3412536000833,None,,,,,,,,,,Sub004,001,2022_Apr_29_1033,1trainingbehavior_inMRI,2021.2.3,60.09828454542165,
,,,10,1,,,,,,,,,,,,,,,,,,,,,0,23,23,10,,,,,,,,,,,,,,,,,,,,,,,,,,,y,1.783135499805212,334.8412474002689,None,7.773750084074025,1,5,0,7,334.8412474002689,None,336.6407423997298,None,,,,,,,,,,Sub004,001,2022_Apr_29_1033,1trainingbehavior_inMRI,2021.2.3,60.09828454542165,
,,,20,1,,,,,,,,,,,,,,,,,,,,,0,24,24,35,,,,,,,,,,,,,,,,,,,,,,,,,,,y,1.7755807004868984,337.1410713996738,None,20.700333326916414,1,5,1,7,337.1410713996738,None,338.9408884998411,None,,,,,,,,,,Sub004,001,2022_Apr_29_1033,1trainingbehavior_inMRI,2021.2.3,60.09828454542165,
,,,30,1,,,,,,,,,,,,,,,,,,,,,0,25,25,58,,,,,,,,,,,,,,,,,,,,,,,,,,,y,1.7579616997390985,339.4413197003305,None,39.33216781582815,1,-2,1,7,339.4413197003305,None,341.2241711001843,None,,,,,,,,,,Sub004,001,2022_Apr_29_1033,1trainingbehavior_inMRI,2021.2.3,60.09828454542165,
,,,10,1,,,,,,,,,,,,,,,,,,,,,0,26,26,13,,,,,,,,,,,,,,,,,,,,,,,,,,,y,1.8227431001141667,341.7244814997539,None,7.773750084074025,1,26,0,7,341.7244814997539,None,343.5749409003183,None,,,,,,,,,,Sub004,001,2022_Apr_29_1033,1trainingbehavior_inMRI,2021.2.3,60.09828454542165,
,,,10,1,,,,,,,,,,,,,,,,,,,,,0,27,27,12,,,,,,,,,,,,,,,,,,,,,,,,,,,y,1.7711155004799366,344.0750361001119,None,7.773750084074025,1,5,0,7,344.0750361001119,None,345.87439350038767,None,,,,,,,,,,Sub004,001,2022_Apr_29_1033,1trainingbehavior_inMRI,2021.2.3,60.09828454542165,
,,,30,0,,,,,,,,,,,,,,,,,,,,,0,28,28,43,,,,,,,,,,,,,,,,,,,,,,,,,,,y,1.727637100033462,346.37446529977024,None,39.33216781582815,0,16,1,7,346.37446529977024,None,348.1249468997121,None,,,,,,,,,,Sub004,001,2022_Apr_29_1033,1trainingbehavior_inMRI,2021.2.3,60.09828454542165,
,,,30,0,,,,,,,,,,,,,,,,,,,,,0,29,29,49,,,,,,,,,,,,,,,,,,,,,,,,,,,y,1.760652999393642,348.6245285002515,None,39.33216781582815,0,2,1,7,348.6245285002515,None,350.4079176001251,None,,,,,,,,,,Sub004,001,2022_Apr_29_1033,1trainingbehavior_inMRI,2021.2.3,60.09828454542165,
,,,30,1,,,,,,,,,,,,,,,,,,,,,0,30,30,56,,,,,,,,,,,,,,,,,,,,,,,,,,,y,2.9589771004393697,350.90859279967844,None,39.33216781582815,1,-2,1,7,350.90859279967844,None,353.89151019975543,None,,,,,,,,,,Sub004,001,2022_Apr_29_1033,1trainingbehavior_inMRI,2021.2.3,60.09828454542165,
,,,20,1,,,,,,,,,,,,,,,,,,,,,0,31,31,31,,,,,,,,,,,,,,,,,,,,,,,,,,,y,1.7751072002574801,354.39211119990796,None,20.700333326916414,1,5,1,7,354.39211119990796,None,356.19157449994236,None,,,,,,,,,,Sub004,001,2022_Apr_29_1033,1trainingbehavior_inMRI,2021.2.3,60.09828454542165,
,,,30,0,,,,,,,,,,,,,,,,,,,,,0,32,32,42,,,,,,,,,,,,,,,,,,,,,,,,,,,y,1.7532893996685743,356.69194300007075,None,39.33216781582815,0,2,1,7,356.69194300007075,None,358.4748053997755,None,,,,,,,,,,Sub004,001,2022_Apr_29_1033,1trainingbehavior_inMRI,2021.2.3,60.09828454542165,
,,,10,0,,,,,,,,,,,,,,,,,,,,,0,33,33,3,,,,,,,,,,,,,,,,,,,,,,,,,,,y,1.775038500316441,358.97519369982183,None,7.773750084074025,0,-5,0,7,358.97519369982183,None,360.7759082997218,None,,,,,,,,,,Sub004,001,2022_Apr_29_1033,1trainingbehavior_inMRI,2021.2.3,60.09828454542165,
,,,10,0,,,,,,,,,,,,,,,,,,,,,0,34,34,6,,,,,,,,,,,,,,,,,,,,,,,,,,,y,1.7629049001261592,361.2753279004246,None,7.773750084074025,0,2,1,7,361.2753279004246,None,363.05838240031153,None,,,,,,,,,,Sub004,001,2022_Apr_29_1033,1trainingbehavior_inMRI,2021.2.3,60.09828454542165,
,,,20,0,,,,,,,,,,,,,,,,,,,,,0,35,35,29,,,,,,,,,,,,,,,,,,,,,,,,,,,y,1.7827083002775908,363.5585064999759,None,20.700333326916414,0,-5,1,7,363.5585064999759,None,365.35850930027664,None,,,,,,,,,,Sub004,001,2022_Apr_29_1033,1trainingbehavior_inMRI,2021.2.3,60.09828454542165,
,,,20,1,,,,,,,,,,,,,,,,,,,,,0,36,36,34,,,,,,,,,,,,,,,,,,,,,,,,,,,y,1.7226943001151085,365.85849520005286,None,20.700333326916414,1,-16,0,7,365.85849520005286,None,367.6084247995168,None,,,,,,,,,,Sub004,001,2022_Apr_29_1033,1trainingbehavior_inMRI,2021.2.3,60.09828454542165,
,,,30,0,,,,,,,,,,,,,,,,,,,,,0,37,37,47,,,,,,,,,,,,,,,,,,,,,,,,,,,y,1.7379900999367237,368.1085973996669,None,39.33216781582815,0,9,1,7,368.1085973996669,None,369.87570139952004,None,,,,,,,,,,Sub004,001,2022_Apr_29_1033,1trainingbehavior_inMRI,2021.2.3,60.09828454542165,
,,,20,0,,,,,,,,,,,,,,,,,,,,,0,38,38,24,,,,,,,,,,,,,,,,,,,,,,,,,,,y,1.7836993001401424,370.3756609996781,None,20.700333326916414,0,-5,1,7,370.3756609996781,None,372.1753403004259,None,,,,,,,,,,Sub004,001,2022_Apr_29_1033,1trainingbehavior_inMRI,2021.2.3,60.09828454542165,
,,,20,1,,,,,,,,,,,,,,,,,,,,,0,39,39,36,,,,,,,,,,,,,,,,,,,,,,,,,,,y,1.7685495000332594,372.6757418997586,None,20.700333326916414,1,-2,1,7,372.6757418997586,None,374.4590549999848,None,,,,,,,,,,Sub004,001,2022_Apr_29_1033,1trainingbehavior_inMRI,2021.2.3,60.09828454542165,
,,,10,0,,,,,,,,,,,,,,,,,,,,,0,40,40,7,,,,,,,,,,,,,,,,,,,,,,,,,,,y,1.7628341000527143,374.95899259950966,None,7.773750084074025,0,2,1,7,374.95899259950966,None,376.7422511000186,None,,,,,,,,,,Sub004,001,2022_Apr_29_1033,1trainingbehavior_inMRI,2021.2.3,60.09828454542165,
,,,10,1,,,,,,,,,,,,,,,,,,,,,0,41,41,15,,,,,,,,,,,,,,,,,,,,,,,,,,,y,1.7451665997505188,377.2422760995105,None,7.773750084074025,1,-9,0,7,377.2422760995105,None,379.0090656997636,None,,,,,,,,,,Sub004,001,2022_Apr_29_1033,1trainingbehavior_inMRI,2021.2.3,60.09828454542165,
,,,30,0,,,,,,,,,,,,,,,,,,,,,0,42,42,45,,,,,,,,,,,,,,,,,,,,,,,,,,,y,1.7964105000719428,379.5091725997627,None,39.33216781582815,0,-12,1,7,379.5091725997627,None,381.32567030005157,None,,,,,,,,,,Sub004,001,2022_Apr_29_1033,1trainingbehavior_inMRI,2021.2.3,60.09828454542165,
,,,20,0,,,,,,,,,,,,,,,,,,,,,0,43,43,23,,,,,,,,,,,,,,,,,,,,,,,,,,,y,1.7640694994479418,381.8261313000694,None,20.700333326916414,0,2,1,7,381.8261313000694,None,383.609233699739,None,,,,,,,,,,Sub004,001,2022_Apr_29_1033,1trainingbehavior_inMRI,2021.2.3,60.09828454542165,
,,,20,0,,,,,,,,,,,,,,,,,,,,,0,44,44,25,,,,,,,,,,,,,,,,,,,,,,,,,,,y,1.7569821998476982,384.1092304000631,None,20.700333326916414,0,2,1,7,384.1092304000631,None,385.89264720026404,None,,,,,,,,,,Sub004,001,2022_Apr_29_1033,1trainingbehavior_inMRI,2021.2.3,60.09828454542165,
,,,10,1,,,,,,,,,,,,,,,,,,,,,0,45,45,11,,,,,,,,,,,,,,,,,,,,,,,,,,,y,1.7566459001973271,386.39269160013646,None,7.773750084074025,1,-2,1,7,386.39269160013646,None,388.1759623000398,None,,,,,,,,,,Sub004,001,2022_Apr_29_1033,1trainingbehavior_inMRI,2021.2.3,60.09828454542165,
,,,10,0,,,,,,,,,,,,,,,,,,,,,0,46,46,2,,,,,,,,,,,,,,,,,,,,,,,,,,,y,1.7303645005449653,388.67633979953825,None,7.773750084074025,0,16,0,7,388.67633979953825,None,390.42605189979076,None,,,,,,,,,,Sub004,001,2022_Apr_29_1033,1trainingbehavior_inMRI,2021.2.3,60.09828454542165,
,,,30,0,,,,,,,,,,,,,,,,,,,,,0,47,47,48,,,,,,,,,,,,,,,,,,,,,,,,,,,y,1.7310120007023215,390.92613419983536,None,39.33216781582815,0,16,1,7,390.92613419983536,None,392.67614919971675,None,,,,,,,,,,Sub004,001,2022_Apr_29_1033,1trainingbehavior_inMRI,2021.2.3,60.09828454542165,
,,,20,0,,,,,,,,,,,,,,,,,,,,,0,48,48,28,,,,,,,,,,,,,,,,,,,,,,,,,,,y,1.853973399847746,393.17655779980123,None,20.700333326916414,0,-40,0,7,393.17655779980123,None,395.05951699987054,None,,,,,,,,,,Sub004,001,2022_Apr_29_1033,1trainingbehavior_inMRI,2021.2.3,60.09828454542165,
,,,30,1,,,,,,,,,,,,,,,,,,,,,0,49,49,59,,,,,,,,,,,,,,,,,,,,,,,,,,,y,1.7740587005391717,395.56005309987813,None,39.33216781582815,1,5,1,7,395.56005309987813,None,397.36005290038884,None,,,,,,,,,,Sub004,001,2022_Apr_29_1033,1trainingbehavior_inMRI,2021.2.3,60.09828454542165,
,,,30,0,,,,,,,,,,,,,,,,,,,,,0,50,50,41,,,,,,,,,,,,,,,,,,,,,,,,,,,y,1.7785808993503451,397.86000129953027,None,39.33216781582815,0,-5,1,7,397.86000129953027,None,399.6598704000935,None,,,,,,,,,,Sub004,001,2022_Apr_29_1033,1trainingbehavior_inMRI,2021.2.3,60.09828454542165,
,,,30,1,,,,,,,,,,,,,,,,,,,,,0,51,51,57,,,,,,,,,,,,,,,,,,,,,,,,,,,y,1.749082500115037,400.1598624000326,None,39.33216781582815,1,-9,1,7,400.1598624000326,None,401.9265818996355,None,,,,,,,,,,Sub004,001,2022_Apr_29_1033,1trainingbehavior_inMRI,2021.2.3,60.09828454542165,
,,,20,1,,,,,,,,,,,,,,,,,,,,,0,52,52,39,,,,,,,,,,,,,,,,,,,,,,,,,,,y,1.8164702001959085,402.4268276002258,None,20.700333326916414,1,19,0,7,402.4268276002258,None,404.25991040002555,None,,,,,,,,,,Sub004,001,2022_Apr_29_1033,1trainingbehavior_inMRI,2021.2.3,60.09828454542165,
,,,30,1,,,,,,,,,,,,,,,,,,,,,0,53,53,50,,,,,,,,,,,,,,,,,,,,,,,,,,,y,1.8172195991501212,404.759948999621,None,39.33216781582815,1,19,1,7,404.759948999621,None,406.59318699967116,None,,,,,,,,,,Sub004,001,2022_Apr_29_1033,1trainingbehavior_inMRI,2021.2.3,60.09828454542165,
,,,10,0,,,,,,,,,,,,,,,,,,,,,0,54,54,4,,,,,,,,,,,,,,,,,,,,,,,,,,,y,1.755519799888134,407.0931796999648,None,7.773750084074025,0,2,1,7,407.0931796999648,None,408.87688560038805,None,,,,,,,,,,Sub004,001,2022_Apr_29_1033,1trainingbehavior_inMRI,2021.2.3,60.09828454542165,
,,,10,1,,,,,,,,,,,,,,,,,,,,,0,55,55,14,,,,,,,,,,,,,,,,,,,,,,,,,,,y,1.7306717997416854,409.37751820031554,None,7.773750084074025,1,-16,0,7,409.37751820031554,None,411.12683039996773,None,,,,,,,,,,Sub004,001,2022_Apr_29_1033,1trainingbehavior_inMRI,2021.2.3,60.09828454542165,
,,,20,1,,,,,,,,,,,,,,,,,,,,,0,56,56,37,,,,,,,,,,,,,,,,,,,,,,,,,,,y,1.7653855001553893,411.6274763001129,None,20.700333326916414,1,-2,1,7,411.6274763001129,None,413.4108916996047,None,,,,,,,,,,Sub004,001,2022_Apr_29_1033,1trainingbehavior_inMRI,2021.2.3,60.09828454542165,
,,,20,1,,,,,,,,,,,,,,,,,,,,,0,57,57,38,,,,,,,,,,,,,,,,,,,,,,,,,,,y,1.8098774002864957,413.9107651002705,None,20.700333326916414,1,19,0,7,413.9107651002705,None,415.7447001999244,None,,,,,,,,,,Sub004,001,2022_Apr_29_1033,1trainingbehavior_inMRI,2021.2.3,60.09828454542165,
,,,10,1,,,,,,,,,,,,,,,,,,,,,0,58,58,16,,,,,,,,,,,,,,,,,,,,,,,,,,,y,1.8187147993594408,416.26057319995016,None,7.773750084074025,1,19,0,7,416.26057319995016,None,418.0937946001068,None,,,,,,,,,,Sub004,001,2022_Apr_29_1033,1trainingbehavior_inMRI,2021.2.3,60.09828454542165,
,,,10,1,,,,,,,,,,,,,,,,,,,,,0,59,59,18,,,,,,,,,,,,,,,,,,,,,,,,,,,y,1.750616199336946,418.5946065997705,None,7.773750084074025,1,-9,0,7,418.5946065997705,None,420.3604272995144,None,,,,,,,,,,Sub004,001,2022_Apr_29_1033,1trainingbehavior_inMRI,2021.2.3,60.09828454542165,
,,,10,,,,,,,,,,,,,,,,,,,,,,,,,,0,0,0,0,0,0,0,0,,,,,,,,,,,,,,,,,,,,,,,,,,,,,,,,Extremely Unlikely,420.8687076000497,None,b,2.4192591002210975,420.8687076000497,None,,,Sub004,001,2022_Apr_29_1033,1trainingbehavior_inMRI,2021.2.3,60.09828454542165,
,,,10,,,,,,,,,,,,,,,,,,,,,,,,,,0,0,0,0,,,,,,,,,,,,,,,,,,,,,,,,,,,,,,,,,,,,,,,,,,,,,Sub004,001,2022_Apr_29_1033,1trainingbehavior_inMRI,2021.2.3,60.09828454542165,
,,,20,,,,,,,,,,,,,,,,,,,,,,,,,,0,1,1,1,0,0,0,0,,,,,,,,,,,,,,,,,,,,,,,,,,,,,,,,Slightly Unlikely,423.3118898998946,None,y,2.4341497998684645,423.3118898998946,None,,,Sub004,001,2022_Apr_29_1033,1trainingbehavior_inMRI,2021.2.3,60.09828454542165,
,,,20,,,,,,,,,,,,,,,,,,,,,,,,,,0,1,1,1,,,,,,,,,,,,,,,,,,,,,,,,,,,,,,,,,,,,,,,,,,,,,Sub004,001,2022_Apr_29_1033,1trainingbehavior_inMRI,2021.2.3,60.09828454542165,
,,,30,,,,,,,,,,,,,,,,,,,,,,,,,,0,2,2,2,0,0,0,0,,,,,,,,,,,,,,,,,,,,,,,,,,,,,,,,Slightly Likely,425.76559260021895,None,g,0.9586132997646928,425.76559260021895,None,,,Sub004,001,2022_Apr_29_1033,1trainingbehavior_inMRI,2021.2.3,60.09828454542165,
,,,30,,,,,,,,,,,,,,,,,,,,,,,,,,0,2,2,2,,,,,,,,,,,,,,,,,,,,,,,,,,,,,,,,,,,,,,,,,,,,,Sub004,001,2022_Apr_29_1033,1trainingbehavior_inMRI,2021.2.3,60.09828454542165,
,,,,,,,,,,,,,,,,,,,,,,,,,,,,,,,,,,,,,,,,,,,,,,,,,,,,,,,,,,,,,,,,,,,,,,,,,,,426.7439981000498,None,,,,,,,
