﻿Target_Size,start_position,Run_Files,current_card_prob,current_WinLoss,start.thisRepN,start.thisTrialN,start.thisN,start.thisIndex,trials.thisRepN,trials.thisTrialN,trials.thisN,trials.thisIndex,Indi_Info.thisRepN,Indi_Info.thisTrialN,Indi_Info.thisN,Indi_Info.thisIndex,trials_bar_Q.thisRepN,trials_bar_Q.thisTrialN,trials_bar_Q.thisN,trials_bar_Q.thisIndex,Confi_bar_L.thisRepN,Confi_bar_L.thisTrialN,Confi_bar_L.thisN,Confi_bar_L.thisIndex,Confi_bar_R.thisRepN,Confi_bar_R.thisTrialN,Confi_bar_R.thisN,Confi_bar_R.thisIndex,StopGame.thisRepN,StopGame.thisTrialN,StopGame.thisN,StopGame.thisIndex,ContinuePlay.thisRepN,ContinuePlay.thisTrialN,ContinuePlay.thisN,ContinuePlay.thisIndex,Run_card.thisRepN,Run_card.thisTrialN,Run_card.thisN,Run_card.thisIndex,trials_card.thisRepN,trials_card.thisTrialN,trials_card.thisN,trials_card.thisIndex,Qlikely_card_L.thisRepN,Qlikely_card_L.thisTrialN,Qlikely_card_L.thisN,Qlikely_card_L.thisIndex,Qlikely_card_R.thisRepN,Qlikely_card_R.thisTrialN,Qlikely_card_R.thisN,Qlikely_card_R.thisIndex,run_L,run_R,instr.started,instr.stopped,key_resp_bar.keys,key_resp_bar.rt,key_resp_bar.started,key_resp_bar.stopped,Current_Target_Size,Start_position,key_resp_bar.position,key_resp_bar.hit,trial_speed,center.started,center.stopped,center2.started,center2.stopped,instr_4.started,instr_4.stopped,sigma_indi,targetSize_20,targetSize_50,targetSize_80,targetSize_indi,center_11.started,center_11.stopped,Slider_LikelyBar_R.response,Slider_LikelyBar_R.rt,Slider_LikelyBar_R.started,Slider_LikelyBar_R.stopped,key_resp_LikeQ_bar_R.keys,key_resp_LikeQ_bar_R.rt,key_resp_LikeQ_bar_R.started,key_resp_LikeQ_bar_R.stopped,bar_final_text.started,bar_final_text.stopped,card_instr_text.started,card_instr_text.stopped,instr_5.started,instr_5.stopped,current_card_prob,current_WinLoss,Q_card_prob,Slider_LikelyCard_R.response,Slider_LikelyCard_R.rt,Slider_LikelyCard_R.started,Slider_LikelyCard_R.stopped,key_resp_LikeQ_card_R.keys,key_resp_LikeQ_card_R.rt,key_resp_LikeQ_card_R.started,key_resp_LikeQ_card_R.stopped,bar_final_text_2.started,bar_final_text_2.stopped,participant,session,date,expName,psychopyVersion,frameRate,
,,,,,0,0,0,0,,,,,,,,,,,,,,,,,,,,,,,,,,,,,,,,,,,,,,,,,,,,,0,1,11.495704199987813,None,,,,,,,,,,,,,,,,,,,,,,,,,,,,,,,,,,,,,,,,,,,,,,,,,,Sub041,001,2022_Sep_27_1433,1trainingbehavior_beforeMRI,2021.2.3,59.98300081556737,
20,0,,,,,,,,0,0,0,29,,,,,,,,,,,,,,,,,,,,,,,,,,,,,,,,,,,,,,,,,,,,,space,1.6591159999952652,106.2696380999987,None,20,0,44,0,7,106.2696380999987,None,107.9505106999859,None,,,,,,,,,,,,,,,,,,,,,,,,,,,,,,,,,,,,,Sub041,001,2022_Sep_27_1433,1trainingbehavior_beforeMRI,2021.2.3,59.98300081556737,
20,1,,,,,,,,0,1,1,37,,,,,,,,,,,,,,,,,,,,,,,,,,,,,,,,,,,,,,,,,,,,,space,1.7212080000026617,108.46284679998644,None,20,1,-16,0,7,108.46284679998644,None,110.21288359999016,None,,,,,,,,,,,,,,,,,,,,,,,,,,,,,,,,,,,,,Sub041,001,2022_Sep_27_1433,1trainingbehavior_beforeMRI,2021.2.3,59.98300081556737,
30,0,,,,,,,,0,2,2,47,,,,,,,,,,,,,,,,,,,,,,,,,,,,,,,,,,,,,,,,,,,,,space,1.7411906999914208,110.71286019998661,None,30,0,9,1,7,110.71286019998661,None,112.48047629999928,None,,,,,,,,,,,,,,,,,,,,,,,,,,,,,,,,,,,,,Sub041,001,2022_Sep_27_1433,1trainingbehavior_beforeMRI,2021.2.3,59.98300081556737,
10,0,,,,,,,,0,3,3,4,,,,,,,,,,,,,,,,,,,,,,,,,,,,,,,,,,,,,,,,,,,,,space,1.8251376999978675,112.97973829999682,None,10,0,-26,0,7,112.97973829999682,None,114.82920469999954,None,,,,,,,,,,,,,,,,,,,,,,,,,,,,,,,,,,,,,Sub041,001,2022_Sep_27_1433,1trainingbehavior_beforeMRI,2021.2.3,59.98300081556737,
10,0,,,,,,,,0,4,4,5,,,,,,,,,,,,,,,,,,,,,,,,,,,,,,,,,,,,,,,,,,,,,space,0.5765763000090374,115.32952639998985,None,10,0,9,0,7,115.32952639998985,None,115.92955939999956,None,,,,,,,,,,,,,,,,,,,,,,,,,,,,,,,,,,,,,Sub041,001,2022_Sep_27_1433,1trainingbehavior_beforeMRI,2021.2.3,59.98300081556737,
20,0,,,,,,,,0,5,5,23,,,,,,,,,,,,,,,,,,,,,,,,,,,,,,,,,,,,,,,,,,,,,space,0.5790105000050971,116.42935690000013,None,20,0,9,1,7,116.42935690000013,None,117.02954909999971,None,,,,,,,,,,,,,,,,,,,,,,,,,,,,,,,,,,,,,Sub041,001,2022_Sep_27_1433,1trainingbehavior_beforeMRI,2021.2.3,59.98300081556737,
10,1,,,,,,,,0,6,6,14,,,,,,,,,,,,,,,,,,,,,,,,,,,,,,,,,,,,,,,,,,,,,space,0.6001573999965331,117.52965749999566,None,10,1,-16,0,7,117.52965749999566,None,118.1463500999962,None,,,,,,,,,,,,,,,,,,,,,,,,,,,,,,,,,,,,,Sub041,001,2022_Sep_27_1433,1trainingbehavior_beforeMRI,2021.2.3,59.98300081556737,
10,1,,,,,,,,0,7,7,19,,,,,,,,,,,,,,,,,,,,,,,,,,,,,,,,,,,,,,,,,,,,,space,1.7254447000013897,118.64634449999721,None,10,1,-16,0,7,118.64634449999721,None,120.39631959999679,None,,,,,,,,,,,,,,,,,,,,,,,,,,,,,,,,,,,,,Sub041,001,2022_Sep_27_1433,1trainingbehavior_beforeMRI,2021.2.3,59.98300081556737,
10,0,,,,,,,,0,8,8,3,,,,,,,,,,,,,,,,,,,,,,,,,,,,,,,,,,,,,,,,,,,,,space,1.8126835000002757,120.89663109999674,None,10,0,-19,0,7,120.89663109999674,None,122.72994699999981,None,,,,,,,,,,,,,,,,,,,,,,,,,,,,,,,,,,,,,Sub041,001,2022_Sep_27_1433,1trainingbehavior_beforeMRI,2021.2.3,59.98300081556737,
20,1,,,,,,,,0,9,9,31,,,,,,,,,,,,,,,,,,,,,,,,,,,,,,,,,,,,,,,,,,,,,space,1.7819927000091411,123.23013599999831,None,20,1,5,1,7,123.23013599999831,None,125.02977499998815,None,,,,,,,,,,,,,,,,,,,,,,,,,,,,,,,,,,,,,Sub041,001,2022_Sep_27_1433,1trainingbehavior_beforeMRI,2021.2.3,59.98300081556737,
30,0,,,,,,,,0,10,10,43,,,,,,,,,,,,,,,,,,,,,,,,,,,,,,,,,,,,,,,,,,,,,space,1.8196692999918014,125.53019209999184,None,30,0,-26,0,7,125.53019209999184,None,127.37996629999543,None,,,,,,,,,,,,,,,,,,,,,,,,,,,,,,,,,,,,,Sub041,001,2022_Sep_27_1433,1trainingbehavior_beforeMRI,2021.2.3,59.98300081556737,
10,1,,,,,,,,0,11,11,10,,,,,,,,,,,,,,,,,,,,,,,,,,,,,,,,,,,,,,,,,,,,,space,1.8264922000089427,127.88001129998884,None,10,1,26,0,7,127.88001129998884,None,129.73016599999391,None,,,,,,,,,,,,,,,,,,,,,,,,,,,,,,,,,,,,,Sub041,001,2022_Sep_27_1433,1trainingbehavior_beforeMRI,2021.2.3,59.98300081556737,
30,1,,,,,,,,0,12,12,53,,,,,,,,,,,,,,,,,,,,,,,,,,,,,,,,,,,,,,,,,,,,,space,1.7355919999972684,130.2303205999924,None,30,1,-9,1,7,130.2303205999924,None,131.99668629998632,None,,,,,,,,,,,,,,,,,,,,,,,,,,,,,,,,,,,,,Sub041,001,2022_Sep_27_1433,1trainingbehavior_beforeMRI,2021.2.3,59.98300081556737,
30,0,,,,,,,,0,13,13,40,,,,,,,,,,,,,,,,,,,,,,,,,,,,,,,,,,,,,,,,,,,,,space,1.6861518000077922,132.4968411999871,None,30,0,30,0,7,132.4968411999871,None,134.2134786999959,None,,,,,,,,,,,,,,,,,,,,,,,,,,,,,,,,,,,,,Sub041,001,2022_Sep_27_1433,1trainingbehavior_beforeMRI,2021.2.3,59.98300081556737,
20,0,,,,,,,,0,14,14,26,,,,,,,,,,,,,,,,,,,,,,,,,,,,,,,,,,,,,,,,,,,,,space,1.884310399997048,134.71353019999515,None,20,0,-47,0,7,134.71353019999515,None,136.61344039998949,None,,,,,,,,,,,,,,,,,,,,,,,,,,,,,,,,,,,,,Sub041,001,2022_Sep_27_1433,1trainingbehavior_beforeMRI,2021.2.3,59.98300081556737,
30,1,,,,,,,,0,15,15,50,,,,,,,,,,,,,,,,,,,,,,,,,,,,,,,,,,,,,,,,,,,,,space,1.7864526999910595,137.11350639999728,None,30,1,12,1,7,137.11350639999728,None,138.9301861999993,None,,,,,,,,,,,,,,,,,,,,,,,,,,,,,,,,,,,,,Sub041,001,2022_Sep_27_1433,1trainingbehavior_beforeMRI,2021.2.3,59.98300081556737,
30,0,,,,,,,,0,16,16,42,,,,,,,,,,,,,,,,,,,,,,,,,,,,,,,,,,,,,,,,,,,,,space,2.920009499997832,139.4307637999882,None,30,0,-12,1,7,139.4307637999882,None,142.38062069998705,None,,,,,,,,,,,,,,,,,,,,,,,,,,,,,,,,,,,,,Sub041,001,2022_Sep_27_1433,1trainingbehavior_beforeMRI,2021.2.3,59.98300081556737,
20,0,,,,,,,,0,17,17,24,,,,,,,,,,,,,,,,,,,,,,,,,,,,,,,,,,,,,,,,,,,,,space,2.9992666999896755,142.8804317999893,None,20,0,16,0,7,142.8804317999893,None,145.89747749999515,None,,,,,,,,,,,,,,,,,,,,,,,,,,,,,,,,,,,,,Sub041,001,2022_Sep_27_1433,1trainingbehavior_beforeMRI,2021.2.3,59.98300081556737,
20,1,,,,,,,,0,18,18,38,,,,,,,,,,,,,,,,,,,,,,,,,,,,,,,,,,,,,,,,,,,,,space,1.6996287999936612,146.39751819999947,None,20,1,-30,0,7,146.39751819999947,None,148.11396769998828,None,,,,,,,,,,,,,,,,,,,,,,,,,,,,,,,,,,,,,Sub041,001,2022_Sep_27_1433,1trainingbehavior_beforeMRI,2021.2.3,59.98300081556737,
10,0,,,,,,,,0,19,19,2,,,,,,,,,,,,,,,,,,,,,,,,,,,,,,,,,,,,,,,,,,,,,space,3.0839647999964654,148.61431900000025,None,10,0,51,0,7,148.61431900000025,None,151.71413179999217,None,,,,,,,,,,,,,,,,,,,,,,,,,,,,,,,,,,,,,Sub041,001,2022_Sep_27_1433,1trainingbehavior_beforeMRI,2021.2.3,59.98300081556737,
20,0,,,,,,,,0,20,20,27,,,,,,,,,,,,,,,,,,,,,,,,,,,,,,,,,,,,,,,,,,,,,space,1.8241343999980018,152.2139790999936,None,20,0,-26,0,7,152.2139790999936,None,154.0639400999935,None,,,,,,,,,,,,,,,,,,,,,,,,,,,,,,,,,,,,,Sub041,001,2022_Sep_27_1433,1trainingbehavior_beforeMRI,2021.2.3,59.98300081556737,
30,0,,,,,,,,0,21,21,44,,,,,,,,,,,,,,,,,,,,,,,,,,,,,,,,,,,,,,,,,,,,,space,0.5809289999888279,154.56422019998718,None,30,0,9,1,7,154.56422019998718,None,155.16427069999918,None,,,,,,,,,,,,,,,,,,,,,,,,,,,,,,,,,,,,,Sub041,001,2022_Sep_27_1433,1trainingbehavior_beforeMRI,2021.2.3,59.98300081556737,
30,1,,,,,,,,0,22,22,54,,,,,,,,,,,,,,,,,,,,,,,,,,,,,,,,,,,,,,,,,,,,,space,0.5460786999901757,155.66401189999306,None,30,1,5,1,7,155.66401189999306,None,156.2308716999978,None,,,,,,,,,,,,,,,,,,,,,,,,,,,,,,,,,,,,,Sub041,001,2022_Sep_27_1433,1trainingbehavior_beforeMRI,2021.2.3,59.98300081556737,
30,0,,,,,,,,0,23,23,41,,,,,,,,,,,,,,,,,,,,,,,,,,,,,,,,,,,,,,,,,,,,,space,0.6050981000007596,156.73128299998643,None,30,0,23,0,7,156.73128299998643,None,157.3640263999987,None,,,,,,,,,,,,,,,,,,,,,,,,,,,,,,,,,,,,,Sub041,001,2022_Sep_27_1433,1trainingbehavior_beforeMRI,2021.2.3,59.98300081556737,
30,1,,,,,,,,0,24,24,52,,,,,,,,,,,,,,,,,,,,,,,,,,,,,,,,,,,,,,,,,,,,,space,0.586628600009135,157.86471049999818,None,30,1,-16,0,7,157.86471049999818,None,158.48134229998686,None,,,,,,,,,,,,,,,,,,,,,,,,,,,,,,,,,,,,,Sub041,001,2022_Sep_27_1433,1trainingbehavior_beforeMRI,2021.2.3,59.98300081556737,
30,0,,,,,,,,0,25,25,45,,,,,,,,,,,,,,,,,,,,,,,,,,,,,,,,,,,,,,,,,,,,,space,0.584142099993187,158.98157989999163,None,30,0,9,1,7,158.98157989999163,None,159.58149839998805,None,,,,,,,,,,,,,,,,,,,,,,,,,,,,,,,,,,,,,Sub041,001,2022_Sep_27_1433,1trainingbehavior_beforeMRI,2021.2.3,59.98300081556737,
30,1,,,,,,,,0,26,26,59,,,,,,,,,,,,,,,,,,,,,,,,,,,,,,,,,,,,,,,,,,,,,space,0.6381122000020696,160.08128329999454,None,30,1,-37,0,7,160.08128329999454,None,160.74784199999704,None,,,,,,,,,,,,,,,,,,,,,,,,,,,,,,,,,,,,,Sub041,001,2022_Sep_27_1433,1trainingbehavior_beforeMRI,2021.2.3,59.98300081556737,
30,0,,,,,,,,0,27,27,46,,,,,,,,,,,,,,,,,,,,,,,,,,,,,,,,,,,,,,,,,,,,,space,0.5392654999886872,161.24784499999078,None,30,0,-5,1,7,161.24784499999078,None,161.8143194999866,None,,,,,,,,,,,,,,,,,,,,,,,,,,,,,,,,,,,,,Sub041,001,2022_Sep_27_1433,1trainingbehavior_beforeMRI,2021.2.3,59.98300081556737,
10,1,,,,,,,,0,28,28,12,,,,,,,,,,,,,,,,,,,,,,,,,,,,,,,,,,,,,,,,,,,,,space,0.6296713999909116,162.31472869998834,None,10,1,-30,0,7,162.31472869998834,None,162.96472119999817,None,,,,,,,,,,,,,,,,,,,,,,,,,,,,,,,,,,,,,Sub041,001,2022_Sep_27_1433,1trainingbehavior_beforeMRI,2021.2.3,59.98300081556737,
20,0,,,,,,,,0,29,29,21,,,,,,,,,,,,,,,,,,,,,,,,,,,,,,,,,,,,,,,,,,,,,space,0.5537619999959134,163.46443049999652,None,20,0,2,1,7,163.46443049999652,None,164.04777749998902,None,,,,,,,,,,,,,,,,,,,,,,,,,,,,,,,,,,,,,Sub041,001,2022_Sep_27_1433,1trainingbehavior_beforeMRI,2021.2.3,59.98300081556737,
10,1,,,,,,,,0,30,30,15,,,,,,,,,,,,,,,,,,,,,,,,,,,,,,,,,,,,,,,,,,,,,space,0.6351281000097515,164.54795539999031,None,10,1,-37,0,7,164.54795539999031,None,165.21470629998657,None,,,,,,,,,,,,,,,,,,,,,,,,,,,,,,,,,,,,,Sub041,001,2022_Sep_27_1433,1trainingbehavior_beforeMRI,2021.2.3,59.98300081556737,
30,1,,,,,,,,0,31,31,58,,,,,,,,,,,,,,,,,,,,,,,,,,,,,,,,,,,,,,,,,,,,,space,0.5506397999997716,165.71468519998598,None,30,1,5,1,7,165.71468519998598,None,166.2810838999867,None,,,,,,,,,,,,,,,,,,,,,,,,,,,,,,,,,,,,,Sub041,001,2022_Sep_27_1433,1trainingbehavior_beforeMRI,2021.2.3,59.98300081556737,
10,0,,,,,,,,0,32,32,7,,,,,,,,,,,,,,,,,,,,,,,,,,,,,,,,,,,,,,,,,,,,,space,0.6382095000008121,166.78149699998903,None,10,0,37,0,7,166.78149699998903,None,167.4481143999874,None,,,,,,,,,,,,,,,,,,,,,,,,,,,,,,,,,,,,,Sub041,001,2022_Sep_27_1433,1trainingbehavior_beforeMRI,2021.2.3,59.98300081556737,
10,0,,,,,,,,0,33,33,0,,,,,,,,,,,,,,,,,,,,,,,,,,,,,,,,,,,,,,,,,,,,,space,0.4871749000012642,167.94820519999485,None,10,0,-26,0,7,167.94820519999485,None,168.46501489999355,None,,,,,,,,,,,,,,,,,,,,,,,,,,,,,,,,,,,,,Sub041,001,2022_Sep_27_1433,1trainingbehavior_beforeMRI,2021.2.3,59.98300081556737,
10,1,,,,,,,,0,34,34,11,,,,,,,,,,,,,,,,,,,,,,,,,,,,,,,,,,,,,,,,,,,,,space,0.5666844999941532,168.96481479999784,None,10,1,-2,1,7,168.96481479999784,None,169.5493135999859,None,,,,,,,,,,,,,,,,,,,,,,,,,,,,,,,,,,,,,Sub041,001,2022_Sep_27_1433,1trainingbehavior_beforeMRI,2021.2.3,59.98300081556737,
30,1,,,,,,,,0,35,35,51,,,,,,,,,,,,,,,,,,,,,,,,,,,,,,,,,,,,,,,,,,,,,space,0.571373600003426,170.0484540999896,None,30,1,-9,1,7,170.0484540999896,None,170.6481286999915,None,,,,,,,,,,,,,,,,,,,,,,,,,,,,,,,,,,,,,Sub041,001,2022_Sep_27_1433,1trainingbehavior_beforeMRI,2021.2.3,59.98300081556737,
10,0,,,,,,,,0,36,36,1,,,,,,,,,,,,,,,,,,,,,,,,,,,,,,,,,,,,,,,,,,,,,space,0.5846159000066109,171.148511899999,None,10,0,9,0,7,171.148511899999,None,171.74825259999488,None,,,,,,,,,,,,,,,,,,,,,,,,,,,,,,,,,,,,,Sub041,001,2022_Sep_27_1433,1trainingbehavior_beforeMRI,2021.2.3,59.98300081556737,
10,1,,,,,,,,0,37,37,18,,,,,,,,,,,,,,,,,,,,,,,,,,,,,,,,,,,,,,,,,,,,,space,0.5742295999953058,172.24821679999877,None,10,1,-9,0,7,172.24821679999877,None,172.84815839999646,None,,,,,,,,,,,,,,,,,,,,,,,,,,,,,,,,,,,,,Sub041,001,2022_Sep_27_1433,1trainingbehavior_beforeMRI,2021.2.3,59.98300081556737,
10,0,,,,,,,,0,38,38,8,,,,,,,,,,,,,,,,,,,,,,,,,,,,,,,,,,,,,,,,,,,,,space,0.5728885999997146,173.3481621999963,None,10,0,9,0,7,173.3481621999963,None,173.948352899999,None,,,,,,,,,,,,,,,,,,,,,,,,,,,,,,,,,,,,,Sub041,001,2022_Sep_27_1433,1trainingbehavior_beforeMRI,2021.2.3,59.98300081556737,
20,1,,,,,,,,0,39,39,33,,,,,,,,,,,,,,,,,,,,,,,,,,,,,,,,,,,,,,,,,,,,,space,0.5793757999927038,174.44834399998945,None,20,1,-9,1,7,174.44834399998945,None,175.048464099993,None,,,,,,,,,,,,,,,,,,,,,,,,,,,,,,,,,,,,,Sub041,001,2022_Sep_27_1433,1trainingbehavior_beforeMRI,2021.2.3,59.98300081556737,
20,1,,,,,,,,0,40,40,39,,,,,,,,,,,,,,,,,,,,,,,,,,,,,,,,,,,,,,,,,,,,,space,0.5698440999985905,175.54821309998806,None,20,1,-9,1,7,175.54821309998806,None,176.14857349998783,None,,,,,,,,,,,,,,,,,,,,,,,,,,,,,,,,,,,,,Sub041,001,2022_Sep_27_1433,1trainingbehavior_beforeMRI,2021.2.3,59.98300081556737,
10,1,,,,,,,,0,41,41,17,,,,,,,,,,,,,,,,,,,,,,,,,,,,,,,,,,,,,,,,,,,,,space,0.57778559999133,176.64839779998874,None,10,1,-9,0,7,176.64839779998874,None,177.24875749999774,None,,,,,,,,,,,,,,,,,,,,,,,,,,,,,,,,,,,,,Sub041,001,2022_Sep_27_1433,1trainingbehavior_beforeMRI,2021.2.3,59.98300081556737,
20,1,,,,,,,,0,42,42,36,,,,,,,,,,,,,,,,,,,,,,,,,,,,,,,,,,,,,,,,,,,,,space,0.4810682999959681,177.74850189998688,None,20,1,33,0,7,177.74850189998688,None,178.24850129999686,None,,,,,,,,,,,,,,,,,,,,,,,,,,,,,,,,,,,,,Sub041,001,2022_Sep_27_1433,1trainingbehavior_beforeMRI,2021.2.3,59.98300081556737,
20,0,,,,,,,,0,43,43,22,,,,,,,,,,,,,,,,,,,,,,,,,,,,,,,,,,,,,,,,,,,,,space,0.5943835999933071,178.7485624999972,None,20,0,16,0,7,178.7485624999972,None,179.36518689998775,None,,,,,,,,,,,,,,,,,,,,,,,,,,,,,,,,,,,,,Sub041,001,2022_Sep_27_1433,1trainingbehavior_beforeMRI,2021.2.3,59.98300081556737,
30,1,,,,,,,,0,44,44,57,,,,,,,,,,,,,,,,,,,,,,,,,,,,,,,,,,,,,,,,,,,,,space,0.5994939000083832,179.86545859999023,None,30,1,-16,0,7,179.86545859999023,None,180.4815971999924,None,,,,,,,,,,,,,,,,,,,,,,,,,,,,,,,,,,,,,Sub041,001,2022_Sep_27_1433,1trainingbehavior_beforeMRI,2021.2.3,59.98300081556737,
20,1,,,,,,,,0,45,45,32,,,,,,,,,,,,,,,,,,,,,,,,,,,,,,,,,,,,,,,,,,,,,space,0.6494501000124728,180.98196859999734,None,20,1,-37,0,7,180.98196859999734,None,181.6488446999865,None,,,,,,,,,,,,,,,,,,,,,,,,,,,,,,,,,,,,,Sub041,001,2022_Sep_27_1433,1trainingbehavior_beforeMRI,2021.2.3,59.98300081556737,
10,1,,,,,,,,0,46,46,16,,,,,,,,,,,,,,,,,,,,,,,,,,,,,,,,,,,,,,,,,,,,,space,0.5702563000086229,182.148873299986,None,10,1,-9,0,7,182.148873299986,None,182.748660199999,None,,,,,,,,,,,,,,,,,,,,,,,,,,,,,,,,,,,,,Sub041,001,2022_Sep_27_1433,1trainingbehavior_beforeMRI,2021.2.3,59.98300081556737,
20,0,,,,,,,,0,47,47,25,,,,,,,,,,,,,,,,,,,,,,,,,,,,,,,,,,,,,,,,,,,,,space,0.5463014000124531,183.2486685999902,None,20,0,-5,1,7,183.2486685999902,None,183.81528799999796,None,,,,,,,,,,,,,,,,,,,,,,,,,,,,,,,,,,,,,Sub041,001,2022_Sep_27_1433,1trainingbehavior_beforeMRI,2021.2.3,59.98300081556737,
30,1,,,,,,,,0,48,48,55,,,,,,,,,,,,,,,,,,,,,,,,,,,,,,,,,,,,,,,,,,,,,space,0.5420545999950264,184.31555649999063,None,30,1,5,1,7,184.31555649999063,None,184.88182389999565,None,,,,,,,,,,,,,,,,,,,,,,,,,,,,,,,,,,,,,Sub041,001,2022_Sep_27_1433,1trainingbehavior_beforeMRI,2021.2.3,59.98300081556737,
10,1,,,,,,,,0,49,49,13,,,,,,,,,,,,,,,,,,,,,,,,,,,,,,,,,,,,,,,,,,,,,space,0.6267752999992808,185.38202359998832,None,10,1,-30,0,7,185.38202359998832,None,186.03179869998712,None,,,,,,,,,,,,,,,,,,,,,,,,,,,,,,,,,,,,,Sub041,001,2022_Sep_27_1433,1trainingbehavior_beforeMRI,2021.2.3,59.98300081556737,
10,0,,,,,,,,0,50,50,9,,,,,,,,,,,,,,,,,,,,,,,,,,,,,,,,,,,,,,,,,,,,,space,0.5486766999965766,186.5321816999931,None,10,0,-5,1,7,186.5321816999931,None,187.09845959999075,None,,,,,,,,,,,,,,,,,,,,,,,,,,,,,,,,,,,,,Sub041,001,2022_Sep_27_1433,1trainingbehavior_beforeMRI,2021.2.3,59.98300081556737,
10,0,,,,,,,,0,51,51,6,,,,,,,,,,,,,,,,,,,,,,,,,,,,,,,,,,,,,,,,,,,,,space,0.5678668000036851,187.5988636999973,None,10,0,2,1,7,187.5988636999973,None,188.18246729999373,None,,,,,,,,,,,,,,,,,,,,,,,,,,,,,,,,,,,,,Sub041,001,2022_Sep_27_1433,1trainingbehavior_beforeMRI,2021.2.3,59.98300081556737,
30,1,,,,,,,,0,52,52,56,,,,,,,,,,,,,,,,,,,,,,,,,,,,,,,,,,,,,,,,,,,,,space,0.552213999995729,188.68245709998882,None,30,1,-2,1,7,188.68245709998882,None,189.26568679999036,None,,,,,,,,,,,,,,,,,,,,,,,,,,,,,,,,,,,,,Sub041,001,2022_Sep_27_1433,1trainingbehavior_beforeMRI,2021.2.3,59.98300081556737,
20,1,,,,,,,,0,53,53,34,,,,,,,,,,,,,,,,,,,,,,,,,,,,,,,,,,,,,,,,,,,,,space,0.5628415999963181,189.76578479999444,None,20,1,-2,1,7,189.76578479999444,None,190.3489961999876,None,,,,,,,,,,,,,,,,,,,,,,,,,,,,,,,,,,,,,Sub041,001,2022_Sep_27_1433,1trainingbehavior_beforeMRI,2021.2.3,59.98300081556737,
20,1,,,,,,,,0,54,54,35,,,,,,,,,,,,,,,,,,,,,,,,,,,,,,,,,,,,,,,,,,,,,space,0.6201967000088189,190.84844839999278,None,20,1,-30,0,7,190.84844839999278,None,191.4988064999925,None,,,,,,,,,,,,,,,,,,,,,,,,,,,,,,,,,,,,,Sub041,001,2022_Sep_27_1433,1trainingbehavior_beforeMRI,2021.2.3,59.98300081556737,
20,0,,,,,,,,0,55,55,28,,,,,,,,,,,,,,,,,,,,,,,,,,,,,,,,,,,,,,,,,,,,,space,0.6009627000021283,191.99902969998948,None,20,0,16,0,7,191.99902969998948,None,192.61559999999008,None,,,,,,,,,,,,,,,,,,,,,,,,,,,,,,,,,,,,,Sub041,001,2022_Sep_27_1433,1trainingbehavior_beforeMRI,2021.2.3,59.98300081556737,
30,0,,,,,,,,0,56,56,48,,,,,,,,,,,,,,,,,,,,,,,,,,,,,,,,,,,,,,,,,,,,,space,0.5607193000032566,193.11595509998733,None,30,0,2,1,7,193.11595509998733,None,193.69896329999028,None,,,,,,,,,,,,,,,,,,,,,,,,,,,,,,,,,,,,,Sub041,001,2022_Sep_27_1433,1trainingbehavior_beforeMRI,2021.2.3,59.98300081556737,
30,0,,,,,,,,0,57,57,49,,,,,,,,,,,,,,,,,,,,,,,,,,,,,,,,,,,,,,,,,,,,,space,0.5875735000008717,194.19902199998614,None,30,0,16,0,7,194.19902199998614,None,194.8156231999892,None,,,,,,,,,,,,,,,,,,,,,,,,,,,,,,,,,,,,,Sub041,001,2022_Sep_27_1433,1trainingbehavior_beforeMRI,2021.2.3,59.98300081556737,
20,1,,,,,,,,0,58,58,30,,,,,,,,,,,,,,,,,,,,,,,,,,,,,,,,,,,,,,,,,,,,,space,0.5979670000087935,195.31565849999606,None,20,1,-16,0,7,195.31565849999606,None,195.93223119998584,None,,,,,,,,,,,,,,,,,,,,,,,,,,,,,,,,,,,,,Sub041,001,2022_Sep_27_1433,1trainingbehavior_beforeMRI,2021.2.3,59.98300081556737,
20,0,,,,,,,,0,59,59,20,,,,,,,,,,,,,,,,,,,,,,,,,,,,,,,,,,,,,,,,,,,,,space,0.5480898999958299,196.4325652999978,None,20,0,-5,1,7,196.4325652999978,None,196.99933139998757,None,,,,,,,,,,,,,,,,,,,,,,,,,,,,,,,,,,,,,Sub041,001,2022_Sep_27_1433,1trainingbehavior_beforeMRI,2021.2.3,59.98300081556737,
,,,,,,,,,,,,,0,0,0,0,,,,,,,,,,,,,,,,,,,,,,,,,,,,,,,,,,,,,,,,,,,,,,,,,,,,,,197.49917409999762,None,19.619140089640464,9.93905636941186,26.466219980924986,50.28777987776644,[ 9.93905637 26.46621998 50.28777988],,,,,,,,,,,,,,,,,,,,,,,,,,,,,,Sub041,001,2022_Sep_27_1433,1trainingbehavior_beforeMRI,2021.2.3,59.98300081556737,
10,,,,,,,,,,,,,,,,,0,0,0,0,,,,,0,0,0,0,,,,,,,,,,,,,,,,,,,,,,,,,,,,,,,,,,,,,,,,,,,,,,,,,207.90728469999158,None,None,None,207.90728469999158,None,6,14.847239399998216,207.90728469999158,None,,,,,,,,,,,,,,,,,,,,Sub041,001,2022_Sep_27_1433,1trainingbehavior_beforeMRI,2021.2.3,59.98300081556737,
10,,,,,,,,,,,,,,,,,0,0,0,0,,,,,,,,,,,,,,,,,,,,,,,,,,,,,,,,,,,,,,,,,,,,,,,,,,,,,,,,,,,,,,,,,,,,,,,,,,,,,,,,,,,,,,Sub041,001,2022_Sep_27_1433,1trainingbehavior_beforeMRI,2021.2.3,59.98300081556737,
20,,,,,,,,,,,,,,,,,0,1,1,1,,,,,0,0,0,0,,,,,,,,,,,,,,,,,,,,,,,,,,,,,,,,,,,,,,,,,,,,,,,,,222.78298559998802,None,None,None,222.78298559998802,None,5,4.615592999994988,222.78298559998802,None,,,,,,,,,,,,,,,,,,,,Sub041,001,2022_Sep_27_1433,1trainingbehavior_beforeMRI,2021.2.3,59.98300081556737,
20,,,,,,,,,,,,,,,,,0,1,1,1,,,,,,,,,,,,,,,,,,,,,,,,,,,,,,,,,,,,,,,,,,,,,,,,,,,,,,,,,,,,,,,,,,,,,,,,,,,,,,,,,,,,,,Sub041,001,2022_Sep_27_1433,1trainingbehavior_beforeMRI,2021.2.3,59.98300081556737,
30,,,,,,,,,,,,,,,,,0,2,2,2,,,,,0,0,0,0,,,,,,,,,,,,,,,,,,,,,,,,,,,,,,,,,,,,,,,,,,,,,,,,,227.41683399998874,None,None,None,227.41683399998874,None,2,6.640339399993536,227.41683399998874,None,,,,,,,,,,,,,,,,,,,,Sub041,001,2022_Sep_27_1433,1trainingbehavior_beforeMRI,2021.2.3,59.98300081556737,
30,,,,,,,,,,,,,,,,,0,2,2,2,,,,,,,,,,,,,,,,,,,,,,,,,,,,,,,,,,,,,,,,,,,,,,,,,,,,,,,,,,,,,,,,,,,,,,,,,,,,,,,,,,,,,,Sub041,001,2022_Sep_27_1433,1trainingbehavior_beforeMRI,2021.2.3,59.98300081556737,
,,Card_80.xlsx,80,1,,,,,,,,,,,,,,,,,,,,,,,,,,,,,0,0,0,0,0,0,0,2,0,0,0,5,,,,,,,,,,,,,,,,,,,,,,,,,,,,,,,,,,,,,,,,,,,234.08360539999558,None,240.6175382999936,None,275.98635389999254,None,80,1,,,,,,,,,,,,Sub041,001,2022_Sep_27_1433,1trainingbehavior_beforeMRI,2021.2.3,59.98300081556737,
,,Card_80.xlsx,80,1,,,,,,,,,,,,,,,,,,,,,,,,,,,,,0,0,0,0,0,0,0,2,0,1,1,4,,,,,,,,,,,,,,,,,,,,,,,,,,,,,,,,,,,,,,,,,,,,,,,,,80,1,,,,,,,,,,,,Sub041,001,2022_Sep_27_1433,1trainingbehavior_beforeMRI,2021.2.3,59.98300081556737,
,,Card_80.xlsx,80,1,,,,,,,,,,,,,,,,,,,,,,,,,,,,,0,0,0,0,0,0,0,2,0,2,2,7,,,,,,,,,,,,,,,,,,,,,,,,,,,,,,,,,,,,,,,,,,,,,,,,,80,1,,,,,,,,,,,,Sub041,001,2022_Sep_27_1433,1trainingbehavior_beforeMRI,2021.2.3,59.98300081556737,
,,Card_80.xlsx,80,1,,,,,,,,,,,,,,,,,,,,,,,,,,,,,0,0,0,0,0,0,0,2,0,3,3,8,,,,,,,,,,,,,,,,,,,,,,,,,,,,,,,,,,,,,,,,,,,,,,,,,80,1,,,,,,,,,,,,Sub041,001,2022_Sep_27_1433,1trainingbehavior_beforeMRI,2021.2.3,59.98300081556737,
,,Card_80.xlsx,80,1,,,,,,,,,,,,,,,,,,,,,,,,,,,,,0,0,0,0,0,0,0,2,0,4,4,2,,,,,,,,,,,,,,,,,,,,,,,,,,,,,,,,,,,,,,,,,,,,,,,,,80,1,,,,,,,,,,,,Sub041,001,2022_Sep_27_1433,1trainingbehavior_beforeMRI,2021.2.3,59.98300081556737,
,,Card_80.xlsx,80,0,,,,,,,,,,,,,,,,,,,,,,,,,,,,,0,0,0,0,0,0,0,2,0,5,5,0,,,,,,,,,,,,,,,,,,,,,,,,,,,,,,,,,,,,,,,,,,,,,,,,,80,0,,,,,,,,,,,,Sub041,001,2022_Sep_27_1433,1trainingbehavior_beforeMRI,2021.2.3,59.98300081556737,
,,Card_80.xlsx,80,1,,,,,,,,,,,,,,,,,,,,,,,,,,,,,0,0,0,0,0,0,0,2,0,6,6,3,,,,,,,,,,,,,,,,,,,,,,,,,,,,,,,,,,,,,,,,,,,,,,,,,80,1,,,,,,,,,,,,Sub041,001,2022_Sep_27_1433,1trainingbehavior_beforeMRI,2021.2.3,59.98300081556737,
,,Card_80.xlsx,80,1,,,,,,,,,,,,,,,,,,,,,,,,,,,,,0,0,0,0,0,0,0,2,0,7,7,9,,,,,,,,,,,,,,,,,,,,,,,,,,,,,,,,,,,,,,,,,,,,,,,,,80,1,,,,,,,,,,,,Sub041,001,2022_Sep_27_1433,1trainingbehavior_beforeMRI,2021.2.3,59.98300081556737,
,,Card_80.xlsx,80,1,,,,,,,,,,,,,,,,,,,,,,,,,,,,,0,0,0,0,0,0,0,2,0,8,8,6,,,,,,,,,,,,,,,,,,,,,,,,,,,,,,,,,,,,,,,,,,,,,,,,,80,1,,,,,,,,,,,,Sub041,001,2022_Sep_27_1433,1trainingbehavior_beforeMRI,2021.2.3,59.98300081556737,
,,Card_80.xlsx,80,0,,,,,,,,,,,,,,,,,,,,,,,,,,,,,0,0,0,0,0,0,0,2,0,9,9,1,,,,,,,,,,,,,,,,,,,,,,,,,,,,,,,,,,,,,,,,,,,,,,,,,80,0,,,,,,,,,,,,Sub041,001,2022_Sep_27_1433,1trainingbehavior_beforeMRI,2021.2.3,59.98300081556737,
,,Card_80.xlsx,,,,,,,,,,,,,,,,,,,,,,,,,,,,,,,0,0,0,0,0,0,0,2,,,,,,,,,0,0,0,0,,,,,,,,,,,,,,,,,,,,,,,,,,,,,,,,,,,,,,,,,,,80,None,None,317.35818239999935,None,2,7.665171300002839,317.35818239999935,None,,,Sub041,001,2022_Sep_27_1433,1trainingbehavior_beforeMRI,2021.2.3,59.98300081556737,
,,Card_80.xlsx,,,,,,,,,,,,,,,,,,,,,,,,,,,,,,,0,0,0,0,0,0,0,2,,,,,,,,,,,,,,,,,,,,,,,,,,,,,,,,,,,,,,,,,,,,,,,,,,,,,,,,,,,,,,,,,,Sub041,001,2022_Sep_27_1433,1trainingbehavior_beforeMRI,2021.2.3,59.98300081556737,
,,Card_50.xlsx,50,1,,,,,,,,,,,,,,,,,,,,,,,,,,,,,0,0,0,0,0,1,1,1,0,0,0,6,,,,,,,,,,,,,,,,,,,,,,,,,,,,,,,,,,,,,,,,,,,,,,,,,50,1,,,,,,,,,,,,Sub041,001,2022_Sep_27_1433,1trainingbehavior_beforeMRI,2021.2.3,59.98300081556737,
,,Card_50.xlsx,50,1,,,,,,,,,,,,,,,,,,,,,,,,,,,,,0,0,0,0,0,1,1,1,0,1,1,8,,,,,,,,,,,,,,,,,,,,,,,,,,,,,,,,,,,,,,,,,,,,,,,,,50,1,,,,,,,,,,,,Sub041,001,2022_Sep_27_1433,1trainingbehavior_beforeMRI,2021.2.3,59.98300081556737,
,,Card_50.xlsx,50,0,,,,,,,,,,,,,,,,,,,,,,,,,,,,,0,0,0,0,0,1,1,1,0,2,2,0,,,,,,,,,,,,,,,,,,,,,,,,,,,,,,,,,,,,,,,,,,,,,,,,,50,0,,,,,,,,,,,,Sub041,001,2022_Sep_27_1433,1trainingbehavior_beforeMRI,2021.2.3,59.98300081556737,
,,Card_50.xlsx,50,0,,,,,,,,,,,,,,,,,,,,,,,,,,,,,0,0,0,0,0,1,1,1,0,3,3,1,,,,,,,,,,,,,,,,,,,,,,,,,,,,,,,,,,,,,,,,,,,,,,,,,50,0,,,,,,,,,,,,Sub041,001,2022_Sep_27_1433,1trainingbehavior_beforeMRI,2021.2.3,59.98300081556737,
,,Card_50.xlsx,50,0,,,,,,,,,,,,,,,,,,,,,,,,,,,,,0,0,0,0,0,1,1,1,0,4,4,3,,,,,,,,,,,,,,,,,,,,,,,,,,,,,,,,,,,,,,,,,,,,,,,,,50,0,,,,,,,,,,,,Sub041,001,2022_Sep_27_1433,1trainingbehavior_beforeMRI,2021.2.3,59.98300081556737,
,,Card_50.xlsx,50,0,,,,,,,,,,,,,,,,,,,,,,,,,,,,,0,0,0,0,0,1,1,1,0,5,5,2,,,,,,,,,,,,,,,,,,,,,,,,,,,,,,,,,,,,,,,,,,,,,,,,,50,0,,,,,,,,,,,,Sub041,001,2022_Sep_27_1433,1trainingbehavior_beforeMRI,2021.2.3,59.98300081556737,
,,Card_50.xlsx,50,1,,,,,,,,,,,,,,,,,,,,,,,,,,,,,0,0,0,0,0,1,1,1,0,6,6,7,,,,,,,,,,,,,,,,,,,,,,,,,,,,,,,,,,,,,,,,,,,,,,,,,50,1,,,,,,,,,,,,Sub041,001,2022_Sep_27_1433,1trainingbehavior_beforeMRI,2021.2.3,59.98300081556737,
,,Card_50.xlsx,50,1,,,,,,,,,,,,,,,,,,,,,,,,,,,,,0,0,0,0,0,1,1,1,0,7,7,5,,,,,,,,,,,,,,,,,,,,,,,,,,,,,,,,,,,,,,,,,,,,,,,,,50,1,,,,,,,,,,,,Sub041,001,2022_Sep_27_1433,1trainingbehavior_beforeMRI,2021.2.3,59.98300081556737,
,,Card_50.xlsx,50,1,,,,,,,,,,,,,,,,,,,,,,,,,,,,,0,0,0,0,0,1,1,1,0,8,8,9,,,,,,,,,,,,,,,,,,,,,,,,,,,,,,,,,,,,,,,,,,,,,,,,,50,1,,,,,,,,,,,,Sub041,001,2022_Sep_27_1433,1trainingbehavior_beforeMRI,2021.2.3,59.98300081556737,
,,Card_50.xlsx,50,0,,,,,,,,,,,,,,,,,,,,,,,,,,,,,0,0,0,0,0,1,1,1,0,9,9,4,,,,,,,,,,,,,,,,,,,,,,,,,,,,,,,,,,,,,,,,,,,,,,,,,50,0,,,,,,,,,,,,Sub041,001,2022_Sep_27_1433,1trainingbehavior_beforeMRI,2021.2.3,59.98300081556737,
,,Card_50.xlsx,,,,,,,,,,,,,,,,,,,,,,,,,,,,,,,0,0,0,0,0,1,1,1,,,,,,,,,0,0,0,0,,,,,,,,,,,,,,,,,,,,,,,,,,,,,,,,,,,,,,,,,,,50,1,3.147991000005277,360.05704439998954,None,4,8.010244500008412,360.05704439998954,None,,,Sub041,001,2022_Sep_27_1433,1trainingbehavior_beforeMRI,2021.2.3,59.98300081556737,
,,Card_50.xlsx,,,,,,,,,,,,,,,,,,,,,,,,,,,,,,,0,0,0,0,0,1,1,1,,,,,,,,,,,,,,,,,,,,,,,,,,,,,,,,,,,,,,,,,,,,,,,,,,,,,,,,,,,,,,,,,,Sub041,001,2022_Sep_27_1433,1trainingbehavior_beforeMRI,2021.2.3,59.98300081556737,
,,Card_20.xlsx,20,0,,,,,,,,,,,,,,,,,,,,,,,,,,,,,0,0,0,0,0,2,2,0,0,0,0,1,,,,,,,,,,,,,,,,,,,,,,,,,,,,,,,,,,,,,,,,,,,,,,,,,20,0,,,,,,,,,,,,Sub041,001,2022_Sep_27_1433,1trainingbehavior_beforeMRI,2021.2.3,59.98300081556737,
,,Card_20.xlsx,20,1,,,,,,,,,,,,,,,,,,,,,,,,,,,,,0,0,0,0,0,2,2,0,0,1,1,8,,,,,,,,,,,,,,,,,,,,,,,,,,,,,,,,,,,,,,,,,,,,,,,,,20,1,,,,,,,,,,,,Sub041,001,2022_Sep_27_1433,1trainingbehavior_beforeMRI,2021.2.3,59.98300081556737,
,,Card_20.xlsx,20,1,,,,,,,,,,,,,,,,,,,,,,,,,,,,,0,0,0,0,0,2,2,0,0,2,2,9,,,,,,,,,,,,,,,,,,,,,,,,,,,,,,,,,,,,,,,,,,,,,,,,,20,1,,,,,,,,,,,,Sub041,001,2022_Sep_27_1433,1trainingbehavior_beforeMRI,2021.2.3,59.98300081556737,
,,Card_20.xlsx,20,0,,,,,,,,,,,,,,,,,,,,,,,,,,,,,0,0,0,0,0,2,2,0,0,3,3,6,,,,,,,,,,,,,,,,,,,,,,,,,,,,,,,,,,,,,,,,,,,,,,,,,20,0,,,,,,,,,,,,Sub041,001,2022_Sep_27_1433,1trainingbehavior_beforeMRI,2021.2.3,59.98300081556737,
,,Card_20.xlsx,20,0,,,,,,,,,,,,,,,,,,,,,,,,,,,,,0,0,0,0,0,2,2,0,0,4,4,7,,,,,,,,,,,,,,,,,,,,,,,,,,,,,,,,,,,,,,,,,,,,,,,,,20,0,,,,,,,,,,,,Sub041,001,2022_Sep_27_1433,1trainingbehavior_beforeMRI,2021.2.3,59.98300081556737,
,,Card_20.xlsx,20,0,,,,,,,,,,,,,,,,,,,,,,,,,,,,,0,0,0,0,0,2,2,0,0,5,5,0,,,,,,,,,,,,,,,,,,,,,,,,,,,,,,,,,,,,,,,,,,,,,,,,,20,0,,,,,,,,,,,,Sub041,001,2022_Sep_27_1433,1trainingbehavior_beforeMRI,2021.2.3,59.98300081556737,
,,Card_20.xlsx,20,0,,,,,,,,,,,,,,,,,,,,,,,,,,,,,0,0,0,0,0,2,2,0,0,6,6,2,,,,,,,,,,,,,,,,,,,,,,,,,,,,,,,,,,,,,,,,,,,,,,,,,20,0,,,,,,,,,,,,Sub041,001,2022_Sep_27_1433,1trainingbehavior_beforeMRI,2021.2.3,59.98300081556737,
,,Card_20.xlsx,20,0,,,,,,,,,,,,,,,,,,,,,,,,,,,,,0,0,0,0,0,2,2,0,0,7,7,3,,,,,,,,,,,,,,,,,,,,,,,,,,,,,,,,,,,,,,,,,,,,,,,,,20,0,,,,,,,,,,,,Sub041,001,2022_Sep_27_1433,1trainingbehavior_beforeMRI,2021.2.3,59.98300081556737,
,,Card_20.xlsx,20,0,,,,,,,,,,,,,,,,,,,,,,,,,,,,,0,0,0,0,0,2,2,0,0,8,8,5,,,,,,,,,,,,,,,,,,,,,,,,,,,,,,,,,,,,,,,,,,,,,,,,,20,0,,,,,,,,,,,,Sub041,001,2022_Sep_27_1433,1trainingbehavior_beforeMRI,2021.2.3,59.98300081556737,
,,Card_20.xlsx,20,0,,,,,,,,,,,,,,,,,,,,,,,,,,,,,0,0,0,0,0,2,2,0,0,9,9,4,,,,,,,,,,,,,,,,,,,,,,,,,,,,,,,,,,,,,,,,,,,,,,,,,20,0,,,,,,,,,,,,Sub041,001,2022_Sep_27_1433,1trainingbehavior_beforeMRI,2021.2.3,59.98300081556737,
,,Card_20.xlsx,,,,,,,,,,,,,,,,,,,,,,,,,,,,,,,0,0,0,0,0,2,2,0,,,,,,,,,0,0,0,0,,,,,,,,,,,,,,,,,,,,,,,,,,,,,,,,,,,,,,,,,,,20,None,None,403.09322619999875,None,7,7.257993200008059,403.09322619999875,None,,,Sub041,001,2022_Sep_27_1433,1trainingbehavior_beforeMRI,2021.2.3,59.98300081556737,
,,Card_20.xlsx,,,,,,,,,,,,,,,,,,,,,,,,,,,,,,,0,0,0,0,0,2,2,0,,,,,,,,,,,,,,,,,,,,,,,,,,,,,,,,,,,,,,,,,,,,,,,,,,,,,,,,,,,,,,,,,,Sub041,001,2022_Sep_27_1433,1trainingbehavior_beforeMRI,2021.2.3,59.98300081556737,
,,,,,,,,,,,,,,,,,,,,,,,,,,,,,,,,,0,0,0,0,,,,,,,,,,,,,,,,,,,,,,,,,,,,,,,,,,,,,,,,,,,,,,,,,,,,,,,,,,,,,,,,,,,,410.3735360999999,None,Sub041,001,2022_Sep_27_1433,1trainingbehavior_beforeMRI,2021.2.3,59.98300081556737,
