﻿Target_Size,start_position,Run_Files,current_card_prob,current_WinLoss,start.thisRepN,start.thisTrialN,start.thisN,start.thisIndex,trials.thisRepN,trials.thisTrialN,trials.thisN,trials.thisIndex,Indi_Info.thisRepN,Indi_Info.thisTrialN,Indi_Info.thisN,Indi_Info.thisIndex,trials_bar_Q.thisRepN,trials_bar_Q.thisTrialN,trials_bar_Q.thisN,trials_bar_Q.thisIndex,Confi_bar_L.thisRepN,Confi_bar_L.thisTrialN,Confi_bar_L.thisN,Confi_bar_L.thisIndex,Confi_bar_R.thisRepN,Confi_bar_R.thisTrialN,Confi_bar_R.thisN,Confi_bar_R.thisIndex,StopGame.thisRepN,StopGame.thisTrialN,StopGame.thisN,StopGame.thisIndex,ContinuePlay.thisRepN,ContinuePlay.thisTrialN,ContinuePlay.thisN,ContinuePlay.thisIndex,Run_card.thisRepN,Run_card.thisTrialN,Run_card.thisN,Run_card.thisIndex,trials_card.thisRepN,trials_card.thisTrialN,trials_card.thisN,trials_card.thisIndex,Qlikely_card_L.thisRepN,Qlikely_card_L.thisTrialN,Qlikely_card_L.thisN,Qlikely_card_L.thisIndex,Qlikely_card_R.thisRepN,Qlikely_card_R.thisTrialN,Qlikely_card_R.thisN,Qlikely_card_R.thisIndex,run_L,run_R,instr.started,instr.stopped,key_resp_bar.keys,key_resp_bar.rt,key_resp_bar.started,key_resp_bar.stopped,Current_Target_Size,Start_position,key_resp_bar.position,key_resp_bar.hit,trial_speed,center.started,center.stopped,center2.started,center2.stopped,instr_4.started,instr_4.stopped,sigma_indi,targetSize_20,targetSize_50,targetSize_80,targetSize_indi,center_11.started,center_11.stopped,Slider_LikelyBar_R.response,Slider_LikelyBar_R.rt,Slider_LikelyBar_R.started,Slider_LikelyBar_R.stopped,key_resp_LikeQ_bar_R.keys,key_resp_LikeQ_bar_R.rt,key_resp_LikeQ_bar_R.started,key_resp_LikeQ_bar_R.stopped,bar_final_text.started,bar_final_text.stopped,card_instr_text.started,card_instr_text.stopped,instr_5.started,instr_5.stopped,current_card_prob,current_WinLoss,Q_card_prob,Slider_LikelyCard_R.response,Slider_LikelyCard_R.rt,Slider_LikelyCard_R.started,Slider_LikelyCard_R.stopped,key_resp_LikeQ_card_R.keys,key_resp_LikeQ_card_R.rt,key_resp_LikeQ_card_R.started,key_resp_LikeQ_card_R.stopped,bar_final_text_2.started,bar_final_text_2.stopped,participant,session,date,expName,psychopyVersion,frameRate,
,,,,,0,0,0,0,,,,,,,,,,,,,,,,,,,,,,,,,,,,,,,,,,,,,,,,,,,,,0,1,11.676593700423837,None,,,,,,,,,,,,,,,,,,,,,,,,,,,,,,,,,,,,,,,,,,,,,,,,,,Sub016,001,2022_May_24_1308,1trainingbehavior_beforeMRI,2021.2.3,59.85633289255881,
10,0,,,,,,,,0,0,0,8,,,,,,,,,,,,,,,,,,,,,,,,,,,,,,,,,,,,,,,,,,,,,space,3.0652262000367045,132.80622600018978,None,10,0,51,0,7,132.80622600018978,None,135.90153980068862,None,,,,,,,,,,,,,,,,,,,,,,,,,,,,,,,,,,,,,Sub016,001,2022_May_24_1308,1trainingbehavior_beforeMRI,2021.2.3,59.85633289255881,
30,1,,,,,,,,0,1,1,55,,,,,,,,,,,,,,,,,,,,,,,,,,,,,,,,,,,,,,,,,,,,,space,1.5703190006315708,136.41354160010815,None,30,1,-79,0,7,136.41354160010815,None,138.01324009988457,None,,,,,,,,,,,,,,,,,,,,,,,,,,,,,,,,,,,,,Sub016,001,2022_May_24_1308,1trainingbehavior_beforeMRI,2021.2.3,59.85633289255881,
30,1,,,,,,,,0,2,2,59,,,,,,,,,,,,,,,,,,,,,,,,,,,,,,,,,,,,,,,,,,,,,space,1.8841436998918653,138.51324030011892,None,30,1,47,0,7,138.51324030011892,None,140.41357250045985,None,,,,,,,,,,,,,,,,,,,,,,,,,,,,,,,,,,,,,Sub016,001,2022_May_24_1308,1trainingbehavior_beforeMRI,2021.2.3,59.85633289255881,
10,1,,,,,,,,0,3,3,10,,,,,,,,,,,,,,,,,,,,,,,,,,,,,,,,,,,,,,,,,,,,,space,1.8612803993746638,140.91366310045123,None,10,1,40,0,7,140.91366310045123,None,142.79671670030802,None,,,,,,,,,,,,,,,,,,,,,,,,,,,,,,,,,,,,,Sub016,001,2022_May_24_1308,1trainingbehavior_beforeMRI,2021.2.3,59.85633289255881,
20,1,,,,,,,,0,4,4,30,,,,,,,,,,,,,,,,,,,,,,,,,,,,,,,,,,,,,,,,,,,,,space,1.8146027000620961,143.29673579987139,None,20,1,19,0,7,143.29673579987139,None,145.1299496004358,None,,,,,,,,,,,,,,,,,,,,,,,,,,,,,,,,,,,,,Sub016,001,2022_May_24_1308,1trainingbehavior_beforeMRI,2021.2.3,59.85633289255881,
10,1,,,,,,,,0,5,5,15,,,,,,,,,,,,,,,,,,,,,,,,,,,,,,,,,,,,,,,,,,,,,space,1.7116152998059988,145.63032880052924,None,10,1,-23,0,7,145.63032880052924,None,147.3636175999418,None,,,,,,,,,,,,,,,,,,,,,,,,,,,,,,,,,,,,,Sub016,001,2022_May_24_1308,1trainingbehavior_beforeMRI,2021.2.3,59.85633289255881,
20,0,,,,,,,,0,6,6,22,,,,,,,,,,,,,,,,,,,,,,,,,,,,,,,,,,,,,,,,,,,,,space,0.7217988995835185,147.863968600519,None,20,0,72,0,7,147.863968600519,None,148.61390450038016,None,,,,,,,,,,,,,,,,,,,,,,,,,,,,,,,,,,,,,Sub016,001,2022_May_24_1308,1trainingbehavior_beforeMRI,2021.2.3,59.85633289255881,
10,0,,,,,,,,0,7,7,5,,,,,,,,,,,,,,,,,,,,,,,,,,,,,,,,,,,,,,,,,,,,,space,3.0257703997194767,149.11366760078818,None,10,0,30,0,7,149.11366760078818,None,152.16375130042434,None,,,,,,,,,,,,,,,,,,,,,,,,,,,,,,,,,,,,,Sub016,001,2022_May_24_1308,1trainingbehavior_beforeMRI,2021.2.3,59.85633289255881,
30,1,,,,,,,,0,8,8,56,,,,,,,,,,,,,,,,,,,,,,,,,,,,,,,,,,,,,,,,,,,,,space,1.8144837003201246,152.6638452000916,None,30,1,19,0,7,152.6638452000916,None,154.49709820002317,None,,,,,,,,,,,,,,,,,,,,,,,,,,,,,,,,,,,,,Sub016,001,2022_May_24_1308,1trainingbehavior_beforeMRI,2021.2.3,59.85633289255881,
20,0,,,,,,,,0,9,9,25,,,,,,,,,,,,,,,,,,,,,,,,,,,,,,,,,,,,,,,,,,,,,space,3.0536760007962584,154.997377499938,None,20,0,44,0,7,154.997377499938,None,158.08083420060575,None,,,,,,,,,,,,,,,,,,,,,,,,,,,,,,,,,,,,,Sub016,001,2022_May_24_1308,1trainingbehavior_beforeMRI,2021.2.3,59.85633289255881,
10,0,,,,,,,,0,10,10,6,,,,,,,,,,,,,,,,,,,,,,,,,,,,,,,,,,,,,,,,,,,,,space,2.934887199662626,158.58078730013222,None,10,0,-5,1,7,158.58078730013222,None,161.54813589993864,None,,,,,,,,,,,,,,,,,,,,,,,,,,,,,,,,,,,,,Sub016,001,2022_May_24_1308,1trainingbehavior_beforeMRI,2021.2.3,59.85633289255881,
30,1,,,,,,,,0,11,11,57,,,,,,,,,,,,,,,,,,,,,,,,,,,,,,,,,,,,,,,,,,,,,space,1.8202967001125216,162.0476229004562,None,30,1,26,0,7,162.0476229004562,None,163.8973368005827,None,,,,,,,,,,,,,,,,,,,,,,,,,,,,,,,,,,,,,Sub016,001,2022_May_24_1308,1trainingbehavior_beforeMRI,2021.2.3,59.85633289255881,
20,0,,,,,,,,0,12,12,23,,,,,,,,,,,,,,,,,,,,,,,,,,,,,,,,,,,,,,,,,,,,,space,3.000373600050807,164.39790310058743,None,20,0,16,0,7,164.39790310058743,None,167.41455719992518,None,,,,,,,,,,,,,,,,,,,,,,,,,,,,,,,,,,,,,Sub016,001,2022_May_24_1308,1trainingbehavior_beforeMRI,2021.2.3,59.85633289255881,
10,0,,,,,,,,0,13,13,3,,,,,,,,,,,,,,,,,,,,,,,,,,,,,,,,,,,,,,,,,,,,,space,3.015798599459231,167.91456740070134,None,10,0,23,0,7,167.91456740070134,None,170.9477043999359,None,,,,,,,,,,,,,,,,,,,,,,,,,,,,,,,,,,,,,Sub016,001,2022_May_24_1308,1trainingbehavior_beforeMRI,2021.2.3,59.85633289255881,
30,0,,,,,,,,0,14,14,44,,,,,,,,,,,,,,,,,,,,,,,,,,,,,,,,,,,,,,,,,,,,,space,2.972781900316477,171.4478309005499,None,30,0,9,1,7,171.4478309005499,None,174.4478627005592,None,,,,,,,,,,,,,,,,,,,,,,,,,,,,,,,,,,,,,Sub016,001,2022_May_24_1308,1trainingbehavior_beforeMRI,2021.2.3,59.85633289255881,
10,0,,,,,,,,0,15,15,7,,,,,,,,,,,,,,,,,,,,,,,,,,,,,,,,,,,,,,,,,,,,,space,3.064609399996698,174.94792180042714,None,10,0,44,0,7,174.94792180042714,None,178.03111990075558,None,,,,,,,,,,,,,,,,,,,,,,,,,,,,,,,,,,,,,Sub016,001,2022_May_24_1308,1trainingbehavior_beforeMRI,2021.2.3,59.85633289255881,
10,0,,,,,,,,0,16,16,4,,,,,,,,,,,,,,,,,,,,,,,,,,,,,,,,,,,,,,,,,,,,,space,2.8860980002209544,178.53169030044228,None,10,0,-26,0,7,178.53169030044228,None,181.44831600040197,None,,,,,,,,,,,,,,,,,,,,,,,,,,,,,,,,,,,,,Sub016,001,2022_May_24_1308,1trainingbehavior_beforeMRI,2021.2.3,59.85633289255881,
10,0,,,,,,,,0,17,17,2,,,,,,,,,,,,,,,,,,,,,,,,,,,,,,,,,,,,,,,,,,,,,space,2.9957221001386642,181.94816420041025,None,10,0,16,0,7,181.94816420041025,None,184.9650643998757,None,,,,,,,,,,,,,,,,,,,,,,,,,,,,,,,,,,,,,Sub016,001,2022_May_24_1308,1trainingbehavior_beforeMRI,2021.2.3,59.85633289255881,
20,0,,,,,,,,0,18,18,27,,,,,,,,,,,,,,,,,,,,,,,,,,,,,,,,,,,,,,,,,,,,,space,2.9780935999006033,185.4651487004012,None,20,0,9,1,7,185.4651487004012,None,188.46603030059487,None,,,,,,,,,,,,,,,,,,,,,,,,,,,,,,,,,,,,,Sub016,001,2022_May_24_1308,1trainingbehavior_beforeMRI,2021.2.3,59.85633289255881,
20,0,,,,,,,,0,19,19,28,,,,,,,,,,,,,,,,,,,,,,,,,,,,,,,,,,,,,,,,,,,,,space,2.98396660014987,188.9649156006053,None,20,0,9,1,7,188.9649156006053,None,191.96556640043855,None,,,,,,,,,,,,,,,,,,,,,,,,,,,,,,,,,,,,,Sub016,001,2022_May_24_1308,1trainingbehavior_beforeMRI,2021.2.3,59.85633289255881,
10,1,,,,,,,,0,20,20,19,,,,,,,,,,,,,,,,,,,,,,,,,,,,,,,,,,,,,,,,,,,,,space,4.216793600469828,192.46549540013075,None,10,1,19,0,7,192.46549540013075,None,196.69859090074897,None,,,,,,,,,,,,,,,,,,,,,,,,,,,,,,,,,,,,,Sub016,001,2022_May_24_1308,1trainingbehavior_beforeMRI,2021.2.3,59.85633289255881,
20,0,,,,,,,,0,21,21,26,,,,,,,,,,,,,,,,,,,,,,,,,,,,,,,,,,,,,,,,,,,,,space,2.992802900262177,197.19869540072978,None,20,0,16,0,7,197.19869540072978,None,200.21574430074543,None,,,,,,,,,,,,,,,,,,,,,,,,,,,,,,,,,,,,,Sub016,001,2022_May_24_1308,1trainingbehavior_beforeMRI,2021.2.3,59.85633289255881,
30,1,,,,,,,,0,22,22,50,,,,,,,,,,,,,,,,,,,,,,,,,,,,,,,,,,,,,,,,,,,,,space,1.6859230995178223,200.71575480047613,None,30,1,-30,0,7,200.71575480047613,None,202.4323685001582,None,,,,,,,,,,,,,,,,,,,,,,,,,,,,,,,,,,,,,Sub016,001,2022_May_24_1308,1trainingbehavior_beforeMRI,2021.2.3,59.85633289255881,
30,1,,,,,,,,0,23,23,51,,,,,,,,,,,,,,,,,,,,,,,,,,,,,,,,,,,,,,,,,,,,,space,1.8029236998409033,202.93250400014222,None,30,1,19,0,7,202.93250400014222,None,204.7659434005618,None,,,,,,,,,,,,,,,,,,,,,,,,,,,,,,,,,,,,,Sub016,001,2022_May_24_1308,1trainingbehavior_beforeMRI,2021.2.3,59.85633289255881,
30,0,,,,,,,,0,24,24,47,,,,,,,,,,,,,,,,,,,,,,,,,,,,,,,,,,,,,,,,,,,,,space,2.963702599518001,205.26557990070432,None,30,0,2,1,7,205.26557990070432,None,208.24912570044398,None,,,,,,,,,,,,,,,,,,,,,,,,,,,,,,,,,,,,,Sub016,001,2022_May_24_1308,1trainingbehavior_beforeMRI,2021.2.3,59.85633289255881,
30,0,,,,,,,,0,25,25,40,,,,,,,,,,,,,,,,,,,,,,,,,,,,,,,,,,,,,,,,,,,,,space,3.031608000397682,208.74926880002022,None,30,0,30,0,7,208.74926880002022,None,211.79910410009325,None,,,,,,,,,,,,,,,,,,,,,,,,,,,,,,,,,,,,,Sub016,001,2022_May_24_1308,1trainingbehavior_beforeMRI,2021.2.3,59.85633289255881,
30,0,,,,,,,,0,26,26,41,,,,,,,,,,,,,,,,,,,,,,,,,,,,,,,,,,,,,,,,,,,,,space,2.967623100616038,212.2994290003553,None,30,0,2,1,7,212.2994290003553,None,215.282601300627,None,,,,,,,,,,,,,,,,,,,,,,,,,,,,,,,,,,,,,Sub016,001,2022_May_24_1308,1trainingbehavior_beforeMRI,2021.2.3,59.85633289255881,
10,1,,,,,,,,0,27,27,14,,,,,,,,,,,,,,,,,,,,,,,,,,,,,,,,,,,,,,,,,,,,,space,1.7879227995872498,215.78312560077757,None,10,1,12,0,7,215.78312560077757,None,217.5995012000203,None,,,,,,,,,,,,,,,,,,,,,,,,,,,,,,,,,,,,,Sub016,001,2022_May_24_1308,1trainingbehavior_beforeMRI,2021.2.3,59.85633289255881,
30,0,,,,,,,,0,28,28,46,,,,,,,,,,,,,,,,,,,,,,,,,,,,,,,,,,,,,,,,,,,,,space,3.0409113001078367,218.09953380003572,None,30,0,37,0,7,218.09953380003572,None,221.16615370009094,None,,,,,,,,,,,,,,,,,,,,,,,,,,,,,,,,,,,,,Sub016,001,2022_May_24_1308,1trainingbehavior_beforeMRI,2021.2.3,59.85633289255881,
10,1,,,,,,,,0,29,29,17,,,,,,,,,,,,,,,,,,,,,,,,,,,,,,,,,,,,,,,,,,,,,space,1.8221359001472592,221.6665455000475,None,10,1,26,0,7,221.6665455000475,None,223.51674799993634,None,,,,,,,,,,,,,,,,,,,,,,,,,,,,,,,,,,,,,Sub016,001,2022_May_24_1308,1trainingbehavior_beforeMRI,2021.2.3,59.85633289255881,
20,1,,,,,,,,0,30,30,35,,,,,,,,,,,,,,,,,,,,,,,,,,,,,,,,,,,,,,,,,,,,,space,1.8241910003125668,224.0166383003816,None,20,1,26,0,7,224.0166383003816,None,225.8664098000154,None,,,,,,,,,,,,,,,,,,,,,,,,,,,,,,,,,,,,,Sub016,001,2022_May_24_1308,1trainingbehavior_beforeMRI,2021.2.3,59.85633289255881,
20,1,,,,,,,,0,31,31,33,,,,,,,,,,,,,,,,,,,,,,,,,,,,,,,,,,,,,,,,,,,,,space,1.8117955001071095,226.36649960000068,None,20,1,19,0,7,226.36649960000068,None,228.19990439992398,None,,,,,,,,,,,,,,,,,,,,,,,,,,,,,,,,,,,,,Sub016,001,2022_May_24_1308,1trainingbehavior_beforeMRI,2021.2.3,59.85633289255881,
10,1,,,,,,,,0,32,32,11,,,,,,,,,,,,,,,,,,,,,,,,,,,,,,,,,,,,,,,,,,,,,space,1.8293190002441406,228.69988280069083,None,10,1,26,0,7,228.69988280069083,None,230.54994400031865,None,,,,,,,,,,,,,,,,,,,,,,,,,,,,,,,,,,,,,Sub016,001,2022_May_24_1308,1trainingbehavior_beforeMRI,2021.2.3,59.85633289255881,
30,0,,,,,,,,0,33,33,45,,,,,,,,,,,,,,,,,,,,,,,,,,,,,,,,,,,,,,,,,,,,,space,2.8973589995875955,231.04979020077735,None,30,0,-26,0,7,231.04979020077735,None,233.96662280056626,None,,,,,,,,,,,,,,,,,,,,,,,,,,,,,,,,,,,,,Sub016,001,2022_May_24_1308,1trainingbehavior_beforeMRI,2021.2.3,59.85633289255881,
30,0,,,,,,,,0,34,34,49,,,,,,,,,,,,,,,,,,,,,,,,,,,,,,,,,,,,,,,,,,,,,space,3.0037388000637293,234.4669920001179,None,30,0,23,0,7,234.4669920001179,None,237.50055640004575,None,,,,,,,,,,,,,,,,,,,,,,,,,,,,,,,,,,,,,Sub016,001,2022_May_24_1308,1trainingbehavior_beforeMRI,2021.2.3,59.85633289255881,
30,0,,,,,,,,0,35,35,42,,,,,,,,,,,,,,,,,,,,,,,,,,,,,,,,,,,,,,,,,,,,,space,2.9774527000263333,238.0003037005663,None,30,0,9,1,7,238.0003037005663,None,241.0011224001646,None,,,,,,,,,,,,,,,,,,,,,,,,,,,,,,,,,,,,,Sub016,001,2022_May_24_1308,1trainingbehavior_beforeMRI,2021.2.3,59.85633289255881,
30,1,,,,,,,,0,36,36,54,,,,,,,,,,,,,,,,,,,,,,,,,,,,,,,,,,,,,,,,,,,,,space,1.7899636002257466,241.50067600049078,None,30,1,12,1,7,241.50067600049078,None,243.31695290002972,None,,,,,,,,,,,,,,,,,,,,,,,,,,,,,,,,,,,,,Sub016,001,2022_May_24_1308,1trainingbehavior_beforeMRI,2021.2.3,59.85633289255881,
20,1,,,,,,,,0,37,37,36,,,,,,,,,,,,,,,,,,,,,,,,,,,,,,,,,,,,,,,,,,,,,space,1.8401345005258918,243.81746960058808,None,20,1,33,0,7,243.81746960058808,None,245.683809700422,None,,,,,,,,,,,,,,,,,,,,,,,,,,,,,,,,,,,,,Sub016,001,2022_May_24_1308,1trainingbehavior_beforeMRI,2021.2.3,59.85633289255881,
10,0,,,,,,,,0,38,38,9,,,,,,,,,,,,,,,,,,,,,,,,,,,,,,,,,,,,,,,,,,,,,space,3.0130662005394697,246.18388970009983,None,10,0,23,0,7,246.18388970009983,None,249.21756910067052,None,,,,,,,,,,,,,,,,,,,,,,,,,,,,,,,,,,,,,Sub016,001,2022_May_24_1308,1trainingbehavior_beforeMRI,2021.2.3,59.85633289255881,
10,1,,,,,,,,0,39,39,12,,,,,,,,,,,,,,,,,,,,,,,,,,,,,,,,,,,,,,,,,,,,,space,1.793652200140059,249.71752880048007,None,10,1,12,0,7,249.71752880048007,None,251.5342177003622,None,,,,,,,,,,,,,,,,,,,,,,,,,,,,,,,,,,,,,Sub016,001,2022_May_24_1308,1trainingbehavior_beforeMRI,2021.2.3,59.85633289255881,
10,1,,,,,,,,0,40,40,13,,,,,,,,,,,,,,,,,,,,,,,,,,,,,,,,,,,,,,,,,,,,,space,1.7702446999028325,252.03430030029267,None,10,1,5,1,7,252.03430030029267,None,253.83432390075177,None,,,,,,,,,,,,,,,,,,,,,,,,,,,,,,,,,,,,,Sub016,001,2022_May_24_1308,1trainingbehavior_beforeMRI,2021.2.3,59.85633289255881,
30,1,,,,,,,,0,41,41,53,,,,,,,,,,,,,,,,,,,,,,,,,,,,,,,,,,,,,,,,,,,,,space,1.8289870005100965,254.33423190005124,None,30,1,26,0,7,254.33423190005124,None,256.18410370033234,None,,,,,,,,,,,,,,,,,,,,,,,,,,,,,,,,,,,,,Sub016,001,2022_May_24_1308,1trainingbehavior_beforeMRI,2021.2.3,59.85633289255881,
20,1,,,,,,,,0,42,42,39,,,,,,,,,,,,,,,,,,,,,,,,,,,,,,,,,,,,,,,,,,,,,space,1.76764150056988,256.6842950005084,None,20,1,-2,1,7,256.6842950005084,None,258.467436700128,None,,,,,,,,,,,,,,,,,,,,,,,,,,,,,,,,,,,,,Sub016,001,2022_May_24_1308,1trainingbehavior_beforeMRI,2021.2.3,59.85633289255881,
20,0,,,,,,,,0,43,43,24,,,,,,,,,,,,,,,,,,,,,,,,,,,,,,,,,,,,,,,,,,,,,space,3.0119134997949004,258.96793460007757,None,20,0,23,0,7,258.96793460007757,None,262.0011269999668,None,,,,,,,,,,,,,,,,,,,,,,,,,,,,,,,,,,,,,Sub016,001,2022_May_24_1308,1trainingbehavior_beforeMRI,2021.2.3,59.85633289255881,
20,0,,,,,,,,0,44,44,20,,,,,,,,,,,,,,,,,,,,,,,,,,,,,,,,,,,,,,,,,,,,,space,2.979587100446224,262.5011178003624,None,20,0,9,1,7,262.5011178003624,None,265.5012151002884,None,,,,,,,,,,,,,,,,,,,,,,,,,,,,,,,,,,,,,Sub016,001,2022_May_24_1308,1trainingbehavior_beforeMRI,2021.2.3,59.85633289255881,
20,1,,,,,,,,0,45,45,34,,,,,,,,,,,,,,,,,,,,,,,,,,,,,,,,,,,,,,,,,,,,,space,1.8073749002069235,266.0014554001391,None,20,1,19,0,7,266.0014554001391,None,267.8344038007781,None,,,,,,,,,,,,,,,,,,,,,,,,,,,,,,,,,,,,,Sub016,001,2022_May_24_1308,1trainingbehavior_beforeMRI,2021.2.3,59.85633289255881,
30,1,,,,,,,,0,46,46,58,,,,,,,,,,,,,,,,,,,,,,,,,,,,,,,,,,,,,,,,,,,,,space,1.763768800534308,268.3348970003426,None,30,1,-2,1,7,268.3348970003426,None,270.11813249997795,None,,,,,,,,,,,,,,,,,,,,,,,,,,,,,,,,,,,,,Sub016,001,2022_May_24_1308,1trainingbehavior_beforeMRI,2021.2.3,59.85633289255881,
10,0,,,,,,,,0,47,47,1,,,,,,,,,,,,,,,,,,,,,,,,,,,,,,,,,,,,,,,,,,,,,space,2.9550751000642776,270.6180588006973,None,10,0,2,1,7,270.6180588006973,None,273.601389400661,None,,,,,,,,,,,,,,,,,,,,,,,,,,,,,,,,,,,,,Sub016,001,2022_May_24_1308,1trainingbehavior_beforeMRI,2021.2.3,59.85633289255881,
30,0,,,,,,,,0,48,48,48,,,,,,,,,,,,,,,,,,,,,,,,,,,,,,,,,,,,,,,,,,,,,space,3.0439918003976345,274.101833300665,None,30,0,37,0,7,274.101833300665,None,277.16825560014695,None,,,,,,,,,,,,,,,,,,,,,,,,,,,,,,,,,,,,,Sub016,001,2022_May_24_1308,1trainingbehavior_beforeMRI,2021.2.3,59.85633289255881,
20,0,,,,,,,,0,49,49,21,,,,,,,,,,,,,,,,,,,,,,,,,,,,,,,,,,,,,,,,,,,,,space,3.0046261996030807,277.668615099974,None,20,0,23,0,7,277.668615099974,None,280.70186949986964,None,,,,,,,,,,,,,,,,,,,,,,,,,,,,,,,,,,,,,Sub016,001,2022_May_24_1308,1trainingbehavior_beforeMRI,2021.2.3,59.85633289255881,
30,0,,,,,,,,0,50,50,43,,,,,,,,,,,,,,,,,,,,,,,,,,,,,,,,,,,,,,,,,,,,,space,3.017774499952793,281.20211230032146,None,30,0,23,0,7,281.20211230032146,None,284.2351000001654,None,,,,,,,,,,,,,,,,,,,,,,,,,,,,,,,,,,,,,Sub016,001,2022_May_24_1308,1trainingbehavior_beforeMRI,2021.2.3,59.85633289255881,
20,0,,,,,,,,0,51,51,29,,,,,,,,,,,,,,,,,,,,,,,,,,,,,,,,,,,,,,,,,,,,,space,2.9606817001476884,284.73545750044286,None,20,0,2,1,7,284.73545750044286,None,287.71857389993966,None,,,,,,,,,,,,,,,,,,,,,,,,,,,,,,,,,,,,,Sub016,001,2022_May_24_1308,1trainingbehavior_beforeMRI,2021.2.3,59.85633289255881,
10,1,,,,,,,,0,52,52,16,,,,,,,,,,,,,,,,,,,,,,,,,,,,,,,,,,,,,,,,,,,,,space,1.8058453993871808,288.21918989997357,None,10,1,19,0,7,288.21918989997357,None,290.052172800526,None,,,,,,,,,,,,,,,,,,,,,,,,,,,,,,,,,,,,,Sub016,001,2022_May_24_1308,1trainingbehavior_beforeMRI,2021.2.3,59.85633289255881,
10,1,,,,,,,,0,53,53,18,,,,,,,,,,,,,,,,,,,,,,,,,,,,,,,,,,,,,,,,,,,,,space,1.7482070997357368,290.55212310049683,None,10,1,-9,0,7,290.55212310049683,None,292.3187195006758,None,,,,,,,,,,,,,,,,,,,,,,,,,,,,,,,,,,,,,Sub016,001,2022_May_24_1308,1trainingbehavior_beforeMRI,2021.2.3,59.85633289255881,
20,1,,,,,,,,0,54,54,31,,,,,,,,,,,,,,,,,,,,,,,,,,,,,,,,,,,,,,,,,,,,,space,1.74329540040344,292.81925630010664,None,20,1,-9,1,7,292.81925630010664,None,294.58568100072443,None,,,,,,,,,,,,,,,,,,,,,,,,,,,,,,,,,,,,,Sub016,001,2022_May_24_1308,1trainingbehavior_beforeMRI,2021.2.3,59.85633289255881,
10,0,,,,,,,,0,55,55,0,,,,,,,,,,,,,,,,,,,,,,,,,,,,,,,,,,,,,,,,,,,,,space,3.0810671001672745,295.08574870042503,None,10,0,51,0,7,295.08574870042503,None,298.18583209998906,None,,,,,,,,,,,,,,,,,,,,,,,,,,,,,,,,,,,,,Sub016,001,2022_May_24_1308,1trainingbehavior_beforeMRI,2021.2.3,59.85633289255881,
30,1,,,,,,,,0,56,56,52,,,,,,,,,,,,,,,,,,,,,,,,,,,,,,,,,,,,,,,,,,,,,space,1.7898305002599955,298.6860349001363,None,30,1,12,1,7,298.6860349001363,None,300.5025535002351,None,,,,,,,,,,,,,,,,,,,,,,,,,,,,,,,,,,,,,Sub016,001,2022_May_24_1308,1trainingbehavior_beforeMRI,2021.2.3,59.85633289255881,
20,1,,,,,,,,0,57,57,37,,,,,,,,,,,,,,,,,,,,,,,,,,,,,,,,,,,,,,,,,,,,,space,1.8497270001098514,301.00272840075195,None,20,1,33,0,7,301.00272840075195,None,302.86946000065655,None,,,,,,,,,,,,,,,,,,,,,,,,,,,,,,,,,,,,,Sub016,001,2022_May_24_1308,1trainingbehavior_beforeMRI,2021.2.3,59.85633289255881,
20,1,,,,,,,,0,58,58,38,,,,,,,,,,,,,,,,,,,,,,,,,,,,,,,,,,,,,,,,,,,,,space,1.7769245998933911,303.3694820003584,None,20,1,5,1,7,303.3694820003584,None,305.17094840016216,None,,,,,,,,,,,,,,,,,,,,,,,,,,,,,,,,,,,,,Sub016,001,2022_May_24_1308,1trainingbehavior_beforeMRI,2021.2.3,59.85633289255881,
20,1,,,,,,,,0,59,59,32,,,,,,,,,,,,,,,,,,,,,,,,,,,,,,,,,,,,,,,,,,,,,space,1.8378809997811913,305.68638030067086,None,20,1,33,0,7,305.68638030067086,None,307.55248509999365,None,,,,,,,,,,,,,,,,,,,,,,,,,,,,,,,,,,,,,Sub016,001,2022_May_24_1308,1trainingbehavior_beforeMRI,2021.2.3,59.85633289255881,
,,,,,,,,,,,,,0,0,0,0,,,,,,,,,,,,,,,,,,,,,,,,,,,,,,,,,,,,,,,,,,,,,,,,,,,,,,308.05276130046695,None,17.381671358949706,8.805554710443921,23.447874663223153,44.55270002725989,[ 8.80555471 23.44787466 44.55270003],,,,,,,,,,,,,,,,,,,,,,,,,,,,,,Sub016,001,2022_May_24_1308,1trainingbehavior_beforeMRI,2021.2.3,59.85633289255881,
10,,,,,,,,,,,,,,,,,0,0,0,0,,,,,0,0,0,0,,,,,,,,,,,,,,,,,,,,,,,,,,,,,,,,,,,,,,,,,,,,,,,,,323.1517031006515,None,None,None,323.1517031006515,None,3,12.485651499591768,323.1517031006515,None,,,,,,,,,,,,,,,,,,,,Sub016,001,2022_May_24_1308,1trainingbehavior_beforeMRI,2021.2.3,59.85633289255881,
10,,,,,,,,,,,,,,,,,0,0,0,0,,,,,,,,,,,,,,,,,,,,,,,,,,,,,,,,,,,,,,,,,,,,,,,,,,,,,,,,,,,,,,,,,,,,,,,,,,,,,,,,,,,,,,Sub016,001,2022_May_24_1308,1trainingbehavior_beforeMRI,2021.2.3,59.85633289255881,
20,,,,,,,,,,,,,,,,,0,1,1,1,,,,,0,0,0,0,,,,,,,,,,,,,,,,,,,,,,,,,,,,,,,,,,,,,,,,,,,,,,,,,335.65362349990755,None,None,None,335.65362349990755,None,3,10.714389299973845,335.65362349990755,None,,,,,,,,,,,,,,,,,,,,Sub016,001,2022_May_24_1308,1trainingbehavior_beforeMRI,2021.2.3,59.85633289255881,
20,,,,,,,,,,,,,,,,,0,1,1,1,,,,,,,,,,,,,,,,,,,,,,,,,,,,,,,,,,,,,,,,,,,,,,,,,,,,,,,,,,,,,,,,,,,,,,,,,,,,,,,,,,,,,,Sub016,001,2022_May_24_1308,1trainingbehavior_beforeMRI,2021.2.3,59.85633289255881,
30,,,,,,,,,,,,,,,,,0,2,2,2,,,,,0,0,0,0,,,,,,,,,,,,,,,,,,,,,,,,,,,,,,,,,,,,,,,,,,,,,,,,,346.38741930015385,None,None,None,346.38741930015385,None,4,5.175434700213373,346.38741930015385,None,,,,,,,,,,,,,,,,,,,,Sub016,001,2022_May_24_1308,1trainingbehavior_beforeMRI,2021.2.3,59.85633289255881,
30,,,,,,,,,,,,,,,,,0,2,2,2,,,,,,,,,,,,,,,,,,,,,,,,,,,,,,,,,,,,,,,,,,,,,,,,,,,,,,,,,,,,,,,,,,,,,,,,,,,,,,,,,,,,,,Sub016,001,2022_May_24_1308,1trainingbehavior_beforeMRI,2021.2.3,59.85633289255881,
,,Card_80.xlsx,80,1,,,,,,,,,,,,,,,,,,,,,,,,,,,,,0,0,0,0,0,0,0,2,0,0,0,9,,,,,,,,,,,,,,,,,,,,,,,,,,,,,,,,,,,,,,,,,,,351.5876807998866,None,354.3046021005139,None,396.6061570001766,None,80,1,,,,,,,,,,,,Sub016,001,2022_May_24_1308,1trainingbehavior_beforeMRI,2021.2.3,59.85633289255881,
,,Card_80.xlsx,80,1,,,,,,,,,,,,,,,,,,,,,,,,,,,,,0,0,0,0,0,0,0,2,0,1,1,6,,,,,,,,,,,,,,,,,,,,,,,,,,,,,,,,,,,,,,,,,,,,,,,,,80,1,,,,,,,,,,,,Sub016,001,2022_May_24_1308,1trainingbehavior_beforeMRI,2021.2.3,59.85633289255881,
,,Card_80.xlsx,80,0,,,,,,,,,,,,,,,,,,,,,,,,,,,,,0,0,0,0,0,0,0,2,0,2,2,0,,,,,,,,,,,,,,,,,,,,,,,,,,,,,,,,,,,,,,,,,,,,,,,,,80,0,,,,,,,,,,,,Sub016,001,2022_May_24_1308,1trainingbehavior_beforeMRI,2021.2.3,59.85633289255881,
,,Card_80.xlsx,80,1,,,,,,,,,,,,,,,,,,,,,,,,,,,,,0,0,0,0,0,0,0,2,0,3,3,2,,,,,,,,,,,,,,,,,,,,,,,,,,,,,,,,,,,,,,,,,,,,,,,,,80,1,,,,,,,,,,,,Sub016,001,2022_May_24_1308,1trainingbehavior_beforeMRI,2021.2.3,59.85633289255881,
,,Card_80.xlsx,80,1,,,,,,,,,,,,,,,,,,,,,,,,,,,,,0,0,0,0,0,0,0,2,0,4,4,7,,,,,,,,,,,,,,,,,,,,,,,,,,,,,,,,,,,,,,,,,,,,,,,,,80,1,,,,,,,,,,,,Sub016,001,2022_May_24_1308,1trainingbehavior_beforeMRI,2021.2.3,59.85633289255881,
,,Card_80.xlsx,80,1,,,,,,,,,,,,,,,,,,,,,,,,,,,,,0,0,0,0,0,0,0,2,0,5,5,3,,,,,,,,,,,,,,,,,,,,,,,,,,,,,,,,,,,,,,,,,,,,,,,,,80,1,,,,,,,,,,,,Sub016,001,2022_May_24_1308,1trainingbehavior_beforeMRI,2021.2.3,59.85633289255881,
,,Card_80.xlsx,80,0,,,,,,,,,,,,,,,,,,,,,,,,,,,,,0,0,0,0,0,0,0,2,0,6,6,1,,,,,,,,,,,,,,,,,,,,,,,,,,,,,,,,,,,,,,,,,,,,,,,,,80,0,,,,,,,,,,,,Sub016,001,2022_May_24_1308,1trainingbehavior_beforeMRI,2021.2.3,59.85633289255881,
,,Card_80.xlsx,80,1,,,,,,,,,,,,,,,,,,,,,,,,,,,,,0,0,0,0,0,0,0,2,0,7,7,4,,,,,,,,,,,,,,,,,,,,,,,,,,,,,,,,,,,,,,,,,,,,,,,,,80,1,,,,,,,,,,,,Sub016,001,2022_May_24_1308,1trainingbehavior_beforeMRI,2021.2.3,59.85633289255881,
,,Card_80.xlsx,80,1,,,,,,,,,,,,,,,,,,,,,,,,,,,,,0,0,0,0,0,0,0,2,0,8,8,8,,,,,,,,,,,,,,,,,,,,,,,,,,,,,,,,,,,,,,,,,,,,,,,,,80,1,,,,,,,,,,,,Sub016,001,2022_May_24_1308,1trainingbehavior_beforeMRI,2021.2.3,59.85633289255881,
,,Card_80.xlsx,80,1,,,,,,,,,,,,,,,,,,,,,,,,,,,,,0,0,0,0,0,0,0,2,0,9,9,5,,,,,,,,,,,,,,,,,,,,,,,,,,,,,,,,,,,,,,,,,,,,,,,,,80,1,,,,,,,,,,,,Sub016,001,2022_May_24_1308,1trainingbehavior_beforeMRI,2021.2.3,59.85633289255881,
,,Card_80.xlsx,,,,,,,,,,,,,,,,,,,,,,,,,,,,,,,0,0,0,0,0,0,0,2,,,,,,,,,0,0,0,0,,,,,,,,,,,,,,,,,,,,,,,,,,,,,,,,,,,,,,,,,,,80,None,None,480.39768679998815,None,4,10.640283100306988,480.39768679998815,None,,,Sub016,001,2022_May_24_1308,1trainingbehavior_beforeMRI,2021.2.3,59.85633289255881,
,,Card_80.xlsx,,,,,,,,,,,,,,,,,,,,,,,,,,,,,,,0,0,0,0,0,0,0,2,,,,,,,,,,,,,,,,,,,,,,,,,,,,,,,,,,,,,,,,,,,,,,,,,,,,,,,,,,,,,,,,,,Sub016,001,2022_May_24_1308,1trainingbehavior_beforeMRI,2021.2.3,59.85633289255881,
,,Card_20.xlsx,20,0,,,,,,,,,,,,,,,,,,,,,,,,,,,,,0,0,0,0,0,1,1,0,0,0,0,7,,,,,,,,,,,,,,,,,,,,,,,,,,,,,,,,,,,,,,,,,,,,,,,,,20,0,,,,,,,,,,,,Sub016,001,2022_May_24_1308,1trainingbehavior_beforeMRI,2021.2.3,59.85633289255881,
,,Card_20.xlsx,20,0,,,,,,,,,,,,,,,,,,,,,,,,,,,,,0,0,0,0,0,1,1,0,0,1,1,2,,,,,,,,,,,,,,,,,,,,,,,,,,,,,,,,,,,,,,,,,,,,,,,,,20,0,,,,,,,,,,,,Sub016,001,2022_May_24_1308,1trainingbehavior_beforeMRI,2021.2.3,59.85633289255881,
,,Card_20.xlsx,20,0,,,,,,,,,,,,,,,,,,,,,,,,,,,,,0,0,0,0,0,1,1,0,0,2,2,6,,,,,,,,,,,,,,,,,,,,,,,,,,,,,,,,,,,,,,,,,,,,,,,,,20,0,,,,,,,,,,,,Sub016,001,2022_May_24_1308,1trainingbehavior_beforeMRI,2021.2.3,59.85633289255881,
,,Card_20.xlsx,20,0,,,,,,,,,,,,,,,,,,,,,,,,,,,,,0,0,0,0,0,1,1,0,0,3,3,5,,,,,,,,,,,,,,,,,,,,,,,,,,,,,,,,,,,,,,,,,,,,,,,,,20,0,,,,,,,,,,,,Sub016,001,2022_May_24_1308,1trainingbehavior_beforeMRI,2021.2.3,59.85633289255881,
,,Card_20.xlsx,20,0,,,,,,,,,,,,,,,,,,,,,,,,,,,,,0,0,0,0,0,1,1,0,0,4,4,3,,,,,,,,,,,,,,,,,,,,,,,,,,,,,,,,,,,,,,,,,,,,,,,,,20,0,,,,,,,,,,,,Sub016,001,2022_May_24_1308,1trainingbehavior_beforeMRI,2021.2.3,59.85633289255881,
,,Card_20.xlsx,20,0,,,,,,,,,,,,,,,,,,,,,,,,,,,,,0,0,0,0,0,1,1,0,0,5,5,1,,,,,,,,,,,,,,,,,,,,,,,,,,,,,,,,,,,,,,,,,,,,,,,,,20,0,,,,,,,,,,,,Sub016,001,2022_May_24_1308,1trainingbehavior_beforeMRI,2021.2.3,59.85633289255881,
,,Card_20.xlsx,20,0,,,,,,,,,,,,,,,,,,,,,,,,,,,,,0,0,0,0,0,1,1,0,0,6,6,4,,,,,,,,,,,,,,,,,,,,,,,,,,,,,,,,,,,,,,,,,,,,,,,,,20,0,,,,,,,,,,,,Sub016,001,2022_May_24_1308,1trainingbehavior_beforeMRI,2021.2.3,59.85633289255881,
,,Card_20.xlsx,20,0,,,,,,,,,,,,,,,,,,,,,,,,,,,,,0,0,0,0,0,1,1,0,0,7,7,0,,,,,,,,,,,,,,,,,,,,,,,,,,,,,,,,,,,,,,,,,,,,,,,,,20,0,,,,,,,,,,,,Sub016,001,2022_May_24_1308,1trainingbehavior_beforeMRI,2021.2.3,59.85633289255881,
,,Card_20.xlsx,20,1,,,,,,,,,,,,,,,,,,,,,,,,,,,,,0,0,0,0,0,1,1,0,0,8,8,9,,,,,,,,,,,,,,,,,,,,,,,,,,,,,,,,,,,,,,,,,,,,,,,,,20,1,,,,,,,,,,,,Sub016,001,2022_May_24_1308,1trainingbehavior_beforeMRI,2021.2.3,59.85633289255881,
,,Card_20.xlsx,20,1,,,,,,,,,,,,,,,,,,,,,,,,,,,,,0,0,0,0,0,1,1,0,0,9,9,8,,,,,,,,,,,,,,,,,,,,,,,,,,,,,,,,,,,,,,,,,,,,,,,,,20,1,,,,,,,,,,,,Sub016,001,2022_May_24_1308,1trainingbehavior_beforeMRI,2021.2.3,59.85633289255881,
,,Card_20.xlsx,,,,,,,,,,,,,,,,,,,,,,,,,,,,,,,0,0,0,0,0,1,1,0,,,,,,,,,0,0,0,0,,,,,,,,,,,,,,,,,,,,,,,,,,,,,,,,,,,,,,,,,,,20,None,None,526.0773443002254,None,7,8.33699110057205,526.0773443002254,None,,,Sub016,001,2022_May_24_1308,1trainingbehavior_beforeMRI,2021.2.3,59.85633289255881,
,,Card_20.xlsx,,,,,,,,,,,,,,,,,,,,,,,,,,,,,,,0,0,0,0,0,1,1,0,,,,,,,,,,,,,,,,,,,,,,,,,,,,,,,,,,,,,,,,,,,,,,,,,,,,,,,,,,,,,,,,,,Sub016,001,2022_May_24_1308,1trainingbehavior_beforeMRI,2021.2.3,59.85633289255881,
,,Card_50.xlsx,50,1,,,,,,,,,,,,,,,,,,,,,,,,,,,,,0,0,0,0,0,2,2,1,0,0,0,5,,,,,,,,,,,,,,,,,,,,,,,,,,,,,,,,,,,,,,,,,,,,,,,,,50,1,,,,,,,,,,,,Sub016,001,2022_May_24_1308,1trainingbehavior_beforeMRI,2021.2.3,59.85633289255881,
,,Card_50.xlsx,50,0,,,,,,,,,,,,,,,,,,,,,,,,,,,,,0,0,0,0,0,2,2,1,0,1,1,4,,,,,,,,,,,,,,,,,,,,,,,,,,,,,,,,,,,,,,,,,,,,,,,,,50,0,,,,,,,,,,,,Sub016,001,2022_May_24_1308,1trainingbehavior_beforeMRI,2021.2.3,59.85633289255881,
,,Card_50.xlsx,50,1,,,,,,,,,,,,,,,,,,,,,,,,,,,,,0,0,0,0,0,2,2,1,0,2,2,9,,,,,,,,,,,,,,,,,,,,,,,,,,,,,,,,,,,,,,,,,,,,,,,,,50,1,,,,,,,,,,,,Sub016,001,2022_May_24_1308,1trainingbehavior_beforeMRI,2021.2.3,59.85633289255881,
,,Card_50.xlsx,50,1,,,,,,,,,,,,,,,,,,,,,,,,,,,,,0,0,0,0,0,2,2,1,0,3,3,7,,,,,,,,,,,,,,,,,,,,,,,,,,,,,,,,,,,,,,,,,,,,,,,,,50,1,,,,,,,,,,,,Sub016,001,2022_May_24_1308,1trainingbehavior_beforeMRI,2021.2.3,59.85633289255881,
,,Card_50.xlsx,50,0,,,,,,,,,,,,,,,,,,,,,,,,,,,,,0,0,0,0,0,2,2,1,0,4,4,2,,,,,,,,,,,,,,,,,,,,,,,,,,,,,,,,,,,,,,,,,,,,,,,,,50,0,,,,,,,,,,,,Sub016,001,2022_May_24_1308,1trainingbehavior_beforeMRI,2021.2.3,59.85633289255881,
,,Card_50.xlsx,50,0,,,,,,,,,,,,,,,,,,,,,,,,,,,,,0,0,0,0,0,2,2,1,0,5,5,3,,,,,,,,,,,,,,,,,,,,,,,,,,,,,,,,,,,,,,,,,,,,,,,,,50,0,,,,,,,,,,,,Sub016,001,2022_May_24_1308,1trainingbehavior_beforeMRI,2021.2.3,59.85633289255881,
,,Card_50.xlsx,50,0,,,,,,,,,,,,,,,,,,,,,,,,,,,,,0,0,0,0,0,2,2,1,0,6,6,0,,,,,,,,,,,,,,,,,,,,,,,,,,,,,,,,,,,,,,,,,,,,,,,,,50,0,,,,,,,,,,,,Sub016,001,2022_May_24_1308,1trainingbehavior_beforeMRI,2021.2.3,59.85633289255881,
,,Card_50.xlsx,50,1,,,,,,,,,,,,,,,,,,,,,,,,,,,,,0,0,0,0,0,2,2,1,0,7,7,6,,,,,,,,,,,,,,,,,,,,,,,,,,,,,,,,,,,,,,,,,,,,,,,,,50,1,,,,,,,,,,,,Sub016,001,2022_May_24_1308,1trainingbehavior_beforeMRI,2021.2.3,59.85633289255881,
,,Card_50.xlsx,50,0,,,,,,,,,,,,,,,,,,,,,,,,,,,,,0,0,0,0,0,2,2,1,0,8,8,1,,,,,,,,,,,,,,,,,,,,,,,,,,,,,,,,,,,,,,,,,,,,,,,,,50,0,,,,,,,,,,,,Sub016,001,2022_May_24_1308,1trainingbehavior_beforeMRI,2021.2.3,59.85633289255881,
,,Card_50.xlsx,50,1,,,,,,,,,,,,,,,,,,,,,,,,,,,,,0,0,0,0,0,2,2,1,0,9,9,8,,,,,,,,,,,,,,,,,,,,,,,,,,,,,,,,,,,,,,,,,,,,,,,,,50,1,,,,,,,,,,,,Sub016,001,2022_May_24_1308,1trainingbehavior_beforeMRI,2021.2.3,59.85633289255881,
,,Card_50.xlsx,,,,,,,,,,,,,,,,,,,,,,,,,,,,,,,0,0,0,0,0,2,2,1,,,,,,,,,0,0,0,0,,,,,,,,,,,,,,,,,,,,,,,,,,,,,,,,,,,,,,,,,,,50,None,None,569.4645605003461,None,6,6.5888851005584,569.4645605003461,None,,,Sub016,001,2022_May_24_1308,1trainingbehavior_beforeMRI,2021.2.3,59.85633289255881,
,,Card_50.xlsx,,,,,,,,,,,,,,,,,,,,,,,,,,,,,,,0,0,0,0,0,2,2,1,,,,,,,,,,,,,,,,,,,,,,,,,,,,,,,,,,,,,,,,,,,,,,,,,,,,,,,,,,,,,,,,,,Sub016,001,2022_May_24_1308,1trainingbehavior_beforeMRI,2021.2.3,59.85633289255881,
,,,,,,,,,,,,,,,,,,,,,,,,,,,,,,,,,0,0,0,0,,,,,,,,,,,,,,,,,,,,,,,,,,,,,,,,,,,,,,,,,,,,,,,,,,,,,,,,,,,,,,,,,,,,576.0795968007296,None,Sub016,001,2022_May_24_1308,1trainingbehavior_beforeMRI,2021.2.3,59.85633289255881,
