﻿Target_Size,start_position,Run_Files,current_card_prob,current_WinLoss,start.thisRepN,start.thisTrialN,start.thisN,start.thisIndex,trials.thisRepN,trials.thisTrialN,trials.thisN,trials.thisIndex,Indi_Info.thisRepN,Indi_Info.thisTrialN,Indi_Info.thisN,Indi_Info.thisIndex,trials_bar_Q.thisRepN,trials_bar_Q.thisTrialN,trials_bar_Q.thisN,trials_bar_Q.thisIndex,Confi_bar_L.thisRepN,Confi_bar_L.thisTrialN,Confi_bar_L.thisN,Confi_bar_L.thisIndex,Confi_bar_R.thisRepN,Confi_bar_R.thisTrialN,Confi_bar_R.thisN,Confi_bar_R.thisIndex,StopGame.thisRepN,StopGame.thisTrialN,StopGame.thisN,StopGame.thisIndex,ContinuePlay.thisRepN,ContinuePlay.thisTrialN,ContinuePlay.thisN,ContinuePlay.thisIndex,Run_card.thisRepN,Run_card.thisTrialN,Run_card.thisN,Run_card.thisIndex,trials_card.thisRepN,trials_card.thisTrialN,trials_card.thisN,trials_card.thisIndex,Qlikely_card_L.thisRepN,Qlikely_card_L.thisTrialN,Qlikely_card_L.thisN,Qlikely_card_L.thisIndex,Qlikely_card_R.thisRepN,Qlikely_card_R.thisTrialN,Qlikely_card_R.thisN,Qlikely_card_R.thisIndex,run_L,run_R,instr.started,instr.stopped,key_resp_bar.keys,key_resp_bar.rt,key_resp_bar.started,key_resp_bar.stopped,Current_Target_Size,Start_position,key_resp_bar.position,key_resp_bar.hit,trial_speed,center.started,center.stopped,center2.started,center2.stopped,instr_4.started,instr_4.stopped,sigma_indi,targetSize_20,targetSize_50,targetSize_80,targetSize_indi,center_11.started,center_11.stopped,Slider_LikelyBar_R.response,Slider_LikelyBar_R.rt,Slider_LikelyBar_R.started,Slider_LikelyBar_R.stopped,key_resp_LikeQ_bar_R.keys,key_resp_LikeQ_bar_R.rt,key_resp_LikeQ_bar_R.started,key_resp_LikeQ_bar_R.stopped,bar_final_text.started,bar_final_text.stopped,card_instr_text.started,card_instr_text.stopped,instr_5.started,instr_5.stopped,current_card_prob,current_WinLoss,Q_card_prob,Slider_LikelyCard_R.response,Slider_LikelyCard_R.rt,Slider_LikelyCard_R.started,Slider_LikelyCard_R.stopped,key_resp_LikeQ_card_R.keys,key_resp_LikeQ_card_R.rt,key_resp_LikeQ_card_R.started,key_resp_LikeQ_card_R.stopped,bar_final_text_2.started,bar_final_text_2.stopped,participant,session,date,expName,psychopyVersion,frameRate,
,,,,,0,0,0,0,,,,,,,,,,,,,,,,,,,,,,,,,,,,,,,,,,,,,,,,,,,,,0,1,10.640683599747717,None,,,,,,,,,,,,,,,,,,,,,,,,,,,,,,,,,,,,,,,,,,,,,,,,,,Sub022,001,2022_Jun_02_1325,1trainingbehavior_beforeMRI,2021.2.3,60.00160825092855,
10,0,,,,,,,,0,0,0,5,,,,,,,,,,,,,,,,,,,,,,,,,,,,,,,,,,,,,,,,,,,,,space,5.427314999513328,111.45362689998001,None,10,0,30,0,7,111.45362689998001,None,116.90387649927288,None,,,,,,,,,,,,,,,,,,,,,,,,,,,,,,,,,,,,,Sub022,001,2022_Jun_02_1325,1trainingbehavior_beforeMRI,2021.2.3,60.00160825092855,
10,1,,,,,,,,0,1,1,12,,,,,,,,,,,,,,,,,,,,,,,,,,,,,,,,,,,,,,,,,,,,,space,4.208166800439358,117.41534179914743,None,10,1,19,0,7,117.41534179914743,None,121.64918709918857,None,,,,,,,,,,,,,,,,,,,,,,,,,,,,,,,,,,,,,Sub022,001,2022_Jun_02_1325,1trainingbehavior_beforeMRI,2021.2.3,60.00160825092855,
10,0,,,,,,,,0,2,2,2,,,,,,,,,,,,,,,,,,,,,,,,,,,,,,,,,,,,,,,,,,,,,space,5.382108400575817,122.14899509958923,None,10,0,9,0,7,122.14899509958923,None,127.5490733999759,None,,,,,,,,,,,,,,,,,,,,,,,,,,,,,,,,,,,,,Sub022,001,2022_Jun_02_1325,1trainingbehavior_beforeMRI,2021.2.3,60.00160825092855,
20,1,,,,,,,,0,3,3,31,,,,,,,,,,,,,,,,,,,,,,,,,,,,,,,,,,,,,,,,,,,,,space,4.141586000099778,128.04926129989326,None,20,1,-9,1,7,128.04926129989326,None,132.2180767999962,None,,,,,,,,,,,,,,,,,,,,,,,,,,,,,,,,,,,,,Sub022,001,2022_Jun_02_1325,1trainingbehavior_beforeMRI,2021.2.3,60.00160825092855,
10,1,,,,,,,,0,4,4,16,,,,,,,,,,,,,,,,,,,,,,,,,,,,,,,,,,,,,,,,,,,,,space,4.224487300030887,132.73287629988045,None,10,1,26,0,7,132.73287629988045,None,136.98264429997653,None,,,,,,,,,,,,,,,,,,,,,,,,,,,,,,,,,,,,,Sub022,001,2022_Jun_02_1325,1trainingbehavior_beforeMRI,2021.2.3,60.00160825092855,
30,1,,,,,,,,0,5,5,56,,,,,,,,,,,,,,,,,,,,,,,,,,,,,,,,,,,,,,,,,,,,,space,1.7848869003355503,137.4830340994522,None,30,1,5,1,7,137.4830340994522,None,139.28284979984164,None,,,,,,,,,,,,,,,,,,,,,,,,,,,,,,,,,,,,,Sub022,001,2022_Jun_02_1325,1trainingbehavior_beforeMRI,2021.2.3,60.00160825092855,
30,0,,,,,,,,0,6,6,42,,,,,,,,,,,,,,,,,,,,,,,,,,,,,,,,,,,,,,,,,,,,,space,3.0581570994108915,139.78308869991452,None,30,0,44,0,7,139.78308869991452,None,142.8662648992613,None,,,,,,,,,,,,,,,,,,,,,,,,,,,,,,,,,,,,,Sub022,001,2022_Jun_02_1325,1trainingbehavior_beforeMRI,2021.2.3,60.00160825092855,
30,0,,,,,,,,0,7,7,45,,,,,,,,,,,,,,,,,,,,,,,,,,,,,,,,,,,,,,,,,,,,,space,1.8362626992166042,143.36640309914947,None,30,0,-33,0,7,143.36640309914947,None,145.23317259922624,None,,,,,,,,,,,,,,,,,,,,,,,,,,,,,,,,,,,,,Sub022,001,2022_Jun_02_1325,1trainingbehavior_beforeMRI,2021.2.3,60.00160825092855,
10,1,,,,,,,,0,8,8,18,,,,,,,,,,,,,,,,,,,,,,,,,,,,,,,,,,,,,,,,,,,,,space,4.195956500247121,145.73342379927635,None,10,1,12,0,7,145.73342379927635,None,149.95000459998846,None,,,,,,,,,,,,,,,,,,,,,,,,,,,,,,,,,,,,,Sub022,001,2022_Jun_02_1325,1trainingbehavior_beforeMRI,2021.2.3,60.00160825092855,
10,0,,,,,,,,0,9,9,7,,,,,,,,,,,,,,,,,,,,,,,,,,,,,,,,,,,,,,,,,,,,,space,2.9667558996006846,150.45017229951918,None,10,0,2,1,7,150.45017229951918,None,153.4337571999058,None,,,,,,,,,,,,,,,,,,,,,,,,,,,,,,,,,,,,,Sub022,001,2022_Jun_02_1325,1trainingbehavior_beforeMRI,2021.2.3,60.00160825092855,
10,1,,,,,,,,0,10,10,13,,,,,,,,,,,,,,,,,,,,,,,,,,,,,,,,,,,,,,,,,,,,,space,1.824214999563992,153.93380039930344,None,10,1,26,0,7,153.93380039930344,None,155.78355299960822,None,,,,,,,,,,,,,,,,,,,,,,,,,,,,,,,,,,,,,Sub022,001,2022_Jun_02_1325,1trainingbehavior_beforeMRI,2021.2.3,60.00160825092855,
20,1,,,,,,,,0,11,11,34,,,,,,,,,,,,,,,,,,,,,,,,,,,,,,,,,,,,,,,,,,,,,space,1.8513438999652863,156.28381939977407,None,20,1,33,0,7,156.28381939977407,None,158.1502560991794,None,,,,,,,,,,,,,,,,,,,,,,,,,,,,,,,,,,,,,Sub022,001,2022_Jun_02_1325,1trainingbehavior_beforeMRI,2021.2.3,60.00160825092855,
20,0,,,,,,,,0,12,12,27,,,,,,,,,,,,,,,,,,,,,,,,,,,,,,,,,,,,,,,,,,,,,space,2.9557239999994636,158.65019519999623,None,20,0,2,1,7,158.65019519999623,None,161.63373549934477,None,,,,,,,,,,,,,,,,,,,,,,,,,,,,,,,,,,,,,Sub022,001,2022_Jun_02_1325,1trainingbehavior_beforeMRI,2021.2.3,60.00160825092855,
30,1,,,,,,,,0,13,13,53,,,,,,,,,,,,,,,,,,,,,,,,,,,,,,,,,,,,,,,,,,,,,space,1.769483900628984,162.1338245999068,None,30,1,5,1,7,162.1338245999068,None,163.9336401997134,None,,,,,,,,,,,,,,,,,,,,,,,,,,,,,,,,,,,,,Sub022,001,2022_Jun_02_1325,1trainingbehavior_beforeMRI,2021.2.3,60.00160825092855,
20,1,,,,,,,,0,14,14,38,,,,,,,,,,,,,,,,,,,,,,,,,,,,,,,,,,,,,,,,,,,,,space,3.0152673991397023,164.4337863996625,None,20,1,-23,0,7,164.4337863996625,None,167.46883389912546,None,,,,,,,,,,,,,,,,,,,,,,,,,,,,,,,,,,,,,Sub022,001,2022_Jun_02_1325,1trainingbehavior_beforeMRI,2021.2.3,60.00160825092855,
30,1,,,,,,,,0,15,15,55,,,,,,,,,,,,,,,,,,,,,,,,,,,,,,,,,,,,,,,,,,,,,space,2.9782863995060325,167.98412649985403,None,30,1,-9,1,7,167.98412649985403,None,170.98408109974116,None,,,,,,,,,,,,,,,,,,,,,,,,,,,,,,,,,,,,,Sub022,001,2022_Jun_02_1325,1trainingbehavior_beforeMRI,2021.2.3,60.00160825092855,
30,1,,,,,,,,0,16,16,59,,,,,,,,,,,,,,,,,,,,,,,,,,,,,,,,,,,,,,,,,,,,,space,2.9664899995550513,171.48419239930809,None,30,1,-2,1,7,171.48419239930809,None,174.4674140997231,None,,,,,,,,,,,,,,,,,,,,,,,,,,,,,,,,,,,,,Sub022,001,2022_Jun_02_1325,1trainingbehavior_beforeMRI,2021.2.3,60.00160825092855,
20,0,,,,,,,,0,17,17,29,,,,,,,,,,,,,,,,,,,,,,,,,,,,,,,,,,,,,,,,,,,,,space,2.9825069000944495,174.96783219929785,None,20,0,9,1,7,174.96783219929785,None,177.9675481999293,None,,,,,,,,,,,,,,,,,,,,,,,,,,,,,,,,,,,,,Sub022,001,2022_Jun_02_1325,1trainingbehavior_beforeMRI,2021.2.3,60.00160825092855,
20,0,,,,,,,,0,18,18,25,,,,,,,,,,,,,,,,,,,,,,,,,,,,,,,,,,,,,,,,,,,,,space,3.0258390000090003,178.46772199962288,None,20,0,30,0,7,178.46772199962288,None,181.5177511991933,None,,,,,,,,,,,,,,,,,,,,,,,,,,,,,,,,,,,,,Sub022,001,2022_Jun_02_1325,1trainingbehavior_beforeMRI,2021.2.3,60.00160825092855,
20,1,,,,,,,,0,19,19,39,,,,,,,,,,,,,,,,,,,,,,,,,,,,,,,,,,,,,,,,,,,,,space,2.985457799397409,182.01785760000348,None,20,1,-9,1,7,182.01785760000348,None,185.01786889974028,None,,,,,,,,,,,,,,,,,,,,,,,,,,,,,,,,,,,,,Sub022,001,2022_Jun_02_1325,1trainingbehavior_beforeMRI,2021.2.3,60.00160825092855,
30,1,,,,,,,,0,20,20,51,,,,,,,,,,,,,,,,,,,,,,,,,,,,,,,,,,,,,,,,,,,,,space,1.8064804002642632,185.51782249938697,None,30,1,19,0,7,185.51782249938697,None,187.35131589975208,None,,,,,,,,,,,,,,,,,,,,,,,,,,,,,,,,,,,,,Sub022,001,2022_Jun_02_1325,1trainingbehavior_beforeMRI,2021.2.3,60.00160825092855,
20,0,,,,,,,,0,21,21,21,,,,,,,,,,,,,,,,,,,,,,,,,,,,,,,,,,,,,,,,,,,,,space,1.7795880995690823,187.85178309958428,None,20,0,-5,1,7,187.85178309958428,None,189.6533779995516,None,,,,,,,,,,,,,,,,,,,,,,,,,,,,,,,,,,,,,Sub022,001,2022_Jun_02_1325,1trainingbehavior_beforeMRI,2021.2.3,60.00160825092855,
20,1,,,,,,,,0,22,22,30,,,,,,,,,,,,,,,,,,,,,,,,,,,,,,,,,,,,,,,,,,,,,space,1.788306299597025,190.1680840998888,None,20,1,12,0,7,190.1680840998888,None,191.98468739911914,None,,,,,,,,,,,,,,,,,,,,,,,,,,,,,,,,,,,,,Sub022,001,2022_Jun_02_1325,1trainingbehavior_beforeMRI,2021.2.3,60.00160825092855,
30,0,,,,,,,,0,23,23,40,,,,,,,,,,,,,,,,,,,,,,,,,,,,,,,,,,,,,,,,,,,,,space,1.6832258999347687,192.4849787997082,None,30,0,37,0,7,192.4849787997082,None,194.18491489998996,None,,,,,,,,,,,,,,,,,,,,,,,,,,,,,,,,,,,,,Sub022,001,2022_Jun_02_1325,1trainingbehavior_beforeMRI,2021.2.3,60.00160825092855,
30,1,,,,,,,,0,24,24,57,,,,,,,,,,,,,,,,,,,,,,,,,,,,,,,,,,,,,,,,,,,,,space,2.889318499714136,194.68524069990963,None,30,1,26,0,7,194.68524069990963,None,197.60178589913994,None,,,,,,,,,,,,,,,,,,,,,,,,,,,,,,,,,,,,,Sub022,001,2022_Jun_02_1325,1trainingbehavior_beforeMRI,2021.2.3,60.00160825092855,
30,1,,,,,,,,0,25,25,50,,,,,,,,,,,,,,,,,,,,,,,,,,,,,,,,,,,,,,,,,,,,,space,5.438789299689233,198.1018216991797,None,30,1,-37,0,7,198.1018216991797,None,203.56862149946392,None,,,,,,,,,,,,,,,,,,,,,,,,,,,,,,,,,,,,,Sub022,001,2022_Jun_02_1325,1trainingbehavior_beforeMRI,2021.2.3,60.00160825092855,
20,1,,,,,,,,0,26,26,33,,,,,,,,,,,,,,,,,,,,,,,,,,,,,,,,,,,,,,,,,,,,,space,1.8222744995728135,204.06862749997526,None,20,1,26,0,7,204.06862749997526,None,205.9184772996232,None,,,,,,,,,,,,,,,,,,,,,,,,,,,,,,,,,,,,,Sub022,001,2022_Jun_02_1325,1trainingbehavior_beforeMRI,2021.2.3,60.00160825092855,
10,0,,,,,,,,0,27,27,3,,,,,,,,,,,,,,,,,,,,,,,,,,,,,,,,,,,,,,,,,,,,,space,4.11087999958545,206.41854349989444,None,10,0,23,0,7,206.41854349989444,None,210.55212709959596,None,,,,,,,,,,,,,,,,,,,,,,,,,,,,,,,,,,,,,Sub022,001,2022_Jun_02_1325,1trainingbehavior_beforeMRI,2021.2.3,60.00160825092855,
20,0,,,,,,,,0,28,28,20,,,,,,,,,,,,,,,,,,,,,,,,,,,,,,,,,,,,,,,,,,,,,space,2.9723685001954436,211.05257409997284,None,20,0,9,1,7,211.05257409997284,None,214.05238669924438,None,,,,,,,,,,,,,,,,,,,,,,,,,,,,,,,,,,,,,Sub022,001,2022_Jun_02_1325,1trainingbehavior_beforeMRI,2021.2.3,60.00160825092855,
10,0,,,,,,,,0,29,29,1,,,,,,,,,,,,,,,,,,,,,,,,,,,,,,,,,,,,,,,,,,,,,space,2.956301499158144,214.5525768995285,None,10,0,2,1,7,214.5525768995285,None,217.5359276998788,None,,,,,,,,,,,,,,,,,,,,,,,,,,,,,,,,,,,,,Sub022,001,2022_Jun_02_1325,1trainingbehavior_beforeMRI,2021.2.3,60.00160825092855,
30,1,,,,,,,,0,30,30,52,,,,,,,,,,,,,,,,,,,,,,,,,,,,,,,,,,,,,,,,,,,,,space,3.0006720991805196,218.03611500002444,None,30,1,-16,0,7,218.03611500002444,None,221.0525233997032,None,,,,,,,,,,,,,,,,,,,,,,,,,,,,,,,,,,,,,Sub022,001,2022_Jun_02_1325,1trainingbehavior_beforeMRI,2021.2.3,60.00160825092855,
10,0,,,,,,,,0,31,31,6,,,,,,,,,,,,,,,,,,,,,,,,,,,,,,,,,,,,,,,,,,,,,space,3.0660748993977904,221.55268149916083,None,10,0,44,0,7,221.55268149916083,None,224.63598569948226,None,,,,,,,,,,,,,,,,,,,,,,,,,,,,,,,,,,,,,Sub022,001,2022_Jun_02_1325,1trainingbehavior_beforeMRI,2021.2.3,60.00160825092855,
20,1,,,,,,,,0,32,32,32,,,,,,,,,,,,,,,,,,,,,,,,,,,,,,,,,,,,,,,,,,,,,space,2.9536633994430304,225.13651049975306,None,20,1,-2,1,7,225.13651049975306,None,228.1194883994758,None,,,,,,,,,,,,,,,,,,,,,,,,,,,,,,,,,,,,,Sub022,001,2022_Jun_02_1325,1trainingbehavior_beforeMRI,2021.2.3,60.00160825092855,
30,0,,,,,,,,0,33,33,48,,,,,,,,,,,,,,,,,,,,,,,,,,,,,,,,,,,,,,,,,,,,,space,4.133059200830758,228.61950289923698,None,30,0,16,0,7,228.61950289923698,None,232.76978339999914,None,,,,,,,,,,,,,,,,,,,,,,,,,,,,,,,,,,,,,Sub022,001,2022_Jun_02_1325,1trainingbehavior_beforeMRI,2021.2.3,60.00160825092855,
10,0,,,,,,,,0,34,34,4,,,,,,,,,,,,,,,,,,,,,,,,,,,,,,,,,,,,,,,,,,,,,space,1.8364532999694347,233.26970489975065,None,10,0,-33,0,7,233.26970489975065,None,235.13626609928906,None,,,,,,,,,,,,,,,,,,,,,,,,,,,,,,,,,,,,,Sub022,001,2022_Jun_02_1325,1trainingbehavior_beforeMRI,2021.2.3,60.00160825092855,
30,0,,,,,,,,0,35,35,44,,,,,,,,,,,,,,,,,,,,,,,,,,,,,,,,,,,,,,,,,,,,,space,2.989211200736463,235.6365833999589,None,30,0,16,0,7,235.6365833999589,None,238.6532087996602,None,,,,,,,,,,,,,,,,,,,,,,,,,,,,,,,,,,,,,Sub022,001,2022_Jun_02_1325,1trainingbehavior_beforeMRI,2021.2.3,60.00160825092855,
20,0,,,,,,,,0,36,36,28,,,,,,,,,,,,,,,,,,,,,,,,,,,,,,,,,,,,,,,,,,,,,space,1.8295944994315505,239.15308989956975,None,20,0,-26,0,7,239.15308989956975,None,241.0033095991239,None,,,,,,,,,,,,,,,,,,,,,,,,,,,,,,,,,,,,,Sub022,001,2022_Jun_02_1325,1trainingbehavior_beforeMRI,2021.2.3,60.00160825092855,
20,0,,,,,,,,0,37,37,24,,,,,,,,,,,,,,,,,,,,,,,,,,,,,,,,,,,,,,,,,,,,,space,4.165983200073242,241.50342999957502,None,20,0,2,1,7,241.50342999957502,None,245.68680319935083,None,,,,,,,,,,,,,,,,,,,,,,,,,,,,,,,,,,,,,Sub022,001,2022_Jun_02_1325,1trainingbehavior_beforeMRI,2021.2.3,60.00160825092855,
10,1,,,,,,,,0,38,38,19,,,,,,,,,,,,,,,,,,,,,,,,,,,,,,,,,,,,,,,,,,,,,space,4.206151500344276,246.18698449991643,None,10,1,19,0,7,246.18698449991643,None,250.4220129000023,None,,,,,,,,,,,,,,,,,,,,,,,,,,,,,,,,,,,,,Sub022,001,2022_Jun_02_1325,1trainingbehavior_beforeMRI,2021.2.3,60.00160825092855,
30,1,,,,,,,,0,39,39,58,,,,,,,,,,,,,,,,,,,,,,,,,,,,,,,,,,,,,,,,,,,,,space,1.7840762007981539,250.93708769977093,None,30,1,5,1,7,250.93708769977093,None,252.73730249982327,None,,,,,,,,,,,,,,,,,,,,,,,,,,,,,,,,,,,,,Sub022,001,2022_Jun_02_1325,1trainingbehavior_beforeMRI,2021.2.3,60.00160825092855,
10,1,,,,,,,,0,40,40,17,,,,,,,,,,,,,,,,,,,,,,,,,,,,,,,,,,,,,,,,,,,,,space,1.8232611995190382,253.2373803993687,None,10,1,26,0,7,253.2373803993687,None,255.08712409995496,None,,,,,,,,,,,,,,,,,,,,,,,,,,,,,,,,,,,,,Sub022,001,2022_Jun_02_1325,1trainingbehavior_beforeMRI,2021.2.3,60.00160825092855,
30,0,,,,,,,,0,41,41,49,,,,,,,,,,,,,,,,,,,,,,,,,,,,,,,,,,,,,,,,,,,,,space,2.9906155997887254,255.58758619986475,None,30,0,16,0,7,255.58758619986475,None,258.6040487997234,None,,,,,,,,,,,,,,,,,,,,,,,,,,,,,,,,,,,,,Sub022,001,2022_Jun_02_1325,1trainingbehavior_beforeMRI,2021.2.3,60.00160825092855,
30,0,,,,,,,,0,42,42,41,,,,,,,,,,,,,,,,,,,,,,,,,,,,,,,,,,,,,,,,,,,,,space,1.7699607005342841,259.10402619931847,None,30,0,-5,1,7,259.10402619931847,None,260.90425569936633,None,,,,,,,,,,,,,,,,,,,,,,,,,,,,,,,,,,,,,Sub022,001,2022_Jun_02_1325,1trainingbehavior_beforeMRI,2021.2.3,60.00160825092855,
20,0,,,,,,,,0,43,43,22,,,,,,,,,,,,,,,,,,,,,,,,,,,,,,,,,,,,,,,,,,,,,space,1.787941599264741,261.40410479996353,None,20,0,-12,0,7,261.40410479996353,None,263.220671499148,None,,,,,,,,,,,,,,,,,,,,,,,,,,,,,,,,,,,,,Sub022,001,2022_Jun_02_1325,1trainingbehavior_beforeMRI,2021.2.3,60.00160825092855,
10,1,,,,,,,,0,44,44,10,,,,,,,,,,,,,,,,,,,,,,,,,,,,,,,,,,,,,,,,,,,,,space,3.0180959003046155,263.72115459945053,None,10,1,-23,0,7,263.72115459945053,None,266.75472499988973,None,,,,,,,,,,,,,,,,,,,,,,,,,,,,,,,,,,,,,Sub022,001,2022_Jun_02_1325,1trainingbehavior_beforeMRI,2021.2.3,60.00160825092855,
10,1,,,,,,,,0,45,45,15,,,,,,,,,,,,,,,,,,,,,,,,,,,,,,,,,,,,,,,,,,,,,space,4.229767000302672,267.25443729944527,None,10,1,26,0,7,267.25443729944527,None,271.50455879978836,None,,,,,,,,,,,,,,,,,,,,,,,,,,,,,,,,,,,,,Sub022,001,2022_Jun_02_1325,1trainingbehavior_beforeMRI,2021.2.3,60.00160825092855,
20,0,,,,,,,,0,46,46,23,,,,,,,,,,,,,,,,,,,,,,,,,,,,,,,,,,,,,,,,,,,,,space,2.8574553998187184,272.00469039939344,None,20,0,-40,0,7,272.00469039939344,None,274.8879895992577,None,,,,,,,,,,,,,,,,,,,,,,,,,,,,,,,,,,,,,Sub022,001,2022_Jun_02_1325,1trainingbehavior_beforeMRI,2021.2.3,60.00160825092855,
10,0,,,,,,,,0,47,47,9,,,,,,,,,,,,,,,,,,,,,,,,,,,,,,,,,,,,,,,,,,,,,space,2.9935818994417787,275.38832559995353,None,10,0,16,0,7,275.38832559995353,None,278.40477899927646,None,,,,,,,,,,,,,,,,,,,,,,,,,,,,,,,,,,,,,Sub022,001,2022_Jun_02_1325,1trainingbehavior_beforeMRI,2021.2.3,60.00160825092855,
30,0,,,,,,,,0,48,48,47,,,,,,,,,,,,,,,,,,,,,,,,,,,,,,,,,,,,,,,,,,,,,space,4.1769398003816605,278.90511529985815,None,30,0,-5,1,7,278.90511529985815,None,283.10521789919585,None,,,,,,,,,,,,,,,,,,,,,,,,,,,,,,,,,,,,,Sub022,001,2022_Jun_02_1325,1trainingbehavior_beforeMRI,2021.2.3,60.00160825092855,
10,0,,,,,,,,0,49,49,0,,,,,,,,,,,,,,,,,,,,,,,,,,,,,,,,,,,,,,,,,,,,,space,5.386070200242102,283.6052519995719,None,10,0,16,0,7,283.6052519995719,None,289.02275040000677,None,,,,,,,,,,,,,,,,,,,,,,,,,,,,,,,,,,,,,Sub022,001,2022_Jun_02_1325,1trainingbehavior_beforeMRI,2021.2.3,60.00160825092855,
20,1,,,,,,,,0,50,50,37,,,,,,,,,,,,,,,,,,,,,,,,,,,,,,,,,,,,,,,,,,,,,space,3.0039164004847407,289.52194549981505,None,20,1,-23,0,7,289.52194549981505,None,292.5550100998953,None,,,,,,,,,,,,,,,,,,,,,,,,,,,,,,,,,,,,,Sub022,001,2022_Jun_02_1325,1trainingbehavior_beforeMRI,2021.2.3,60.00160825092855,
20,0,,,,,,,,0,51,51,26,,,,,,,,,,,,,,,,,,,,,,,,,,,,,,,,,,,,,,,,,,,,,space,1.838884299620986,293.05531039927155,None,20,0,-33,0,7,293.05531039927155,None,294.9220471996814,None,,,,,,,,,,,,,,,,,,,,,,,,,,,,,,,,,,,,,Sub022,001,2022_Jun_02_1325,1trainingbehavior_beforeMRI,2021.2.3,60.00160825092855,
10,0,,,,,,,,0,52,52,8,,,,,,,,,,,,,,,,,,,,,,,,,,,,,,,,,,,,,,,,,,,,,space,3.007202399894595,295.4219856997952,None,10,0,23,0,7,295.4219856997952,None,298.45531079918146,None,,,,,,,,,,,,,,,,,,,,,,,,,,,,,,,,,,,,,Sub022,001,2022_Jun_02_1325,1trainingbehavior_beforeMRI,2021.2.3,60.00160825092855,
30,1,,,,,,,,0,53,53,54,,,,,,,,,,,,,,,,,,,,,,,,,,,,,,,,,,,,,,,,,,,,,space,2.9461391996592283,298.9554346995428,None,30,1,5,1,7,298.9554346995428,None,301.92220779974014,None,,,,,,,,,,,,,,,,,,,,,,,,,,,,,,,,,,,,,Sub022,001,2022_Jun_02_1325,1trainingbehavior_beforeMRI,2021.2.3,60.00160825092855,
20,1,,,,,,,,0,54,54,36,,,,,,,,,,,,,,,,,,,,,,,,,,,,,,,,,,,,,,,,,,,,,space,1.7590804994106293,302.42219409998506,None,20,1,-2,1,7,302.42219409998506,None,304.2057814998552,None,,,,,,,,,,,,,,,,,,,,,,,,,,,,,,,,,,,,,Sub022,001,2022_Jun_02_1325,1trainingbehavior_beforeMRI,2021.2.3,60.00160825092855,
20,1,,,,,,,,0,55,55,35,,,,,,,,,,,,,,,,,,,,,,,,,,,,,,,,,,,,,,,,,,,,,space,1.7953669000416994,304.7059217998758,None,20,1,12,0,7,304.7059217998758,None,306.52216860000044,None,,,,,,,,,,,,,,,,,,,,,,,,,,,,,,,,,,,,,Sub022,001,2022_Jun_02_1325,1trainingbehavior_beforeMRI,2021.2.3,60.00160825092855,
10,1,,,,,,,,0,56,56,11,,,,,,,,,,,,,,,,,,,,,,,,,,,,,,,,,,,,,,,,,,,,,space,1.7911320999264717,307.0227404991165,None,10,1,12,0,7,307.0227404991165,None,308.8390899999067,None,,,,,,,,,,,,,,,,,,,,,,,,,,,,,,,,,,,,,Sub022,001,2022_Jun_02_1325,1trainingbehavior_beforeMRI,2021.2.3,60.00160825092855,
30,0,,,,,,,,0,57,57,43,,,,,,,,,,,,,,,,,,,,,,,,,,,,,,,,,,,,,,,,,,,,,space,1.7991059003397822,309.3393636997789,None,30,0,-12,1,7,309.3393636997789,None,311.1561964992434,None,,,,,,,,,,,,,,,,,,,,,,,,,,,,,,,,,,,,,Sub022,001,2022_Jun_02_1325,1trainingbehavior_beforeMRI,2021.2.3,60.00160825092855,
30,0,,,,,,,,0,58,58,46,,,,,,,,,,,,,,,,,,,,,,,,,,,,,,,,,,,,,,,,,,,,,space,1.7809665007516742,311.65613160002977,None,30,0,-5,1,7,311.65613160002977,None,313.4560856996104,None,,,,,,,,,,,,,,,,,,,,,,,,,,,,,,,,,,,,,Sub022,001,2022_Jun_02_1325,1trainingbehavior_beforeMRI,2021.2.3,60.00160825092855,
10,1,,,,,,,,0,59,59,14,,,,,,,,,,,,,,,,,,,,,,,,,,,,,,,,,,,,,,,,,,,,,space,1.8190176002681255,313.9560697991401,None,10,1,26,0,7,313.9560697991401,None,315.8058655997738,None,,,,,,,,,,,,,,,,,,,,,,,,,,,,,,,,,,,,,Sub022,001,2022_Jun_02_1325,1trainingbehavior_beforeMRI,2021.2.3,60.00160825092855,
,,,,,,,,,,,,,0,0,0,0,,,,,,,,,,,,,,,,,,,,,,,,,,,,,,,,,,,,,,,,,,,,,,,,,,,,,,316.306333899498,None,20.366612111219894,10.317725695543999,27.474559738035637,52.203700163478835,[10.3177257  27.47455974 52.20370016],,,,,,,,,,,,,,,,,,,,,,,,,,,,,,Sub022,001,2022_Jun_02_1325,1trainingbehavior_beforeMRI,2021.2.3,60.00160825092855,
10,,,,,,,,,,,,,,,,,0,0,0,0,,,,,0,0,0,0,,,,,,,,,,,,,,,,,,,,,,,,,,,,,,,,,,,,,,,,,,,,,,,,,330.8696855995804,None,None,None,330.8696855995804,None,3,16.404185100458562,330.8696855995804,None,,,,,,,,,,,,,,,,,,,,Sub022,001,2022_Jun_02_1325,1trainingbehavior_beforeMRI,2021.2.3,60.00160825092855,
10,,,,,,,,,,,,,,,,,0,0,0,0,,,,,,,,,,,,,,,,,,,,,,,,,,,,,,,,,,,,,,,,,,,,,,,,,,,,,,,,,,,,,,,,,,,,,,,,,,,,,,,,,,,,,,Sub022,001,2022_Jun_02_1325,1trainingbehavior_beforeMRI,2021.2.3,60.00160825092855,
20,,,,,,,,,,,,,,,,,0,1,1,1,,,,,0,0,0,0,,,,,,,,,,,,,,,,,,,,,,,,,,,,,,,,,,,,,,,,,,,,,,,,,347.29037239961326,None,None,None,347.29037239961326,None,2,6.228573799133301,347.29037239961326,None,,,,,,,,,,,,,,,,,,,,Sub022,001,2022_Jun_02_1325,1trainingbehavior_beforeMRI,2021.2.3,60.00160825092855,
20,,,,,,,,,,,,,,,,,0,1,1,1,,,,,,,,,,,,,,,,,,,,,,,,,,,,,,,,,,,,,,,,,,,,,,,,,,,,,,,,,,,,,,,,,,,,,,,,,,,,,,,,,,,,,,Sub022,001,2022_Jun_02_1325,1trainingbehavior_beforeMRI,2021.2.3,60.00160825092855,
30,,,,,,,,,,,,,,,,,0,2,2,2,,,,,0,0,0,0,,,,,,,,,,,,,,,,,,,,,,,,,,,,,,,,,,,,,,,,,,,,,,,,,353.5435766996816,None,None,None,353.5435766996816,None,2,2.043056300841272,353.5435766996816,None,,,,,,,,,,,,,,,,,,,,Sub022,001,2022_Jun_02_1325,1trainingbehavior_beforeMRI,2021.2.3,60.00160825092855,
30,,,,,,,,,,,,,,,,,0,2,2,2,,,,,,,,,,,,,,,,,,,,,,,,,,,,,,,,,,,,,,,,,,,,,,,,,,,,,,,,,,,,,,,,,,,,,,,,,,,,,,,,,,,,,,Sub022,001,2022_Jun_02_1325,1trainingbehavior_beforeMRI,2021.2.3,60.00160825092855,
,,Card_80.xlsx,80,1,,,,,,,,,,,,,,,,,,,,,,,,,,,,,0,0,0,0,0,0,0,2,0,0,0,7,,,,,,,,,,,,,,,,,,,,,,,,,,,,,,,,,,,,,,,,,,,355.6077482998371,None,361.37449089996517,None,392.1090477993712,None,80,1,,,,,,,,,,,,Sub022,001,2022_Jun_02_1325,1trainingbehavior_beforeMRI,2021.2.3,60.00160825092855,
,,Card_80.xlsx,80,1,,,,,,,,,,,,,,,,,,,,,,,,,,,,,0,0,0,0,0,0,0,2,0,1,1,4,,,,,,,,,,,,,,,,,,,,,,,,,,,,,,,,,,,,,,,,,,,,,,,,,80,1,,,,,,,,,,,,Sub022,001,2022_Jun_02_1325,1trainingbehavior_beforeMRI,2021.2.3,60.00160825092855,
,,Card_80.xlsx,80,1,,,,,,,,,,,,,,,,,,,,,,,,,,,,,0,0,0,0,0,0,0,2,0,2,2,2,,,,,,,,,,,,,,,,,,,,,,,,,,,,,,,,,,,,,,,,,,,,,,,,,80,1,,,,,,,,,,,,Sub022,001,2022_Jun_02_1325,1trainingbehavior_beforeMRI,2021.2.3,60.00160825092855,
,,Card_80.xlsx,80,1,,,,,,,,,,,,,,,,,,,,,,,,,,,,,0,0,0,0,0,0,0,2,0,3,3,3,,,,,,,,,,,,,,,,,,,,,,,,,,,,,,,,,,,,,,,,,,,,,,,,,80,1,,,,,,,,,,,,Sub022,001,2022_Jun_02_1325,1trainingbehavior_beforeMRI,2021.2.3,60.00160825092855,
,,Card_80.xlsx,80,1,,,,,,,,,,,,,,,,,,,,,,,,,,,,,0,0,0,0,0,0,0,2,0,4,4,6,,,,,,,,,,,,,,,,,,,,,,,,,,,,,,,,,,,,,,,,,,,,,,,,,80,1,,,,,,,,,,,,Sub022,001,2022_Jun_02_1325,1trainingbehavior_beforeMRI,2021.2.3,60.00160825092855,
,,Card_80.xlsx,80,1,,,,,,,,,,,,,,,,,,,,,,,,,,,,,0,0,0,0,0,0,0,2,0,5,5,5,,,,,,,,,,,,,,,,,,,,,,,,,,,,,,,,,,,,,,,,,,,,,,,,,80,1,,,,,,,,,,,,Sub022,001,2022_Jun_02_1325,1trainingbehavior_beforeMRI,2021.2.3,60.00160825092855,
,,Card_80.xlsx,80,0,,,,,,,,,,,,,,,,,,,,,,,,,,,,,0,0,0,0,0,0,0,2,0,6,6,1,,,,,,,,,,,,,,,,,,,,,,,,,,,,,,,,,,,,,,,,,,,,,,,,,80,0,,,,,,,,,,,,Sub022,001,2022_Jun_02_1325,1trainingbehavior_beforeMRI,2021.2.3,60.00160825092855,
,,Card_80.xlsx,80,0,,,,,,,,,,,,,,,,,,,,,,,,,,,,,0,0,0,0,0,0,0,2,0,7,7,0,,,,,,,,,,,,,,,,,,,,,,,,,,,,,,,,,,,,,,,,,,,,,,,,,80,0,,,,,,,,,,,,Sub022,001,2022_Jun_02_1325,1trainingbehavior_beforeMRI,2021.2.3,60.00160825092855,
,,Card_80.xlsx,80,1,,,,,,,,,,,,,,,,,,,,,,,,,,,,,0,0,0,0,0,0,0,2,0,8,8,9,,,,,,,,,,,,,,,,,,,,,,,,,,,,,,,,,,,,,,,,,,,,,,,,,80,1,,,,,,,,,,,,Sub022,001,2022_Jun_02_1325,1trainingbehavior_beforeMRI,2021.2.3,60.00160825092855,
,,Card_80.xlsx,80,1,,,,,,,,,,,,,,,,,,,,,,,,,,,,,0,0,0,0,0,0,0,2,0,9,9,8,,,,,,,,,,,,,,,,,,,,,,,,,,,,,,,,,,,,,,,,,,,,,,,,,80,1,,,,,,,,,,,,Sub022,001,2022_Jun_02_1325,1trainingbehavior_beforeMRI,2021.2.3,60.00160825092855,
,,Card_80.xlsx,,,,,,,,,,,,,,,,,,,,,,,,,,,,,,,0,0,0,0,0,0,0,2,,,,,,,,,0,0,0,0,,,,,,,,,,,,,,,,,,,,,,,,,,,,,,,,,,,,,,,,,,,80,None,None,434.4661350995302,None,2,6.634329400025308,434.4661350995302,None,,,Sub022,001,2022_Jun_02_1325,1trainingbehavior_beforeMRI,2021.2.3,60.00160825092855,
,,Card_80.xlsx,,,,,,,,,,,,,,,,,,,,,,,,,,,,,,,0,0,0,0,0,0,0,2,,,,,,,,,,,,,,,,,,,,,,,,,,,,,,,,,,,,,,,,,,,,,,,,,,,,,,,,,,,,,,,,,,Sub022,001,2022_Jun_02_1325,1trainingbehavior_beforeMRI,2021.2.3,60.00160825092855,
,,Card_20.xlsx,20,0,,,,,,,,,,,,,,,,,,,,,,,,,,,,,0,0,0,0,0,1,1,0,0,0,0,0,,,,,,,,,,,,,,,,,,,,,,,,,,,,,,,,,,,,,,,,,,,,,,,,,20,0,,,,,,,,,,,,Sub022,001,2022_Jun_02_1325,1trainingbehavior_beforeMRI,2021.2.3,60.00160825092855,
,,Card_20.xlsx,20,1,,,,,,,,,,,,,,,,,,,,,,,,,,,,,0,0,0,0,0,1,1,0,0,1,1,9,,,,,,,,,,,,,,,,,,,,,,,,,,,,,,,,,,,,,,,,,,,,,,,,,20,1,,,,,,,,,,,,Sub022,001,2022_Jun_02_1325,1trainingbehavior_beforeMRI,2021.2.3,60.00160825092855,
,,Card_20.xlsx,20,0,,,,,,,,,,,,,,,,,,,,,,,,,,,,,0,0,0,0,0,1,1,0,0,2,2,7,,,,,,,,,,,,,,,,,,,,,,,,,,,,,,,,,,,,,,,,,,,,,,,,,20,0,,,,,,,,,,,,Sub022,001,2022_Jun_02_1325,1trainingbehavior_beforeMRI,2021.2.3,60.00160825092855,
,,Card_20.xlsx,20,0,,,,,,,,,,,,,,,,,,,,,,,,,,,,,0,0,0,0,0,1,1,0,0,3,3,3,,,,,,,,,,,,,,,,,,,,,,,,,,,,,,,,,,,,,,,,,,,,,,,,,20,0,,,,,,,,,,,,Sub022,001,2022_Jun_02_1325,1trainingbehavior_beforeMRI,2021.2.3,60.00160825092855,
,,Card_20.xlsx,20,0,,,,,,,,,,,,,,,,,,,,,,,,,,,,,0,0,0,0,0,1,1,0,0,4,4,4,,,,,,,,,,,,,,,,,,,,,,,,,,,,,,,,,,,,,,,,,,,,,,,,,20,0,,,,,,,,,,,,Sub022,001,2022_Jun_02_1325,1trainingbehavior_beforeMRI,2021.2.3,60.00160825092855,
,,Card_20.xlsx,20,0,,,,,,,,,,,,,,,,,,,,,,,,,,,,,0,0,0,0,0,1,1,0,0,5,5,5,,,,,,,,,,,,,,,,,,,,,,,,,,,,,,,,,,,,,,,,,,,,,,,,,20,0,,,,,,,,,,,,Sub022,001,2022_Jun_02_1325,1trainingbehavior_beforeMRI,2021.2.3,60.00160825092855,
,,Card_20.xlsx,20,0,,,,,,,,,,,,,,,,,,,,,,,,,,,,,0,0,0,0,0,1,1,0,0,6,6,6,,,,,,,,,,,,,,,,,,,,,,,,,,,,,,,,,,,,,,,,,,,,,,,,,20,0,,,,,,,,,,,,Sub022,001,2022_Jun_02_1325,1trainingbehavior_beforeMRI,2021.2.3,60.00160825092855,
,,Card_20.xlsx,20,0,,,,,,,,,,,,,,,,,,,,,,,,,,,,,0,0,0,0,0,1,1,0,0,7,7,2,,,,,,,,,,,,,,,,,,,,,,,,,,,,,,,,,,,,,,,,,,,,,,,,,20,0,,,,,,,,,,,,Sub022,001,2022_Jun_02_1325,1trainingbehavior_beforeMRI,2021.2.3,60.00160825092855,
,,Card_20.xlsx,20,1,,,,,,,,,,,,,,,,,,,,,,,,,,,,,0,0,0,0,0,1,1,0,0,8,8,8,,,,,,,,,,,,,,,,,,,,,,,,,,,,,,,,,,,,,,,,,,,,,,,,,20,1,,,,,,,,,,,,Sub022,001,2022_Jun_02_1325,1trainingbehavior_beforeMRI,2021.2.3,60.00160825092855,
,,Card_20.xlsx,20,0,,,,,,,,,,,,,,,,,,,,,,,,,,,,,0,0,0,0,0,1,1,0,0,9,9,1,,,,,,,,,,,,,,,,,,,,,,,,,,,,,,,,,,,,,,,,,,,,,,,,,20,0,,,,,,,,,,,,Sub022,001,2022_Jun_02_1325,1trainingbehavior_beforeMRI,2021.2.3,60.00160825092855,
,,Card_20.xlsx,,,,,,,,,,,,,,,,,,,,,,,,,,,,,,,0,0,0,0,0,1,1,0,,,,,,,,,0,0,0,0,,,,,,,,,,,,,,,,,,,,,,,,,,,,,,,,,,,,,,,,,,,20,None,None,476.1322793997824,None,6,6.540753800421953,476.1322793997824,None,,,Sub022,001,2022_Jun_02_1325,1trainingbehavior_beforeMRI,2021.2.3,60.00160825092855,
,,Card_20.xlsx,,,,,,,,,,,,,,,,,,,,,,,,,,,,,,,0,0,0,0,0,1,1,0,,,,,,,,,,,,,,,,,,,,,,,,,,,,,,,,,,,,,,,,,,,,,,,,,,,,,,,,,,,,,,,,,,Sub022,001,2022_Jun_02_1325,1trainingbehavior_beforeMRI,2021.2.3,60.00160825092855,
,,Card_50.xlsx,50,1,,,,,,,,,,,,,,,,,,,,,,,,,,,,,0,0,0,0,0,2,2,1,0,0,0,9,,,,,,,,,,,,,,,,,,,,,,,,,,,,,,,,,,,,,,,,,,,,,,,,,50,1,,,,,,,,,,,,Sub022,001,2022_Jun_02_1325,1trainingbehavior_beforeMRI,2021.2.3,60.00160825092855,
,,Card_50.xlsx,50,1,,,,,,,,,,,,,,,,,,,,,,,,,,,,,0,0,0,0,0,2,2,1,0,1,1,7,,,,,,,,,,,,,,,,,,,,,,,,,,,,,,,,,,,,,,,,,,,,,,,,,50,1,,,,,,,,,,,,Sub022,001,2022_Jun_02_1325,1trainingbehavior_beforeMRI,2021.2.3,60.00160825092855,
,,Card_50.xlsx,50,0,,,,,,,,,,,,,,,,,,,,,,,,,,,,,0,0,0,0,0,2,2,1,0,2,2,2,,,,,,,,,,,,,,,,,,,,,,,,,,,,,,,,,,,,,,,,,,,,,,,,,50,0,,,,,,,,,,,,Sub022,001,2022_Jun_02_1325,1trainingbehavior_beforeMRI,2021.2.3,60.00160825092855,
,,Card_50.xlsx,50,0,,,,,,,,,,,,,,,,,,,,,,,,,,,,,0,0,0,0,0,2,2,1,0,3,3,0,,,,,,,,,,,,,,,,,,,,,,,,,,,,,,,,,,,,,,,,,,,,,,,,,50,0,,,,,,,,,,,,Sub022,001,2022_Jun_02_1325,1trainingbehavior_beforeMRI,2021.2.3,60.00160825092855,
,,Card_50.xlsx,50,1,,,,,,,,,,,,,,,,,,,,,,,,,,,,,0,0,0,0,0,2,2,1,0,4,4,5,,,,,,,,,,,,,,,,,,,,,,,,,,,,,,,,,,,,,,,,,,,,,,,,,50,1,,,,,,,,,,,,Sub022,001,2022_Jun_02_1325,1trainingbehavior_beforeMRI,2021.2.3,60.00160825092855,
,,Card_50.xlsx,50,0,,,,,,,,,,,,,,,,,,,,,,,,,,,,,0,0,0,0,0,2,2,1,0,5,5,3,,,,,,,,,,,,,,,,,,,,,,,,,,,,,,,,,,,,,,,,,,,,,,,,,50,0,,,,,,,,,,,,Sub022,001,2022_Jun_02_1325,1trainingbehavior_beforeMRI,2021.2.3,60.00160825092855,
,,Card_50.xlsx,50,0,,,,,,,,,,,,,,,,,,,,,,,,,,,,,0,0,0,0,0,2,2,1,0,6,6,4,,,,,,,,,,,,,,,,,,,,,,,,,,,,,,,,,,,,,,,,,,,,,,,,,50,0,,,,,,,,,,,,Sub022,001,2022_Jun_02_1325,1trainingbehavior_beforeMRI,2021.2.3,60.00160825092855,
,,Card_50.xlsx,50,0,,,,,,,,,,,,,,,,,,,,,,,,,,,,,0,0,0,0,0,2,2,1,0,7,7,1,,,,,,,,,,,,,,,,,,,,,,,,,,,,,,,,,,,,,,,,,,,,,,,,,50,0,,,,,,,,,,,,Sub022,001,2022_Jun_02_1325,1trainingbehavior_beforeMRI,2021.2.3,60.00160825092855,
,,Card_50.xlsx,50,1,,,,,,,,,,,,,,,,,,,,,,,,,,,,,0,0,0,0,0,2,2,1,0,8,8,6,,,,,,,,,,,,,,,,,,,,,,,,,,,,,,,,,,,,,,,,,,,,,,,,,50,1,,,,,,,,,,,,Sub022,001,2022_Jun_02_1325,1trainingbehavior_beforeMRI,2021.2.3,60.00160825092855,
,,Card_50.xlsx,50,1,,,,,,,,,,,,,,,,,,,,,,,,,,,,,0,0,0,0,0,2,2,1,0,9,9,8,,,,,,,,,,,,,,,,,,,,,,,,,,,,,,,,,,,,,,,,,,,,,,,,,50,1,,,,,,,,,,,,Sub022,001,2022_Jun_02_1325,1trainingbehavior_beforeMRI,2021.2.3,60.00160825092855,
,,Card_50.xlsx,,,,,,,,,,,,,,,,,,,,,,,,,,,,,,,0,0,0,0,0,2,2,1,,,,,,,,,0,0,0,0,,,,,,,,,,,,,,,,,,,,,,,,,,,,,,,,,,,,,,,,,,,50,None,None,517.697891799733,None,5,4.626813899725676,517.697891799733,None,,,Sub022,001,2022_Jun_02_1325,1trainingbehavior_beforeMRI,2021.2.3,60.00160825092855,
,,Card_50.xlsx,,,,,,,,,,,,,,,,,,,,,,,,,,,,,,,0,0,0,0,0,2,2,1,,,,,,,,,,,,,,,,,,,,,,,,,,,,,,,,,,,,,,,,,,,,,,,,,,,,,,,,,,,,,,,,,,Sub022,001,2022_Jun_02_1325,1trainingbehavior_beforeMRI,2021.2.3,60.00160825092855,
,,,,,,,,,,,,,,,,,,,,,,,,,,,,,,,,,0,0,0,0,,,,,,,,,,,,,,,,,,,,,,,,,,,,,,,,,,,,,,,,,,,,,,,,,,,,,,,,,,,,,,,,,,,,522.347083799541,None,Sub022,001,2022_Jun_02_1325,1trainingbehavior_beforeMRI,2021.2.3,60.00160825092855,
