﻿Current_Run_SE,Current_Run_RE,current_pair_SE,current_pair_RE,current_card_prob,ITI_SE,ITI_RE,Q_bar,Q_card,start_MRI.thisRepN,start_MRI.thisTrialN,start_MRI.thisN,start_MRI.thisIndex,L_subjects.thisRepN,L_subjects.thisTrialN,L_subjects.thisN,L_subjects.thisIndex,Bar_Card_L.thisRepN,Bar_Card_L.thisTrialN,Bar_Card_L.thisN,Bar_Card_L.thisIndex,trials_bar_L.thisRepN,trials_bar_L.thisTrialN,trials_bar_L.thisN,trials_bar_L.thisIndex,trials_Card_L.thisRepN,trials_Card_L.thisTrialN,trials_Card_L.thisN,trials_Card_L.thisIndex,Q_card_L.thisRepN,Q_card_L.thisTrialN,Q_card_L.thisN,Q_card_L.thisIndex,Q_bar_L.thisRepN,Q_bar_L.thisTrialN,Q_bar_L.thisN,Q_bar_L.thisIndex,R_subjects.thisRepN,R_subjects.thisTrialN,R_subjects.thisN,R_subjects.thisIndex,fMR_Instr1_text.started,fMR_Instr1_text.stopped,Ready_text.started,Ready_text.stopped,trigger_2.keys,trigger_2.rt,trigger_2.started,trigger_2.stopped,PairONSET_card_prob_2.started,PairONSET_card_prob_2.stopped,fixOnset_text_ISI_RE_2.started,fixOnset_text_ISI_RE_2.stopped,current_pair_SE,current_pair_RE,card_pair,ISI_RE,Q_card,PairQuestionONSET_RE_text_L.started,PairQuestionONSET_RE_text_L.stopped,key_resp_rating_RE_L.keys,key_resp_rating_RE_L.rt,key_resp_rating_RE_L.started,key_resp_rating_RE_L.stopped,Rating_pair,current_ITI,lagTime,fixOnset_text_ITI.started,fixOnset_text_ITI.stopped,center_OnsetTime.started,center_OnsetTime.stopped,text_SE_9.started,text_SE_9.stopped,fixOnset_text_ISI_SE_2.started,fixOnset_text_ISI_SE_2.stopped,target_pair,ISI_SE,Q_bar,PairQuestionONSET_SE_text_L.started,PairQuestionONSET_SE_text_L.stopped,key_resp_rating_SE_L.keys,key_resp_rating_SE_L.started,key_resp_rating_SE_L.stopped,key_resp_rating_SE_L.rt,participant,session,date,expName,psychopyVersion,frameRate,
,,,,,,,,,0,0,0,0,,,,,,,,,,,,,,,,,,,,,,,,,,,,,11.29344530007802,None,,,,,,,,,,,,,,,,,,,,,,,,,,,,,,,,,,,,,,,,,,Sub049,001,2022_Oct_11_1455,2_1_MRI_Rating_SE_RE,2021.2.3,59.95793347276142,
0,1,-1,0,20,-1,2,0,1,,,,,0,0,0,0,0,0,0,84,,,,,0,0,0,0,0,0,0,0,,,,,,,,,,,50.15264780004509,None,t,12.903854000149295,50.15264780004509,None,63.10934570012614,None,65.09563630004413,None,-1,0,20,2,1,67.12205559993163,None,b,1.3725517999846488,67.12205559993163,None,Extremely Unlikely,1.5965488999999948,0.5965488999999948,68.51239660009742,None,,,,,,,,,0,,,,,,,Sub049,001,2022_Oct_11_1455,2_1_MRI_Rating_SE_RE,2021.2.3,59.95793347276142,
0,1,-1,0,20,-1,2,0,1,,,,,0,0,0,0,0,0,0,84,,,,,0,0,0,0,,,,,,,,,,,,,,,,,,,,,,,,,-1,0,,,1,,,,,,,,,,,,,,,,,,,,0,,,,,,,Sub049,001,2022_Oct_11_1455,2_1_MRI_Rating_SE_RE,2021.2.3,59.95793347276142,
0,1,-1,0,20,-1,2,0,1,,,,,0,0,0,0,0,0,0,84,,,,,,,,,,,,,,,,,,,,,,,,,,,,,,,,,-1,0,,,1,,,,,,,,,,,,,,,,,,,,0,,,,,,,Sub049,001,2022_Oct_11_1455,2_1_MRI_Rating_SE_RE,2021.2.3,59.95793347276142,
1,0,2,-1,-1,1,-1,1,0,,,,,0,0,0,0,0,1,1,33,0,0,0,0,,,,,,,,,0,0,0,0,,,,,,,,,,,,,,,,,2,-1,,,0,,,,,,,,0.9972204999999974,-0.0027795000000025993,75.14605550002307,None,70.14068279997446,None,70.14068279997446,None,72.12916320003569,None,35.192672734101905,1,1,73.13457500003278,None,None,73.13457500003278,None,,Sub049,001,2022_Oct_11_1455,2_1_MRI_Rating_SE_RE,2021.2.3,59.95793347276142,
1,0,2,-1,-1,1,-1,1,0,,,,,0,0,0,0,0,1,1,33,0,0,0,0,,,,,,,,,,,,,,,,,,,,,,,,,,,,,2,-1,,,0,,,,,,,,,,,,,,,,,,,,1,,,,,,,Sub049,001,2022_Oct_11_1455,2_1_MRI_Rating_SE_RE,2021.2.3,59.95793347276142,
1,0,2,-1,-1,1,-1,1,0,,,,,0,0,0,0,0,1,1,33,,,,,,,,,,,,,,,,,,,,,,,,,,,,,,,,,2,-1,,,0,,,,,,,,,,,,,,,,,,,,1,,,,,,,Sub049,001,2022_Oct_11_1455,2_1_MRI_Rating_SE_RE,2021.2.3,59.95793347276142,
1,0,0,-1,-1,1,-1,1,0,,,,,0,0,0,0,0,2,2,36,0,0,0,0,,,,,,,,,0,0,0,0,,,,,,,,,,,,,,,,,0,-1,,,0,,,,,,,Extremely Unlikely,2.0915914999999927,1.0915914999999927,80.0796445000451,None,76.16955340001732,None,76.16955340001732,None,78.16280000004917,None,6.955605495902009,1,1,79.16576420003548,None,b,79.16576420003548,None,0.8951190998777747,Sub049,001,2022_Oct_11_1455,2_1_MRI_Rating_SE_RE,2021.2.3,59.95793347276142,
1,0,0,-1,-1,1,-1,1,0,,,,,0,0,0,0,0,2,2,36,0,0,0,0,,,,,,,,,,,,,,,,,,,,,,,,,,,,,0,-1,,,0,,,,,,,,,,,,,,,,,,,,1,,,,,,,Sub049,001,2022_Oct_11_1455,2_1_MRI_Rating_SE_RE,2021.2.3,59.95793347276142,
1,0,0,-1,-1,1,-1,1,0,,,,,0,0,0,0,0,2,2,36,,,,,,,,,,,,,,,,,,,,,,,,,,,,,,,,,0,-1,,,0,,,,,,,,,,,,,,,,,,,,1,,,,,,,Sub049,001,2022_Oct_11_1455,2_1_MRI_Rating_SE_RE,2021.2.3,59.95793347276142,
1,0,2,-1,-1,2,-1,0,0,,,,,0,0,0,0,0,3,3,16,0,0,0,0,,,,,,,,,,,,,,,,,,,,,,,,,,,,,2,-1,,,0,,,,,,,,,,,,82.19124000007287,None,82.19124000007287,None,84.19716620002873,None,35.192672734101905,2,0,,,,,,,Sub049,001,2022_Oct_11_1455,2_1_MRI_Rating_SE_RE,2021.2.3,59.95793347276142,
1,0,2,-1,-1,2,-1,0,0,,,,,0,0,0,0,0,3,3,16,,,,,,,,,,,,,,,,,,,,,,,,,,,,,,,,,2,-1,,,0,,,,,,,,,,,,,,,,,,,,0,,,,,,,Sub049,001,2022_Oct_11_1455,2_1_MRI_Rating_SE_RE,2021.2.3,59.95793347276142,
1,0,1,-1,-1,2,-1,1,0,,,,,0,0,0,0,0,4,4,13,0,0,0,0,,,,,,,,,0,0,0,0,,,,,,,,,,,,,,,,,1,-1,,,0,,,,,,,Slightly Likely,1.5560121999999978,0.5560121999999978,91.64629609999247,None,86.20320170000196,None,86.20320170000196,None,88.21357819996774,None,18.521736703457968,2,1,90.21304229996167,None,g,90.21304229996167,None,1.411185699980706,Sub049,001,2022_Oct_11_1455,2_1_MRI_Rating_SE_RE,2021.2.3,59.95793347276142,
1,0,1,-1,-1,2,-1,1,0,,,,,0,0,0,0,0,4,4,13,0,0,0,0,,,,,,,,,,,,,,,,,,,,,,,,,,,,,1,-1,,,0,,,,,,,,,,,,,,,,,,,,1,,,,,,,Sub049,001,2022_Oct_11_1455,2_1_MRI_Rating_SE_RE,2021.2.3,59.95793347276142,
1,0,1,-1,-1,2,-1,1,0,,,,,0,0,0,0,0,4,4,13,,,,,,,,,,,,,,,,,,,,,,,,,,,,,,,,,1,-1,,,0,,,,,,,,,,,,,,,,,,,,1,,,,,,,Sub049,001,2022_Oct_11_1455,2_1_MRI_Rating_SE_RE,2021.2.3,59.95793347276142,
1,0,2,-1,-1,1,-1,0,0,,,,,0,0,0,0,0,5,5,6,0,0,0,0,,,,,,,,,,,,,,,,,,,,,,,,,,,,,2,-1,,,0,,,,,,,,,,,,93.21654330007732,None,93.21654330007732,None,95.23019580007531,None,35.192672734101905,1,0,,,,,,,Sub049,001,2022_Oct_11_1455,2_1_MRI_Rating_SE_RE,2021.2.3,59.95793347276142,
1,0,2,-1,-1,1,-1,0,0,,,,,0,0,0,0,0,5,5,6,,,,,,,,,,,,,,,,,,,,,,,,,,,,,,,,,2,-1,,,0,,,,,,,,,,,,,,,,,,,,0,,,,,,,Sub049,001,2022_Oct_11_1455,2_1_MRI_Rating_SE_RE,2021.2.3,59.95793347276142,
0,1,-1,0,20,-1,2,0,0,,,,,0,0,0,0,0,6,6,48,,,,,0,0,0,0,,,,,,,,,,,,,,,,,,,,,96.23088899999857,None,98.23077260004357,None,-1,0,20,2,0,,,,,,,,,,,,,,,,,,,,0,,,,,,,Sub049,001,2022_Oct_11_1455,2_1_MRI_Rating_SE_RE,2021.2.3,59.95793347276142,
0,1,-1,0,20,-1,2,0,0,,,,,0,0,0,0,0,6,6,48,,,,,,,,,,,,,,,,,,,,,,,,,,,,,,,,,-1,0,,,0,,,,,,,,,,,,,,,,,,,,0,,,,,,,Sub049,001,2022_Oct_11_1455,2_1_MRI_Rating_SE_RE,2021.2.3,59.95793347276142,
0,1,-1,2,80,-1,3,0,0,,,,,0,0,0,0,0,7,7,53,,,,,0,0,0,0,,,,,,,,,,,,,,,,,,,,,100.23031090013683,None,102.23064790014178,None,-1,2,80,3,0,,,,,,,,,,,,,,,,,,,,0,,,,,,,Sub049,001,2022_Oct_11_1455,2_1_MRI_Rating_SE_RE,2021.2.3,59.95793347276142,
0,1,-1,2,80,-1,3,0,0,,,,,0,0,0,0,0,7,7,53,,,,,,,,,,,,,,,,,,,,,,,,,,,,,,,,,-1,2,,,0,,,,,,,,,,,,,,,,,,,,0,,,,,,,Sub049,001,2022_Oct_11_1455,2_1_MRI_Rating_SE_RE,2021.2.3,59.95793347276142,
1,0,2,-1,-1,3,-1,1,0,,,,,0,0,0,0,0,8,8,26,0,0,0,0,,,,,,,,,0,0,0,0,,,,,,,,,,,,,,,,,2,-1,,,0,,,,,,,Extremely Unlikely,2.401468399999999,1.4014683999999988,110.83100420003757,None,105.23065869999118,None,105.23065869999118,None,107.23061869991943,None,35.192672734101905,3,1,110.23073499999009,None,b,110.23073499999009,None,0.5693403000477701,Sub049,001,2022_Oct_11_1455,2_1_MRI_Rating_SE_RE,2021.2.3,59.95793347276142,
1,0,2,-1,-1,3,-1,1,0,,,,,0,0,0,0,0,8,8,26,0,0,0,0,,,,,,,,,,,,,,,,,,,,,,,,,,,,,2,-1,,,0,,,,,,,,,,,,,,,,,,,,1,,,,,,,Sub049,001,2022_Oct_11_1455,2_1_MRI_Rating_SE_RE,2021.2.3,59.95793347276142,
1,0,2,-1,-1,3,-1,1,0,,,,,0,0,0,0,0,8,8,26,,,,,,,,,,,,,,,,,,,,,,,,,,,,,,,,,2,-1,,,0,,,,,,,,,,,,,,,,,,,,1,,,,,,,Sub049,001,2022_Oct_11_1455,2_1_MRI_Rating_SE_RE,2021.2.3,59.95793347276142,
1,0,1,-1,-1,3,-1,1,0,,,,,0,0,0,0,0,9,9,32,0,0,0,0,,,,,,,,,0,0,0,0,,,,,,,,,,,,,,,,,1,-1,,,0,,,,,,,Slightly Likely,2.031711599999994,1.0317115999999942,119.2308628000319,None,113.25959699996747,None,113.25959699996747,None,115.26480010012165,None,18.521736703457968,3,1,118.26467350008897,None,g,118.26467350008897,None,0.9414708998519927,Sub049,001,2022_Oct_11_1455,2_1_MRI_Rating_SE_RE,2021.2.3,59.95793347276142,
1,0,1,-1,-1,3,-1,1,0,,,,,0,0,0,0,0,9,9,32,0,0,0,0,,,,,,,,,,,,,,,,,,,,,,,,,,,,,1,-1,,,0,,,,,,,,,,,,,,,,,,,,1,,,,,,,Sub049,001,2022_Oct_11_1455,2_1_MRI_Rating_SE_RE,2021.2.3,59.95793347276142,
1,0,1,-1,-1,3,-1,1,0,,,,,0,0,0,0,0,9,9,32,,,,,,,,,,,,,,,,,,,,,,,,,,,,,,,,,1,-1,,,0,,,,,,,,,,,,,,,,,,,,1,,,,,,,Sub049,001,2022_Oct_11_1455,2_1_MRI_Rating_SE_RE,2021.2.3,59.95793347276142,
1,0,0,-1,-1,3,-1,1,0,,,,,0,0,0,0,0,10,10,38,0,0,0,0,,,,,,,,,0,0,0,0,,,,,,,,,,,,,,,,,0,-1,,,0,,,,,,,Extremely Unlikely,2.527560500000007,1.527560500000007,126.74834790010937,None,121.27201820001937,None,121.27201820001937,None,123.28111590002663,None,6.955605495902009,3,1,126.28176239994355,None,b,126.28176239994355,None,0.4494302999228239,Sub049,001,2022_Oct_11_1455,2_1_MRI_Rating_SE_RE,2021.2.3,59.95793347276142,
1,0,0,-1,-1,3,-1,1,0,,,,,0,0,0,0,0,10,10,38,0,0,0,0,,,,,,,,,,,,,,,,,,,,,,,,,,,,,0,-1,,,0,,,,,,,,,,,,,,,,,,,,1,,,,,,,Sub049,001,2022_Oct_11_1455,2_1_MRI_Rating_SE_RE,2021.2.3,59.95793347276142,
1,0,0,-1,-1,3,-1,1,0,,,,,0,0,0,0,0,10,10,38,,,,,,,,,,,,,,,,,,,,,,,,,,,,,,,,,0,-1,,,0,,,,,,,,,,,,,,,,,,,,1,,,,,,,Sub049,001,2022_Oct_11_1455,2_1_MRI_Rating_SE_RE,2021.2.3,59.95793347276142,
1,0,2,-1,-1,2,-1,1,0,,,,,0,0,0,0,0,11,11,25,0,0,0,0,,,,,,,,,0,0,0,0,,,,,,,,,,,,,,,,,2,-1,,,0,,,,,,,Slightly Likely,1.6062022000000127,0.6062022000000127,134.68158180010505,None,129.28649140009657,None,129.28649140009657,None,131.29800790012814,None,35.192672734101905,2,1,133.29846790013835,None,g,133.29846790013835,None,1.3667931000236422,Sub049,001,2022_Oct_11_1455,2_1_MRI_Rating_SE_RE,2021.2.3,59.95793347276142,
1,0,2,-1,-1,2,-1,1,0,,,,,0,0,0,0,0,11,11,25,0,0,0,0,,,,,,,,,,,,,,,,,,,,,,,,,,,,,2,-1,,,0,,,,,,,,,,,,,,,,,,,,1,,,,,,,Sub049,001,2022_Oct_11_1455,2_1_MRI_Rating_SE_RE,2021.2.3,59.95793347276142,
1,0,2,-1,-1,2,-1,1,0,,,,,0,0,0,0,0,11,11,25,,,,,,,,,,,,,,,,,,,,,,,,,,,,,,,,,2,-1,,,0,,,,,,,,,,,,,,,,,,,,1,,,,,,,Sub049,001,2022_Oct_11_1455,2_1_MRI_Rating_SE_RE,2021.2.3,59.95793347276142,
0,1,-1,1,50,-1,3,0,0,,,,,0,0,0,0,0,12,12,61,,,,,0,0,0,0,,,,,,,,,,,,,,,,,,,,,136.3047046000138,None,138.31525300000794,None,-1,1,50,3,0,,,,,,,,,,,,,,,,,,,,0,,,,,,,Sub049,001,2022_Oct_11_1455,2_1_MRI_Rating_SE_RE,2021.2.3,59.95793347276142,
0,1,-1,1,50,-1,3,0,0,,,,,0,0,0,0,0,12,12,61,,,,,,,,,,,,,,,,,,,,,,,,,,,,,,,,,-1,1,,,0,,,,,,,,,,,,,,,,,,,,0,,,,,,,Sub049,001,2022_Oct_11_1455,2_1_MRI_Rating_SE_RE,2021.2.3,59.95793347276142,
0,1,-1,0,20,-1,1,0,1,,,,,0,0,0,0,0,13,13,63,,,,,0,0,0,0,0,0,0,0,,,,,,,,,,,,,,,,,141.31549990014173,None,143.31593260006048,None,-1,0,20,1,1,144.31547060003504,None,b,0.5075129999313504,144.31547060003504,None,Extremely Unlikely,2.467331999999999,1.467331999999999,144.8491380000487,None,,,,,,,,,0,,,,,,,Sub049,001,2022_Oct_11_1455,2_1_MRI_Rating_SE_RE,2021.2.3,59.95793347276142,
0,1,-1,0,20,-1,1,0,1,,,,,0,0,0,0,0,13,13,63,,,,,0,0,0,0,,,,,,,,,,,,,,,,,,,,,,,,,-1,0,,,1,,,,,,,,,,,,,,,,,,,,0,,,,,,,Sub049,001,2022_Oct_11_1455,2_1_MRI_Rating_SE_RE,2021.2.3,59.95793347276142,
0,1,-1,0,20,-1,1,0,1,,,,,0,0,0,0,0,13,13,63,,,,,,,,,,,,,,,,,,,,,,,,,,,,,,,,,-1,0,,,1,,,,,,,,,,,,,,,,,,,,0,,,,,,,Sub049,001,2022_Oct_11_1455,2_1_MRI_Rating_SE_RE,2021.2.3,59.95793347276142,
1,0,1,-1,-1,2,-1,0,0,,,,,0,0,0,0,0,14,14,4,0,0,0,0,,,,,,,,,,,,,,,,,,,,,,,,,,,,,1,-1,,,0,,,,,,,,,,,,147.31757250009105,None,147.31757250009105,None,149.33231110009365,None,18.521736703457968,2,0,,,,,,,Sub049,001,2022_Oct_11_1455,2_1_MRI_Rating_SE_RE,2021.2.3,59.95793347276142,
1,0,1,-1,-1,2,-1,0,0,,,,,0,0,0,0,0,14,14,4,,,,,,,,,,,,,,,,,,,,,,,,,,,,,,,,,1,-1,,,0,,,,,,,,,,,,,,,,,,,,0,,,,,,,Sub049,001,2022_Oct_11_1455,2_1_MRI_Rating_SE_RE,2021.2.3,59.95793347276142,
0,1,-1,2,80,-1,2,0,0,,,,,0,0,0,0,0,15,15,50,,,,,0,0,0,0,,,,,,,,,,,,,,,,,,,,,151.333252399927,None,153.34879419999197,None,-1,2,80,2,0,,,,,,,,,,,,,,,,,,,,0,,,,,,,Sub049,001,2022_Oct_11_1455,2_1_MRI_Rating_SE_RE,2021.2.3,59.95793347276142,
0,1,-1,2,80,-1,2,0,0,,,,,0,0,0,0,0,15,15,50,,,,,,,,,,,,,,,,,,,,,,,,,,,,,,,,,-1,2,,,0,,,,,,,,,,,,,,,,,,,,0,,,,,,,Sub049,001,2022_Oct_11_1455,2_1_MRI_Rating_SE_RE,2021.2.3,59.95793347276142,
0,1,-1,0,20,-1,2,0,0,,,,,0,0,0,0,0,16,16,57,,,,,0,0,0,0,,,,,,,,,,,,,,,,,,,,,155.35040310001932,None,157.34983150009066,None,-1,0,20,2,0,,,,,,,,,,,,,,,,,,,,0,,,,,,,Sub049,001,2022_Oct_11_1455,2_1_MRI_Rating_SE_RE,2021.2.3,59.95793347276142,
0,1,-1,0,20,-1,2,0,0,,,,,0,0,0,0,0,16,16,57,,,,,,,,,,,,,,,,,,,,,,,,,,,,,,,,,-1,0,,,0,,,,,,,,,,,,,,,,,,,,0,,,,,,,Sub049,001,2022_Oct_11_1455,2_1_MRI_Rating_SE_RE,2021.2.3,59.95793347276142,
0,1,-1,2,80,-1,1,0,1,,,,,0,0,0,0,0,17,17,65,,,,,0,0,0,0,0,0,0,0,,,,,,,,,,,,,,,,,159.349198800046,None,161.34904629993252,None,-1,2,80,1,1,162.35246059997007,None,b,0.41889510001055896,162.35246059997007,None,Extremely Unlikely,2.5483435000000156,1.5483435000000156,162.80009989999235,None,,,,,,,,,0,,,,,,,Sub049,001,2022_Oct_11_1455,2_1_MRI_Rating_SE_RE,2021.2.3,59.95793347276142,
0,1,-1,2,80,-1,1,0,1,,,,,0,0,0,0,0,17,17,65,,,,,0,0,0,0,,,,,,,,,,,,,,,,,,,,,,,,,-1,2,,,1,,,,,,,,,,,,,,,,,,,,0,,,,,,,Sub049,001,2022_Oct_11_1455,2_1_MRI_Rating_SE_RE,2021.2.3,59.95793347276142,
0,1,-1,2,80,-1,1,0,1,,,,,0,0,0,0,0,17,17,65,,,,,,,,,,,,,,,,,,,,,,,,,,,,,,,,,-1,2,,,1,,,,,,,,,,,,,,,,,,,,0,,,,,,,Sub049,001,2022_Oct_11_1455,2_1_MRI_Rating_SE_RE,2021.2.3,59.95793347276142,
0,1,-1,1,50,-1,3,0,0,,,,,0,0,0,0,0,18,18,52,,,,,0,0,0,0,,,,,,,,,,,,,,,,,,,,,165.35596999991685,None,167.36609659995884,None,-1,1,50,3,0,,,,,,,,,,,,,,,,,,,,0,,,,,,,Sub049,001,2022_Oct_11_1455,2_1_MRI_Rating_SE_RE,2021.2.3,59.95793347276142,
0,1,-1,1,50,-1,3,0,0,,,,,0,0,0,0,0,18,18,52,,,,,,,,,,,,,,,,,,,,,,,,,,,,,,,,,-1,1,,,0,,,,,,,,,,,,,,,,,,,,0,,,,,,,Sub049,001,2022_Oct_11_1455,2_1_MRI_Rating_SE_RE,2021.2.3,59.95793347276142,
1,0,0,-1,-1,2,-1,1,0,,,,,0,0,0,0,0,19,19,28,0,0,0,0,,,,,,,,,0,0,0,0,,,,,,,,,,,,,,,,,0,-1,,,0,,,,,,,Extremely Unlikely,2.4513524999999845,1.4513524999999845,174.91618170007132,None,170.36763350013644,None,170.36763350013644,None,172.3836169000715,None,6.955605495902009,2,1,174.39733389997855,None,b,174.39733389997855,None,0.49169809999875724,Sub049,001,2022_Oct_11_1455,2_1_MRI_Rating_SE_RE,2021.2.3,59.95793347276142,
1,0,0,-1,-1,2,-1,1,0,,,,,0,0,0,0,0,19,19,28,0,0,0,0,,,,,,,,,,,,,,,,,,,,,,,,,,,,,0,-1,,,0,,,,,,,,,,,,,,,,,,,,1,,,,,,,Sub049,001,2022_Oct_11_1455,2_1_MRI_Rating_SE_RE,2021.2.3,59.95793347276142,
1,0,0,-1,-1,2,-1,1,0,,,,,0,0,0,0,0,19,19,28,,,,,,,,,,,,,,,,,,,,,,,,,,,,,,,,,0,-1,,,0,,,,,,,,,,,,,,,,,,,,1,,,,,,,Sub049,001,2022_Oct_11_1455,2_1_MRI_Rating_SE_RE,2021.2.3,59.95793347276142,
1,0,2,-1,-1,2,-1,1,0,,,,,0,0,0,0,0,20,20,34,0,0,0,0,,,,,,,,,0,0,0,0,,,,,,,,,,,,,,,,,2,-1,,,0,,,,,,,Extremely Likely,1.1140331000000003,0.11403310000000033,183.26652629999444,None,177.3761380999349,None,177.3761380999349,None,179.38309020013548,None,35.192672734101905,2,1,181.38593979994766,None,r,181.38593979994766,None,1.855471600079909,Sub049,001,2022_Oct_11_1455,2_1_MRI_Rating_SE_RE,2021.2.3,59.95793347276142,
1,0,2,-1,-1,2,-1,1,0,,,,,0,0,0,0,0,20,20,34,0,0,0,0,,,,,,,,,,,,,,,,,,,,,,,,,,,,,2,-1,,,0,,,,,,,,,,,,,,,,,,,,1,,,,,,,Sub049,001,2022_Oct_11_1455,2_1_MRI_Rating_SE_RE,2021.2.3,59.95793347276142,
1,0,2,-1,-1,2,-1,1,0,,,,,0,0,0,0,0,20,20,34,,,,,,,,,,,,,,,,,,,,,,,,,,,,,,,,,2,-1,,,0,,,,,,,,,,,,,,,,,,,,1,,,,,,,Sub049,001,2022_Oct_11_1455,2_1_MRI_Rating_SE_RE,2021.2.3,59.95793347276142,
0,1,-1,2,80,-1,3,0,1,,,,,0,0,0,0,0,21,21,71,,,,,0,0,0,0,0,0,0,0,,,,,,,,,,,,,,,,,184.39014980010688,None,186.40008620009758,None,-1,2,80,3,1,189.40189640014432,None,g,1.4304145001806319,189.40189640014432,None,Slightly Likely,1.5455229000000088,0.5455229000000088,190.85040360013954,None,,,,,,,,,0,,,,,,,Sub049,001,2022_Oct_11_1455,2_1_MRI_Rating_SE_RE,2021.2.3,59.95793347276142,
0,1,-1,2,80,-1,3,0,1,,,,,0,0,0,0,0,21,21,71,,,,,0,0,0,0,,,,,,,,,,,,,,,,,,,,,,,,,-1,2,,,1,,,,,,,,,,,,,,,,,,,,0,,,,,,,Sub049,001,2022_Oct_11_1455,2_1_MRI_Rating_SE_RE,2021.2.3,59.95793347276142,
0,1,-1,2,80,-1,3,0,1,,,,,0,0,0,0,0,21,21,71,,,,,,,,,,,,,,,,,,,,,,,,,,,,,,,,,-1,2,,,1,,,,,,,,,,,,,,,,,,,,0,,,,,,,Sub049,001,2022_Oct_11_1455,2_1_MRI_Rating_SE_RE,2021.2.3,59.95793347276142,
0,1,-1,2,80,-1,1,0,1,,,,,0,0,0,0,0,22,22,83,,,,,0,0,0,0,0,0,0,0,,,,,,,,,,,,,,,,,192.405474799918,None,194.41716479999013,None,-1,2,80,1,1,195.4173091999255,None,r,0.5027290000580251,195.4173091999255,None,Extremely Likely,2.4608811999999887,1.4608811999999887,195.9501463000197,None,,,,,,,,,0,,,,,,,Sub049,001,2022_Oct_11_1455,2_1_MRI_Rating_SE_RE,2021.2.3,59.95793347276142,
0,1,-1,2,80,-1,1,0,1,,,,,0,0,0,0,0,22,22,83,,,,,0,0,0,0,,,,,,,,,,,,,,,,,,,,,,,,,-1,2,,,1,,,,,,,,,,,,,,,,,,,,0,,,,,,,Sub049,001,2022_Oct_11_1455,2_1_MRI_Rating_SE_RE,2021.2.3,59.95793347276142,
0,1,-1,2,80,-1,1,0,1,,,,,0,0,0,0,0,22,22,83,,,,,,,,,,,,,,,,,,,,,,,,,,,,,,,,,-1,2,,,1,,,,,,,,,,,,,,,,,,,,0,,,,,,,Sub049,001,2022_Oct_11_1455,2_1_MRI_Rating_SE_RE,2021.2.3,59.95793347276142,
0,1,-1,0,20,-1,1,0,0,,,,,0,0,0,0,0,23,23,54,,,,,0,0,0,0,,,,,,,,,,,,,,,,,,,,,198.42368809995241,None,200.43512189993635,None,-1,0,20,1,0,,,,,,,,,,,,,,,,,,,,0,,,,,,,Sub049,001,2022_Oct_11_1455,2_1_MRI_Rating_SE_RE,2021.2.3,59.95793347276142,
0,1,-1,0,20,-1,1,0,0,,,,,0,0,0,0,0,23,23,54,,,,,,,,,,,,,,,,,,,,,,,,,,,,,,,,,-1,0,,,0,,,,,,,,,,,,,,,,,,,,0,,,,,,,Sub049,001,2022_Oct_11_1455,2_1_MRI_Rating_SE_RE,2021.2.3,59.95793347276142,
1,0,1,-1,-1,1,-1,0,0,,,,,0,0,0,0,0,24,24,12,0,0,0,0,,,,,,,,,,,,,,,,,,,,,,,,,,,,,1,-1,,,0,,,,,,,,,,,,201.44006900000386,None,201.44006900000386,None,203.45103979995474,None,18.521736703457968,1,0,,,,,,,Sub049,001,2022_Oct_11_1455,2_1_MRI_Rating_SE_RE,2021.2.3,59.95793347276142,
1,0,1,-1,-1,1,-1,0,0,,,,,0,0,0,0,0,24,24,12,,,,,,,,,,,,,,,,,,,,,,,,,,,,,,,,,1,-1,,,0,,,,,,,,,,,,,,,,,,,,0,,,,,,,Sub049,001,2022_Oct_11_1455,2_1_MRI_Rating_SE_RE,2021.2.3,59.95793347276142,
1,0,1,-1,-1,1,-1,0,0,,,,,0,0,0,0,0,25,25,3,0,0,0,0,,,,,,,,,,,,,,,,,,,,,,,,,,,,,1,-1,,,0,,,,,,,,,,,,204.45234550000168,None,204.45234550000168,None,206.46798479999416,None,18.521736703457968,1,0,,,,,,,Sub049,001,2022_Oct_11_1455,2_1_MRI_Rating_SE_RE,2021.2.3,59.95793347276142,
1,0,1,-1,-1,1,-1,0,0,,,,,0,0,0,0,0,25,25,3,,,,,,,,,,,,,,,,,,,,,,,,,,,,,,,,,1,-1,,,0,,,,,,,,,,,,,,,,,,,,0,,,,,,,Sub049,001,2022_Oct_11_1455,2_1_MRI_Rating_SE_RE,2021.2.3,59.95793347276142,
0,1,-1,2,80,-1,3,0,1,,,,,0,0,0,0,0,26,26,89,,,,,0,0,0,0,0,0,0,0,,,,,,,,,,,,,,,,,207.46964289993048,None,209.48494830005802,None,-1,2,80,3,1,212.48786280001514,None,b,1.8261728000361472,212.48786280001514,None,Extremely Unlikely,1.138408300000009,0.13840830000000892,214.33486990001984,None,,,,,,,,,0,,,,,,,Sub049,001,2022_Oct_11_1455,2_1_MRI_Rating_SE_RE,2021.2.3,59.95793347276142,
0,1,-1,2,80,-1,3,0,1,,,,,0,0,0,0,0,26,26,89,,,,,0,0,0,0,,,,,,,,,,,,,,,,,,,,,,,,,-1,2,,,1,,,,,,,,,,,,,,,,,,,,0,,,,,,,Sub049,001,2022_Oct_11_1455,2_1_MRI_Rating_SE_RE,2021.2.3,59.95793347276142,
0,1,-1,2,80,-1,3,0,1,,,,,0,0,0,0,0,26,26,89,,,,,,,,,,,,,,,,,,,,,,,,,,,,,,,,,-1,2,,,1,,,,,,,,,,,,,,,,,,,,0,,,,,,,Sub049,001,2022_Oct_11_1455,2_1_MRI_Rating_SE_RE,2021.2.3,59.95793347276142,
1,0,2,-1,-1,3,-1,0,0,,,,,0,0,0,0,0,27,27,17,0,0,0,0,,,,,,,,,,,,,,,,,,,,,,,,,,,,,2,-1,,,0,,,,,,,,,,,,215.49073219997808,None,215.49073219997808,None,217.50165780005045,None,35.192672734101905,3,0,,,,,,,Sub049,001,2022_Oct_11_1455,2_1_MRI_Rating_SE_RE,2021.2.3,59.95793347276142,
1,0,2,-1,-1,3,-1,0,0,,,,,0,0,0,0,0,27,27,17,,,,,,,,,,,,,,,,,,,,,,,,,,,,,,,,,2,-1,,,0,,,,,,,,,,,,,,,,,,,,0,,,,,,,Sub049,001,2022_Oct_11_1455,2_1_MRI_Rating_SE_RE,2021.2.3,59.95793347276142,
0,1,-1,0,20,-1,3,0,1,,,,,0,0,0,0,0,28,28,87,,,,,0,0,0,0,0,0,0,0,,,,,,,,,,,,,,,,,220.50751499994658,None,222.51838669995777,None,-1,0,20,3,1,225.51810640003532,None,b,0.5048646000213921,225.51810640003532,None,Extremely Unlikely,2.45688770000001,1.45688770000001,226.05125269992277,None,,,,,,,,,0,,,,,,,Sub049,001,2022_Oct_11_1455,2_1_MRI_Rating_SE_RE,2021.2.3,59.95793347276142,
0,1,-1,0,20,-1,3,0,1,,,,,0,0,0,0,0,28,28,87,,,,,0,0,0,0,,,,,,,,,,,,,,,,,,,,,,,,,-1,0,,,1,,,,,,,,,,,,,,,,,,,,0,,,,,,,Sub049,001,2022_Oct_11_1455,2_1_MRI_Rating_SE_RE,2021.2.3,59.95793347276142,
0,1,-1,0,20,-1,3,0,1,,,,,0,0,0,0,0,28,28,87,,,,,,,,,,,,,,,,,,,,,,,,,,,,,,,,,-1,0,,,1,,,,,,,,,,,,,,,,,,,,0,,,,,,,Sub049,001,2022_Oct_11_1455,2_1_MRI_Rating_SE_RE,2021.2.3,59.95793347276142,
1,0,1,-1,-1,3,-1,1,0,,,,,0,0,0,0,0,29,29,41,0,0,0,0,,,,,,,,,0,0,0,0,,,,,,,,,,,,,,,,,1,-1,,,0,,,,,,,Slightly Likely,1.2794279000000017,0.2794279000000017,235.25183730013669,None,228.527853500098,None,228.527853500098,None,230.53505600010976,None,18.521736703457968,3,1,233.5379487001337,None,g,233.5379487001337,None,1.694124300032854,Sub049,001,2022_Oct_11_1455,2_1_MRI_Rating_SE_RE,2021.2.3,59.95793347276142,
1,0,1,-1,-1,3,-1,1,0,,,,,0,0,0,0,0,29,29,41,0,0,0,0,,,,,,,,,,,,,,,,,,,,,,,,,,,,,1,-1,,,0,,,,,,,,,,,,,,,,,,,,1,,,,,,,Sub049,001,2022_Oct_11_1455,2_1_MRI_Rating_SE_RE,2021.2.3,59.95793347276142,
1,0,1,-1,-1,3,-1,1,0,,,,,0,0,0,0,0,29,29,41,,,,,,,,,,,,,,,,,,,,,,,,,,,,,,,,,1,-1,,,0,,,,,,,,,,,,,,,,,,,,1,,,,,,,Sub049,001,2022_Oct_11_1455,2_1_MRI_Rating_SE_RE,2021.2.3,59.95793347276142,
1,0,0,-1,-1,3,-1,1,0,,,,,0,0,0,0,0,30,30,20,0,0,0,0,,,,,,,,,0,0,0,0,,,,,,,,,,,,,,,,,0,-1,,,0,,,,,,,Extremely Unlikely,2.2945498999999927,1.2945498999999927,242.25256980000995,None,236.54237759998068,None,236.54237759998068,None,238.55188559996895,None,6.955605495902009,3,1,241.5535987999756,None,b,241.5535987999756,None,0.6833431001286954,Sub049,001,2022_Oct_11_1455,2_1_MRI_Rating_SE_RE,2021.2.3,59.95793347276142,
1,0,0,-1,-1,3,-1,1,0,,,,,0,0,0,0,0,30,30,20,0,0,0,0,,,,,,,,,,,,,,,,,,,,,,,,,,,,,0,-1,,,0,,,,,,,,,,,,,,,,,,,,1,,,,,,,Sub049,001,2022_Oct_11_1455,2_1_MRI_Rating_SE_RE,2021.2.3,59.95793347276142,
1,0,0,-1,-1,3,-1,1,0,,,,,0,0,0,0,0,30,30,20,,,,,,,,,,,,,,,,,,,,,,,,,,,,,,,,,0,-1,,,0,,,,,,,,,,,,,,,,,,,,1,,,,,,,Sub049,001,2022_Oct_11_1455,2_1_MRI_Rating_SE_RE,2021.2.3,59.95793347276142,
0,1,-1,0,20,-1,1,0,0,,,,,0,0,0,0,0,31,31,45,,,,,0,0,0,0,,,,,,,,,,,,,,,,,,,,,244.56048860005103,None,246.56916980003007,None,-1,0,20,1,0,,,,,,,,,,,,,,,,,,,,0,,,,,,,Sub049,001,2022_Oct_11_1455,2_1_MRI_Rating_SE_RE,2021.2.3,59.95793347276142,
0,1,-1,0,20,-1,1,0,0,,,,,0,0,0,0,0,31,31,45,,,,,,,,,,,,,,,,,,,,,,,,,,,,,,,,,-1,0,,,0,,,,,,,,,,,,,,,,,,,,0,,,,,,,Sub049,001,2022_Oct_11_1455,2_1_MRI_Rating_SE_RE,2021.2.3,59.95793347276142,
0,1,-1,1,50,-1,1,0,1,,,,,0,0,0,0,0,32,32,73,,,,,0,0,0,0,0,0,0,0,,,,,,,,,,,,,,,,,247.57327320007607,None,249.58610330009833,None,-1,1,50,1,1,250.5868810999673,None,b,0.44724879995919764,250.5868810999673,None,Extremely Unlikely,2.52444109999999,1.52444109999999,251.0525436999742,None,,,,,,,,,0,,,,,,,Sub049,001,2022_Oct_11_1455,2_1_MRI_Rating_SE_RE,2021.2.3,59.95793347276142,
0,1,-1,1,50,-1,1,0,1,,,,,0,0,0,0,0,32,32,73,,,,,0,0,0,0,,,,,,,,,,,,,,,,,,,,,,,,,-1,1,,,1,,,,,,,,,,,,,,,,,,,,0,,,,,,,Sub049,001,2022_Oct_11_1455,2_1_MRI_Rating_SE_RE,2021.2.3,59.95793347276142,
0,1,-1,1,50,-1,1,0,1,,,,,0,0,0,0,0,32,32,73,,,,,,,,,,,,,,,,,,,,,,,,,,,,,,,,,-1,1,,,1,,,,,,,,,,,,,,,,,,,,0,,,,,,,Sub049,001,2022_Oct_11_1455,2_1_MRI_Rating_SE_RE,2021.2.3,59.95793347276142,
0,1,-1,1,50,-1,2,0,1,,,,,0,0,0,0,0,33,33,76,,,,,0,0,0,0,0,0,0,0,,,,,,,,,,,,,,,,,253.59240259998478,None,255.60329940007068,None,-1,1,50,2,1,257.61717110010795,None,b,0.5680833000224084,257.61717110010795,None,Extremely Unlikely,2.3965456000000245,1.3965456000000245,258.2028378001414,None,,,,,,,,,0,,,,,,,Sub049,001,2022_Oct_11_1455,2_1_MRI_Rating_SE_RE,2021.2.3,59.95793347276142,
0,1,-1,1,50,-1,2,0,1,,,,,0,0,0,0,0,33,33,76,,,,,0,0,0,0,,,,,,,,,,,,,,,,,,,,,,,,,-1,1,,,1,,,,,,,,,,,,,,,,,,,,0,,,,,,,Sub049,001,2022_Oct_11_1455,2_1_MRI_Rating_SE_RE,2021.2.3,59.95793347276142,
0,1,-1,1,50,-1,2,0,1,,,,,0,0,0,0,0,33,33,76,,,,,,,,,,,,,,,,,,,,,,,,,,,,,,,,,-1,1,,,1,,,,,,,,,,,,,,,,,,,,0,,,,,,,Sub049,001,2022_Oct_11_1455,2_1_MRI_Rating_SE_RE,2021.2.3,59.95793347276142,
0,1,-1,1,50,-1,2,0,0,,,,,0,0,0,0,0,34,34,49,,,,,0,0,0,0,,,,,,,,,,,,,,,,,,,,,260.6087134000845,None,262.62065900000744,None,-1,1,50,2,0,,,,,,,,,,,,,,,,,,,,0,,,,,,,Sub049,001,2022_Oct_11_1455,2_1_MRI_Rating_SE_RE,2021.2.3,59.95793347276142,
0,1,-1,1,50,-1,2,0,0,,,,,0,0,0,0,0,34,34,49,,,,,,,,,,,,,,,,,,,,,,,,,,,,,,,,,-1,1,,,0,,,,,,,,,,,,,,,,,,,,0,,,,,,,Sub049,001,2022_Oct_11_1455,2_1_MRI_Rating_SE_RE,2021.2.3,59.95793347276142,
1,0,1,-1,-1,2,-1,1,0,,,,,0,0,0,0,0,35,35,22,0,0,0,0,,,,,,,,,0,0,0,0,,,,,,,,,,,,,,,,,1,-1,,,0,,,,,,,Slightly Unlikely,2.570801000000017,1.5708010000000172,269.05307270004414,None,264.62317089992575,None,264.62317089992575,None,266.6365805999376,None,18.521736703457968,2,1,268.6377618999686,None,y,268.6377618999686,None,0.3883243000600487,Sub049,001,2022_Oct_11_1455,2_1_MRI_Rating_SE_RE,2021.2.3,59.95793347276142,
1,0,1,-1,-1,2,-1,1,0,,,,,0,0,0,0,0,35,35,22,0,0,0,0,,,,,,,,,,,,,,,,,,,,,,,,,,,,,1,-1,,,0,,,,,,,,,,,,,,,,,,,,1,,,,,,,Sub049,001,2022_Oct_11_1455,2_1_MRI_Rating_SE_RE,2021.2.3,59.95793347276142,
1,0,1,-1,-1,2,-1,1,0,,,,,0,0,0,0,0,35,35,22,,,,,,,,,,,,,,,,,,,,,,,,,,,,,,,,,1,-1,,,0,,,,,,,,,,,,,,,,,,,,1,,,,,,,Sub049,001,2022_Oct_11_1455,2_1_MRI_Rating_SE_RE,2021.2.3,59.95793347276142,
0,1,-1,0,20,-1,1,0,1,,,,,0,0,0,0,0,36,36,81,,,,,0,0,0,0,0,0,0,0,,,,,,,,,,,,,,,,,271.6452687999699,None,273.6537140000146,None,-1,0,20,1,1,274.65394799993373,None,b,0.47334740008227527,274.65394799993373,None,Extremely Unlikely,2.494711099999961,1.4947110999999609,275.15362380002625,None,,,,,,,,,0,,,,,,,Sub049,001,2022_Oct_11_1455,2_1_MRI_Rating_SE_RE,2021.2.3,59.95793347276142,
0,1,-1,0,20,-1,1,0,1,,,,,0,0,0,0,0,36,36,81,,,,,0,0,0,0,,,,,,,,,,,,,,,,,,,,,,,,,-1,0,,,1,,,,,,,,,,,,,,,,,,,,0,,,,,,,Sub049,001,2022_Oct_11_1455,2_1_MRI_Rating_SE_RE,2021.2.3,59.95793347276142,
0,1,-1,0,20,-1,1,0,1,,,,,0,0,0,0,0,36,36,81,,,,,,,,,,,,,,,,,,,,,,,,,,,,,,,,,-1,0,,,1,,,,,,,,,,,,,,,,,,,,0,,,,,,,Sub049,001,2022_Oct_11_1455,2_1_MRI_Rating_SE_RE,2021.2.3,59.95793347276142,
0,1,-1,1,50,-1,2,0,1,,,,,0,0,0,0,0,37,37,58,,,,,0,0,0,0,0,0,0,0,,,,,,,,,,,,,,,,,277.6626303999219,None,279.6707874999847,None,-1,1,50,2,1,281.6705813999288,None,y,0.8943632999435067,281.6705813999288,None,Slightly Unlikely,2.080597600000033,1.0805976000000328,282.58734329999425,None,,,,,,,,,0,,,,,,,Sub049,001,2022_Oct_11_1455,2_1_MRI_Rating_SE_RE,2021.2.3,59.95793347276142,
0,1,-1,1,50,-1,2,0,1,,,,,0,0,0,0,0,37,37,58,,,,,0,0,0,0,,,,,,,,,,,,,,,,,,,,,,,,,-1,1,,,1,,,,,,,,,,,,,,,,,,,,0,,,,,,,Sub049,001,2022_Oct_11_1455,2_1_MRI_Rating_SE_RE,2021.2.3,59.95793347276142,
0,1,-1,1,50,-1,2,0,1,,,,,0,0,0,0,0,37,37,58,,,,,,,,,,,,,,,,,,,,,,,,,,,,,,,,,-1,1,,,1,,,,,,,,,,,,,,,,,,,,0,,,,,,,Sub049,001,2022_Oct_11_1455,2_1_MRI_Rating_SE_RE,2021.2.3,59.95793347276142,
0,1,-1,2,80,-1,1,0,0,,,,,0,0,0,0,0,38,38,47,,,,,0,0,0,0,,,,,,,,,,,,,,,,,,,,,284.67584419995546,None,286.68816499994136,None,-1,2,80,1,0,,,,,,,,,,,,,,,,,,,,0,,,,,,,Sub049,001,2022_Oct_11_1455,2_1_MRI_Rating_SE_RE,2021.2.3,59.95793347276142,
0,1,-1,2,80,-1,1,0,0,,,,,0,0,0,0,0,38,38,47,,,,,,,,,,,,,,,,,,,,,,,,,,,,,,,,,-1,2,,,0,,,,,,,,,,,,,,,,,,,,0,,,,,,,Sub049,001,2022_Oct_11_1455,2_1_MRI_Rating_SE_RE,2021.2.3,59.95793347276142,
0,1,-1,0,20,-1,3,0,1,,,,,0,0,0,0,0,39,39,60,,,,,0,0,0,0,0,0,0,0,,,,,,,,,,,,,,,,,287.69290750008076,None,289.70476420014165,None,-1,0,20,3,1,292.7066562001128,None,b,0.351338799810037,292.7066562001128,None,Extremely Unlikely,2.606815900000015,1.606815900000015,293.0873066999484,None,,,,,,,,,0,,,,,,,Sub049,001,2022_Oct_11_1455,2_1_MRI_Rating_SE_RE,2021.2.3,59.95793347276142,
0,1,-1,0,20,-1,3,0,1,,,,,0,0,0,0,0,39,39,60,,,,,0,0,0,0,,,,,,,,,,,,,,,,,,,,,,,,,-1,0,,,1,,,,,,,,,,,,,,,,,,,,0,,,,,,,Sub049,001,2022_Oct_11_1455,2_1_MRI_Rating_SE_RE,2021.2.3,59.95793347276142,
0,1,-1,0,20,-1,3,0,1,,,,,0,0,0,0,0,39,39,60,,,,,,,,,,,,,,,,,,,,,,,,,,,,,,,,,-1,0,,,1,,,,,,,,,,,,,,,,,,,,0,,,,,,,Sub049,001,2022_Oct_11_1455,2_1_MRI_Rating_SE_RE,2021.2.3,59.95793347276142,
1,0,2,-1,-1,3,-1,0,0,,,,,0,0,0,0,0,40,40,8,0,0,0,0,,,,,,,,,,,,,,,,,,,,,,,,,,,,,2,-1,,,0,,,,,,,,,,,,295.71384990005754,None,295.71384990005754,None,297.7212551999837,None,35.192672734101905,3,0,,,,,,,Sub049,001,2022_Oct_11_1455,2_1_MRI_Rating_SE_RE,2021.2.3,59.95793347276142,
1,0,2,-1,-1,3,-1,0,0,,,,,0,0,0,0,0,40,40,8,,,,,,,,,,,,,,,,,,,,,,,,,,,,,,,,,2,-1,,,0,,,,,,,,,,,,,,,,,,,,0,,,,,,,Sub049,001,2022_Oct_11_1455,2_1_MRI_Rating_SE_RE,2021.2.3,59.95793347276142,
0,1,-1,1,50,-1,1,0,1,,,,,0,0,0,0,0,41,41,82,,,,,0,0,0,0,0,0,0,0,,,,,,,,,,,,,,,,,300.7227334000636,None,302.7380492000375,None,-1,1,50,1,1,303.73828859999776,None,None,,303.73828859999776,None,,0.9910689000000161,-0.008931099999983871,305.7382313001435,None,,,,,,,,,0,,,,,,,Sub049,001,2022_Oct_11_1455,2_1_MRI_Rating_SE_RE,2021.2.3,59.95793347276142,
0,1,-1,1,50,-1,1,0,1,,,,,0,0,0,0,0,41,41,82,,,,,0,0,0,0,,,,,,,,,,,,,,,,,,,,,,,,,-1,1,,,1,,,,,,,,,,,,,,,,,,,,0,,,,,,,Sub049,001,2022_Oct_11_1455,2_1_MRI_Rating_SE_RE,2021.2.3,59.95793347276142,
0,1,-1,1,50,-1,1,0,1,,,,,0,0,0,0,0,41,41,82,,,,,,,,,,,,,,,,,,,,,,,,,,,,,,,,,-1,1,,,1,,,,,,,,,,,,,,,,,,,,0,,,,,,,Sub049,001,2022_Oct_11_1455,2_1_MRI_Rating_SE_RE,2021.2.3,59.95793347276142,
1,0,0,-1,-1,1,-1,1,0,,,,,0,0,0,0,0,42,42,27,0,0,0,0,,,,,,,,,0,0,0,0,,,,,,,,,,,,,,,,,0,-1,,,0,,,,,,,Extremely Unlikely,2.3441700000000196,1.3441700000000196,310.40438010008074,None,306.74454420013353,None,306.74454420013353,None,308.7545843999833,None,6.955605495902009,1,1,309.7577037999872,None,b,309.7577037999872,None,0.6302041998133063,Sub049,001,2022_Oct_11_1455,2_1_MRI_Rating_SE_RE,2021.2.3,59.95793347276142,
1,0,0,-1,-1,1,-1,1,0,,,,,0,0,0,0,0,42,42,27,0,0,0,0,,,,,,,,,,,,,,,,,,,,,,,,,,,,,0,-1,,,0,,,,,,,,,,,,,,,,,,,,1,,,,,,,Sub049,001,2022_Oct_11_1455,2_1_MRI_Rating_SE_RE,2021.2.3,59.95793347276142,
1,0,0,-1,-1,1,-1,1,0,,,,,0,0,0,0,0,42,42,27,,,,,,,,,,,,,,,,,,,,,,,,,,,,,,,,,0,-1,,,0,,,,,,,,,,,,,,,,,,,,1,,,,,,,Sub049,001,2022_Oct_11_1455,2_1_MRI_Rating_SE_RE,2021.2.3,59.95793347276142,
0,1,-1,2,80,-1,3,0,1,,,,,0,0,0,0,0,43,43,80,,,,,0,0,0,0,0,0,0,0,,,,,,,,,,,,,,,,,312.76287620002404,None,314.7723594000563,None,-1,2,80,3,1,317.77158639999107,None,r,1.0382052999921143,317.77158639999107,None,Extremely Likely,1.9293158000000403,0.9293158000000403,318.83869180013426,None,,,,,,,,,0,,,,,,,Sub049,001,2022_Oct_11_1455,2_1_MRI_Rating_SE_RE,2021.2.3,59.95793347276142,
0,1,-1,2,80,-1,3,0,1,,,,,0,0,0,0,0,43,43,80,,,,,0,0,0,0,,,,,,,,,,,,,,,,,,,,,,,,,-1,2,,,1,,,,,,,,,,,,,,,,,,,,0,,,,,,,Sub049,001,2022_Oct_11_1455,2_1_MRI_Rating_SE_RE,2021.2.3,59.95793347276142,
0,1,-1,2,80,-1,3,0,1,,,,,0,0,0,0,0,43,43,80,,,,,,,,,,,,,,,,,,,,,,,,,,,,,,,,,-1,2,,,1,,,,,,,,,,,,,,,,,,,,0,,,,,,,Sub049,001,2022_Oct_11_1455,2_1_MRI_Rating_SE_RE,2021.2.3,59.95793347276142,
1,0,0,-1,-1,2,-1,1,0,,,,,0,0,0,0,0,44,44,37,0,0,0,0,,,,,,,,,0,0,0,0,,,,,,,,,,,,,,,,,0,-1,,,0,,,,,,,Extremely Unlikely,2.4804893000000448,1.4804893000000448,325.3055931001436,None,320.7808681000024,None,320.7808681000024,None,322.7890985000413,None,6.955605495902009,2,1,324.7917726999149,None,b,324.7917726999149,None,0.4980150000192225,Sub049,001,2022_Oct_11_1455,2_1_MRI_Rating_SE_RE,2021.2.3,59.95793347276142,
1,0,0,-1,-1,2,-1,1,0,,,,,0,0,0,0,0,44,44,37,0,0,0,0,,,,,,,,,,,,,,,,,,,,,,,,,,,,,0,-1,,,0,,,,,,,,,,,,,,,,,,,,1,,,,,,,Sub049,001,2022_Oct_11_1455,2_1_MRI_Rating_SE_RE,2021.2.3,59.95793347276142,
1,0,0,-1,-1,2,-1,1,0,,,,,0,0,0,0,0,44,44,37,,,,,,,,,,,,,,,,,,,,,,,,,,,,,,,,,0,-1,,,0,,,,,,,,,,,,,,,,,,,,1,,,,,,,Sub049,001,2022_Oct_11_1455,2_1_MRI_Rating_SE_RE,2021.2.3,59.95793347276142,
0,1,-1,0,20,-1,2,0,1,,,,,0,0,0,0,0,45,45,66,,,,,0,0,0,0,0,0,0,0,,,,,,,,,,,,,,,,,327.79880340001546,None,329.8054746000562,None,-1,0,20,2,1,331.8066364999395,None,b,0.4951965999789536,331.8066364999395,None,Extremely Unlikely,2.4814168999999993,1.4814168999999993,332.3219838999212,None,,,,,,,,,0,,,,,,,Sub049,001,2022_Oct_11_1455,2_1_MRI_Rating_SE_RE,2021.2.3,59.95793347276142,
0,1,-1,0,20,-1,2,0,1,,,,,0,0,0,0,0,45,45,66,,,,,0,0,0,0,,,,,,,,,,,,,,,,,,,,,,,,,-1,0,,,1,,,,,,,,,,,,,,,,,,,,0,,,,,,,Sub049,001,2022_Oct_11_1455,2_1_MRI_Rating_SE_RE,2021.2.3,59.95793347276142,
0,1,-1,0,20,-1,2,0,1,,,,,0,0,0,0,0,45,45,66,,,,,,,,,,,,,,,,,,,,,,,,,,,,,,,,,-1,0,,,1,,,,,,,,,,,,,,,,,,,,0,,,,,,,Sub049,001,2022_Oct_11_1455,2_1_MRI_Rating_SE_RE,2021.2.3,59.95793347276142,
1,0,0,-1,-1,2,-1,0,0,,,,,0,0,0,0,0,46,46,1,0,0,0,0,,,,,,,,,,,,,,,,,,,,,,,,,,,,,0,-1,,,0,,,,,,,,,,,,334.81476610014215,None,334.81476610014215,None,336.82211309997365,None,6.955605495902009,2,0,,,,,,,Sub049,001,2022_Oct_11_1455,2_1_MRI_Rating_SE_RE,2021.2.3,59.95793347276142,
1,0,0,-1,-1,2,-1,0,0,,,,,0,0,0,0,0,46,46,1,,,,,,,,,,,,,,,,,,,,,,,,,,,,,,,,,0,-1,,,0,,,,,,,,,,,,,,,,,,,,0,,,,,,,Sub049,001,2022_Oct_11_1455,2_1_MRI_Rating_SE_RE,2021.2.3,59.95793347276142,
0,1,-1,1,50,-1,3,0,1,,,,,0,0,0,0,0,47,47,79,,,,,0,0,0,0,0,0,0,0,,,,,,,,,,,,,,,,,338.82662530010566,None,340.8396654999815,None,-1,1,50,3,1,343.83959629992023,None,b,0.35538900014944375,343.83959629992023,None,Extremely Unlikely,2.608808299999964,1.6088082999999642,344.22241530008614,None,,,,,,,,,0,,,,,,,Sub049,001,2022_Oct_11_1455,2_1_MRI_Rating_SE_RE,2021.2.3,59.95793347276142,
0,1,-1,1,50,-1,3,0,1,,,,,0,0,0,0,0,47,47,79,,,,,0,0,0,0,,,,,,,,,,,,,,,,,,,,,,,,,-1,1,,,1,,,,,,,,,,,,,,,,,,,,0,,,,,,,Sub049,001,2022_Oct_11_1455,2_1_MRI_Rating_SE_RE,2021.2.3,59.95793347276142,
0,1,-1,1,50,-1,3,0,1,,,,,0,0,0,0,0,47,47,79,,,,,,,,,,,,,,,,,,,,,,,,,,,,,,,,,-1,1,,,1,,,,,,,,,,,,,,,,,,,,0,,,,,,,Sub049,001,2022_Oct_11_1455,2_1_MRI_Rating_SE_RE,2021.2.3,59.95793347276142,
0,1,-1,1,50,-1,2,0,1,,,,,0,0,0,0,0,48,48,85,,,,,0,0,0,0,0,0,0,0,,,,,,,,,,,,,,,,,346.84727709996514,None,348.85623420006596,None,-1,1,50,2,1,350.8594742999412,None,g,0.7414354998618364,350.8594742999412,None,Slightly Likely,2.2301702999999975,1.2301702999999975,351.62273439997807,None,,,,,,,,,0,,,,,,,Sub049,001,2022_Oct_11_1455,2_1_MRI_Rating_SE_RE,2021.2.3,59.95793347276142,
0,1,-1,1,50,-1,2,0,1,,,,,0,0,0,0,0,48,48,85,,,,,0,0,0,0,,,,,,,,,,,,,,,,,,,,,,,,,-1,1,,,1,,,,,,,,,,,,,,,,,,,,0,,,,,,,Sub049,001,2022_Oct_11_1455,2_1_MRI_Rating_SE_RE,2021.2.3,59.95793347276142,
0,1,-1,1,50,-1,2,0,1,,,,,0,0,0,0,0,48,48,85,,,,,,,,,,,,,,,,,,,,,,,,,,,,,,,,,-1,1,,,1,,,,,,,,,,,,,,,,,,,,0,,,,,,,Sub049,001,2022_Oct_11_1455,2_1_MRI_Rating_SE_RE,2021.2.3,59.95793347276142,
1,0,2,-1,-1,1,-1,1,0,,,,,0,0,0,0,0,49,49,15,0,0,0,0,,,,,,,,,0,0,0,0,,,,,,,,,,,,,,,,,2,-1,,,0,,,,,,,Extremely Likely,2.3621694000000275,1.3621694000000275,357.5062889000401,None,353.8659159000963,None,353.8659159000963,None,355.87359370011836,None,35.192672734101905,1,1,356.87469410011545,None,r,356.87469410011545,None,0.6160579998977482,Sub049,001,2022_Oct_11_1455,2_1_MRI_Rating_SE_RE,2021.2.3,59.95793347276142,
1,0,2,-1,-1,1,-1,1,0,,,,,0,0,0,0,0,49,49,15,0,0,0,0,,,,,,,,,,,,,,,,,,,,,,,,,,,,,2,-1,,,0,,,,,,,,,,,,,,,,,,,,1,,,,,,,Sub049,001,2022_Oct_11_1455,2_1_MRI_Rating_SE_RE,2021.2.3,59.95793347276142,
1,0,2,-1,-1,1,-1,1,0,,,,,0,0,0,0,0,49,49,15,,,,,,,,,,,,,,,,,,,,,,,,,,,,,,,,,2,-1,,,0,,,,,,,,,,,,,,,,,,,,1,,,,,,,Sub049,001,2022_Oct_11_1455,2_1_MRI_Rating_SE_RE,2021.2.3,59.95793347276142,
1,0,0,-1,-1,3,-1,1,0,,,,,0,0,0,0,0,50,50,29,0,0,0,0,,,,,,,,,0,0,0,0,,,,,,,,,,,,,,,,,0,-1,,,0,,,,,,,Extremely Unlikely,2.4453057999999714,1.4453057999999714,365.4401768001262,None,359.882933099987,None,359.882933099987,None,361.8906638000626,None,6.955605495902009,3,1,364.89315810007975,None,b,364.89315810007975,None,0.5246921998914331,Sub049,001,2022_Oct_11_1455,2_1_MRI_Rating_SE_RE,2021.2.3,59.95793347276142,
1,0,0,-1,-1,3,-1,1,0,,,,,0,0,0,0,0,50,50,29,0,0,0,0,,,,,,,,,,,,,,,,,,,,,,,,,,,,,0,-1,,,0,,,,,,,,,,,,,,,,,,,,1,,,,,,,Sub049,001,2022_Oct_11_1455,2_1_MRI_Rating_SE_RE,2021.2.3,59.95793347276142,
1,0,0,-1,-1,3,-1,1,0,,,,,0,0,0,0,0,50,50,29,,,,,,,,,,,,,,,,,,,,,,,,,,,,,,,,,0,-1,,,0,,,,,,,,,,,,,,,,,,,,1,,,,,,,Sub049,001,2022_Oct_11_1455,2_1_MRI_Rating_SE_RE,2021.2.3,59.95793347276142,
1,0,0,-1,-1,3,-1,1,0,,,,,0,0,0,0,0,51,51,11,0,0,0,0,,,,,,,,,0,0,0,0,,,,,,,,,,,,,,,,,0,-1,,,0,,,,,,,Extremely Unlikely,2.5607369999999605,1.5607369999999605,373.3401659000665,None,367.89594379998744,None,367.89594379998744,None,369.9078391001094,None,6.955605495902009,3,1,372.9081045000348,None,b,372.9081045000348,None,0.40767870005220175,Sub049,001,2022_Oct_11_1455,2_1_MRI_Rating_SE_RE,2021.2.3,59.95793347276142,
1,0,0,-1,-1,3,-1,1,0,,,,,0,0,0,0,0,51,51,11,0,0,0,0,,,,,,,,,,,,,,,,,,,,,,,,,,,,,0,-1,,,0,,,,,,,,,,,,,,,,,,,,1,,,,,,,Sub049,001,2022_Oct_11_1455,2_1_MRI_Rating_SE_RE,2021.2.3,59.95793347276142,
1,0,0,-1,-1,3,-1,1,0,,,,,0,0,0,0,0,51,51,11,,,,,,,,,,,,,,,,,,,,,,,,,,,,,,,,,0,-1,,,0,,,,,,,,,,,,,,,,,,,,1,,,,,,,Sub049,001,2022_Oct_11_1455,2_1_MRI_Rating_SE_RE,2021.2.3,59.95793347276142,
1,0,2,-1,-1,3,-1,1,0,,,,,0,0,0,0,0,52,52,44,0,0,0,0,,,,,,,,,0,0,0,0,,,,,,,,,,,,,,,,,2,-1,,,0,,,,,,,Extremely Likely,2.529422699999998,1.5294226999999978,381.39048589998856,None,375.9166024001315,None,375.9166024001315,None,377.92500000004657,None,35.192672734101905,3,1,380.9265487000812,None,r,380.9265487000812,None,0.4464297001250088,Sub049,001,2022_Oct_11_1455,2_1_MRI_Rating_SE_RE,2021.2.3,59.95793347276142,
1,0,2,-1,-1,3,-1,1,0,,,,,0,0,0,0,0,52,52,44,0,0,0,0,,,,,,,,,,,,,,,,,,,,,,,,,,,,,2,-1,,,0,,,,,,,,,,,,,,,,,,,,1,,,,,,,Sub049,001,2022_Oct_11_1455,2_1_MRI_Rating_SE_RE,2021.2.3,59.95793347276142,
1,0,2,-1,-1,3,-1,1,0,,,,,0,0,0,0,0,52,52,44,,,,,,,,,,,,,,,,,,,,,,,,,,,,,,,,,2,-1,,,0,,,,,,,,,,,,,,,,,,,,1,,,,,,,Sub049,001,2022_Oct_11_1455,2_1_MRI_Rating_SE_RE,2021.2.3,59.95793347276142,
1,0,1,-1,-1,3,-1,1,0,,,,,0,0,0,0,0,53,53,23,0,0,0,0,,,,,,,,,0,0,0,0,,,,,,,,,,,,,,,,,1,-1,,,0,,,,,,,Slightly Unlikely,2.4971093999999994,1.4971093999999994,389.44093220005743,None,383.93342550005764,None,383.93342550005764,None,385.9408806001302,None,18.521736703457968,3,1,388.94101990014315,None,y,388.94101990014315,None,0.4686424999963492,Sub049,001,2022_Oct_11_1455,2_1_MRI_Rating_SE_RE,2021.2.3,59.95793347276142,
1,0,1,-1,-1,3,-1,1,0,,,,,0,0,0,0,0,53,53,23,0,0,0,0,,,,,,,,,,,,,,,,,,,,,,,,,,,,,1,-1,,,0,,,,,,,,,,,,,,,,,,,,1,,,,,,,Sub049,001,2022_Oct_11_1455,2_1_MRI_Rating_SE_RE,2021.2.3,59.95793347276142,
1,0,1,-1,-1,3,-1,1,0,,,,,0,0,0,0,0,53,53,23,,,,,,,,,,,,,,,,,,,,,,,,,,,,,,,,,1,-1,,,0,,,,,,,,,,,,,,,,,,,,1,,,,,,,Sub049,001,2022_Oct_11_1455,2_1_MRI_Rating_SE_RE,2021.2.3,59.95793347276142,
0,1,-1,2,80,-1,3,0,0,,,,,0,0,0,0,0,54,54,62,,,,,0,0,0,0,,,,,,,,,,,,,,,,,,,,,391.94661789992824,None,393.9585756000597,None,-1,2,80,3,0,,,,,,,,,,,,,,,,,,,,0,,,,,,,Sub049,001,2022_Oct_11_1455,2_1_MRI_Rating_SE_RE,2021.2.3,59.95793347276142,
0,1,-1,2,80,-1,3,0,0,,,,,0,0,0,0,0,54,54,62,,,,,,,,,,,,,,,,,,,,,,,,,,,,,,,,,-1,2,,,0,,,,,,,,,,,,,,,,,,,,0,,,,,,,Sub049,001,2022_Oct_11_1455,2_1_MRI_Rating_SE_RE,2021.2.3,59.95793347276142,
1,0,2,-1,-1,1,-1,1,0,,,,,0,0,0,0,0,55,55,24,0,0,0,0,,,,,,,,,0,0,0,0,,,,,,,,,,,,,,,,,2,-1,,,0,,,,,,,Extremely Likely,2.471738700000003,1.471738700000003,400.491242100019,None,396.9590070999693,None,396.9590070999693,None,398.97542449994944,None,35.192672734101905,1,1,399.9748555000406,None,r,399.9748555000406,None,0.4908916000276804,Sub049,001,2022_Oct_11_1455,2_1_MRI_Rating_SE_RE,2021.2.3,59.95793347276142,
1,0,2,-1,-1,1,-1,1,0,,,,,0,0,0,0,0,55,55,24,0,0,0,0,,,,,,,,,,,,,,,,,,,,,,,,,,,,,2,-1,,,0,,,,,,,,,,,,,,,,,,,,1,,,,,,,Sub049,001,2022_Oct_11_1455,2_1_MRI_Rating_SE_RE,2021.2.3,59.95793347276142,
1,0,2,-1,-1,1,-1,1,0,,,,,0,0,0,0,0,55,55,24,,,,,,,,,,,,,,,,,,,,,,,,,,,,,,,,,2,-1,,,0,,,,,,,,,,,,,,,,,,,,1,,,,,,,Sub049,001,2022_Oct_11_1455,2_1_MRI_Rating_SE_RE,2021.2.3,59.95793347276142,
0,1,-1,0,20,-1,3,0,1,,,,,0,0,0,0,0,56,56,69,,,,,0,0,0,0,0,0,0,0,,,,,,,,,,,,,,,,,402.9829883000348,None,404.99193200003356,None,-1,0,20,3,1,407.99431960005313,None,b,0.4873405999969691,407.99431960005313,None,Extremely Unlikely,2.4795574999999985,1.4795574999999985,408.5089259999804,None,,,,,,,,,0,,,,,,,Sub049,001,2022_Oct_11_1455,2_1_MRI_Rating_SE_RE,2021.2.3,59.95793347276142,
0,1,-1,0,20,-1,3,0,1,,,,,0,0,0,0,0,56,56,69,,,,,0,0,0,0,,,,,,,,,,,,,,,,,,,,,,,,,-1,0,,,1,,,,,,,,,,,,,,,,,,,,0,,,,,,,Sub049,001,2022_Oct_11_1455,2_1_MRI_Rating_SE_RE,2021.2.3,59.95793347276142,
0,1,-1,0,20,-1,3,0,1,,,,,0,0,0,0,0,56,56,69,,,,,,,,,,,,,,,,,,,,,,,,,,,,,,,,,-1,0,,,1,,,,,,,,,,,,,,,,,,,,0,,,,,,,Sub049,001,2022_Oct_11_1455,2_1_MRI_Rating_SE_RE,2021.2.3,59.95793347276142,
1,0,1,-1,-1,1,-1,1,0,,,,,0,0,0,0,0,57,57,30,0,0,0,0,,,,,,,,,0,0,0,0,,,,,,,,,,,,,,,,,1,-1,,,0,,,,,,,Slightly Unlikely,2.0450202000000104,1.0450202000000104,414.9587431999389,None,410.99888269999065,None,410.99888269999065,None,413.00868790014647,None,18.521736703457968,1,1,414.0228526999708,None,y,414.0228526999708,None,0.912830000044778,Sub049,001,2022_Oct_11_1455,2_1_MRI_Rating_SE_RE,2021.2.3,59.95793347276142,
1,0,1,-1,-1,1,-1,1,0,,,,,0,0,0,0,0,57,57,30,0,0,0,0,,,,,,,,,,,,,,,,,,,,,,,,,,,,,1,-1,,,0,,,,,,,,,,,,,,,,,,,,1,,,,,,,Sub049,001,2022_Oct_11_1455,2_1_MRI_Rating_SE_RE,2021.2.3,59.95793347276142,
1,0,1,-1,-1,1,-1,1,0,,,,,0,0,0,0,0,57,57,30,,,,,,,,,,,,,,,,,,,,,,,,,,,,,,,,,1,-1,,,0,,,,,,,,,,,,,,,,,,,,1,,,,,,,Sub049,001,2022_Oct_11_1455,2_1_MRI_Rating_SE_RE,2021.2.3,59.95793347276142,
1,0,1,-1,-1,1,-1,1,0,,,,,0,0,0,0,0,58,58,21,0,0,0,0,,,,,,,,,0,0,0,0,,,,,,,,,,,,,,,,,1,-1,,,0,,,,,,,Slightly Unlikely,2.097326800000019,1.097326800000019,420.92520699999295,None,417.0175675000064,None,417.0175675000064,None,419.0250645999331,None,18.521736703457968,1,1,420.0263311001472,None,y,420.0263311001472,None,0.8754167999140918,Sub049,001,2022_Oct_11_1455,2_1_MRI_Rating_SE_RE,2021.2.3,59.95793347276142,
1,0,1,-1,-1,1,-1,1,0,,,,,0,0,0,0,0,58,58,21,0,0,0,0,,,,,,,,,,,,,,,,,,,,,,,,,,,,,1,-1,,,0,,,,,,,,,,,,,,,,,,,,1,,,,,,,Sub049,001,2022_Oct_11_1455,2_1_MRI_Rating_SE_RE,2021.2.3,59.95793347276142,
1,0,1,-1,-1,1,-1,1,0,,,,,0,0,0,0,0,58,58,21,,,,,,,,,,,,,,,,,,,,,,,,,,,,,,,,,1,-1,,,0,,,,,,,,,,,,,,,,,,,,1,,,,,,,Sub049,001,2022_Oct_11_1455,2_1_MRI_Rating_SE_RE,2021.2.3,59.95793347276142,
0,1,-1,0,20,-1,3,0,0,,,,,0,0,0,0,0,59,59,51,,,,,0,0,0,0,,,,,,,,,,,,,,,,,,,,,423.0329013001174,None,425.04249470005743,None,-1,0,20,3,0,,,,,,,,,,,,,,,,,,,,0,,,,,,,Sub049,001,2022_Oct_11_1455,2_1_MRI_Rating_SE_RE,2021.2.3,59.95793347276142,
0,1,-1,0,20,-1,3,0,0,,,,,0,0,0,0,0,59,59,51,,,,,,,,,,,,,,,,,,,,,,,,,,,,,,,,,-1,0,,,0,,,,,,,,,,,,,,,,,,,,0,,,,,,,Sub049,001,2022_Oct_11_1455,2_1_MRI_Rating_SE_RE,2021.2.3,59.95793347276142,
1,0,2,-1,-1,3,-1,1,0,,,,,0,0,0,0,0,60,60,35,0,0,0,0,,,,,,,,,0,0,0,0,,,,,,,,,,,,,,,,,2,-1,,,0,,,,,,,Extremely Unlikely,2.6394617999999923,1.6394617999999923,433.40900510014035,None,428.0494750000071,None,428.0494750000071,None,430.05941720004193,None,35.192672734101905,3,1,433.06171520007774,None,b,433.06171520007774,None,0.32700620009563863,Sub049,001,2022_Oct_11_1455,2_1_MRI_Rating_SE_RE,2021.2.3,59.95793347276142,
1,0,2,-1,-1,3,-1,1,0,,,,,0,0,0,0,0,60,60,35,0,0,0,0,,,,,,,,,,,,,,,,,,,,,,,,,,,,,2,-1,,,0,,,,,,,,,,,,,,,,,,,,1,,,,,,,Sub049,001,2022_Oct_11_1455,2_1_MRI_Rating_SE_RE,2021.2.3,59.95793347276142,
1,0,2,-1,-1,3,-1,1,0,,,,,0,0,0,0,0,60,60,35,,,,,,,,,,,,,,,,,,,,,,,,,,,,,,,,,2,-1,,,0,,,,,,,,,,,,,,,,,,,,1,,,,,,,Sub049,001,2022_Oct_11_1455,2_1_MRI_Rating_SE_RE,2021.2.3,59.95793347276142,
0,1,-1,1,50,-1,3,0,1,,,,,0,0,0,0,0,61,61,88,,,,,0,0,0,0,0,0,0,0,,,,,,,,,,,,,,,,,436.06696010008454,None,438.0761546001304,None,-1,1,50,3,1,441.0786627000198,None,y,0.9802439000923187,441.0786627000198,None,Slightly Unlikely,1.99360089999999,0.9936008999999899,442.07593269995414,None,,,,,,,,,0,,,,,,,Sub049,001,2022_Oct_11_1455,2_1_MRI_Rating_SE_RE,2021.2.3,59.95793347276142,
0,1,-1,1,50,-1,3,0,1,,,,,0,0,0,0,0,61,61,88,,,,,0,0,0,0,,,,,,,,,,,,,,,,,,,,,,,,,-1,1,,,1,,,,,,,,,,,,,,,,,,,,0,,,,,,,Sub049,001,2022_Oct_11_1455,2_1_MRI_Rating_SE_RE,2021.2.3,59.95793347276142,
0,1,-1,1,50,-1,3,0,1,,,,,0,0,0,0,0,61,61,88,,,,,,,,,,,,,,,,,,,,,,,,,,,,,,,,,-1,1,,,1,,,,,,,,,,,,,,,,,,,,0,,,,,,,Sub049,001,2022_Oct_11_1455,2_1_MRI_Rating_SE_RE,2021.2.3,59.95793347276142,
0,1,-1,2,80,-1,2,0,1,,,,,0,0,0,0,0,62,62,86,,,,,0,0,0,0,0,0,0,0,,,,,,,,,,,,,,,,,444.08563910005614,None,446.09331370005384,None,-1,2,80,2,1,448.10765819996595,None,r,0.5641592999454588,448.10765819996595,None,Extremely Likely,2.397104499999955,1.397104499999955,448.69288909994066,None,,,,,,,,,0,,,,,,,Sub049,001,2022_Oct_11_1455,2_1_MRI_Rating_SE_RE,2021.2.3,59.95793347276142,
0,1,-1,2,80,-1,2,0,1,,,,,0,0,0,0,0,62,62,86,,,,,0,0,0,0,,,,,,,,,,,,,,,,,,,,,,,,,-1,2,,,1,,,,,,,,,,,,,,,,,,,,0,,,,,,,Sub049,001,2022_Oct_11_1455,2_1_MRI_Rating_SE_RE,2021.2.3,59.95793347276142,
0,1,-1,2,80,-1,2,0,1,,,,,0,0,0,0,0,62,62,86,,,,,,,,,,,,,,,,,,,,,,,,,,,,,,,,,-1,2,,,1,,,,,,,,,,,,,,,,,,,,0,,,,,,,Sub049,001,2022_Oct_11_1455,2_1_MRI_Rating_SE_RE,2021.2.3,59.95793347276142,
0,1,-1,2,80,-1,2,0,0,,,,,0,0,0,0,0,63,63,59,,,,,0,0,0,0,,,,,,,,,,,,,,,,,,,,,451.09807940013707,None,453.1103366999887,None,-1,2,80,2,0,,,,,,,,,,,,,,,,,,,,0,,,,,,,Sub049,001,2022_Oct_11_1455,2_1_MRI_Rating_SE_RE,2021.2.3,59.95793347276142,
0,1,-1,2,80,-1,2,0,0,,,,,0,0,0,0,0,63,63,59,,,,,,,,,,,,,,,,,,,,,,,,,,,,,,,,,-1,2,,,0,,,,,,,,,,,,,,,,,,,,0,,,,,,,Sub049,001,2022_Oct_11_1455,2_1_MRI_Rating_SE_RE,2021.2.3,59.95793347276142,
1,0,2,-1,-1,2,-1,0,0,,,,,0,0,0,0,0,64,64,7,0,0,0,0,,,,,,,,,,,,,,,,,,,,,,,,,,,,,2,-1,,,0,,,,,,,,,,,,455.1105291999411,None,455.1105291999411,None,457.10989620001055,None,35.192672734101905,2,0,,,,,,,Sub049,001,2022_Oct_11_1455,2_1_MRI_Rating_SE_RE,2021.2.3,59.95793347276142,
1,0,2,-1,-1,2,-1,0,0,,,,,0,0,0,0,0,64,64,7,,,,,,,,,,,,,,,,,,,,,,,,,,,,,,,,,2,-1,,,0,,,,,,,,,,,,,,,,,,,,0,,,,,,,Sub049,001,2022_Oct_11_1455,2_1_MRI_Rating_SE_RE,2021.2.3,59.95793347276142,
0,1,-1,2,80,-1,1,0,1,,,,,0,0,0,0,0,65,65,56,,,,,0,0,0,0,0,0,0,0,,,,,,,,,,,,,,,,,459.1112893000245,None,461.1273783999495,None,-1,2,80,1,1,462.12969660013914,None,g,0.35901289992034435,462.12969660013914,None,Slightly Likely,2.6068177999999875,1.6068177999999875,462.5099756999407,None,,,,,,,,,0,,,,,,,Sub049,001,2022_Oct_11_1455,2_1_MRI_Rating_SE_RE,2021.2.3,59.95793347276142,
0,1,-1,2,80,-1,1,0,1,,,,,0,0,0,0,0,65,65,56,,,,,0,0,0,0,,,,,,,,,,,,,,,,,,,,,,,,,-1,2,,,1,,,,,,,,,,,,,,,,,,,,0,,,,,,,Sub049,001,2022_Oct_11_1455,2_1_MRI_Rating_SE_RE,2021.2.3,59.95793347276142,
0,1,-1,2,80,-1,1,0,1,,,,,0,0,0,0,0,65,65,56,,,,,,,,,,,,,,,,,,,,,,,,,,,,,,,,,-1,2,,,1,,,,,,,,,,,,,,,,,,,,0,,,,,,,Sub049,001,2022_Oct_11_1455,2_1_MRI_Rating_SE_RE,2021.2.3,59.95793347276142,
0,1,-1,1,50,-1,1,0,1,,,,,0,0,0,0,0,66,66,64,,,,,0,0,0,0,0,0,0,0,,,,,,,,,,,,,,,,,465.1332744001411,None,467.1440439000726,None,-1,1,50,1,1,468.1459081999492,None,y,1.0167817999608815,468.1459081999492,None,Slightly Unlikely,1.9416181000000279,0.9416181000000279,469.19430180010386,None,,,,,,,,,0,,,,,,,Sub049,001,2022_Oct_11_1455,2_1_MRI_Rating_SE_RE,2021.2.3,59.95793347276142,
0,1,-1,1,50,-1,1,0,1,,,,,0,0,0,0,0,66,66,64,,,,,0,0,0,0,,,,,,,,,,,,,,,,,,,,,,,,,-1,1,,,1,,,,,,,,,,,,,,,,,,,,0,,,,,,,Sub049,001,2022_Oct_11_1455,2_1_MRI_Rating_SE_RE,2021.2.3,59.95793347276142,
0,1,-1,1,50,-1,1,0,1,,,,,0,0,0,0,0,66,66,64,,,,,,,,,,,,,,,,,,,,,,,,,,,,,,,,,-1,1,,,1,,,,,,,,,,,,,,,,,,,,0,,,,,,,Sub049,001,2022_Oct_11_1455,2_1_MRI_Rating_SE_RE,2021.2.3,59.95793347276142,
0,1,-1,1,50,-1,2,0,1,,,,,0,0,0,0,0,67,67,67,,,,,0,0,0,0,0,0,0,0,,,,,,,,,,,,,,,,,471.14799270010553,None,473.16085830004886,None,-1,1,50,2,1,475.16154260002077,None,y,0.7209956001024693,475.16154260002077,None,Slightly Unlikely,2.2409295999999586,1.2409295999999586,475.91119410004467,None,,,,,,,,,0,,,,,,,Sub049,001,2022_Oct_11_1455,2_1_MRI_Rating_SE_RE,2021.2.3,59.95793347276142,
0,1,-1,1,50,-1,2,0,1,,,,,0,0,0,0,0,67,67,67,,,,,0,0,0,0,,,,,,,,,,,,,,,,,,,,,,,,,-1,1,,,1,,,,,,,,,,,,,,,,,,,,0,,,,,,,Sub049,001,2022_Oct_11_1455,2_1_MRI_Rating_SE_RE,2021.2.3,59.95793347276142,
0,1,-1,1,50,-1,2,0,1,,,,,0,0,0,0,0,67,67,67,,,,,,,,,,,,,,,,,,,,,,,,,,,,,,,,,-1,1,,,1,,,,,,,,,,,,,,,,,,,,0,,,,,,,Sub049,001,2022_Oct_11_1455,2_1_MRI_Rating_SE_RE,2021.2.3,59.95793347276142,
1,0,0,-1,-1,2,-1,0,0,,,,,0,0,0,0,0,68,68,10,0,0,0,0,,,,,,,,,,,,,,,,,,,,,,,,,,,,,0,-1,,,0,,,,,,,,,,,,478.16742480010726,None,478.16742480010726,None,480.17813579994254,None,6.955605495902009,2,0,,,,,,,Sub049,001,2022_Oct_11_1455,2_1_MRI_Rating_SE_RE,2021.2.3,59.95793347276142,
1,0,0,-1,-1,2,-1,0,0,,,,,0,0,0,0,0,68,68,10,,,,,,,,,,,,,,,,,,,,,,,,,,,,,,,,,0,-1,,,0,,,,,,,,,,,,,,,,,,,,0,,,,,,,Sub049,001,2022_Oct_11_1455,2_1_MRI_Rating_SE_RE,2021.2.3,59.95793347276142,
1,0,1,-1,-1,2,-1,1,0,,,,,0,0,0,0,0,69,69,31,0,0,0,0,,,,,,,,,0,0,0,0,,,,,,,,,,,,,,,,,1,-1,,,0,,,,,,,Extremely Unlikely,2.526506999999981,1.526506999999981,486.6608716000337,None,482.18316389992833,None,482.18316389992833,None,484.19477599998936,None,18.521736703457968,2,1,486.1951653000433,None,b,486.1951653000433,None,0.444524799939245,Sub049,001,2022_Oct_11_1455,2_1_MRI_Rating_SE_RE,2021.2.3,59.95793347276142,
1,0,1,-1,-1,2,-1,1,0,,,,,0,0,0,0,0,69,69,31,0,0,0,0,,,,,,,,,,,,,,,,,,,,,,,,,,,,,1,-1,,,0,,,,,,,,,,,,,,,,,,,,1,,,,,,,Sub049,001,2022_Oct_11_1455,2_1_MRI_Rating_SE_RE,2021.2.3,59.95793347276142,
1,0,1,-1,-1,2,-1,1,0,,,,,0,0,0,0,0,69,69,31,,,,,,,,,,,,,,,,,,,,,,,,,,,,,,,,,1,-1,,,0,,,,,,,,,,,,,,,,,,,,1,,,,,,,Sub049,001,2022_Oct_11_1455,2_1_MRI_Rating_SE_RE,2021.2.3,59.95793347276142,
1,0,1,-1,-1,3,-1,0,0,,,,,0,0,0,0,0,70,70,14,0,0,0,0,,,,,,,,,,,,,,,,,,,,,,,,,,,,,1,-1,,,0,,,,,,,,,,,,489.20038420008495,None,489.20038420008495,None,491.2112364000641,None,18.521736703457968,3,0,,,,,,,Sub049,001,2022_Oct_11_1455,2_1_MRI_Rating_SE_RE,2021.2.3,59.95793347276142,
1,0,1,-1,-1,3,-1,0,0,,,,,0,0,0,0,0,70,70,14,,,,,,,,,,,,,,,,,,,,,,,,,,,,,,,,,1,-1,,,0,,,,,,,,,,,,,,,,,,,,0,,,,,,,Sub049,001,2022_Oct_11_1455,2_1_MRI_Rating_SE_RE,2021.2.3,59.95793347276142,
0,1,-1,1,50,-1,1,0,0,,,,,0,0,0,0,0,71,71,55,,,,,0,0,0,0,,,,,,,,,,,,,,,,,,,,,494.21424370002933,None,496.22859439998865,None,-1,1,50,1,0,,,,,,,,,,,,,,,,,,,,0,,,,,,,Sub049,001,2022_Oct_11_1455,2_1_MRI_Rating_SE_RE,2021.2.3,59.95793347276142,
0,1,-1,1,50,-1,1,0,0,,,,,0,0,0,0,0,71,71,55,,,,,,,,,,,,,,,,,,,,,,,,,,,,,,,,,-1,1,,,0,,,,,,,,,,,,,,,,,,,,0,,,,,,,Sub049,001,2022_Oct_11_1455,2_1_MRI_Rating_SE_RE,2021.2.3,59.95793347276142,
0,1,-1,0,20,-1,3,0,1,,,,,0,0,0,0,0,72,72,78,,,,,0,0,0,0,0,0,0,0,,,,,,,,,,,,,,,,,497.22917430009693,None,499.2282668999396,None,-1,0,20,3,1,502.2309499999974,None,b,0.4017139000352472,502.2309499999974,None,Extremely Unlikely,2.5718628000000194,1.5718628000000194,502.6620003001299,None,,,,,,,,,0,,,,,,,Sub049,001,2022_Oct_11_1455,2_1_MRI_Rating_SE_RE,2021.2.3,59.95793347276142,
0,1,-1,0,20,-1,3,0,1,,,,,0,0,0,0,0,72,72,78,,,,,0,0,0,0,,,,,,,,,,,,,,,,,,,,,,,,,-1,0,,,1,,,,,,,,,,,,,,,,,,,,0,,,,,,,Sub049,001,2022_Oct_11_1455,2_1_MRI_Rating_SE_RE,2021.2.3,59.95793347276142,
0,1,-1,0,20,-1,3,0,1,,,,,0,0,0,0,0,72,72,78,,,,,,,,,,,,,,,,,,,,,,,,,,,,,,,,,-1,0,,,1,,,,,,,,,,,,,,,,,,,,0,,,,,,,Sub049,001,2022_Oct_11_1455,2_1_MRI_Rating_SE_RE,2021.2.3,59.95793347276142,
1,0,0,-1,-1,1,-1,0,0,,,,,0,0,0,0,0,73,73,9,0,0,0,0,,,,,,,,,,,,,,,,,,,,,,,,,,,,,0,-1,,,0,,,,,,,,,,,,505.25317290006205,None,505.25317290006205,None,507.2625581000466,None,6.955605495902009,1,0,,,,,,,Sub049,001,2022_Oct_11_1455,2_1_MRI_Rating_SE_RE,2021.2.3,59.95793347276142,
1,0,0,-1,-1,1,-1,0,0,,,,,0,0,0,0,0,73,73,9,,,,,,,,,,,,,,,,,,,,,,,,,,,,,,,,,0,-1,,,0,,,,,,,,,,,,,,,,,,,,0,,,,,,,Sub049,001,2022_Oct_11_1455,2_1_MRI_Rating_SE_RE,2021.2.3,59.95793347276142,
0,1,-1,1,50,-1,1,0,0,,,,,0,0,0,0,0,74,74,46,,,,,0,0,0,0,,,,,,,,,,,,,,,,,,,,,508.26714490004815,None,510.27968899998814,None,-1,1,50,1,0,,,,,,,,,,,,,,,,,,,,0,,,,,,,Sub049,001,2022_Oct_11_1455,2_1_MRI_Rating_SE_RE,2021.2.3,59.95793347276142,
0,1,-1,1,50,-1,1,0,0,,,,,0,0,0,0,0,74,74,46,,,,,,,,,,,,,,,,,,,,,,,,,,,,,,,,,-1,1,,,0,,,,,,,,,,,,,,,,,,,,0,,,,,,,Sub049,001,2022_Oct_11_1455,2_1_MRI_Rating_SE_RE,2021.2.3,59.95793347276142,
0,1,-1,2,80,-1,2,0,1,,,,,0,0,0,0,0,75,75,77,,,,,0,0,0,0,0,0,0,0,,,,,,,,,,,,,,,,,511.28048019995913,None,513.2959424001165,None,-1,2,80,2,1,515.2966706000734,None,b,0.4358280999585986,515.2966706000734,None,Extremely Unlikely,2.5209939999999733,1.5209939999999733,515.7621790000703,None,,,,,,,,,0,,,,,,,Sub049,001,2022_Oct_11_1455,2_1_MRI_Rating_SE_RE,2021.2.3,59.95793347276142,
0,1,-1,2,80,-1,2,0,1,,,,,0,0,0,0,0,75,75,77,,,,,0,0,0,0,,,,,,,,,,,,,,,,,,,,,,,,,-1,2,,,1,,,,,,,,,,,,,,,,,,,,0,,,,,,,Sub049,001,2022_Oct_11_1455,2_1_MRI_Rating_SE_RE,2021.2.3,59.95793347276142,
0,1,-1,2,80,-1,2,0,1,,,,,0,0,0,0,0,75,75,77,,,,,,,,,,,,,,,,,,,,,,,,,,,,,,,,,-1,2,,,1,,,,,,,,,,,,,,,,,,,,0,,,,,,,Sub049,001,2022_Oct_11_1455,2_1_MRI_Rating_SE_RE,2021.2.3,59.95793347276142,
0,1,-1,0,20,-1,2,0,1,,,,,0,0,0,0,0,76,76,75,,,,,0,0,0,0,0,0,0,0,,,,,,,,,,,,,,,,,518.3015745999292,None,520.3126020999625,None,-1,0,20,2,1,522.3154987001326,None,b,0.5963183999992907,522.3154987001326,None,Extremely Unlikely,2.377372899999955,1.3773728999999548,522.9293397001456,None,,,,,,,,,0,,,,,,,Sub049,001,2022_Oct_11_1455,2_1_MRI_Rating_SE_RE,2021.2.3,59.95793347276142,
0,1,-1,0,20,-1,2,0,1,,,,,0,0,0,0,0,76,76,75,,,,,0,0,0,0,,,,,,,,,,,,,,,,,,,,,,,,,-1,0,,,1,,,,,,,,,,,,,,,,,,,,0,,,,,,,Sub049,001,2022_Oct_11_1455,2_1_MRI_Rating_SE_RE,2021.2.3,59.95793347276142,
0,1,-1,0,20,-1,2,0,1,,,,,0,0,0,0,0,76,76,75,,,,,,,,,,,,,,,,,,,,,,,,,,,,,,,,,-1,0,,,1,,,,,,,,,,,,,,,,,,,,0,,,,,,,Sub049,001,2022_Oct_11_1455,2_1_MRI_Rating_SE_RE,2021.2.3,59.95793347276142,
1,0,1,-1,-1,3,-1,0,0,,,,,0,0,0,0,0,77,77,5,0,0,0,0,,,,,,,,,,,,,,,,,,,,,,,,,,,,,1,-1,,,0,,,,,,,,,,,,525.3201590001117,None,525.3201590001117,None,527.3298309000675,None,18.521736703457968,3,0,,,,,,,Sub049,001,2022_Oct_11_1455,2_1_MRI_Rating_SE_RE,2021.2.3,59.95793347276142,
1,0,1,-1,-1,3,-1,0,0,,,,,0,0,0,0,0,77,77,5,,,,,,,,,,,,,,,,,,,,,,,,,,,,,,,,,1,-1,,,0,,,,,,,,,,,,,,,,,,,,0,,,,,,,Sub049,001,2022_Oct_11_1455,2_1_MRI_Rating_SE_RE,2021.2.3,59.95793347276142,
0,1,-1,0,20,-1,1,0,1,,,,,0,0,0,0,0,78,78,72,,,,,0,0,0,0,0,0,0,0,,,,,,,,,,,,,,,,,530.332181399921,None,532.3463837001473,None,-1,0,20,1,1,533.3481852000114,None,b,0.49649089993909,533.3481852000114,None,Extremely Unlikely,2.4727911999999606,1.4727911999999606,533.862571900012,None,,,,,,,,,0,,,,,,,Sub049,001,2022_Oct_11_1455,2_1_MRI_Rating_SE_RE,2021.2.3,59.95793347276142,
0,1,-1,0,20,-1,1,0,1,,,,,0,0,0,0,0,78,78,72,,,,,0,0,0,0,,,,,,,,,,,,,,,,,,,,,,,,,-1,0,,,1,,,,,,,,,,,,,,,,,,,,0,,,,,,,Sub049,001,2022_Oct_11_1455,2_1_MRI_Rating_SE_RE,2021.2.3,59.95793347276142,
0,1,-1,0,20,-1,1,0,1,,,,,0,0,0,0,0,78,78,72,,,,,,,,,,,,,,,,,,,,,,,,,,,,,,,,,-1,0,,,1,,,,,,,,,,,,,,,,,,,,0,,,,,,,Sub049,001,2022_Oct_11_1455,2_1_MRI_Rating_SE_RE,2021.2.3,59.95793347276142,
1,0,2,-1,-1,1,-1,1,0,,,,,0,0,0,0,0,79,79,42,0,0,0,0,,,,,,,,,0,0,0,0,,,,,,,,,,,,,,,,,2,-1,,,0,,,,,,,Extremely Likely,2.2831286999999065,1.2831286999999065,540.0796509999782,None,536.3578038001433,None,536.3578038001433,None,538.363440999994,None,35.192672734101905,1,1,539.3659443999641,None,r,539.3659443999641,None,0.6865195999853313,Sub049,001,2022_Oct_11_1455,2_1_MRI_Rating_SE_RE,2021.2.3,59.95793347276142,
1,0,2,-1,-1,1,-1,1,0,,,,,0,0,0,0,0,79,79,42,0,0,0,0,,,,,,,,,,,,,,,,,,,,,,,,,,,,,2,-1,,,0,,,,,,,,,,,,,,,,,,,,1,,,,,,,Sub049,001,2022_Oct_11_1455,2_1_MRI_Rating_SE_RE,2021.2.3,59.95793347276142,
1,0,2,-1,-1,1,-1,1,0,,,,,0,0,0,0,0,79,79,42,,,,,,,,,,,,,,,,,,,,,,,,,,,,,,,,,2,-1,,,0,,,,,,,,,,,,,,,,,,,,1,,,,,,,Sub049,001,2022_Oct_11_1455,2_1_MRI_Rating_SE_RE,2021.2.3,59.95793347276142,
0,1,-1,2,80,-1,2,0,1,,,,,0,0,0,0,0,80,80,68,,,,,0,0,0,0,0,0,0,0,,,,,,,,,,,,,,,,,542.3699795000721,None,544.3809156999923,None,-1,2,80,2,1,546.3806561999954,None,r,0.6527490001171827,546.3806561999954,None,Extremely Likely,2.310773100000006,1.3107731000000058,547.063011799939,None,,,,,,,,,0,,,,,,,Sub049,001,2022_Oct_11_1455,2_1_MRI_Rating_SE_RE,2021.2.3,59.95793347276142,
0,1,-1,2,80,-1,2,0,1,,,,,0,0,0,0,0,80,80,68,,,,,0,0,0,0,,,,,,,,,,,,,,,,,,,,,,,,,-1,2,,,1,,,,,,,,,,,,,,,,,,,,0,,,,,,,Sub049,001,2022_Oct_11_1455,2_1_MRI_Rating_SE_RE,2021.2.3,59.95793347276142,
0,1,-1,2,80,-1,2,0,1,,,,,0,0,0,0,0,80,80,68,,,,,,,,,,,,,,,,,,,,,,,,,,,,,,,,,-1,2,,,1,,,,,,,,,,,,,,,,,,,,0,,,,,,,Sub049,001,2022_Oct_11_1455,2_1_MRI_Rating_SE_RE,2021.2.3,59.95793347276142,
1,0,2,-1,-1,2,-1,1,0,,,,,0,0,0,0,0,81,81,43,0,0,0,0,,,,,,,,,0,0,0,0,,,,,,,,,,,,,,,,,2,-1,,,0,,,,,,,Extremely Likely,2.390327300000081,1.3903273000000809,553.9972342001274,None,549.3822057999205,None,549.3822057999205,None,551.3976114001125,None,35.192672734101905,2,1,553.3970916001126,None,r,553.3970916001126,None,0.5783644001930952,Sub049,001,2022_Oct_11_1455,2_1_MRI_Rating_SE_RE,2021.2.3,59.95793347276142,
1,0,2,-1,-1,2,-1,1,0,,,,,0,0,0,0,0,81,81,43,0,0,0,0,,,,,,,,,,,,,,,,,,,,,,,,,,,,,2,-1,,,0,,,,,,,,,,,,,,,,,,,,1,,,,,,,Sub049,001,2022_Oct_11_1455,2_1_MRI_Rating_SE_RE,2021.2.3,59.95793347276142,
1,0,2,-1,-1,2,-1,1,0,,,,,0,0,0,0,0,81,81,43,,,,,,,,,,,,,,,,,,,,,,,,,,,,,,,,,2,-1,,,0,,,,,,,,,,,,,,,,,,,,1,,,,,,,Sub049,001,2022_Oct_11_1455,2_1_MRI_Rating_SE_RE,2021.2.3,59.95793347276142,
1,0,0,-1,-1,3,-1,0,0,,,,,0,0,0,0,0,82,82,2,0,0,0,0,,,,,,,,,,,,,,,,,,,,,,,,,,,,,0,-1,,,0,,,,,,,,,,,,556.4034774000756,None,556.4034774000756,None,558.414563300088,None,6.955605495902009,3,0,,,,,,,Sub049,001,2022_Oct_11_1455,2_1_MRI_Rating_SE_RE,2021.2.3,59.95793347276142,
1,0,0,-1,-1,3,-1,0,0,,,,,0,0,0,0,0,82,82,2,,,,,,,,,,,,,,,,,,,,,,,,,,,,,,,,,0,-1,,,0,,,,,,,,,,,,,,,,,,,,0,,,,,,,Sub049,001,2022_Oct_11_1455,2_1_MRI_Rating_SE_RE,2021.2.3,59.95793347276142,
0,1,-1,1,50,-1,3,0,1,,,,,0,0,0,0,0,83,83,70,,,,,0,0,0,0,0,0,0,0,,,,,,,,,,,,,,,,,561.4143145999406,None,563.4136518000159,None,-1,1,50,3,1,566.4146795999259,None,b,0.38860450009815395,566.4146795999259,None,Extremely Unlikely,2.586619399999904,1.586619399999904,566.8303829000797,None,,,,,,,,,0,,,,,,,Sub049,001,2022_Oct_11_1455,2_1_MRI_Rating_SE_RE,2021.2.3,59.95793347276142,
0,1,-1,1,50,-1,3,0,1,,,,,0,0,0,0,0,83,83,70,,,,,0,0,0,0,,,,,,,,,,,,,,,,,,,,,,,,,-1,1,,,1,,,,,,,,,,,,,,,,,,,,0,,,,,,,Sub049,001,2022_Oct_11_1455,2_1_MRI_Rating_SE_RE,2021.2.3,59.95793347276142,
0,1,-1,1,50,-1,3,0,1,,,,,0,0,0,0,0,83,83,70,,,,,,,,,,,,,,,,,,,,,,,,,,,,,,,,,-1,1,,,1,,,,,,,,,,,,,,,,,,,,0,,,,,,,Sub049,001,2022_Oct_11_1455,2_1_MRI_Rating_SE_RE,2021.2.3,59.95793347276142,
1,0,1,-1,-1,2,-1,1,0,,,,,0,0,0,0,0,84,84,40,0,0,0,0,,,,,,,,,0,0,0,0,,,,,,,,,,,,,,,,,1,-1,,,0,,,,,,,Slightly Likely,2.125320200000033,1.1253202000000329,574.3147032000124,None,569.4364062000532,None,569.4364062000532,None,571.4477679999545,None,18.521736703457968,2,1,573.4480767000932,None,g,573.4480767000932,None,0.8364047999493778,Sub049,001,2022_Oct_11_1455,2_1_MRI_Rating_SE_RE,2021.2.3,59.95793347276142,
1,0,1,-1,-1,2,-1,1,0,,,,,0,0,0,0,0,84,84,40,0,0,0,0,,,,,,,,,,,,,,,,,,,,,,,,,,,,,1,-1,,,0,,,,,,,,,,,,,,,,,,,,1,,,,,,,Sub049,001,2022_Oct_11_1455,2_1_MRI_Rating_SE_RE,2021.2.3,59.95793347276142,
1,0,1,-1,-1,2,-1,1,0,,,,,0,0,0,0,0,84,84,40,,,,,,,,,,,,,,,,,,,,,,,,,,,,,,,,,1,-1,,,0,,,,,,,,,,,,,,,,,,,,1,,,,,,,Sub049,001,2022_Oct_11_1455,2_1_MRI_Rating_SE_RE,2021.2.3,59.95793347276142,
1,0,1,-1,-1,1,-1,1,0,,,,,0,0,0,0,0,85,85,39,0,0,0,0,,,,,,,,,0,0,0,0,,,,,,,,,,,,,,,,,1,-1,,,0,,,,,,,Slightly Likely,2.1283214000000044,1.1283214000000044,580.3308604999911,None,576.4543568000663,None,576.4543568000663,None,578.4644257000182,None,18.521736703457968,1,1,579.4661990001332,None,g,579.4661990001332,None,0.8433290000539273,Sub049,001,2022_Oct_11_1455,2_1_MRI_Rating_SE_RE,2021.2.3,59.95793347276142,
1,0,1,-1,-1,1,-1,1,0,,,,,0,0,0,0,0,85,85,39,0,0,0,0,,,,,,,,,,,,,,,,,,,,,,,,,,,,,1,-1,,,0,,,,,,,,,,,,,,,,,,,,1,,,,,,,Sub049,001,2022_Oct_11_1455,2_1_MRI_Rating_SE_RE,2021.2.3,59.95793347276142,
1,0,1,-1,-1,1,-1,1,0,,,,,0,0,0,0,0,85,85,39,,,,,,,,,,,,,,,,,,,,,,,,,,,,,,,,,1,-1,,,0,,,,,,,,,,,,,,,,,,,,1,,,,,,,Sub049,001,2022_Oct_11_1455,2_1_MRI_Rating_SE_RE,2021.2.3,59.95793347276142,
1,0,0,-1,-1,1,-1,0,0,,,,,0,0,0,0,0,86,86,0,0,0,0,0,,,,,,,,,,,,,,,,,,,,,,,,,,,,,0,-1,,,0,,,,,,,,,,,,582.471890399931,None,582.471890399931,None,584.4814977000933,None,6.955605495902009,1,0,,,,,,,Sub049,001,2022_Oct_11_1455,2_1_MRI_Rating_SE_RE,2021.2.3,59.95793347276142,
1,0,0,-1,-1,1,-1,0,0,,,,,0,0,0,0,0,86,86,0,,,,,,,,,,,,,,,,,,,,,,,,,,,,,,,,,0,-1,,,0,,,,,,,,,,,,,,,,,,,,0,,,,,,,Sub049,001,2022_Oct_11_1455,2_1_MRI_Rating_SE_RE,2021.2.3,59.95793347276142,
1,0,0,-1,-1,1,-1,1,0,,,,,0,0,0,0,0,87,87,18,0,0,0,0,,,,,,,,,0,0,0,0,,,,,,,,,,,,,,,,,0,-1,,,0,,,,,,,Extremely Unlikely,2.5217899000000443,1.5217899000000443,588.964726400096,None,585.484287600033,None,585.484287600033,None,587.4986769999377,None,6.955605495902009,1,1,588.5005028999876,None,b,588.5005028999876,None,0.44165709987282753,Sub049,001,2022_Oct_11_1455,2_1_MRI_Rating_SE_RE,2021.2.3,59.95793347276142,
1,0,0,-1,-1,1,-1,1,0,,,,,0,0,0,0,0,87,87,18,0,0,0,0,,,,,,,,,,,,,,,,,,,,,,,,,,,,,0,-1,,,0,,,,,,,,,,,,,,,,,,,,1,,,,,,,Sub049,001,2022_Oct_11_1455,2_1_MRI_Rating_SE_RE,2021.2.3,59.95793347276142,
1,0,0,-1,-1,1,-1,1,0,,,,,0,0,0,0,0,87,87,18,,,,,,,,,,,,,,,,,,,,,,,,,,,,,,,,,0,-1,,,0,,,,,,,,,,,,,,,,,,,,1,,,,,,,Sub049,001,2022_Oct_11_1455,2_1_MRI_Rating_SE_RE,2021.2.3,59.95793347276142,
1,0,0,-1,-1,2,-1,1,0,,,,,0,0,0,0,0,88,88,19,0,0,0,0,,,,,,,,,0,0,0,0,,,,,,,,,,,,,,,,,0,-1,,,0,,,,,,,Extremely Unlikely,2.566670799999997,1.5666707999999971,595.9480962001253,None,591.5107478999998,None,591.5107478999998,None,593.5151462999638,None,6.955605495902009,2,1,595.5164155999664,None,b,595.5164155999664,None,0.4059764000121504,Sub049,001,2022_Oct_11_1455,2_1_MRI_Rating_SE_RE,2021.2.3,59.95793347276142,
1,0,0,-1,-1,2,-1,1,0,,,,,0,0,0,0,0,88,88,19,0,0,0,0,,,,,,,,,,,,,,,,,,,,,,,,,,,,,0,-1,,,0,,,,,,,,,,,,,,,,,,,,1,,,,,,,Sub049,001,2022_Oct_11_1455,2_1_MRI_Rating_SE_RE,2021.2.3,59.95793347276142,
1,0,0,-1,-1,2,-1,1,0,,,,,0,0,0,0,0,88,88,19,,,,,,,,,,,,,,,,,,,,,,,,,,,,,,,,,0,-1,,,0,,,,,,,,,,,,,,,,,,,,1,,,,,,,Sub049,001,2022_Oct_11_1455,2_1_MRI_Rating_SE_RE,2021.2.3,59.95793347276142,
0,1,-1,2,80,-1,1,0,1,,,,,0,0,0,0,0,89,89,74,,,,,0,0,0,0,0,0,0,0,,,,,,,,,,,,,,,,,598.5224675000645,None,600.5320083999541,None,-1,2,80,1,1,601.533997300081,None,r,0.8554380999412388,601.533997300081,None,Extremely Likely,2.112024799999972,1.112024799999972,602.4156258001458,None,,,,,,,,,0,,,,,,,Sub049,001,2022_Oct_11_1455,2_1_MRI_Rating_SE_RE,2021.2.3,59.95793347276142,
0,1,-1,2,80,-1,1,0,1,,,,,0,0,0,0,0,89,89,74,,,,,0,0,0,0,,,,,,,,,,,,,,,,,,,,,,,,,-1,2,,,1,,,,,,,,,,,,,,,,,,,,0,,,,,,,Sub049,001,2022_Oct_11_1455,2_1_MRI_Rating_SE_RE,2021.2.3,59.95793347276142,
0,1,-1,2,80,-1,1,0,1,,,,,0,0,0,0,0,89,89,74,,,,,,,,,,,,,,,,,,,,,,,,,,,,,,,,,-1,2,,,1,,,,,,,,,,,,,,,,,,,,0,,,,,,,Sub049,001,2022_Oct_11_1455,2_1_MRI_Rating_SE_RE,2021.2.3,59.95793347276142,
,,,,,,,,,,,,,0,0,0,0,,,,,,,,,,,,,,,,,,,,,,,,,,,,,,,,,,,,,,,,,,,,,,,,,,,,,,,,,,,,,,,,,,,,Sub049,001,2022_Oct_11_1455,2_1_MRI_Rating_SE_RE,2021.2.3,59.95793347276142,
