﻿Target_Size,start_position,Run_Files,current_card_prob,current_WinLoss,start.thisRepN,start.thisTrialN,start.thisN,start.thisIndex,trials.thisRepN,trials.thisTrialN,trials.thisN,trials.thisIndex,Indi_Info.thisRepN,Indi_Info.thisTrialN,Indi_Info.thisN,Indi_Info.thisIndex,trials_bar_Q.thisRepN,trials_bar_Q.thisTrialN,trials_bar_Q.thisN,trials_bar_Q.thisIndex,Confi_bar_L.thisRepN,Confi_bar_L.thisTrialN,Confi_bar_L.thisN,Confi_bar_L.thisIndex,Confi_bar_R.thisRepN,Confi_bar_R.thisTrialN,Confi_bar_R.thisN,Confi_bar_R.thisIndex,StopGame.thisRepN,StopGame.thisTrialN,StopGame.thisN,StopGame.thisIndex,ContinuePlay.thisRepN,ContinuePlay.thisTrialN,ContinuePlay.thisN,ContinuePlay.thisIndex,Run_card.thisRepN,Run_card.thisTrialN,Run_card.thisN,Run_card.thisIndex,trials_card.thisRepN,trials_card.thisTrialN,trials_card.thisN,trials_card.thisIndex,Qlikely_card_L.thisRepN,Qlikely_card_L.thisTrialN,Qlikely_card_L.thisN,Qlikely_card_L.thisIndex,Qlikely_card_R.thisRepN,Qlikely_card_R.thisTrialN,Qlikely_card_R.thisN,Qlikely_card_R.thisIndex,run_L,run_R,instr.started,instr.stopped,key_resp_bar.keys,key_resp_bar.rt,key_resp_bar.started,key_resp_bar.stopped,Current_Target_Size,Start_position,key_resp_bar.position,key_resp_bar.hit,trial_speed,center.started,center.stopped,center2.started,center2.stopped,instr_4.started,instr_4.stopped,sigma_indi,targetSize_20,targetSize_50,targetSize_80,targetSize_indi,center_11.started,center_11.stopped,Slider_LikelyBar_R.response,Slider_LikelyBar_R.rt,Slider_LikelyBar_R.started,Slider_LikelyBar_R.stopped,key_resp_LikeQ_bar_R.keys,key_resp_LikeQ_bar_R.rt,key_resp_LikeQ_bar_R.started,key_resp_LikeQ_bar_R.stopped,bar_final_text.started,bar_final_text.stopped,card_instr_text.started,card_instr_text.stopped,instr_5.started,instr_5.stopped,current_card_prob,current_WinLoss,Q_card_prob,Slider_LikelyCard_R.response,Slider_LikelyCard_R.rt,Slider_LikelyCard_R.started,Slider_LikelyCard_R.stopped,key_resp_LikeQ_card_R.keys,key_resp_LikeQ_card_R.rt,key_resp_LikeQ_card_R.started,key_resp_LikeQ_card_R.stopped,bar_final_text_2.started,bar_final_text_2.stopped,participant,session,date,expName,psychopyVersion,frameRate
,,,,,0,0,0,0,,,,,,,,,,,,,,,,,,,,,,,,,,,,,,,,,,,,,,,,,,,,,0,1,16.2851906,None,,,,,,,,,,,,,,,,,,,,,,,,,,,,,,,,,,,,,,,,,,,,,,,,,,Sub017,1,2022_Jun_03_1125,1trainingbehavior_beforeMRI,2021.2.3,60.09228959
20,0,,,,,,,,0,0,0,25,,,,,,,,,,,,,,,,,,,,,,,,,,,,,,,,,,,,,,,,,,,,,space,2.8997799,86.8812974,None,20,0,-12,0,7,86.8812974,None,89.8298619,None,,,,,,,,,,,,,,,,,,,,,,,,,,,,,,,,,,,,,Sub017,1,2022_Jun_03_1125,1trainingbehavior_beforeMRI,2021.2.3,60.09228959
30,1,,,,,,,,0,1,1,50,,,,,,,,,,,,,,,,,,,,,,,,,,,,,,,,,,,,,,,,,,,,,space,1.7797428,90.3249169,None,30,1,5,1,7,90.3249169,None,92.1415928,None,,,,,,,,,,,,,,,,,,,,,,,,,,,,,,,,,,,,,Sub017,1,2022_Jun_03_1125,1trainingbehavior_beforeMRI,2021.2.3,60.09228959
30,1,,,,,,,,0,2,2,56,,,,,,,,,,,,,,,,,,,,,,,,,,,,,,,,,,,,,,,,,,,,,space,1.7775262,92.6410341,None,30,1,5,1,7,92.6410341,None,94.4416841,None,,,,,,,,,,,,,,,,,,,,,,,,,,,,,,,,,,,,,Sub017,1,2022_Jun_03_1125,1trainingbehavior_beforeMRI,2021.2.3,60.09228959
10,0,,,,,,,,0,3,3,0,,,,,,,,,,,,,,,,,,,,,,,,,,,,,,,,,,,,,,,,,,,,,space,1.8113416,94.9417707,None,10,0,-19,0,7,94.9417707,None,96.7780956,None,,,,,,,,,,,,,,,,,,,,,,,,,,,,,,,,,,,,,Sub017,1,2022_Jun_03_1125,1trainingbehavior_beforeMRI,2021.2.3,60.09228959
30,1,,,,,,,,0,4,4,58,,,,,,,,,,,,,,,,,,,,,,,,,,,,,,,,,,,,,,,,,,,,,space,0.6215167,97.2919149,None,30,1,-30,0,7,97.2919149,None,97.9417615,None,,,,,,,,,,,,,,,,,,,,,,,,,,,,,,,,,,,,,Sub017,1,2022_Jun_03_1125,1trainingbehavior_beforeMRI,2021.2.3,60.09228959
30,0,,,,,,,,0,5,5,48,,,,,,,,,,,,,,,,,,,,,,,,,,,,,,,,,,,,,,,,,,,,,space,0.5992528,98.4416359,None,30,0,16,0,7,98.4416359,None,99.0580704,None,,,,,,,,,,,,,,,,,,,,,,,,,,,,,,,,,,,,,Sub017,1,2022_Jun_03_1125,1trainingbehavior_beforeMRI,2021.2.3,60.09228959
20,1,,,,,,,,0,6,6,32,,,,,,,,,,,,,,,,,,,,,,,,,,,,,,,,,,,,,,,,,,,,,space,0.662583601,99.5585562,None,20,1,-44,0,7,99.5585562,None,100.241772,None,,,,,,,,,,,,,,,,,,,,,,,,,,,,,,,,,,,,,Sub017,1,2022_Jun_03_1125,1trainingbehavior_beforeMRI,2021.2.3,60.09228959
10,0,,,,,,,,0,7,7,2,,,,,,,,,,,,,,,,,,,,,,,,,,,,,,,,,,,,,,,,,,,,,space,0.616997899,100.7415445,None,10,0,23,0,7,100.7415445,None,101.3746731,None,,,,,,,,,,,,,,,,,,,,,,,,,,,,,,,,,,,,,Sub017,1,2022_Jun_03_1125,1trainingbehavior_beforeMRI,2021.2.3,60.09228959
30,0,,,,,,,,0,8,8,43,,,,,,,,,,,,,,,,,,,,,,,,,,,,,,,,,,,,,,,,,,,,,space,0.4614618,101.874564,None,30,0,-40,0,7,101.874564,None,102.3582109,None,,,,,,,,,,,,,,,,,,,,,,,,,,,,,,,,,,,,,Sub017,1,2022_Jun_03_1125,1trainingbehavior_beforeMRI,2021.2.3,60.09228959
30,1,,,,,,,,0,9,9,51,,,,,,,,,,,,,,,,,,,,,,,,,,,,,,,,,,,,,,,,,,,,,space,0.6048545,102.858243,None,30,1,-23,0,7,102.858243,None,103.4916392,None,,,,,,,,,,,,,,,,,,,,,,,,,,,,,,,,,,,,,Sub017,1,2022_Jun_03_1125,1trainingbehavior_beforeMRI,2021.2.3,60.09228959
10,1,,,,,,,,0,10,10,19,,,,,,,,,,,,,,,,,,,,,,,,,,,,,,,,,,,,,,,,,,,,,space,1.7798616,103.9914689,None,10,1,5,1,7,103.9914689,None,105.7937418,None,,,,,,,,,,,,,,,,,,,,,,,,,,,,,,,,,,,,,Sub017,1,2022_Jun_03_1125,1trainingbehavior_beforeMRI,2021.2.3,60.09228959
30,1,,,,,,,,0,11,11,53,,,,,,,,,,,,,,,,,,,,,,,,,,,,,,,,,,,,,,,,,,,,,space,1.7821317,106.3081712,None,30,1,5,1,7,106.3081712,None,108.1083187,None,,,,,,,,,,,,,,,,,,,,,,,,,,,,,,,,,,,,,Sub017,1,2022_Jun_03_1125,1trainingbehavior_beforeMRI,2021.2.3,60.09228959
20,1,,,,,,,,0,12,12,36,,,,,,,,,,,,,,,,,,,,,,,,,,,,,,,,,,,,,,,,,,,,,space,1.7982394,108.6083368,None,20,1,12,0,7,108.6083368,None,110.4277519,None,,,,,,,,,,,,,,,,,,,,,,,,,,,,,,,,,,,,,Sub017,1,2022_Jun_03_1125,1trainingbehavior_beforeMRI,2021.2.3,60.09228959
10,0,,,,,,,,0,13,13,5,,,,,,,,,,,,,,,,,,,,,,,,,,,,,,,,,,,,,,,,,,,,,space,1.799713099,110.9423058,None,10,0,-12,0,7,110.9423058,None,112.7588912,None,,,,,,,,,,,,,,,,,,,,,,,,,,,,,,,,,,,,,Sub017,1,2022_Jun_03_1125,1trainingbehavior_beforeMRI,2021.2.3,60.09228959
20,1,,,,,,,,0,14,14,31,,,,,,,,,,,,,,,,,,,,,,,,,,,,,,,,,,,,,,,,,,,,,space,1.7894584,113.2586628,None,20,1,12,0,7,113.2586628,None,115.0759331,None,,,,,,,,,,,,,,,,,,,,,,,,,,,,,,,,,,,,,Sub017,1,2022_Jun_03_1125,1trainingbehavior_beforeMRI,2021.2.3,60.09228959
10,0,,,,,,,,0,15,15,7,,,,,,,,,,,,,,,,,,,,,,,,,,,,,,,,,,,,,,,,,,,,,space,0.596121499,115.5752293,None,10,0,16,0,7,115.5752293,None,116.192444,None,,,,,,,,,,,,,,,,,,,,,,,,,,,,,,,,,,,,,Sub017,1,2022_Jun_03_1125,1trainingbehavior_beforeMRI,2021.2.3,60.09228959
20,0,,,,,,,,0,16,16,26,,,,,,,,,,,,,,,,,,,,,,,,,,,,,,,,,,,,,,,,,,,,,space,0.5717855,116.6923179,None,20,0,9,1,7,116.6923179,None,117.2947104,None,,,,,,,,,,,,,,,,,,,,,,,,,,,,,,,,,,,,,Sub017,1,2022_Jun_03_1125,1trainingbehavior_beforeMRI,2021.2.3,60.09228959
30,1,,,,,,,,0,17,17,55,,,,,,,,,,,,,,,,,,,,,,,,,,,,,,,,,,,,,,,,,,,,,space,1.7379149,117.8091108,None,30,1,-9,1,7,117.8091108,None,119.5756125,None,,,,,,,,,,,,,,,,,,,,,,,,,,,,,,,,,,,,,Sub017,1,2022_Jun_03_1125,1trainingbehavior_beforeMRI,2021.2.3,60.09228959
30,0,,,,,,,,0,18,18,40,,,,,,,,,,,,,,,,,,,,,,,,,,,,,,,,,,,,,,,,,,,,,space,2.9335308,120.0755836,None,30,0,-12,1,7,120.0755836,None,123.025877,None,,,,,,,,,,,,,,,,,,,,,,,,,,,,,,,,,,,,,Sub017,1,2022_Jun_03_1125,1trainingbehavior_beforeMRI,2021.2.3,60.09228959
10,1,,,,,,,,0,19,19,16,,,,,,,,,,,,,,,,,,,,,,,,,,,,,,,,,,,,,,,,,,,,,space,1.7580642,123.5257053,None,10,1,-2,1,7,123.5257053,None,125.3089451,None,,,,,,,,,,,,,,,,,,,,,,,,,,,,,,,,,,,,,Sub017,1,2022_Jun_03_1125,1trainingbehavior_beforeMRI,2021.2.3,60.09228959
30,0,,,,,,,,0,20,20,47,,,,,,,,,,,,,,,,,,,,,,,,,,,,,,,,,,,,,,,,,,,,,space,2.910952,125.8095405,None,30,0,-19,0,7,125.8095405,None,128.7486193,None,,,,,,,,,,,,,,,,,,,,,,,,,,,,,,,,,,,,,Sub017,1,2022_Jun_03_1125,1trainingbehavior_beforeMRI,2021.2.3,60.09228959
20,0,,,,,,,,0,21,21,23,,,,,,,,,,,,,,,,,,,,,,,,,,,,,,,,,,,,,,,,,,,,,space,2.977855599,129.259687,None,20,0,9,1,7,129.259687,None,132.2627854,None,,,,,,,,,,,,,,,,,,,,,,,,,,,,,,,,,,,,,Sub017,1,2022_Jun_03_1125,1trainingbehavior_beforeMRI,2021.2.3,60.09228959
20,0,,,,,,,,0,22,22,22,,,,,,,,,,,,,,,,,,,,,,,,,,,,,,,,,,,,,,,,,,,,,space,2.985405699,132.7761111,None,20,0,16,0,7,132.7761111,None,135.792537,None,,,,,,,,,,,,,,,,,,,,,,,,,,,,,,,,,,,,,Sub017,1,2022_Jun_03_1125,1trainingbehavior_beforeMRI,2021.2.3,60.09228959
30,0,,,,,,,,0,23,23,49,,,,,,,,,,,,,,,,,,,,,,,,,,,,,,,,,,,,,,,,,,,,,space,0.5672474,136.2924782,None,30,0,2,1,7,136.2924782,None,136.8758945,None,,,,,,,,,,,,,,,,,,,,,,,,,,,,,,,,,,,,,Sub017,1,2022_Jun_03_1125,1trainingbehavior_beforeMRI,2021.2.3,60.09228959
10,1,,,,,,,,0,24,24,10,,,,,,,,,,,,,,,,,,,,,,,,,,,,,,,,,,,,,,,,,,,,,space,1.7782516,137.3771279,None,10,1,5,1,7,137.3771279,None,139.1762817,None,,,,,,,,,,,,,,,,,,,,,,,,,,,,,,,,,,,,,Sub017,1,2022_Jun_03_1125,1trainingbehavior_beforeMRI,2021.2.3,60.09228959
20,0,,,,,,,,0,25,25,20,,,,,,,,,,,,,,,,,,,,,,,,,,,,,,,,,,,,,,,,,,,,,space,2.961474299,139.6761811,None,20,0,2,1,7,139.6761811,None,142.6598904,None,,,,,,,,,,,,,,,,,,,,,,,,,,,,,,,,,,,,,Sub017,1,2022_Jun_03_1125,1trainingbehavior_beforeMRI,2021.2.3,60.09228959
10,0,,,,,,,,0,26,26,8,,,,,,,,,,,,,,,,,,,,,,,,,,,,,,,,,,,,,,,,,,,,,space,3.006878301,143.1601851,None,10,0,23,0,7,143.1601851,None,146.196996,None,,,,,,,,,,,,,,,,,,,,,,,,,,,,,,,,,,,,,Sub017,1,2022_Jun_03_1125,1trainingbehavior_beforeMRI,2021.2.3,60.09228959
10,1,,,,,,,,0,27,27,13,,,,,,,,,,,,,,,,,,,,,,,,,,,,,,,,,,,,,,,,,,,,,space,1.7654179,146.709815,None,10,1,-2,1,7,146.709815,None,148.4977146,None,,,,,,,,,,,,,,,,,,,,,,,,,,,,,,,,,,,,,Sub017,1,2022_Jun_03_1125,1trainingbehavior_beforeMRI,2021.2.3,60.09228959
10,1,,,,,,,,0,28,28,12,,,,,,,,,,,,,,,,,,,,,,,,,,,,,,,,,,,,,,,,,,,,,space,1.763478599,149.009621,None,10,1,-2,1,7,149.009621,None,150.7935587,None,,,,,,,,,,,,,,,,,,,,,,,,,,,,,,,,,,,,,Sub017,1,2022_Jun_03_1125,1trainingbehavior_beforeMRI,2021.2.3,60.09228959
30,1,,,,,,,,0,29,29,59,,,,,,,,,,,,,,,,,,,,,,,,,,,,,,,,,,,,,,,,,,,,,space,1.7233326,151.2936755,None,30,1,-16,0,7,151.2936755,None,153.0488457,None,,,,,,,,,,,,,,,,,,,,,,,,,,,,,,,,,,,,,Sub017,1,2022_Jun_03_1125,1trainingbehavior_beforeMRI,2021.2.3,60.09228959
20,0,,,,,,,,0,30,30,24,,,,,,,,,,,,,,,,,,,,,,,,,,,,,,,,,,,,,,,,,,,,,space,2.9672661,153.5604728,None,20,0,2,1,7,153.5604728,None,156.5469073,None,,,,,,,,,,,,,,,,,,,,,,,,,,,,,,,,,,,,,Sub017,1,2022_Jun_03_1125,1trainingbehavior_beforeMRI,2021.2.3,60.09228959
20,0,,,,,,,,0,31,31,29,,,,,,,,,,,,,,,,,,,,,,,,,,,,,,,,,,,,,,,,,,,,,space,2.9918313,157.0607054,None,20,0,16,0,7,157.0607054,None,160.080425,None,,,,,,,,,,,,,,,,,,,,,,,,,,,,,,,,,,,,,Sub017,1,2022_Jun_03_1125,1trainingbehavior_beforeMRI,2021.2.3,60.09228959
10,0,,,,,,,,0,32,32,6,,,,,,,,,,,,,,,,,,,,,,,,,,,,,,,,,,,,,,,,,,,,,space,2.9859005,160.5942678,None,10,0,16,0,7,160.5942678,None,163.6103737,None,,,,,,,,,,,,,,,,,,,,,,,,,,,,,,,,,,,,,Sub017,1,2022_Jun_03_1125,1trainingbehavior_beforeMRI,2021.2.3,60.09228959
10,0,,,,,,,,0,33,33,1,,,,,,,,,,,,,,,,,,,,,,,,,,,,,,,,,,,,,,,,,,,,,space,2.9688768,164.11076,None,10,0,9,0,7,164.11076,None,167.1110986,None,,,,,,,,,,,,,,,,,,,,,,,,,,,,,,,,,,,,,Sub017,1,2022_Jun_03_1125,1trainingbehavior_beforeMRI,2021.2.3,60.09228959
30,1,,,,,,,,0,34,34,57,,,,,,,,,,,,,,,,,,,,,,,,,,,,,,,,,,,,,,,,,,,,,space,1.717849799,167.6110142,None,30,1,-23,0,7,167.6110142,None,169.3437417,None,,,,,,,,,,,,,,,,,,,,,,,,,,,,,,,,,,,,,Sub017,1,2022_Jun_03_1125,1trainingbehavior_beforeMRI,2021.2.3,60.09228959
10,1,,,,,,,,0,35,35,17,,,,,,,,,,,,,,,,,,,,,,,,,,,,,,,,,,,,,,,,,,,,,space,1.747788,169.8444669,None,10,1,-9,0,7,169.8444669,None,171.6107777,None,,,,,,,,,,,,,,,,,,,,,,,,,,,,,,,,,,,,,Sub017,1,2022_Jun_03_1125,1trainingbehavior_beforeMRI,2021.2.3,60.09228959
30,1,,,,,,,,0,36,36,54,,,,,,,,,,,,,,,,,,,,,,,,,,,,,,,,,,,,,,,,,,,,,space,1.7501282,172.111155,None,30,1,-9,1,7,172.111155,None,173.8815141,None,,,,,,,,,,,,,,,,,,,,,,,,,,,,,,,,,,,,,Sub017,1,2022_Jun_03_1125,1trainingbehavior_beforeMRI,2021.2.3,60.09228959
10,0,,,,,,,,0,37,37,3,,,,,,,,,,,,,,,,,,,,,,,,,,,,,,,,,,,,,,,,,,,,,space,2.9680437,174.3941436,None,10,0,2,1,7,174.3941436,None,177.3780493,None,,,,,,,,,,,,,,,,,,,,,,,,,,,,,,,,,,,,,Sub017,1,2022_Jun_03_1125,1trainingbehavior_beforeMRI,2021.2.3,60.09228959
10,1,,,,,,,,0,38,38,18,,,,,,,,,,,,,,,,,,,,,,,,,,,,,,,,,,,,,,,,,,,,,space,1.796439,177.8781913,None,10,1,12,0,7,177.8781913,None,179.699865,None,,,,,,,,,,,,,,,,,,,,,,,,,,,,,,,,,,,,,Sub017,1,2022_Jun_03_1125,1trainingbehavior_beforeMRI,2021.2.3,60.09228959
20,1,,,,,,,,0,39,39,34,,,,,,,,,,,,,,,,,,,,,,,,,,,,,,,,,,,,,,,,,,,,,space,1.7885111,180.2115725,None,20,1,12,0,7,180.2115725,None,182.0280634,None,,,,,,,,,,,,,,,,,,,,,,,,,,,,,,,,,,,,,Sub017,1,2022_Jun_03_1125,1trainingbehavior_beforeMRI,2021.2.3,60.09228959
10,1,,,,,,,,0,40,40,14,,,,,,,,,,,,,,,,,,,,,,,,,,,,,,,,,,,,,,,,,,,,,space,1.772971801,182.5279146,None,10,1,5,1,7,182.5279146,None,184.3307169,None,,,,,,,,,,,,,,,,,,,,,,,,,,,,,,,,,,,,,Sub017,1,2022_Jun_03_1125,1trainingbehavior_beforeMRI,2021.2.3,60.09228959
30,0,,,,,,,,0,41,41,42,,,,,,,,,,,,,,,,,,,,,,,,,,,,,,,,,,,,,,,,,,,,,space,2.943580099,184.8451559,None,30,0,-5,1,7,184.8451559,None,187.8117557,None,,,,,,,,,,,,,,,,,,,,,,,,,,,,,,,,,,,,,Sub017,1,2022_Jun_03_1125,1trainingbehavior_beforeMRI,2021.2.3,60.09228959
20,1,,,,,,,,0,42,42,33,,,,,,,,,,,,,,,,,,,,,,,,,,,,,,,,,,,,,,,,,,,,,space,1.760671,188.3116286,None,20,1,-2,1,7,188.3116286,None,190.0948897,None,,,,,,,,,,,,,,,,,,,,,,,,,,,,,,,,,,,,,Sub017,1,2022_Jun_03_1125,1trainingbehavior_beforeMRI,2021.2.3,60.09228959
30,0,,,,,,,,0,43,43,46,,,,,,,,,,,,,,,,,,,,,,,,,,,,,,,,,,,,,,,,,,,,,space,2.957963401,190.5949033,None,30,0,2,1,7,190.5949033,None,193.5786734,None,,,,,,,,,,,,,,,,,,,,,,,,,,,,,,,,,,,,,Sub017,1,2022_Jun_03_1125,1trainingbehavior_beforeMRI,2021.2.3,60.09228959
30,0,,,,,,,,0,44,44,45,,,,,,,,,,,,,,,,,,,,,,,,,,,,,,,,,,,,,,,,,,,,,space,2.9245004,194.0783299,None,30,0,-12,1,7,194.0783299,None,197.0281313,None,,,,,,,,,,,,,,,,,,,,,,,,,,,,,,,,,,,,,Sub017,1,2022_Jun_03_1125,1trainingbehavior_beforeMRI,2021.2.3,60.09228959
20,1,,,,,,,,0,45,45,38,,,,,,,,,,,,,,,,,,,,,,,,,,,,,,,,,,,,,,,,,,,,,space,1.8040603,197.5284669,None,20,1,19,0,7,197.5284669,None,199.3647726,None,,,,,,,,,,,,,,,,,,,,,,,,,,,,,,,,,,,,,Sub017,1,2022_Jun_03_1125,1trainingbehavior_beforeMRI,2021.2.3,60.09228959
30,0,,,,,,,,0,46,46,41,,,,,,,,,,,,,,,,,,,,,,,,,,,,,,,,,,,,,,,,,,,,,space,2.9756745,199.8784663,None,30,0,9,1,7,199.8784663,None,202.8834115,None,,,,,,,,,,,,,,,,,,,,,,,,,,,,,,,,,,,,,Sub017,1,2022_Jun_03_1125,1trainingbehavior_beforeMRI,2021.2.3,60.09228959
10,1,,,,,,,,0,47,47,15,,,,,,,,,,,,,,,,,,,,,,,,,,,,,,,,,,,,,,,,,,,,,space,1.760853,203.3958084,None,10,1,-2,1,7,203.3958084,None,205.1787599,None,,,,,,,,,,,,,,,,,,,,,,,,,,,,,,,,,,,,,Sub017,1,2022_Jun_03_1125,1trainingbehavior_beforeMRI,2021.2.3,60.09228959
20,1,,,,,,,,0,48,48,37,,,,,,,,,,,,,,,,,,,,,,,,,,,,,,,,,,,,,,,,,,,,,space,1.7492733,205.6789802,None,20,1,-9,1,7,205.6789802,None,207.4461072,None,,,,,,,,,,,,,,,,,,,,,,,,,,,,,,,,,,,,,Sub017,1,2022_Jun_03_1125,1trainingbehavior_beforeMRI,2021.2.3,60.09228959
10,1,,,,,,,,0,49,49,11,,,,,,,,,,,,,,,,,,,,,,,,,,,,,,,,,,,,,,,,,,,,,space,1.716647101,207.9452494,None,10,1,-23,0,7,207.9452494,None,209.6825494,None,,,,,,,,,,,,,,,,,,,,,,,,,,,,,,,,,,,,,Sub017,1,2022_Jun_03_1125,1trainingbehavior_beforeMRI,2021.2.3,60.09228959
10,0,,,,,,,,0,50,50,9,,,,,,,,,,,,,,,,,,,,,,,,,,,,,,,,,,,,,,,,,,,,,space,2.9744039,210.1961038,None,10,0,9,0,7,210.1961038,None,213.1957579,None,,,,,,,,,,,,,,,,,,,,,,,,,,,,,,,,,,,,,Sub017,1,2022_Jun_03_1125,1trainingbehavior_beforeMRI,2021.2.3,60.09228959
20,1,,,,,,,,0,51,51,35,,,,,,,,,,,,,,,,,,,,,,,,,,,,,,,,,,,,,,,,,,,,,space,1.7404894,213.6961605,None,20,1,-9,1,7,213.6961605,None,215.4675706,None,,,,,,,,,,,,,,,,,,,,,,,,,,,,,,,,,,,,,Sub017,1,2022_Jun_03_1125,1trainingbehavior_beforeMRI,2021.2.3,60.09228959
10,0,,,,,,,,0,52,52,4,,,,,,,,,,,,,,,,,,,,,,,,,,,,,,,,,,,,,,,,,,,,,space,2.9810753,215.9786439,None,10,0,9,0,7,215.9786439,None,218.9821878,None,,,,,,,,,,,,,,,,,,,,,,,,,,,,,,,,,,,,,Sub017,1,2022_Jun_03_1125,1trainingbehavior_beforeMRI,2021.2.3,60.09228959
20,0,,,,,,,,0,53,53,21,,,,,,,,,,,,,,,,,,,,,,,,,,,,,,,,,,,,,,,,,,,,,space,2.949051101,219.4963962,None,20,0,-5,1,7,219.4963962,None,222.4671779,None,,,,,,,,,,,,,,,,,,,,,,,,,,,,,,,,,,,,,Sub017,1,2022_Jun_03_1125,1trainingbehavior_beforeMRI,2021.2.3,60.09228959
20,0,,,,,,,,0,54,54,28,,,,,,,,,,,,,,,,,,,,,,,,,,,,,,,,,,,,,,,,,,,,,space,2.9690336,222.9794644,None,20,0,9,1,7,222.9794644,None,225.9800065,None,,,,,,,,,,,,,,,,,,,,,,,,,,,,,,,,,,,,,Sub017,1,2022_Jun_03_1125,1trainingbehavior_beforeMRI,2021.2.3,60.09228959
20,1,,,,,,,,0,55,55,39,,,,,,,,,,,,,,,,,,,,,,,,,,,,,,,,,,,,,,,,,,,,,space,1.7870822,226.4791974,None,20,1,12,0,7,226.4791974,None,228.3015493,None,,,,,,,,,,,,,,,,,,,,,,,,,,,,,,,,,,,,,Sub017,1,2022_Jun_03_1125,1trainingbehavior_beforeMRI,2021.2.3,60.09228959
20,1,,,,,,,,0,56,56,30,,,,,,,,,,,,,,,,,,,,,,,,,,,,,,,,,,,,,,,,,,,,,space,1.7241016,228.8132825,None,20,1,-16,0,7,228.8132825,None,230.563312,None,,,,,,,,,,,,,,,,,,,,,,,,,,,,,,,,,,,,,Sub017,1,2022_Jun_03_1125,1trainingbehavior_beforeMRI,2021.2.3,60.09228959
30,1,,,,,,,,0,57,57,52,,,,,,,,,,,,,,,,,,,,,,,,,,,,,,,,,,,,,,,,,,,,,space,1.7489332,231.0631925,None,30,1,-9,1,7,231.0631925,None,232.8321122,None,,,,,,,,,,,,,,,,,,,,,,,,,,,,,,,,,,,,,Sub017,1,2022_Jun_03_1125,1trainingbehavior_beforeMRI,2021.2.3,60.09228959
30,0,,,,,,,,0,58,58,44,,,,,,,,,,,,,,,,,,,,,,,,,,,,,,,,,,,,,,,,,,,,,space,2.947995,233.3464769,None,30,0,-5,1,7,233.3464769,None,236.313748,None,,,,,,,,,,,,,,,,,,,,,,,,,,,,,,,,,,,,,Sub017,1,2022_Jun_03_1125,1trainingbehavior_beforeMRI,2021.2.3,60.09228959
20,0,,,,,,,,0,59,59,27,,,,,,,,,,,,,,,,,,,,,,,,,,,,,,,,,,,,,,,,,,,,,space,2.9543517,236.8136726,None,20,0,2,1,7,236.8136726,None,239.7967639,None,,,,,,,,,,,,,,,,,,,,,,,,,,,,,,,,,,,,,Sub017,1,2022_Jun_03_1125,1trainingbehavior_beforeMRI,2021.2.3,60.09228959
,,,,,,,,,,,,,0,0,0,0,,,,,,,,,,,,,,,,,,,,,,,,,,,,,,,,,,,,,,,,,,,,,,,,,,,,,,240.2970785,None,12.48075808,6.322752043,16.83654265,31.99067911,[ 6.32275204 16.83654265 31.99067911],,,,,,,,,,,,,,,,,,,,,,,,,,,,,,Sub017,1,2022_Jun_03_1125,1trainingbehavior_beforeMRI,2021.2.3,60.09228959
10,,,,,,,,,,,,,,,,,0,0,0,0,,,,,0,0,0,0,,,,,,,,,,,,,,,,,,,,,,,,,,,,,,,,,,,,,,,,,,,,,,,,,253.9532108,None,None,None,253.9532108,None,3,30.910557,253.9532108,None,,,,,,,,,,,,,,,,,,,,Sub017,1,2022_Jun_03_1125,1trainingbehavior_beforeMRI,2021.2.3,60.09228959
10,,,,,,,,,,,,,,,,,0,0,0,0,,,,,,,,,,,,,,,,,,,,,,,,,,,,,,,,,,,,,,,,,,,,,,,,,,,,,,,,,,,,,,,,,,,,,,,,,,,,,,,,,,,,,,Sub017,1,2022_Jun_03_1125,1trainingbehavior_beforeMRI,2021.2.3,60.09228959
20,,,,,,,,,,,,,,,,,0,1,1,1,,,,,0,0,0,0,,,,,,,,,,,,,,,,,,,,,,,,,,,,,,,,,,,,,,,,,,,,,,,,,284.8825074,None,None,None,284.8825074,None,3,5.329887,284.8825074,None,,,,,,,,,,,,,,,,,,,,Sub017,1,2022_Jun_03_1125,1trainingbehavior_beforeMRI,2021.2.3,60.09228959
20,,,,,,,,,,,,,,,,,0,1,1,1,,,,,,,,,,,,,,,,,,,,,,,,,,,,,,,,,,,,,,,,,,,,,,,,,,,,,,,,,,,,,,,,,,,,,,,,,,,,,,,,,,,,,,Sub017,1,2022_Jun_03_1125,1trainingbehavior_beforeMRI,2021.2.3,60.09228959
30,,,,,,,,,,,,,,,,,0,2,2,2,,,,,0,0,0,0,,,,,,,,,,,,,,,,,,,,,,,,,,,,,,,,,,,,,,,,,,,,,,,,,290.2479022,None,None,None,290.2479022,None,2,1.654937999,290.2479022,None,,,,,,,,,,,,,,,,,,,,Sub017,1,2022_Jun_03_1125,1trainingbehavior_beforeMRI,2021.2.3,60.09228959
30,,,,,,,,,,,,,,,,,0,2,2,2,,,,,,,,,,,,,,,,,,,,,,,,,,,,,,,,,,,,,,,,,,,,,,,,,,,,,,,,,,,,,,,,,,,,,,,,,,,,,,,,,,,,,,Sub017,1,2022_Jun_03_1125,1trainingbehavior_beforeMRI,2021.2.3,60.09228959
,,Card_80.xlsx,80,1,,,,,,,,,,,,,,,,,,,,,,,,,,,,,0,0,0,0,0,0,0,2,0,0,0,8,,,,,,,,,,,,,,,,,,,,,,,,,,,,,,,,,,,,,,,,,,,291.9356278,None,306.0989308,None,341.3503402,None,80,1,,,,,,,,,,,,Sub017,1,2022_Jun_03_1125,1trainingbehavior_beforeMRI,2021.2.3,60.09228959
,,Card_80.xlsx,80,1,,,,,,,,,,,,,,,,,,,,,,,,,,,,,0,0,0,0,0,0,0,2,0,1,1,2,,,,,,,,,,,,,,,,,,,,,,,,,,,,,,,,,,,,,,,,,,,,,,,,,80,1,,,,,,,,,,,,Sub017,1,2022_Jun_03_1125,1trainingbehavior_beforeMRI,2021.2.3,60.09228959
,,Card_80.xlsx,80,1,,,,,,,,,,,,,,,,,,,,,,,,,,,,,0,0,0,0,0,0,0,2,0,2,2,5,,,,,,,,,,,,,,,,,,,,,,,,,,,,,,,,,,,,,,,,,,,,,,,,,80,1,,,,,,,,,,,,Sub017,1,2022_Jun_03_1125,1trainingbehavior_beforeMRI,2021.2.3,60.09228959
,,Card_80.xlsx,80,0,,,,,,,,,,,,,,,,,,,,,,,,,,,,,0,0,0,0,0,0,0,2,0,3,3,1,,,,,,,,,,,,,,,,,,,,,,,,,,,,,,,,,,,,,,,,,,,,,,,,,80,0,,,,,,,,,,,,Sub017,1,2022_Jun_03_1125,1trainingbehavior_beforeMRI,2021.2.3,60.09228959
,,Card_80.xlsx,80,1,,,,,,,,,,,,,,,,,,,,,,,,,,,,,0,0,0,0,0,0,0,2,0,4,4,3,,,,,,,,,,,,,,,,,,,,,,,,,,,,,,,,,,,,,,,,,,,,,,,,,80,1,,,,,,,,,,,,Sub017,1,2022_Jun_03_1125,1trainingbehavior_beforeMRI,2021.2.3,60.09228959
,,Card_80.xlsx,80,0,,,,,,,,,,,,,,,,,,,,,,,,,,,,,0,0,0,0,0,0,0,2,0,5,5,0,,,,,,,,,,,,,,,,,,,,,,,,,,,,,,,,,,,,,,,,,,,,,,,,,80,0,,,,,,,,,,,,Sub017,1,2022_Jun_03_1125,1trainingbehavior_beforeMRI,2021.2.3,60.09228959
,,Card_80.xlsx,80,1,,,,,,,,,,,,,,,,,,,,,,,,,,,,,0,0,0,0,0,0,0,2,0,6,6,9,,,,,,,,,,,,,,,,,,,,,,,,,,,,,,,,,,,,,,,,,,,,,,,,,80,1,,,,,,,,,,,,Sub017,1,2022_Jun_03_1125,1trainingbehavior_beforeMRI,2021.2.3,60.09228959
,,Card_80.xlsx,80,1,,,,,,,,,,,,,,,,,,,,,,,,,,,,,0,0,0,0,0,0,0,2,0,7,7,6,,,,,,,,,,,,,,,,,,,,,,,,,,,,,,,,,,,,,,,,,,,,,,,,,80,1,,,,,,,,,,,,Sub017,1,2022_Jun_03_1125,1trainingbehavior_beforeMRI,2021.2.3,60.09228959
,,Card_80.xlsx,80,1,,,,,,,,,,,,,,,,,,,,,,,,,,,,,0,0,0,0,0,0,0,2,0,8,8,4,,,,,,,,,,,,,,,,,,,,,,,,,,,,,,,,,,,,,,,,,,,,,,,,,80,1,,,,,,,,,,,,Sub017,1,2022_Jun_03_1125,1trainingbehavior_beforeMRI,2021.2.3,60.09228959
,,Card_80.xlsx,80,1,,,,,,,,,,,,,,,,,,,,,,,,,,,,,0,0,0,0,0,0,0,2,0,9,9,7,,,,,,,,,,,,,,,,,,,,,,,,,,,,,,,,,,,,,,,,,,,,,,,,,80,1,,,,,,,,,,,,Sub017,1,2022_Jun_03_1125,1trainingbehavior_beforeMRI,2021.2.3,60.09228959
,,Card_80.xlsx,,,,,,,,,,,,,,,,,,,,,,,,,,,,,,,0,0,0,0,0,0,0,2,,,,,,,,,0,0,0,0,,,,,,,,,,,,,,,,,,,,,,,,,,,,,,,,,,,,,,,,,,,80,None,None,386.8898166,None,2,4.7608055,386.8898166,None,,,Sub017,1,2022_Jun_03_1125,1trainingbehavior_beforeMRI,2021.2.3,60.09228959
,,Card_80.xlsx,,,,,,,,,,,,,,,,,,,,,,,,,,,,,,,0,0,0,0,0,0,0,2,,,,,,,,,,,,,,,,,,,,,,,,,,,,,,,,,,,,,,,,,,,,,,,,,,,,,,,,,,,,,,,,,,Sub017,1,2022_Jun_03_1125,1trainingbehavior_beforeMRI,2021.2.3,60.09228959
,,Card_50.xlsx,50,0,,,,,,,,,,,,,,,,,,,,,,,,,,,,,0,0,0,0,0,1,1,1,0,0,0,0,,,,,,,,,,,,,,,,,,,,,,,,,,,,,,,,,,,,,,,,,,,,,,,,,50,0,,,,,,,,,,,,Sub017,1,2022_Jun_03_1125,1trainingbehavior_beforeMRI,2021.2.3,60.09228959
,,Card_50.xlsx,50,0,,,,,,,,,,,,,,,,,,,,,,,,,,,,,0,0,0,0,0,1,1,1,0,1,1,3,,,,,,,,,,,,,,,,,,,,,,,,,,,,,,,,,,,,,,,,,,,,,,,,,50,0,,,,,,,,,,,,Sub017,1,2022_Jun_03_1125,1trainingbehavior_beforeMRI,2021.2.3,60.09228959
,,Card_50.xlsx,50,1,,,,,,,,,,,,,,,,,,,,,,,,,,,,,0,0,0,0,0,1,1,1,0,2,2,6,,,,,,,,,,,,,,,,,,,,,,,,,,,,,,,,,,,,,,,,,,,,,,,,,50,1,,,,,,,,,,,,Sub017,1,2022_Jun_03_1125,1trainingbehavior_beforeMRI,2021.2.3,60.09228959
,,Card_50.xlsx,50,0,,,,,,,,,,,,,,,,,,,,,,,,,,,,,0,0,0,0,0,1,1,1,0,3,3,2,,,,,,,,,,,,,,,,,,,,,,,,,,,,,,,,,,,,,,,,,,,,,,,,,50,0,,,,,,,,,,,,Sub017,1,2022_Jun_03_1125,1trainingbehavior_beforeMRI,2021.2.3,60.09228959
,,Card_50.xlsx,50,1,,,,,,,,,,,,,,,,,,,,,,,,,,,,,0,0,0,0,0,1,1,1,0,4,4,9,,,,,,,,,,,,,,,,,,,,,,,,,,,,,,,,,,,,,,,,,,,,,,,,,50,1,,,,,,,,,,,,Sub017,1,2022_Jun_03_1125,1trainingbehavior_beforeMRI,2021.2.3,60.09228959
,,Card_50.xlsx,50,1,,,,,,,,,,,,,,,,,,,,,,,,,,,,,0,0,0,0,0,1,1,1,0,5,5,5,,,,,,,,,,,,,,,,,,,,,,,,,,,,,,,,,,,,,,,,,,,,,,,,,50,1,,,,,,,,,,,,Sub017,1,2022_Jun_03_1125,1trainingbehavior_beforeMRI,2021.2.3,60.09228959
,,Card_50.xlsx,50,1,,,,,,,,,,,,,,,,,,,,,,,,,,,,,0,0,0,0,0,1,1,1,0,6,6,7,,,,,,,,,,,,,,,,,,,,,,,,,,,,,,,,,,,,,,,,,,,,,,,,,50,1,,,,,,,,,,,,Sub017,1,2022_Jun_03_1125,1trainingbehavior_beforeMRI,2021.2.3,60.09228959
,,Card_50.xlsx,50,0,,,,,,,,,,,,,,,,,,,,,,,,,,,,,0,0,0,0,0,1,1,1,0,7,7,1,,,,,,,,,,,,,,,,,,,,,,,,,,,,,,,,,,,,,,,,,,,,,,,,,50,0,,,,,,,,,,,,Sub017,1,2022_Jun_03_1125,1trainingbehavior_beforeMRI,2021.2.3,60.09228959
,,Card_50.xlsx,50,1,,,,,,,,,,,,,,,,,,,,,,,,,,,,,0,0,0,0,0,1,1,1,0,8,8,8,,,,,,,,,,,,,,,,,,,,,,,,,,,,,,,,,,,,,,,,,,,,,,,,,50,1,,,,,,,,,,,,Sub017,1,2022_Jun_03_1125,1trainingbehavior_beforeMRI,2021.2.3,60.09228959
,,Card_50.xlsx,50,0,,,,,,,,,,,,,,,,,,,,,,,,,,,,,0,0,0,0,0,1,1,1,0,9,9,4,,,,,,,,,,,,,,,,,,,,,,,,,,,,,,,,,,,,,,,,,,,,,,,,,50,0,,,,,,,,,,,,Sub017,1,2022_Jun_03_1125,1trainingbehavior_beforeMRI,2021.2.3,60.09228959
,,Card_50.xlsx,,,,,,,,,,,,,,,,,,,,,,,,,,,,,,,0,0,0,0,0,1,1,1,,,,,,,,,0,0,0,0,,,,,,,,,,,,,,,,,,,,,,,,,,,,,,,,,,,,,,,,,,,50,None,None,426.6733447,None,4,3.869322,426.6733447,None,,,Sub017,1,2022_Jun_03_1125,1trainingbehavior_beforeMRI,2021.2.3,60.09228959
,,Card_50.xlsx,,,,,,,,,,,,,,,,,,,,,,,,,,,,,,,0,0,0,0,0,1,1,1,,,,,,,,,,,,,,,,,,,,,,,,,,,,,,,,,,,,,,,,,,,,,,,,,,,,,,,,,,,,,,,,,,Sub017,1,2022_Jun_03_1125,1trainingbehavior_beforeMRI,2021.2.3,60.09228959
,,Card_20.xlsx,20,1,,,,,,,,,,,,,,,,,,,,,,,,,,,,,0,0,0,0,0,2,2,0,0,0,0,9,,,,,,,,,,,,,,,,,,,,,,,,,,,,,,,,,,,,,,,,,,,,,,,,,20,1,,,,,,,,,,,,Sub017,1,2022_Jun_03_1125,1trainingbehavior_beforeMRI,2021.2.3,60.09228959
,,Card_20.xlsx,20,0,,,,,,,,,,,,,,,,,,,,,,,,,,,,,0,0,0,0,0,2,2,0,0,1,1,7,,,,,,,,,,,,,,,,,,,,,,,,,,,,,,,,,,,,,,,,,,,,,,,,,20,0,,,,,,,,,,,,Sub017,1,2022_Jun_03_1125,1trainingbehavior_beforeMRI,2021.2.3,60.09228959
,,Card_20.xlsx,20,0,,,,,,,,,,,,,,,,,,,,,,,,,,,,,0,0,0,0,0,2,2,0,0,2,2,6,,,,,,,,,,,,,,,,,,,,,,,,,,,,,,,,,,,,,,,,,,,,,,,,,20,0,,,,,,,,,,,,Sub017,1,2022_Jun_03_1125,1trainingbehavior_beforeMRI,2021.2.3,60.09228959
,,Card_20.xlsx,20,0,,,,,,,,,,,,,,,,,,,,,,,,,,,,,0,0,0,0,0,2,2,0,0,3,3,3,,,,,,,,,,,,,,,,,,,,,,,,,,,,,,,,,,,,,,,,,,,,,,,,,20,0,,,,,,,,,,,,Sub017,1,2022_Jun_03_1125,1trainingbehavior_beforeMRI,2021.2.3,60.09228959
,,Card_20.xlsx,20,0,,,,,,,,,,,,,,,,,,,,,,,,,,,,,0,0,0,0,0,2,2,0,0,4,4,1,,,,,,,,,,,,,,,,,,,,,,,,,,,,,,,,,,,,,,,,,,,,,,,,,20,0,,,,,,,,,,,,Sub017,1,2022_Jun_03_1125,1trainingbehavior_beforeMRI,2021.2.3,60.09228959
,,Card_20.xlsx,20,0,,,,,,,,,,,,,,,,,,,,,,,,,,,,,0,0,0,0,0,2,2,0,0,5,5,5,,,,,,,,,,,,,,,,,,,,,,,,,,,,,,,,,,,,,,,,,,,,,,,,,20,0,,,,,,,,,,,,Sub017,1,2022_Jun_03_1125,1trainingbehavior_beforeMRI,2021.2.3,60.09228959
,,Card_20.xlsx,20,0,,,,,,,,,,,,,,,,,,,,,,,,,,,,,0,0,0,0,0,2,2,0,0,6,6,4,,,,,,,,,,,,,,,,,,,,,,,,,,,,,,,,,,,,,,,,,,,,,,,,,20,0,,,,,,,,,,,,Sub017,1,2022_Jun_03_1125,1trainingbehavior_beforeMRI,2021.2.3,60.09228959
,,Card_20.xlsx,20,0,,,,,,,,,,,,,,,,,,,,,,,,,,,,,0,0,0,0,0,2,2,0,0,7,7,0,,,,,,,,,,,,,,,,,,,,,,,,,,,,,,,,,,,,,,,,,,,,,,,,,20,0,,,,,,,,,,,,Sub017,1,2022_Jun_03_1125,1trainingbehavior_beforeMRI,2021.2.3,60.09228959
,,Card_20.xlsx,20,0,,,,,,,,,,,,,,,,,,,,,,,,,,,,,0,0,0,0,0,2,2,0,0,8,8,2,,,,,,,,,,,,,,,,,,,,,,,,,,,,,,,,,,,,,,,,,,,,,,,,,20,0,,,,,,,,,,,,Sub017,1,2022_Jun_03_1125,1trainingbehavior_beforeMRI,2021.2.3,60.09228959
,,Card_20.xlsx,20,1,,,,,,,,,,,,,,,,,,,,,,,,,,,,,0,0,0,0,0,2,2,0,0,9,9,8,,,,,,,,,,,,,,,,,,,,,,,,,,,,,,,,,,,,,,,,,,,,,,,,,20,1,,,,,,,,,,,,Sub017,1,2022_Jun_03_1125,1trainingbehavior_beforeMRI,2021.2.3,60.09228959
,,Card_20.xlsx,,,,,,,,,,,,,,,,,,,,,,,,,,,,,,,0,0,0,0,0,2,2,0,,,,,,,,,0,0,0,0,,,,,,,,,,,,,,,,,,,,,,,,,,,,,,,,,,,,,,,,,,,20,None,None,465.5897842,None,7,7.2558185,465.5897842,None,,,Sub017,1,2022_Jun_03_1125,1trainingbehavior_beforeMRI,2021.2.3,60.09228959
,,Card_20.xlsx,,,,,,,,,,,,,,,,,,,,,,,,,,,,,,,0,0,0,0,0,2,2,0,,,,,,,,,,,,,,,,,,,,,,,,,,,,,,,,,,,,,,,,,,,,,,,,,,,,,,,,,,,,,,,,,,Sub017,1,2022_Jun_03_1125,1trainingbehavior_beforeMRI,2021.2.3,60.09228959
,,,,,,,,,,,,,,,,,,,,,,,,,,,,,,,,,0,0,0,0,,,,,,,,,,,,,,,,,,,,,,,,,,,,,,,,,,,,,,,,,,,,,,,,,,,,,,,,,,,,,,,,,,,,472.8715506,None,Sub017,1,2022_Jun_03_1125,1trainingbehavior_beforeMRI,2021.2.3,60.09228959