﻿Current_Run_SE,Current_Run_RE,current_pair_SE,current_pair_RE,current_card_prob,ITI_SE,ITI_RE,Q_bar,Q_card,start_MRI.thisRepN,start_MRI.thisTrialN,start_MRI.thisN,start_MRI.thisIndex,L_subjects.thisRepN,L_subjects.thisTrialN,L_subjects.thisN,L_subjects.thisIndex,Bar_Card_L.thisRepN,Bar_Card_L.thisTrialN,Bar_Card_L.thisN,Bar_Card_L.thisIndex,trials_bar_L.thisRepN,trials_bar_L.thisTrialN,trials_bar_L.thisN,trials_bar_L.thisIndex,Q_bar_L.thisRepN,Q_bar_L.thisTrialN,Q_bar_L.thisN,Q_bar_L.thisIndex,trials_Card_L.thisRepN,trials_Card_L.thisTrialN,trials_Card_L.thisN,trials_Card_L.thisIndex,Q_card_L.thisRepN,Q_card_L.thisTrialN,Q_card_L.thisN,Q_card_L.thisIndex,R_subjects.thisRepN,R_subjects.thisTrialN,R_subjects.thisN,R_subjects.thisIndex,fMR_Instr1_text.started,fMR_Instr1_text.stopped,Ready_text.started,Ready_text.stopped,trigger_2.keys,trigger_2.rt,trigger_2.started,trigger_2.stopped,center_OnsetTime.started,center_OnsetTime.stopped,text_SE_9.started,text_SE_9.stopped,fixOnset_text_ISI_SE_2.started,fixOnset_text_ISI_SE_2.stopped,current_pair_SE,current_pair_RE,target_pair,ISI_SE,Q_bar,PairQuestionONSET_SE_text_L.started,PairQuestionONSET_SE_text_L.stopped,key_resp_rating_SE_L.keys,key_resp_rating_SE_L.rt,key_resp_rating_SE_L.started,key_resp_rating_SE_L.stopped,Rating_pair,current_ITI,lagTime,fixOnset_text_ITI.started,fixOnset_text_ITI.stopped,PairONSET_card_prob_2.started,PairONSET_card_prob_2.stopped,fixOnset_text_ISI_RE_2.started,fixOnset_text_ISI_RE_2.stopped,card_pair,ISI_RE,Q_card,PairQuestionONSET_RE_text_L.started,PairQuestionONSET_RE_text_L.stopped,key_resp_rating_RE_L.keys,key_resp_rating_RE_L.rt,key_resp_rating_RE_L.started,key_resp_rating_RE_L.stopped,participant,session,date,expName,psychopyVersion,frameRate,
,,,,,,,,,0,0,0,0,,,,,,,,,,,,,,,,,,,,,,,,,,,,,9.24109139997745,None,,,,,,,,,,,,,,,,,,,,,,,,,,,,,,,,,,,,,,,,,,Sub047,001,2022_Sep_30_1522,2_1_MRI_Rating_SE_RE,2021.2.3,60.22942593735907,
1,0,2,-1,-1,3,-1,1,0,,,,,0,0,0,0,0,0,0,26,0,0,0,0,0,0,0,0,,,,,,,,,,,,,,,38.6138401000062,None,t,11.442191999987699,38.6138401000062,None,50.10077509999974,None,50.10077509999974,None,52.09003269998357,None,2,-1,69.02367581565039,3,1,55.11941340001067,None,g,0.8886156000080518,55.11941340001067,None,Slightly Likely,2.077451499999995,1.0774514999999951,56.023383799998555,None,,,,,,,0,,,,,,,Sub047,001,2022_Sep_30_1522,2_1_MRI_Rating_SE_RE,2021.2.3,60.22942593735907,
1,0,2,-1,-1,3,-1,1,0,,,,,0,0,0,0,0,0,0,26,0,0,0,0,,,,,,,,,,,,,,,,,,,,,,,,,,,,,,,2,-1,,,1,,,,,,,,,,,,,,,,,,0,,,,,,,Sub047,001,2022_Sep_30_1522,2_1_MRI_Rating_SE_RE,2021.2.3,60.22942593735907,
1,0,2,-1,-1,3,-1,1,0,,,,,0,0,0,0,0,0,0,26,,,,,,,,,,,,,,,,,,,,,,,,,,,,,,,,,,,2,-1,,,1,,,,,,,,,,,,,,,,,,0,,,,,,,Sub047,001,2022_Sep_30_1522,2_1_MRI_Rating_SE_RE,2021.2.3,60.22942593735907,
0,1,-1,1,50,-1,3,0,0,,,,,0,0,0,0,0,1,1,61,,,,,,,,,0,0,0,0,,,,,,,,,,,,,,,,,,,,,,,-1,1,,,0,,,,,,,,,,,,58.13482119998662,None,60.12386190000689,None,50,3,0,,,,,,,Sub047,001,2022_Sep_30_1522,2_1_MRI_Rating_SE_RE,2021.2.3,60.22942593735907,
0,1,-1,1,50,-1,3,0,0,,,,,0,0,0,0,0,1,1,61,,,,,,,,,,,,,,,,,,,,,,,,,,,,,,,,,,,-1,1,,,0,,,,,,,,,,,,,,,,,,0,,,,,,,Sub047,001,2022_Sep_30_1522,2_1_MRI_Rating_SE_RE,2021.2.3,60.22942593735907,
0,1,-1,1,50,-1,3,0,1,,,,,0,0,0,0,0,2,2,79,,,,,,,,,0,0,0,0,0,0,0,0,,,,,,,,,,,,,,,,,,,-1,1,,,0,,,,,,,Slightly Likely,2.2130010999999925,1.2130010999999925,68.92361679999158,None,63.13151709997328,None,65.14056799997343,None,50,3,1,68.14477810001699,None,g,0.7532838000333868,68.14477810001699,None,Sub047,001,2022_Sep_30_1522,2_1_MRI_Rating_SE_RE,2021.2.3,60.22942593735907,
0,1,-1,1,50,-1,3,0,1,,,,,0,0,0,0,0,2,2,79,,,,,,,,,0,0,0,0,,,,,,,,,,,,,,,,,,,,,,,-1,1,,,0,,,,,,,,,,,,,,,,,,1,,,,,,,Sub047,001,2022_Sep_30_1522,2_1_MRI_Rating_SE_RE,2021.2.3,60.22942593735907,
0,1,-1,1,50,-1,3,0,1,,,,,0,0,0,0,0,2,2,79,,,,,,,,,,,,,,,,,,,,,,,,,,,,,,,,,,,-1,1,,,0,,,,,,,,,,,,,,,,,,1,,,,,,,Sub047,001,2022_Sep_30_1522,2_1_MRI_Rating_SE_RE,2021.2.3,60.22942593735907,
1,0,2,-1,-1,1,-1,1,0,,,,,0,0,0,0,0,3,3,42,0,0,0,0,0,0,0,0,,,,,,,,,,,,,,,,,,,,,71.15476379997563,None,71.15476379997563,None,73.15711480000755,None,2,-1,69.02367581565039,1,1,74.15852840000298,None,g,0.47557439998490736,74.15852840000298,None,Slightly Likely,2.502433499999995,1.502433499999995,74.6570812999853,None,,,,,,,0,,,,,,,Sub047,001,2022_Sep_30_1522,2_1_MRI_Rating_SE_RE,2021.2.3,60.22942593735907,
1,0,2,-1,-1,1,-1,1,0,,,,,0,0,0,0,0,3,3,42,0,0,0,0,,,,,,,,,,,,,,,,,,,,,,,,,,,,,,,2,-1,,,1,,,,,,,,,,,,,,,,,,0,,,,,,,Sub047,001,2022_Sep_30_1522,2_1_MRI_Rating_SE_RE,2021.2.3,60.22942593735907,
1,0,2,-1,-1,1,-1,1,0,,,,,0,0,0,0,0,3,3,42,,,,,,,,,,,,,,,,,,,,,,,,,,,,,,,,,,,2,-1,,,1,,,,,,,,,,,,,,,,,,0,,,,,,,Sub047,001,2022_Sep_30_1522,2_1_MRI_Rating_SE_RE,2021.2.3,60.22942593735907,
0,1,-1,0,20,-1,3,0,1,,,,,0,0,0,0,0,4,4,87,,,,,,,,,0,0,0,0,0,0,0,0,,,,,,,,,,,,,,,,,,,-1,0,,,0,,,,,,,Slightly Unlikely,2.409799800000002,1.4097998000000018,82.77404509996995,None,77.18091200001072,None,79.19186899997294,None,20,3,1,82.19393830001354,None,y,0.5650440999888815,82.19393830001354,None,Sub047,001,2022_Sep_30_1522,2_1_MRI_Rating_SE_RE,2021.2.3,60.22942593735907,
0,1,-1,0,20,-1,3,0,1,,,,,0,0,0,0,0,4,4,87,,,,,,,,,0,0,0,0,,,,,,,,,,,,,,,,,,,,,,,-1,0,,,0,,,,,,,,,,,,,,,,,,1,,,,,,,Sub047,001,2022_Sep_30_1522,2_1_MRI_Rating_SE_RE,2021.2.3,60.22942593735907,
0,1,-1,0,20,-1,3,0,1,,,,,0,0,0,0,0,4,4,87,,,,,,,,,,,,,,,,,,,,,,,,,,,,,,,,,,,-1,0,,,0,,,,,,,,,,,,,,,,,,1,,,,,,,Sub047,001,2022_Sep_30_1522,2_1_MRI_Rating_SE_RE,2021.2.3,60.22942593735907,
0,1,-1,2,80,-1,2,0,0,,,,,0,0,0,0,0,5,5,59,,,,,,,,,0,0,0,0,,,,,,,,,,,,,,,,,,,,,,,-1,2,,,0,,,,,,,,,,,,85.20392559998436,None,87.20824670000002,None,80,2,0,,,,,,,Sub047,001,2022_Sep_30_1522,2_1_MRI_Rating_SE_RE,2021.2.3,60.22942593735907,
0,1,-1,2,80,-1,2,0,0,,,,,0,0,0,0,0,5,5,59,,,,,,,,,,,,,,,,,,,,,,,,,,,,,,,,,,,-1,2,,,0,,,,,,,,,,,,,,,,,,0,,,,,,,Sub047,001,2022_Sep_30_1522,2_1_MRI_Rating_SE_RE,2021.2.3,60.22942593735907,
0,1,-1,2,80,-1,2,0,1,,,,,0,0,0,0,0,6,6,77,,,,,,,,,0,0,0,0,0,0,0,0,,,,,,,,,,,,,,,,,,,-1,2,,,0,,,,,,,Extremely Likely,2.4194585000000046,1.4194585000000046,93.79133340000408,None,89.207527999999,None,91.20825339999283,None,80,2,1,93.20770700002322,None,r,0.5543350999942049,93.20770700002322,None,Sub047,001,2022_Sep_30_1522,2_1_MRI_Rating_SE_RE,2021.2.3,60.22942593735907,
0,1,-1,2,80,-1,2,0,1,,,,,0,0,0,0,0,6,6,77,,,,,,,,,0,0,0,0,,,,,,,,,,,,,,,,,,,,,,,-1,2,,,0,,,,,,,,,,,,,,,,,,1,,,,,,,Sub047,001,2022_Sep_30_1522,2_1_MRI_Rating_SE_RE,2021.2.3,60.22942593735907,
0,1,-1,2,80,-1,2,0,1,,,,,0,0,0,0,0,6,6,77,,,,,,,,,,,,,,,,,,,,,,,,,,,,,,,,,,,-1,2,,,0,,,,,,,,,,,,,,,,,,1,,,,,,,Sub047,001,2022_Sep_30_1522,2_1_MRI_Rating_SE_RE,2021.2.3,60.22942593735907,
1,0,1,-1,-1,3,-1,0,0,,,,,0,0,0,0,0,7,7,14,0,0,0,0,,,,,,,,,,,,,,,,,,,,,,,,,96.23427389998687,None,96.23427389998687,None,98.24159539997345,None,1,-1,36.326833128633105,3,0,,,,,,,,,,,,,,,,,,0,,,,,,,Sub047,001,2022_Sep_30_1522,2_1_MRI_Rating_SE_RE,2021.2.3,60.22942593735907,
1,0,1,-1,-1,3,-1,0,0,,,,,0,0,0,0,0,7,7,14,,,,,,,,,,,,,,,,,,,,,,,,,,,,,,,,,,,1,-1,,,0,,,,,,,,,,,,,,,,,,0,,,,,,,Sub047,001,2022_Sep_30_1522,2_1_MRI_Rating_SE_RE,2021.2.3,60.22942593735907,
0,1,-1,1,50,-1,1,0,1,,,,,0,0,0,0,0,8,8,73,,,,,,,,,0,0,0,0,0,0,0,0,,,,,,,,,,,,,,,,,,,-1,1,,,0,,,,,,,Slightly Likely,2.256326599999994,1.2563265999999942,104.99185469996883,None,101.24461679998785,None,103.2585609999951,None,50,1,1,104.25862400000915,None,g,0.7093041999614798,104.25862400000915,None,Sub047,001,2022_Sep_30_1522,2_1_MRI_Rating_SE_RE,2021.2.3,60.22942593735907,
0,1,-1,1,50,-1,1,0,1,,,,,0,0,0,0,0,8,8,73,,,,,,,,,0,0,0,0,,,,,,,,,,,,,,,,,,,,,,,-1,1,,,0,,,,,,,,,,,,,,,,,,1,,,,,,,Sub047,001,2022_Sep_30_1522,2_1_MRI_Rating_SE_RE,2021.2.3,60.22942593735907,
0,1,-1,1,50,-1,1,0,1,,,,,0,0,0,0,0,8,8,73,,,,,,,,,,,,,,,,,,,,,,,,,,,,,,,,,,,-1,1,,,0,,,,,,,,,,,,,,,,,,1,,,,,,,Sub047,001,2022_Sep_30_1522,2_1_MRI_Rating_SE_RE,2021.2.3,60.22942593735907,
0,1,-1,0,20,-1,1,0,1,,,,,0,0,0,0,0,9,9,81,,,,,,,,,0,0,0,0,0,0,0,0,,,,,,,,,,,,,,,,,,,-1,0,,,0,,,,,,,Slightly Unlikely,2.0459096000000017,1.0459096000000017,111.2252235999913,None,107.2660818999866,None,109.27583339996636,None,20,1,1,110.2765893000178,None,y,0.922001899976749,110.2765893000178,None,Sub047,001,2022_Sep_30_1522,2_1_MRI_Rating_SE_RE,2021.2.3,60.22942593735907,
0,1,-1,0,20,-1,1,0,1,,,,,0,0,0,0,0,9,9,81,,,,,,,,,0,0,0,0,,,,,,,,,,,,,,,,,,,,,,,-1,0,,,0,,,,,,,,,,,,,,,,,,1,,,,,,,Sub047,001,2022_Sep_30_1522,2_1_MRI_Rating_SE_RE,2021.2.3,60.22942593735907,
0,1,-1,0,20,-1,1,0,1,,,,,0,0,0,0,0,9,9,81,,,,,,,,,,,,,,,,,,,,,,,,,,,,,,,,,,,-1,0,,,0,,,,,,,,,,,,,,,,,,1,,,,,,,Sub047,001,2022_Sep_30_1522,2_1_MRI_Rating_SE_RE,2021.2.3,60.22942593735907,
1,0,0,-1,-1,2,-1,0,0,,,,,0,0,0,0,0,10,10,1,0,0,0,0,,,,,,,,,,,,,,,,,,,,,,,,,113.28387059998931,None,113.28387059998931,None,115.2928332000156,None,0,-1,13.642085739781713,2,0,,,,,,,,,,,,,,,,,,0,,,,,,,Sub047,001,2022_Sep_30_1522,2_1_MRI_Rating_SE_RE,2021.2.3,60.22942593735907,
1,0,0,-1,-1,2,-1,0,0,,,,,0,0,0,0,0,10,10,1,,,,,,,,,,,,,,,,,,,,,,,,,,,,,,,,,,,0,-1,,,0,,,,,,,,,,,,,,,,,,0,,,,,,,Sub047,001,2022_Sep_30_1522,2_1_MRI_Rating_SE_RE,2021.2.3,60.22942593735907,
0,1,-1,2,80,-1,1,0,1,,,,,0,0,0,0,0,11,11,74,,,,,,,,,0,0,0,0,0,0,0,0,,,,,,,,,,,,,,,,,,,-1,2,,,0,,,,,,,Extremely Unlikely,2.522829299999998,1.522829299999998,120.7760840000119,None,117.29366889997618,None,119.29254619998392,None,80,1,1,120.29304129997035,None,b,0.46490239998092875,120.29304129997035,None,Sub047,001,2022_Sep_30_1522,2_1_MRI_Rating_SE_RE,2021.2.3,60.22942593735907,
0,1,-1,2,80,-1,1,0,1,,,,,0,0,0,0,0,11,11,74,,,,,,,,,0,0,0,0,,,,,,,,,,,,,,,,,,,,,,,-1,2,,,0,,,,,,,,,,,,,,,,,,1,,,,,,,Sub047,001,2022_Sep_30_1522,2_1_MRI_Rating_SE_RE,2021.2.3,60.22942593735907,
0,1,-1,2,80,-1,1,0,1,,,,,0,0,0,0,0,11,11,74,,,,,,,,,,,,,,,,,,,,,,,,,,,,,,,,,,,-1,2,,,0,,,,,,,,,,,,,,,,,,1,,,,,,,Sub047,001,2022_Sep_30_1522,2_1_MRI_Rating_SE_RE,2021.2.3,60.22942593735907,
0,1,-1,0,20,-1,2,0,1,,,,,0,0,0,0,0,12,12,84,,,,,,,,,0,0,0,0,0,0,0,0,,,,,,,,,,,,,,,,,,,-1,0,,,0,,,,,,,Slightly Unlikely,2.3099931,1.3099930999999998,128.00881979998667,None,123.31391630001599,None,125.32647209998686,None,20,2,1,127.32594120001886,None,y,0.6610882999957539,127.32594120001886,None,Sub047,001,2022_Sep_30_1522,2_1_MRI_Rating_SE_RE,2021.2.3,60.22942593735907,
0,1,-1,0,20,-1,2,0,1,,,,,0,0,0,0,0,12,12,84,,,,,,,,,0,0,0,0,,,,,,,,,,,,,,,,,,,,,,,-1,0,,,0,,,,,,,,,,,,,,,,,,1,,,,,,,Sub047,001,2022_Sep_30_1522,2_1_MRI_Rating_SE_RE,2021.2.3,60.22942593735907,
0,1,-1,0,20,-1,2,0,1,,,,,0,0,0,0,0,12,12,84,,,,,,,,,,,,,,,,,,,,,,,,,,,,,,,,,,,-1,0,,,0,,,,,,,,,,,,,,,,,,1,,,,,,,Sub047,001,2022_Sep_30_1522,2_1_MRI_Rating_SE_RE,2021.2.3,60.22942593735907,
1,0,2,-1,-1,3,-1,1,0,,,,,0,0,0,0,0,13,13,35,0,0,0,0,0,0,0,0,,,,,,,,,,,,,,,,,,,,,130.33554260001983,None,130.33554260001983,None,132.34280089999083,None,2,-1,69.02367581565039,3,1,135.34391900000628,None,r,0.6489215000183322,135.34391900000628,None,Extremely Likely,2.330166300000002,1.330166300000002,136.0094144999748,None,,,,,,,0,,,,,,,Sub047,001,2022_Sep_30_1522,2_1_MRI_Rating_SE_RE,2021.2.3,60.22942593735907,
1,0,2,-1,-1,3,-1,1,0,,,,,0,0,0,0,0,13,13,35,0,0,0,0,,,,,,,,,,,,,,,,,,,,,,,,,,,,,,,2,-1,,,1,,,,,,,,,,,,,,,,,,0,,,,,,,Sub047,001,2022_Sep_30_1522,2_1_MRI_Rating_SE_RE,2021.2.3,60.22942593735907,
1,0,2,-1,-1,3,-1,1,0,,,,,0,0,0,0,0,13,13,35,,,,,,,,,,,,,,,,,,,,,,,,,,,,,,,,,,,2,-1,,,1,,,,,,,,,,,,,,,,,,0,,,,,,,Sub047,001,2022_Sep_30_1522,2_1_MRI_Rating_SE_RE,2021.2.3,60.22942593735907,
1,0,1,-1,-1,1,-1,1,0,,,,,0,0,0,0,0,14,14,21,0,0,0,0,0,0,0,0,,,,,,,,,,,,,,,,,,,,,138.3495200999896,None,138.3495200999896,None,140.35966159997042,None,1,-1,36.326833128633105,1,1,141.37479520001216,None,y,0.6840866000275128,141.37479520001216,None,Slightly Unlikely,2.277686899999992,1.277686899999992,142.07596170000033,None,,,,,,,0,,,,,,,Sub047,001,2022_Sep_30_1522,2_1_MRI_Rating_SE_RE,2021.2.3,60.22942593735907,
1,0,1,-1,-1,1,-1,1,0,,,,,0,0,0,0,0,14,14,21,0,0,0,0,,,,,,,,,,,,,,,,,,,,,,,,,,,,,,,1,-1,,,1,,,,,,,,,,,,,,,,,,0,,,,,,,Sub047,001,2022_Sep_30_1522,2_1_MRI_Rating_SE_RE,2021.2.3,60.22942593735907,
1,0,1,-1,-1,1,-1,1,0,,,,,0,0,0,0,0,14,14,21,,,,,,,,,,,,,,,,,,,,,,,,,,,,,,,,,,,1,-1,,,1,,,,,,,,,,,,,,,,,,0,,,,,,,Sub047,001,2022_Sep_30_1522,2_1_MRI_Rating_SE_RE,2021.2.3,60.22942593735907,
1,0,2,-1,-1,3,-1,0,0,,,,,0,0,0,0,0,15,15,8,0,0,0,0,,,,,,,,,,,,,,,,,,,,,,,,,144.36301849997835,None,144.36301849997835,None,146.3772116000182,None,2,-1,69.02367581565039,3,0,,,,,,,,,,,,,,,,,,0,,,,,,,Sub047,001,2022_Sep_30_1522,2_1_MRI_Rating_SE_RE,2021.2.3,60.22942593735907,
1,0,2,-1,-1,3,-1,0,0,,,,,0,0,0,0,0,15,15,8,,,,,,,,,,,,,,,,,,,,,,,,,,,,,,,,,,,2,-1,,,0,,,,,,,,,,,,,,,,,,0,,,,,,,Sub047,001,2022_Sep_30_1522,2_1_MRI_Rating_SE_RE,2021.2.3,60.22942593735907,
0,1,-1,1,50,-1,1,0,0,,,,,0,0,0,0,0,16,16,55,,,,,,,,,0,0,0,0,,,,,,,,,,,,,,,,,,,,,,,-1,1,,,0,,,,,,,,,,,,149.3815242999699,None,151.39376220002305,None,50,1,0,,,,,,,Sub047,001,2022_Sep_30_1522,2_1_MRI_Rating_SE_RE,2021.2.3,60.22942593735907,
0,1,-1,1,50,-1,1,0,0,,,,,0,0,0,0,0,16,16,55,,,,,,,,,,,,,,,,,,,,,,,,,,,,,,,,,,,-1,1,,,0,,,,,,,,,,,,,,,,,,0,,,,,,,Sub047,001,2022_Sep_30_1522,2_1_MRI_Rating_SE_RE,2021.2.3,60.22942593735907,
1,0,2,-1,-1,2,-1,0,0,,,,,0,0,0,0,0,17,17,7,0,0,0,0,,,,,,,,,,,,,,,,,,,,,,,,,152.39373790001264,None,152.39373790001264,None,154.3937622999656,None,2,-1,69.02367581565039,2,0,,,,,,,,,,,,,,,,,,0,,,,,,,Sub047,001,2022_Sep_30_1522,2_1_MRI_Rating_SE_RE,2021.2.3,60.22942593735907,
1,0,2,-1,-1,2,-1,0,0,,,,,0,0,0,0,0,17,17,7,,,,,,,,,,,,,,,,,,,,,,,,,,,,,,,,,,,2,-1,,,0,,,,,,,,,,,,,,,,,,0,,,,,,,Sub047,001,2022_Sep_30_1522,2_1_MRI_Rating_SE_RE,2021.2.3,60.22942593735907,
0,1,-1,0,20,-1,3,0,1,,,,,0,0,0,0,0,18,18,69,,,,,,,,,0,0,0,0,0,0,0,0,,,,,,,,,,,,,,,,,,,-1,0,,,0,,,,,,,Extremely Likely,2.38929090000002,1.3892909000000202,162.0101319999667,None,156.39941449998878,None,158.41061359999003,None,20,3,1,161.42556180001702,None,r,0.5686323999543674,161.42556180001702,None,Sub047,001,2022_Sep_30_1522,2_1_MRI_Rating_SE_RE,2021.2.3,60.22942593735907,
0,1,-1,0,20,-1,3,0,1,,,,,0,0,0,0,0,18,18,69,,,,,,,,,0,0,0,0,,,,,,,,,,,,,,,,,,,,,,,-1,0,,,0,,,,,,,,,,,,,,,,,,1,,,,,,,Sub047,001,2022_Sep_30_1522,2_1_MRI_Rating_SE_RE,2021.2.3,60.22942593735907,
0,1,-1,0,20,-1,3,0,1,,,,,0,0,0,0,0,18,18,69,,,,,,,,,,,,,,,,,,,,,,,,,,,,,,,,,,,-1,0,,,0,,,,,,,,,,,,,,,,,,1,,,,,,,Sub047,001,2022_Sep_30_1522,2_1_MRI_Rating_SE_RE,2021.2.3,60.22942593735907,
0,1,-1,0,20,-1,1,0,0,,,,,0,0,0,0,0,19,19,45,,,,,,,,,0,0,0,0,,,,,,,,,,,,,,,,,,,,,,,-1,0,,,0,,,,,,,,,,,,164.41503370000282,None,166.42758979997598,None,20,1,0,,,,,,,Sub047,001,2022_Sep_30_1522,2_1_MRI_Rating_SE_RE,2021.2.3,60.22942593735907,
0,1,-1,0,20,-1,1,0,0,,,,,0,0,0,0,0,19,19,45,,,,,,,,,,,,,,,,,,,,,,,,,,,,,,,,,,,-1,0,,,0,,,,,,,,,,,,,,,,,,0,,,,,,,Sub047,001,2022_Sep_30_1522,2_1_MRI_Rating_SE_RE,2021.2.3,60.22942593735907,
0,1,-1,0,20,-1,3,0,0,,,,,0,0,0,0,0,20,20,51,,,,,,,,,0,0,0,0,,,,,,,,,,,,,,,,,,,,,,,-1,0,,,0,,,,,,,,,,,,167.42898799997056,None,169.4443339999998,None,20,3,0,,,,,,,Sub047,001,2022_Sep_30_1522,2_1_MRI_Rating_SE_RE,2021.2.3,60.22942593735907,
0,1,-1,0,20,-1,3,0,0,,,,,0,0,0,0,0,20,20,51,,,,,,,,,,,,,,,,,,,,,,,,,,,,,,,,,,,-1,0,,,0,,,,,,,,,,,,,,,,,,0,,,,,,,Sub047,001,2022_Sep_30_1522,2_1_MRI_Rating_SE_RE,2021.2.3,60.22942593735907,
0,1,-1,2,80,-1,3,0,0,,,,,0,0,0,0,0,21,21,53,,,,,,,,,0,0,0,0,,,,,,,,,,,,,,,,,,,,,,,-1,2,,,0,,,,,,,,,,,,172.44471989996964,None,174.44400189997396,None,80,3,0,,,,,,,Sub047,001,2022_Sep_30_1522,2_1_MRI_Rating_SE_RE,2021.2.3,60.22942593735907,
0,1,-1,2,80,-1,3,0,0,,,,,0,0,0,0,0,21,21,53,,,,,,,,,,,,,,,,,,,,,,,,,,,,,,,,,,,-1,2,,,0,,,,,,,,,,,,,,,,,,0,,,,,,,Sub047,001,2022_Sep_30_1522,2_1_MRI_Rating_SE_RE,2021.2.3,60.22942593735907,
1,0,1,-1,-1,3,-1,0,0,,,,,0,0,0,0,0,22,22,5,0,0,0,0,,,,,,,,,,,,,,,,,,,,,,,,,177.45200739998836,None,177.45200739998836,None,179.4613713999861,None,1,-1,36.326833128633105,3,0,,,,,,,,,,,,,,,,,,0,,,,,,,Sub047,001,2022_Sep_30_1522,2_1_MRI_Rating_SE_RE,2021.2.3,60.22942593735907,
1,0,1,-1,-1,3,-1,0,0,,,,,0,0,0,0,0,22,22,5,,,,,,,,,,,,,,,,,,,,,,,,,,,,,,,,,,,1,-1,,,0,,,,,,,,,,,,,,,,,,0,,,,,,,Sub047,001,2022_Sep_30_1522,2_1_MRI_Rating_SE_RE,2021.2.3,60.22942593735907,
1,0,2,-1,-1,1,-1,1,0,,,,,0,0,0,0,0,23,23,15,0,0,0,0,0,0,0,0,,,,,,,,,,,,,,,,,,,,,182.46614350000164,None,182.46614350000164,None,184.47811159997946,None,2,-1,69.02367581565039,1,1,185.47888800001238,None,r,0.9510658999788575,185.47888800001238,None,Extremely Likely,2.0049014999999883,1.0049014999999883,186.46173370000906,None,,,,,,,0,,,,,,,Sub047,001,2022_Sep_30_1522,2_1_MRI_Rating_SE_RE,2021.2.3,60.22942593735907,
1,0,2,-1,-1,1,-1,1,0,,,,,0,0,0,0,0,23,23,15,0,0,0,0,,,,,,,,,,,,,,,,,,,,,,,,,,,,,,,2,-1,,,1,,,,,,,,,,,,,,,,,,0,,,,,,,Sub047,001,2022_Sep_30_1522,2_1_MRI_Rating_SE_RE,2021.2.3,60.22942593735907,
1,0,2,-1,-1,1,-1,1,0,,,,,0,0,0,0,0,23,23,15,,,,,,,,,,,,,,,,,,,,,,,,,,,,,,,,,,,2,-1,,,1,,,,,,,,,,,,,,,,,,0,,,,,,,Sub047,001,2022_Sep_30_1522,2_1_MRI_Rating_SE_RE,2021.2.3,60.22942593735907,
1,0,1,-1,-1,2,-1,0,0,,,,,0,0,0,0,0,24,24,4,0,0,0,0,,,,,,,,,,,,,,,,,,,,,,,,,188.48471719998633,None,188.48471719998633,None,190.49501919996692,None,1,-1,36.326833128633105,2,0,,,,,,,,,,,,,,,,,,0,,,,,,,Sub047,001,2022_Sep_30_1522,2_1_MRI_Rating_SE_RE,2021.2.3,60.22942593735907,
1,0,1,-1,-1,2,-1,0,0,,,,,0,0,0,0,0,24,24,4,,,,,,,,,,,,,,,,,,,,,,,,,,,,,,,,,,,1,-1,,,0,,,,,,,,,,,,,,,,,,0,,,,,,,Sub047,001,2022_Sep_30_1522,2_1_MRI_Rating_SE_RE,2021.2.3,60.22942593735907,
1,0,2,-1,-1,2,-1,0,0,,,,,0,0,0,0,0,25,25,16,0,0,0,0,,,,,,,,,,,,,,,,,,,,,,,,,192.50012879999122,None,192.50012879999122,None,194.5120053999708,None,2,-1,69.02367581565039,2,0,,,,,,,,,,,,,,,,,,0,,,,,,,Sub047,001,2022_Sep_30_1522,2_1_MRI_Rating_SE_RE,2021.2.3,60.22942593735907,
1,0,2,-1,-1,2,-1,0,0,,,,,0,0,0,0,0,25,25,16,,,,,,,,,,,,,,,,,,,,,,,,,,,,,,,,,,,2,-1,,,0,,,,,,,,,,,,,,,,,,0,,,,,,,Sub047,001,2022_Sep_30_1522,2_1_MRI_Rating_SE_RE,2021.2.3,60.22942593735907,
0,1,-1,2,80,-1,2,0,0,,,,,0,0,0,0,0,26,26,50,,,,,,,,,0,0,0,0,,,,,,,,,,,,,,,,,,,,,,,-1,2,,,0,,,,,,,,,,,,196.51346639997791,None,198.52908820001176,None,80,2,0,,,,,,,Sub047,001,2022_Sep_30_1522,2_1_MRI_Rating_SE_RE,2021.2.3,60.22942593735907,
0,1,-1,2,80,-1,2,0,0,,,,,0,0,0,0,0,26,26,50,,,,,,,,,,,,,,,,,,,,,,,,,,,,,,,,,,,-1,2,,,0,,,,,,,,,,,,,,,,,,0,,,,,,,Sub047,001,2022_Sep_30_1522,2_1_MRI_Rating_SE_RE,2021.2.3,60.22942593735907,
0,1,-1,1,50,-1,2,0,1,,,,,0,0,0,0,0,27,27,67,,,,,,,,,0,0,0,0,0,0,0,0,,,,,,,,,,,,,,,,,,,-1,1,,,0,,,,,,,Slightly Likely,2.3546565999999984,1.3546565999999984,205.17884670000058,None,200.52883540000767,None,202.52927940001246,None,50,2,1,204.5297878999845,None,g,0.6229025000357069,204.5297878999845,None,Sub047,001,2022_Sep_30_1522,2_1_MRI_Rating_SE_RE,2021.2.3,60.22942593735907,
0,1,-1,1,50,-1,2,0,1,,,,,0,0,0,0,0,27,27,67,,,,,,,,,0,0,0,0,,,,,,,,,,,,,,,,,,,,,,,-1,1,,,0,,,,,,,,,,,,,,,,,,1,,,,,,,Sub047,001,2022_Sep_30_1522,2_1_MRI_Rating_SE_RE,2021.2.3,60.22942593735907,
0,1,-1,1,50,-1,2,0,1,,,,,0,0,0,0,0,27,27,67,,,,,,,,,,,,,,,,,,,,,,,,,,,,,,,,,,,-1,1,,,0,,,,,,,,,,,,,,,,,,1,,,,,,,Sub047,001,2022_Sep_30_1522,2_1_MRI_Rating_SE_RE,2021.2.3,60.22942593735907,
0,1,-1,1,50,-1,2,0,0,,,,,0,0,0,0,0,28,28,49,,,,,,,,,0,0,0,0,,,,,,,,,,,,,,,,,,,,,,,-1,1,,,0,,,,,,,,,,,,207.55341240001144,None,209.5623043999658,None,50,2,0,,,,,,,Sub047,001,2022_Sep_30_1522,2_1_MRI_Rating_SE_RE,2021.2.3,60.22942593735907,
0,1,-1,1,50,-1,2,0,0,,,,,0,0,0,0,0,28,28,49,,,,,,,,,,,,,,,,,,,,,,,,,,,,,,,,,,,-1,1,,,0,,,,,,,,,,,,,,,,,,0,,,,,,,Sub047,001,2022_Sep_30_1522,2_1_MRI_Rating_SE_RE,2021.2.3,60.22942593735907,
1,0,1,-1,-1,2,-1,1,0,,,,,0,0,0,0,0,29,29,31,0,0,0,0,0,0,0,0,,,,,,,,,,,,,,,,,,,,,211.56382589996792,None,211.56382589996792,None,213.57911869999953,None,1,-1,36.326833128633105,2,1,215.58155810000608,None,y,0.7912761000334285,215.58155810000608,None,Slightly Unlikely,2.1703581000000156,1.1703581000000156,216.39542889996665,None,,,,,,,0,,,,,,,Sub047,001,2022_Sep_30_1522,2_1_MRI_Rating_SE_RE,2021.2.3,60.22942593735907,
1,0,1,-1,-1,2,-1,1,0,,,,,0,0,0,0,0,29,29,31,0,0,0,0,,,,,,,,,,,,,,,,,,,,,,,,,,,,,,,1,-1,,,1,,,,,,,,,,,,,,,,,,0,,,,,,,Sub047,001,2022_Sep_30_1522,2_1_MRI_Rating_SE_RE,2021.2.3,60.22942593735907,
1,0,1,-1,-1,2,-1,1,0,,,,,0,0,0,0,0,29,29,31,,,,,,,,,,,,,,,,,,,,,,,,,,,,,,,,,,,1,-1,,,1,,,,,,,,,,,,,,,,,,0,,,,,,,Sub047,001,2022_Sep_30_1522,2_1_MRI_Rating_SE_RE,2021.2.3,60.22942593735907,
1,0,0,-1,-1,3,-1,0,0,,,,,0,0,0,0,0,30,30,2,0,0,0,0,,,,,,,,,,,,,,,,,,,,,,,,,218.5871340999729,None,218.5871340999729,None,220.59584809996886,None,0,-1,13.642085739781713,3,0,,,,,,,,,,,,,,,,,,0,,,,,,,Sub047,001,2022_Sep_30_1522,2_1_MRI_Rating_SE_RE,2021.2.3,60.22942593735907,
1,0,0,-1,-1,3,-1,0,0,,,,,0,0,0,0,0,30,30,2,,,,,,,,,,,,,,,,,,,,,,,,,,,,,,,,,,,0,-1,,,0,,,,,,,,,,,,,,,,,,0,,,,,,,Sub047,001,2022_Sep_30_1522,2_1_MRI_Rating_SE_RE,2021.2.3,60.22942593735907,
0,1,-1,0,20,-1,2,0,0,,,,,0,0,0,0,0,31,31,57,,,,,,,,,0,0,0,0,,,,,,,,,,,,,,,,,,,,,,,-1,0,,,0,,,,,,,,,,,,223.59810579998884,None,225.6135516000213,None,20,2,0,,,,,,,Sub047,001,2022_Sep_30_1522,2_1_MRI_Rating_SE_RE,2021.2.3,60.22942593735907,
0,1,-1,0,20,-1,2,0,0,,,,,0,0,0,0,0,31,31,57,,,,,,,,,,,,,,,,,,,,,,,,,,,,,,,,,,,-1,0,,,0,,,,,,,,,,,,,,,,,,0,,,,,,,Sub047,001,2022_Sep_30_1522,2_1_MRI_Rating_SE_RE,2021.2.3,60.22942593735907,
1,0,2,-1,-1,1,-1,1,0,,,,,0,0,0,0,0,32,32,33,0,0,0,0,0,0,0,0,,,,,,,,,,,,,,,,,,,,,227.61439519998385,None,227.61439519998385,None,229.62985670001945,None,2,-1,69.02367581565039,1,1,230.63286209997023,None,r,0.7622782999533229,230.63286209997023,None,Extremely Likely,2.2039015999999947,1.2039015999999947,231.41304050001781,None,,,,,,,0,,,,,,,Sub047,001,2022_Sep_30_1522,2_1_MRI_Rating_SE_RE,2021.2.3,60.22942593735907,
1,0,2,-1,-1,1,-1,1,0,,,,,0,0,0,0,0,32,32,33,0,0,0,0,,,,,,,,,,,,,,,,,,,,,,,,,,,,,,,2,-1,,,1,,,,,,,,,,,,,,,,,,0,,,,,,,Sub047,001,2022_Sep_30_1522,2_1_MRI_Rating_SE_RE,2021.2.3,60.22942593735907,
1,0,2,-1,-1,1,-1,1,0,,,,,0,0,0,0,0,32,32,33,,,,,,,,,,,,,,,,,,,,,,,,,,,,,,,,,,,2,-1,,,1,,,,,,,,,,,,,,,,,,0,,,,,,,Sub047,001,2022_Sep_30_1522,2_1_MRI_Rating_SE_RE,2021.2.3,60.22942593735907,
0,1,-1,0,20,-1,1,0,0,,,,,0,0,0,0,0,33,33,54,,,,,,,,,0,0,0,0,,,,,,,,,,,,,,,,,,,,,,,-1,0,,,0,,,,,,,,,,,,233.63449279998895,None,235.64669899997534,None,20,1,0,,,,,,,Sub047,001,2022_Sep_30_1522,2_1_MRI_Rating_SE_RE,2021.2.3,60.22942593735907,
0,1,-1,0,20,-1,1,0,0,,,,,0,0,0,0,0,33,33,54,,,,,,,,,,,,,,,,,,,,,,,,,,,,,,,,,,,-1,0,,,0,,,,,,,,,,,,,,,,,,0,,,,,,,Sub047,001,2022_Sep_30_1522,2_1_MRI_Rating_SE_RE,2021.2.3,60.22942593735907,
0,1,-1,2,80,-1,3,0,1,,,,,0,0,0,0,0,34,34,80,,,,,,,,,0,0,0,0,0,0,0,0,,,,,,,,,,,,,,,,,,,-1,2,,,0,,,,,,,Extremely Likely,2.372861300000011,1.372861300000011,242.2797212000005,None,236.64773419999983,None,238.66334670002107,None,80,3,1,241.6651644000085,None,r,0.5896189999766648,241.6651644000085,None,Sub047,001,2022_Sep_30_1522,2_1_MRI_Rating_SE_RE,2021.2.3,60.22942593735907,
0,1,-1,2,80,-1,3,0,1,,,,,0,0,0,0,0,34,34,80,,,,,,,,,0,0,0,0,,,,,,,,,,,,,,,,,,,,,,,-1,2,,,0,,,,,,,,,,,,,,,,,,1,,,,,,,Sub047,001,2022_Sep_30_1522,2_1_MRI_Rating_SE_RE,2021.2.3,60.22942593735907,
0,1,-1,2,80,-1,3,0,1,,,,,0,0,0,0,0,34,34,80,,,,,,,,,,,,,,,,,,,,,,,,,,,,,,,,,,,-1,2,,,0,,,,,,,,,,,,,,,,,,1,,,,,,,Sub047,001,2022_Sep_30_1522,2_1_MRI_Rating_SE_RE,2021.2.3,60.22942593735907,
0,1,-1,1,50,-1,3,0,1,,,,,0,0,0,0,0,35,35,70,,,,,,,,,0,0,0,0,0,0,0,0,,,,,,,,,,,,,,,,,,,-1,1,,,0,,,,,,,Slightly Unlikely,2.4775604000000158,1.4775604000000158,250.19661559996894,None,244.6714341000188,None,246.68039549997775,None,50,3,1,249.6817219000077,None,y,0.49412250000750646,249.6817219000077,None,Sub047,001,2022_Sep_30_1522,2_1_MRI_Rating_SE_RE,2021.2.3,60.22942593735907,
0,1,-1,1,50,-1,3,0,1,,,,,0,0,0,0,0,35,35,70,,,,,,,,,0,0,0,0,,,,,,,,,,,,,,,,,,,,,,,-1,1,,,0,,,,,,,,,,,,,,,,,,1,,,,,,,Sub047,001,2022_Sep_30_1522,2_1_MRI_Rating_SE_RE,2021.2.3,60.22942593735907,
0,1,-1,1,50,-1,3,0,1,,,,,0,0,0,0,0,35,35,70,,,,,,,,,,,,,,,,,,,,,,,,,,,,,,,,,,,-1,1,,,0,,,,,,,,,,,,,,,,,,1,,,,,,,Sub047,001,2022_Sep_30_1522,2_1_MRI_Rating_SE_RE,2021.2.3,60.22942593735907,
1,0,1,-1,-1,2,-1,1,0,,,,,0,0,0,0,0,36,36,22,0,0,0,0,0,0,0,0,,,,,,,,,,,,,,,,,,,,,252.68786549998913,None,252.68786549998913,None,254.6971760999877,None,1,-1,36.326833128633105,2,1,256.69736799999373,None,g,0.656355400045868,256.69736799999373,None,Slightly Likely,2.310945299999986,1.310945299999986,257.38012210000306,None,,,,,,,0,,,,,,,Sub047,001,2022_Sep_30_1522,2_1_MRI_Rating_SE_RE,2021.2.3,60.22942593735907,
1,0,1,-1,-1,2,-1,1,0,,,,,0,0,0,0,0,36,36,22,0,0,0,0,,,,,,,,,,,,,,,,,,,,,,,,,,,,,,,1,-1,,,1,,,,,,,,,,,,,,,,,,0,,,,,,,Sub047,001,2022_Sep_30_1522,2_1_MRI_Rating_SE_RE,2021.2.3,60.22942593735907,
1,0,1,-1,-1,2,-1,1,0,,,,,0,0,0,0,0,36,36,22,,,,,,,,,,,,,,,,,,,,,,,,,,,,,,,,,,,1,-1,,,1,,,,,,,,,,,,,,,,,,0,,,,,,,Sub047,001,2022_Sep_30_1522,2_1_MRI_Rating_SE_RE,2021.2.3,60.22942593735907,
1,0,0,-1,-1,2,-1,1,0,,,,,0,0,0,0,0,37,37,37,0,0,0,0,0,0,0,0,,,,,,,,,,,,,,,,,,,,,259.7059667999856,None,259.7059667999856,None,261.71432019997155,None,0,-1,13.642085739781713,2,1,263.716425599996,None,b,0.839597100042738,263.716425599996,None,Extremely Unlikely,2.1288928999999825,1.1288928999999825,264.5809332000208,None,,,,,,,0,,,,,,,Sub047,001,2022_Sep_30_1522,2_1_MRI_Rating_SE_RE,2021.2.3,60.22942593735907,
1,0,0,-1,-1,2,-1,1,0,,,,,0,0,0,0,0,37,37,37,0,0,0,0,,,,,,,,,,,,,,,,,,,,,,,,,,,,,,,0,-1,,,1,,,,,,,,,,,,,,,,,,0,,,,,,,Sub047,001,2022_Sep_30_1522,2_1_MRI_Rating_SE_RE,2021.2.3,60.22942593735907,
1,0,0,-1,-1,2,-1,1,0,,,,,0,0,0,0,0,37,37,37,,,,,,,,,,,,,,,,,,,,,,,,,,,,,,,,,,,0,-1,,,1,,,,,,,,,,,,,,,,,,0,,,,,,,Sub047,001,2022_Sep_30_1522,2_1_MRI_Rating_SE_RE,2021.2.3,60.22942593735907,
1,0,1,-1,-1,3,-1,1,0,,,,,0,0,0,0,0,38,38,23,0,0,0,0,0,0,0,0,,,,,,,,,,,,,,,,,,,,,266.7228255000082,None,266.7228255000082,None,268.73094470001524,None,1,-1,36.326833128633105,3,1,271.7463435999816,None,y,0.602298499958124,271.7463435999816,None,Slightly Unlikely,2.362268200000017,1.3622682000000168,272.3645136000123,None,,,,,,,0,,,,,,,Sub047,001,2022_Sep_30_1522,2_1_MRI_Rating_SE_RE,2021.2.3,60.22942593735907,
1,0,1,-1,-1,3,-1,1,0,,,,,0,0,0,0,0,38,38,23,0,0,0,0,,,,,,,,,,,,,,,,,,,,,,,,,,,,,,,1,-1,,,1,,,,,,,,,,,,,,,,,,0,,,,,,,Sub047,001,2022_Sep_30_1522,2_1_MRI_Rating_SE_RE,2021.2.3,60.22942593735907,
1,0,1,-1,-1,3,-1,1,0,,,,,0,0,0,0,0,38,38,23,,,,,,,,,,,,,,,,,,,,,,,,,,,,,,,,,,,1,-1,,,1,,,,,,,,,,,,,,,,,,0,,,,,,,Sub047,001,2022_Sep_30_1522,2_1_MRI_Rating_SE_RE,2021.2.3,60.22942593735907,
0,1,-1,1,50,-1,2,0,1,,,,,0,0,0,0,0,39,39,58,,,,,,,,,0,0,0,0,0,0,0,0,,,,,,,,,,,,,,,,,,,-1,1,,,0,,,,,,,Slightly Unlikely,2.55162770000004,1.55162770000004,279.1976521000033,None,274.743888899975,None,276.74790179997217,None,50,2,1,278.76303500001086,None,y,0.4137606999720447,278.76303500001086,None,Sub047,001,2022_Sep_30_1522,2_1_MRI_Rating_SE_RE,2021.2.3,60.22942593735907,
0,1,-1,1,50,-1,2,0,1,,,,,0,0,0,0,0,39,39,58,,,,,,,,,0,0,0,0,,,,,,,,,,,,,,,,,,,,,,,-1,1,,,0,,,,,,,,,,,,,,,,,,1,,,,,,,Sub047,001,2022_Sep_30_1522,2_1_MRI_Rating_SE_RE,2021.2.3,60.22942593735907,
0,1,-1,1,50,-1,2,0,1,,,,,0,0,0,0,0,39,39,58,,,,,,,,,,,,,,,,,,,,,,,,,,,,,,,,,,,-1,1,,,0,,,,,,,,,,,,,,,,,,1,,,,,,,Sub047,001,2022_Sep_30_1522,2_1_MRI_Rating_SE_RE,2021.2.3,60.22942593735907,
0,1,-1,1,50,-1,3,0,0,,,,,0,0,0,0,0,40,40,52,,,,,,,,,0,0,0,0,,,,,,,,,,,,,,,,,,,,,,,-1,1,,,0,,,,,,,,,,,,281.7536528999917,None,283.76562640001066,None,50,3,0,,,,,,,Sub047,001,2022_Sep_30_1522,2_1_MRI_Rating_SE_RE,2021.2.3,60.22942593735907,
0,1,-1,1,50,-1,3,0,0,,,,,0,0,0,0,0,40,40,52,,,,,,,,,,,,,,,,,,,,,,,,,,,,,,,,,,,-1,1,,,0,,,,,,,,,,,,,,,,,,0,,,,,,,Sub047,001,2022_Sep_30_1522,2_1_MRI_Rating_SE_RE,2021.2.3,60.22942593735907,
1,0,2,-1,-1,2,-1,1,0,,,,,0,0,0,0,0,41,41,43,0,0,0,0,0,0,0,0,,,,,,,,,,,,,,,,,,,,,286.7723363999976,None,286.7723363999976,None,288.7814900999656,None,2,-1,69.02367581565039,2,1,290.78351370000746,None,r,0.587285100016743,290.78351370000746,None,Extremely Likely,2.3717450999999983,1.3717450999999983,291.3984736999846,None,,,,,,,0,,,,,,,Sub047,001,2022_Sep_30_1522,2_1_MRI_Rating_SE_RE,2021.2.3,60.22942593735907,
1,0,2,-1,-1,2,-1,1,0,,,,,0,0,0,0,0,41,41,43,0,0,0,0,,,,,,,,,,,,,,,,,,,,,,,,,,,,,,,2,-1,,,1,,,,,,,,,,,,,,,,,,0,,,,,,,Sub047,001,2022_Sep_30_1522,2_1_MRI_Rating_SE_RE,2021.2.3,60.22942593735907,
1,0,2,-1,-1,2,-1,1,0,,,,,0,0,0,0,0,41,41,43,,,,,,,,,,,,,,,,,,,,,,,,,,,,,,,,,,,2,-1,,,1,,,,,,,,,,,,,,,,,,0,,,,,,,Sub047,001,2022_Sep_30_1522,2_1_MRI_Rating_SE_RE,2021.2.3,60.22942593735907,
0,1,-1,1,50,-1,1,0,0,,,,,0,0,0,0,0,42,42,46,,,,,,,,,0,0,0,0,,,,,,,,,,,,,,,,,,,,,,,-1,1,,,0,,,,,,,,,,,,293.78780619997997,None,295.7985899000196,None,50,1,0,,,,,,,Sub047,001,2022_Sep_30_1522,2_1_MRI_Rating_SE_RE,2021.2.3,60.22942593735907,
0,1,-1,1,50,-1,1,0,0,,,,,0,0,0,0,0,42,42,46,,,,,,,,,,,,,,,,,,,,,,,,,,,,,,,,,,,-1,1,,,0,,,,,,,,,,,,,,,,,,0,,,,,,,Sub047,001,2022_Sep_30_1522,2_1_MRI_Rating_SE_RE,2021.2.3,60.22942593735907,
0,1,-1,2,80,-1,2,0,1,,,,,0,0,0,0,0,43,43,68,,,,,,,,,0,0,0,0,0,0,0,0,,,,,,,,,,,,,,,,,,,-1,2,,,0,,,,,,,Slightly Unlikely,2.4559093000000303,1.4559093000000303,301.3487847999786,None,296.8003873999696,None,298.79896300000837,None,80,2,1,300.80190109997056,None,y,0.5197611000039615,300.80190109997056,None,Sub047,001,2022_Sep_30_1522,2_1_MRI_Rating_SE_RE,2021.2.3,60.22942593735907,
0,1,-1,2,80,-1,2,0,1,,,,,0,0,0,0,0,43,43,68,,,,,,,,,0,0,0,0,,,,,,,,,,,,,,,,,,,,,,,-1,2,,,0,,,,,,,,,,,,,,,,,,1,,,,,,,Sub047,001,2022_Sep_30_1522,2_1_MRI_Rating_SE_RE,2021.2.3,60.22942593735907,
0,1,-1,2,80,-1,2,0,1,,,,,0,0,0,0,0,43,43,68,,,,,,,,,,,,,,,,,,,,,,,,,,,,,,,,,,,-1,2,,,0,,,,,,,,,,,,,,,,,,1,,,,,,,Sub047,001,2022_Sep_30_1522,2_1_MRI_Rating_SE_RE,2021.2.3,60.22942593735907,
0,1,-1,0,20,-1,3,0,1,,,,,0,0,0,0,0,44,44,78,,,,,,,,,0,0,0,0,0,0,0,0,,,,,,,,,,,,,,,,,,,-1,0,,,0,,,,,,,Extremely Unlikely,2.0930728999999815,1.0930728999999815,309.73223979998147,None,303.8208845999907,None,305.83311780000804,None,20,3,1,308.8329184000031,None,b,0.8799031000235118,308.8329184000031,None,Sub047,001,2022_Sep_30_1522,2_1_MRI_Rating_SE_RE,2021.2.3,60.22942593735907,
0,1,-1,0,20,-1,3,0,1,,,,,0,0,0,0,0,44,44,78,,,,,,,,,0,0,0,0,,,,,,,,,,,,,,,,,,,,,,,-1,0,,,0,,,,,,,,,,,,,,,,,,1,,,,,,,Sub047,001,2022_Sep_30_1522,2_1_MRI_Rating_SE_RE,2021.2.3,60.22942593735907,
0,1,-1,0,20,-1,3,0,1,,,,,0,0,0,0,0,44,44,78,,,,,,,,,,,,,,,,,,,,,,,,,,,,,,,,,,,-1,0,,,0,,,,,,,,,,,,,,,,,,1,,,,,,,Sub047,001,2022_Sep_30_1522,2_1_MRI_Rating_SE_RE,2021.2.3,60.22942593735907,
1,0,2,-1,-1,1,-1,1,0,,,,,0,0,0,0,0,45,45,24,0,0,0,0,0,0,0,0,,,,,,,,,,,,,,,,,,,,,311.83698680001544,None,311.83698680001544,None,313.84943020000355,None,2,-1,69.02367581565039,1,1,314.84995569998864,None,r,0.7326402000035159,314.84995569998864,None,Extremely Likely,2.242849100000001,1.2428491000000008,315.5997888999991,None,,,,,,,0,,,,,,,Sub047,001,2022_Sep_30_1522,2_1_MRI_Rating_SE_RE,2021.2.3,60.22942593735907,
1,0,2,-1,-1,1,-1,1,0,,,,,0,0,0,0,0,45,45,24,0,0,0,0,,,,,,,,,,,,,,,,,,,,,,,,,,,,,,,2,-1,,,1,,,,,,,,,,,,,,,,,,0,,,,,,,Sub047,001,2022_Sep_30_1522,2_1_MRI_Rating_SE_RE,2021.2.3,60.22942593735907,
1,0,2,-1,-1,1,-1,1,0,,,,,0,0,0,0,0,45,45,24,,,,,,,,,,,,,,,,,,,,,,,,,,,,,,,,,,,2,-1,,,1,,,,,,,,,,,,,,,,,,0,,,,,,,Sub047,001,2022_Sep_30_1522,2_1_MRI_Rating_SE_RE,2021.2.3,60.22942593735907,
1,0,2,-1,-1,2,-1,1,0,,,,,0,0,0,0,0,46,46,34,0,0,0,0,0,0,0,0,,,,,,,,,,,,,,,,,,,,,317.8557119999896,None,317.8557119999896,None,319.86618919996545,None,2,-1,69.02367581565039,2,1,321.87147780001396,None,r,0.6721591000095941,321.87147780001396,None,Extremely Likely,2.2941422000000102,1.2941422000000102,322.5659063999774,None,,,,,,,0,,,,,,,Sub047,001,2022_Sep_30_1522,2_1_MRI_Rating_SE_RE,2021.2.3,60.22942593735907,
1,0,2,-1,-1,2,-1,1,0,,,,,0,0,0,0,0,46,46,34,0,0,0,0,,,,,,,,,,,,,,,,,,,,,,,,,,,,,,,2,-1,,,1,,,,,,,,,,,,,,,,,,0,,,,,,,Sub047,001,2022_Sep_30_1522,2_1_MRI_Rating_SE_RE,2021.2.3,60.22942593735907,
1,0,2,-1,-1,2,-1,1,0,,,,,0,0,0,0,0,46,46,34,,,,,,,,,,,,,,,,,,,,,,,,,,,,,,,,,,,2,-1,,,1,,,,,,,,,,,,,,,,,,0,,,,,,,Sub047,001,2022_Sep_30_1522,2_1_MRI_Rating_SE_RE,2021.2.3,60.22942593735907,
1,0,0,-1,-1,3,-1,1,0,,,,,0,0,0,0,0,47,47,29,0,0,0,0,0,0,0,0,,,,,,,,,,,,,,,,,,,,,324.8746631999966,None,324.8746631999966,None,326.88274099997943,None,0,-1,13.642085739781713,3,1,329.88412719999906,None,b,0.6155624000239186,329.88412719999906,None,Extremely Unlikely,2.360704100000021,1.3607041000000208,330.5163470999687,None,,,,,,,0,,,,,,,Sub047,001,2022_Sep_30_1522,2_1_MRI_Rating_SE_RE,2021.2.3,60.22942593735907,
1,0,0,-1,-1,3,-1,1,0,,,,,0,0,0,0,0,47,47,29,0,0,0,0,,,,,,,,,,,,,,,,,,,,,,,,,,,,,,,0,-1,,,1,,,,,,,,,,,,,,,,,,0,,,,,,,Sub047,001,2022_Sep_30_1522,2_1_MRI_Rating_SE_RE,2021.2.3,60.22942593735907,
1,0,0,-1,-1,3,-1,1,0,,,,,0,0,0,0,0,47,47,29,,,,,,,,,,,,,,,,,,,,,,,,,,,,,,,,,,,0,-1,,,1,,,,,,,,,,,,,,,,,,0,,,,,,,Sub047,001,2022_Sep_30_1522,2_1_MRI_Rating_SE_RE,2021.2.3,60.22942593735907,
0,1,-1,2,80,-1,1,0,0,,,,,0,0,0,0,0,48,48,47,,,,,,,,,0,0,0,0,,,,,,,,,,,,,,,,,,,,,,,-1,2,,,0,,,,,,,,,,,,332.8885624000104,None,334.9007549000089,None,80,1,0,,,,,,,Sub047,001,2022_Sep_30_1522,2_1_MRI_Rating_SE_RE,2021.2.3,60.22942593735907,
0,1,-1,2,80,-1,1,0,0,,,,,0,0,0,0,0,48,48,47,,,,,,,,,,,,,,,,,,,,,,,,,,,,,,,,,,,-1,2,,,0,,,,,,,,,,,,,,,,,,0,,,,,,,Sub047,001,2022_Sep_30_1522,2_1_MRI_Rating_SE_RE,2021.2.3,60.22942593735907,
0,1,-1,1,50,-1,3,0,1,,,,,0,0,0,0,0,49,49,88,,,,,,,,,0,0,0,0,0,0,0,0,,,,,,,,,,,,,,,,,,,-1,1,,,0,,,,,,,Slightly Likely,2.13933030000004,1.13933030000004,341.7670424999669,None,335.9023311000201,None,337.9170839000144,None,50,3,1,340.91770210000686,None,g,0.822894399985671,340.91770210000686,None,Sub047,001,2022_Sep_30_1522,2_1_MRI_Rating_SE_RE,2021.2.3,60.22942593735907,
0,1,-1,1,50,-1,3,0,1,,,,,0,0,0,0,0,49,49,88,,,,,,,,,0,0,0,0,,,,,,,,,,,,,,,,,,,,,,,-1,1,,,0,,,,,,,,,,,,,,,,,,1,,,,,,,Sub047,001,2022_Sep_30_1522,2_1_MRI_Rating_SE_RE,2021.2.3,60.22942593735907,
0,1,-1,1,50,-1,3,0,1,,,,,0,0,0,0,0,49,49,88,,,,,,,,,,,,,,,,,,,,,,,,,,,,,,,,,,,-1,1,,,0,,,,,,,,,,,,,,,,,,1,,,,,,,Sub047,001,2022_Sep_30_1522,2_1_MRI_Rating_SE_RE,2021.2.3,60.22942593735907,
1,0,0,-1,-1,1,-1,1,0,,,,,0,0,0,0,0,50,50,36,0,0,0,0,0,0,0,0,,,,,,,,,,,,,,,,,,,,,343.9260518999654,None,343.9260518999654,None,345.9336349000223,None,0,-1,13.642085739781713,1,1,346.93644429999404,None,b,0.6230384000227787,346.93644429999404,None,Extremely Unlikely,2.3484766000000263,1.3484766000000263,347.584094299993,None,,,,,,,0,,,,,,,Sub047,001,2022_Sep_30_1522,2_1_MRI_Rating_SE_RE,2021.2.3,60.22942593735907,
1,0,0,-1,-1,1,-1,1,0,,,,,0,0,0,0,0,50,50,36,0,0,0,0,,,,,,,,,,,,,,,,,,,,,,,,,,,,,,,0,-1,,,1,,,,,,,,,,,,,,,,,,0,,,,,,,Sub047,001,2022_Sep_30_1522,2_1_MRI_Rating_SE_RE,2021.2.3,60.22942593735907,
1,0,0,-1,-1,1,-1,1,0,,,,,0,0,0,0,0,50,50,36,,,,,,,,,,,,,,,,,,,,,,,,,,,,,,,,,,,0,-1,,,1,,,,,,,,,,,,,,,,,,0,,,,,,,Sub047,001,2022_Sep_30_1522,2_1_MRI_Rating_SE_RE,2021.2.3,60.22942593735907,
0,1,-1,2,80,-1,3,0,1,,,,,0,0,0,0,0,51,51,89,,,,,,,,,0,0,0,0,0,0,0,0,,,,,,,,,,,,,,,,,,,-1,2,,,0,,,,,,,Slightly Likely,2.279877699999986,1.279877699999986,355.6679714000202,None,349.94522100000177,None,351.9507682999829,None,80,3,1,354.95368659996893,None,g,0.6963316000183113,354.95368659996893,None,Sub047,001,2022_Sep_30_1522,2_1_MRI_Rating_SE_RE,2021.2.3,60.22942593735907,
0,1,-1,2,80,-1,3,0,1,,,,,0,0,0,0,0,51,51,89,,,,,,,,,0,0,0,0,,,,,,,,,,,,,,,,,,,,,,,-1,2,,,0,,,,,,,,,,,,,,,,,,1,,,,,,,Sub047,001,2022_Sep_30_1522,2_1_MRI_Rating_SE_RE,2021.2.3,60.22942593735907,
0,1,-1,2,80,-1,3,0,1,,,,,0,0,0,0,0,51,51,89,,,,,,,,,,,,,,,,,,,,,,,,,,,,,,,,,,,-1,2,,,0,,,,,,,,,,,,,,,,,,1,,,,,,,Sub047,001,2022_Sep_30_1522,2_1_MRI_Rating_SE_RE,2021.2.3,60.22942593735907,
1,0,1,-1,-1,2,-1,1,0,,,,,0,0,0,0,0,52,52,13,0,0,0,0,0,0,0,0,,,,,,,,,,,,,,,,,,,,,357.9579990999773,None,357.9579990999773,None,359.9681210999843,None,1,-1,36.326833128633105,2,1,361.9679382999893,None,y,0.644714699999895,361.9679382999893,None,Slightly Unlikely,2.327672000000007,1.3276720000000068,362.63441719999537,None,,,,,,,0,,,,,,,Sub047,001,2022_Sep_30_1522,2_1_MRI_Rating_SE_RE,2021.2.3,60.22942593735907,
1,0,1,-1,-1,2,-1,1,0,,,,,0,0,0,0,0,52,52,13,0,0,0,0,,,,,,,,,,,,,,,,,,,,,,,,,,,,,,,1,-1,,,1,,,,,,,,,,,,,,,,,,0,,,,,,,Sub047,001,2022_Sep_30_1522,2_1_MRI_Rating_SE_RE,2021.2.3,60.22942593735907,
1,0,1,-1,-1,2,-1,1,0,,,,,0,0,0,0,0,52,52,13,,,,,,,,,,,,,,,,,,,,,,,,,,,,,,,,,,,1,-1,,,1,,,,,,,,,,,,,,,,,,0,,,,,,,Sub047,001,2022_Sep_30_1522,2_1_MRI_Rating_SE_RE,2021.2.3,60.22942593735907,
1,0,1,-1,-1,1,-1,1,0,,,,,0,0,0,0,0,53,53,39,0,0,0,0,0,0,0,0,,,,,,,,,,,,,,,,,,,,,364.97484209999675,None,364.97484209999675,None,366.98465379996924,None,1,-1,36.326833128633105,1,1,367.9882496999926,None,y,0.6268284000107087,367.9882496999926,None,Slightly Unlikely,2.3448487,1.3448487,368.6342569999979,None,,,,,,,0,,,,,,,Sub047,001,2022_Sep_30_1522,2_1_MRI_Rating_SE_RE,2021.2.3,60.22942593735907,
1,0,1,-1,-1,1,-1,1,0,,,,,0,0,0,0,0,53,53,39,0,0,0,0,,,,,,,,,,,,,,,,,,,,,,,,,,,,,,,1,-1,,,1,,,,,,,,,,,,,,,,,,0,,,,,,,Sub047,001,2022_Sep_30_1522,2_1_MRI_Rating_SE_RE,2021.2.3,60.22942593735907,
1,0,1,-1,-1,1,-1,1,0,,,,,0,0,0,0,0,53,53,39,,,,,,,,,,,,,,,,,,,,,,,,,,,,,,,,,,,1,-1,,,1,,,,,,,,,,,,,,,,,,0,,,,,,,Sub047,001,2022_Sep_30_1522,2_1_MRI_Rating_SE_RE,2021.2.3,60.22942593735907,
0,1,-1,0,20,-1,1,0,1,,,,,0,0,0,0,0,54,54,63,,,,,,,,,0,0,0,0,0,0,0,0,,,,,,,,,,,,,,,,,,,-1,0,,,0,,,,,,,Slightly Likely,2.3947184000000448,1.3947184000000448,374.6015818999731,None,370.9903708000202,None,373.0020454999758,None,20,1,1,374.003542499966,None,g,0.5700035999761894,374.003542499966,None,Sub047,001,2022_Sep_30_1522,2_1_MRI_Rating_SE_RE,2021.2.3,60.22942593735907,
0,1,-1,0,20,-1,1,0,1,,,,,0,0,0,0,0,54,54,63,,,,,,,,,0,0,0,0,,,,,,,,,,,,,,,,,,,,,,,-1,0,,,0,,,,,,,,,,,,,,,,,,1,,,,,,,Sub047,001,2022_Sep_30_1522,2_1_MRI_Rating_SE_RE,2021.2.3,60.22942593735907,
0,1,-1,0,20,-1,1,0,1,,,,,0,0,0,0,0,54,54,63,,,,,,,,,,,,,,,,,,,,,,,,,,,,,,,,,,,-1,0,,,0,,,,,,,,,,,,,,,,,,1,,,,,,,Sub047,001,2022_Sep_30_1522,2_1_MRI_Rating_SE_RE,2021.2.3,60.22942593735907,
0,1,-1,1,50,-1,2,0,1,,,,,0,0,0,0,0,55,55,85,,,,,,,,,0,0,0,0,0,0,0,0,,,,,,,,,,,,,,,,,,,-1,1,,,0,,,,,,,Extremely Likely,2.0223865000000387,1.0223865000000387,381.9856456000125,None,377.00297239999054,None,379.0021192000131,None,50,2,1,381.0025809999788,None,r,0.95192149997456,381.0025809999788,None,Sub047,001,2022_Sep_30_1522,2_1_MRI_Rating_SE_RE,2021.2.3,60.22942593735907,
0,1,-1,1,50,-1,2,0,1,,,,,0,0,0,0,0,55,55,85,,,,,,,,,0,0,0,0,,,,,,,,,,,,,,,,,,,,,,,-1,1,,,0,,,,,,,,,,,,,,,,,,1,,,,,,,Sub047,001,2022_Sep_30_1522,2_1_MRI_Rating_SE_RE,2021.2.3,60.22942593735907,
0,1,-1,1,50,-1,2,0,1,,,,,0,0,0,0,0,55,55,85,,,,,,,,,,,,,,,,,,,,,,,,,,,,,,,,,,,-1,1,,,0,,,,,,,,,,,,,,,,,,1,,,,,,,Sub047,001,2022_Sep_30_1522,2_1_MRI_Rating_SE_RE,2021.2.3,60.22942593735907,
0,1,-1,1,50,-1,1,0,1,,,,,0,0,0,0,0,56,56,82,,,,,,,,,0,0,0,0,0,0,0,0,,,,,,,,,,,,,,,,,,,-1,1,,,0,,,,,,,Slightly Unlikely,1.4250984000000244,0.4250984000000244,388.60174919996643,None,384.0235194999841,None,386.03526430000784,None,50,1,1,387.0370738999918,None,y,1.5395149000105448,387.0370738999918,None,Sub047,001,2022_Sep_30_1522,2_1_MRI_Rating_SE_RE,2021.2.3,60.22942593735907,
0,1,-1,1,50,-1,1,0,1,,,,,0,0,0,0,0,56,56,82,,,,,,,,,0,0,0,0,,,,,,,,,,,,,,,,,,,,,,,-1,1,,,0,,,,,,,,,,,,,,,,,,1,,,,,,,Sub047,001,2022_Sep_30_1522,2_1_MRI_Rating_SE_RE,2021.2.3,60.22942593735907,
0,1,-1,1,50,-1,1,0,1,,,,,0,0,0,0,0,56,56,82,,,,,,,,,,,,,,,,,,,,,,,,,,,,,,,,,,,-1,1,,,0,,,,,,,,,,,,,,,,,,1,,,,,,,Sub047,001,2022_Sep_30_1522,2_1_MRI_Rating_SE_RE,2021.2.3,60.22942593735907,
1,0,0,-1,-1,3,-1,1,0,,,,,0,0,0,0,0,57,57,38,0,0,0,0,0,0,0,0,,,,,,,,,,,,,,,,,,,,,390.0442139999941,None,390.0442139999941,None,392.0521627999842,None,0,-1,13.642085739781713,3,1,395.0524809000199,None,b,1.0089253999758512,395.0524809000199,None,Extremely Unlikely,1.9622428000000127,0.9622428000000127,396.0852464999771,None,,,,,,,0,,,,,,,Sub047,001,2022_Sep_30_1522,2_1_MRI_Rating_SE_RE,2021.2.3,60.22942593735907,
1,0,0,-1,-1,3,-1,1,0,,,,,0,0,0,0,0,57,57,38,0,0,0,0,,,,,,,,,,,,,,,,,,,,,,,,,,,,,,,0,-1,,,1,,,,,,,,,,,,,,,,,,0,,,,,,,Sub047,001,2022_Sep_30_1522,2_1_MRI_Rating_SE_RE,2021.2.3,60.22942593735907,
1,0,0,-1,-1,3,-1,1,0,,,,,0,0,0,0,0,57,57,38,,,,,,,,,,,,,,,,,,,,,,,,,,,,,,,,,,,0,-1,,,1,,,,,,,,,,,,,,,,,,0,,,,,,,Sub047,001,2022_Sep_30_1522,2_1_MRI_Rating_SE_RE,2021.2.3,60.22942593735907,
0,1,-1,2,80,-1,1,0,1,,,,,0,0,0,0,0,58,58,83,,,,,,,,,0,0,0,0,0,0,0,0,,,,,,,,,,,,,,,,,,,-1,2,,,0,,,,,,,Slightly Unlikely,2.2978575000000205,1.2978575000000205,401.76881959999446,None,398.0613426999771,None,400.0694703999907,None,80,1,1,401.0692394999787,None,y,0.682299799984321,401.0692394999787,None,Sub047,001,2022_Sep_30_1522,2_1_MRI_Rating_SE_RE,2021.2.3,60.22942593735907,
0,1,-1,2,80,-1,1,0,1,,,,,0,0,0,0,0,58,58,83,,,,,,,,,0,0,0,0,,,,,,,,,,,,,,,,,,,,,,,-1,2,,,0,,,,,,,,,,,,,,,,,,1,,,,,,,Sub047,001,2022_Sep_30_1522,2_1_MRI_Rating_SE_RE,2021.2.3,60.22942593735907,
0,1,-1,2,80,-1,1,0,1,,,,,0,0,0,0,0,58,58,83,,,,,,,,,,,,,,,,,,,,,,,,,,,,,,,,,,,-1,2,,,0,,,,,,,,,,,,,,,,,,1,,,,,,,Sub047,001,2022_Sep_30_1522,2_1_MRI_Rating_SE_RE,2021.2.3,60.22942593735907,
1,0,0,-1,-1,3,-1,1,0,,,,,0,0,0,0,0,59,59,20,0,0,0,0,0,0,0,0,,,,,,,,,,,,,,,,,,,,,404.07479089999106,None,404.07479089999106,None,406.0862701999722,None,0,-1,13.642085739781713,3,1,409.0861586999963,None,b,1.1163843999966048,409.0861586999963,None,Extremely Unlikely,1.8605832000000078,0.8605832000000078,410.21901479997905,None,,,,,,,0,,,,,,,Sub047,001,2022_Sep_30_1522,2_1_MRI_Rating_SE_RE,2021.2.3,60.22942593735907,
1,0,0,-1,-1,3,-1,1,0,,,,,0,0,0,0,0,59,59,20,0,0,0,0,,,,,,,,,,,,,,,,,,,,,,,,,,,,,,,0,-1,,,1,,,,,,,,,,,,,,,,,,0,,,,,,,Sub047,001,2022_Sep_30_1522,2_1_MRI_Rating_SE_RE,2021.2.3,60.22942593735907,
1,0,0,-1,-1,3,-1,1,0,,,,,0,0,0,0,0,59,59,20,,,,,,,,,,,,,,,,,,,,,,,,,,,,,,,,,,,0,-1,,,1,,,,,,,,,,,,,,,,,,0,,,,,,,Sub047,001,2022_Sep_30_1522,2_1_MRI_Rating_SE_RE,2021.2.3,60.22942593735907,
1,0,2,-1,-1,3,-1,0,0,,,,,0,0,0,0,0,60,60,17,0,0,0,0,,,,,,,,,,,,,,,,,,,,,,,,,412.096066099999,None,412.096066099999,None,414.10308729996905,None,2,-1,69.02367581565039,3,0,,,,,,,,,,,,,,,,,,0,,,,,,,Sub047,001,2022_Sep_30_1522,2_1_MRI_Rating_SE_RE,2021.2.3,60.22942593735907,
1,0,2,-1,-1,3,-1,0,0,,,,,0,0,0,0,0,60,60,17,,,,,,,,,,,,,,,,,,,,,,,,,,,,,,,,,,,2,-1,,,0,,,,,,,,,,,,,,,,,,0,,,,,,,Sub047,001,2022_Sep_30_1522,2_1_MRI_Rating_SE_RE,2021.2.3,60.22942593735907,
0,1,-1,2,80,-1,1,0,1,,,,,0,0,0,0,0,61,61,65,,,,,,,,,0,0,0,0,0,0,0,0,,,,,,,,,,,,,,,,,,,-1,2,,,0,,,,,,,Extremely Likely,2.038323900000023,1.038323900000023,421.06958820001455,None,417.10478140000487,None,419.1203996000113,None,80,1,1,420.12289639998926,None,r,0.9292250000289641,420.12289639998926,None,Sub047,001,2022_Sep_30_1522,2_1_MRI_Rating_SE_RE,2021.2.3,60.22942593735907,
0,1,-1,2,80,-1,1,0,1,,,,,0,0,0,0,0,61,61,65,,,,,,,,,0,0,0,0,,,,,,,,,,,,,,,,,,,,,,,-1,2,,,0,,,,,,,,,,,,,,,,,,1,,,,,,,Sub047,001,2022_Sep_30_1522,2_1_MRI_Rating_SE_RE,2021.2.3,60.22942593735907,
0,1,-1,2,80,-1,1,0,1,,,,,0,0,0,0,0,61,61,65,,,,,,,,,,,,,,,,,,,,,,,,,,,,,,,,,,,-1,2,,,0,,,,,,,,,,,,,,,,,,1,,,,,,,Sub047,001,2022_Sep_30_1522,2_1_MRI_Rating_SE_RE,2021.2.3,60.22942593735907,
0,1,-1,2,80,-1,1,0,1,,,,,0,0,0,0,0,62,62,56,,,,,,,,,0,0,0,0,0,0,0,0,,,,,,,,,,,,,,,,,,,-1,2,,,0,,,,,,,Slightly Likely,1.8457516000000282,0.8457516000000282,427.2864646000089,None,423.1266555999755,None,425.1365409999853,None,80,1,1,426.13824900001055,None,g,1.1306447999668308,426.13824900001055,None,Sub047,001,2022_Sep_30_1522,2_1_MRI_Rating_SE_RE,2021.2.3,60.22942593735907,
0,1,-1,2,80,-1,1,0,1,,,,,0,0,0,0,0,62,62,56,,,,,,,,,0,0,0,0,,,,,,,,,,,,,,,,,,,,,,,-1,2,,,0,,,,,,,,,,,,,,,,,,1,,,,,,,Sub047,001,2022_Sep_30_1522,2_1_MRI_Rating_SE_RE,2021.2.3,60.22942593735907,
0,1,-1,2,80,-1,1,0,1,,,,,0,0,0,0,0,62,62,56,,,,,,,,,,,,,,,,,,,,,,,,,,,,,,,,,,,-1,2,,,0,,,,,,,,,,,,,,,,,,1,,,,,,,Sub047,001,2022_Sep_30_1522,2_1_MRI_Rating_SE_RE,2021.2.3,60.22942593735907,
1,0,0,-1,-1,2,-1,1,0,,,,,0,0,0,0,0,63,63,28,0,0,0,0,0,0,0,0,,,,,,,,,,,,,,,,,,,,,429.1388075000141,None,429.1388075000141,None,431.15353999997023,None,0,-1,13.642085739781713,2,1,433.1544102000189,None,b,0.6484732999815606,433.1544102000189,None,Extremely Unlikely,2.3220934000000284,1.3220934000000284,433.82005749997916,None,,,,,,,0,,,,,,,Sub047,001,2022_Sep_30_1522,2_1_MRI_Rating_SE_RE,2021.2.3,60.22942593735907,
1,0,0,-1,-1,2,-1,1,0,,,,,0,0,0,0,0,63,63,28,0,0,0,0,,,,,,,,,,,,,,,,,,,,,,,,,,,,,,,0,-1,,,1,,,,,,,,,,,,,,,,,,0,,,,,,,Sub047,001,2022_Sep_30_1522,2_1_MRI_Rating_SE_RE,2021.2.3,60.22942593735907,
1,0,0,-1,-1,2,-1,1,0,,,,,0,0,0,0,0,63,63,28,,,,,,,,,,,,,,,,,,,,,,,,,,,,,,,,,,,0,-1,,,1,,,,,,,,,,,,,,,,,,0,,,,,,,Sub047,001,2022_Sep_30_1522,2_1_MRI_Rating_SE_RE,2021.2.3,60.22942593735907,
0,1,-1,1,50,-1,2,0,1,,,,,0,0,0,0,0,64,64,76,,,,,,,,,0,0,0,0,0,0,0,0,,,,,,,,,,,,,,,,,,,-1,1,,,0,,,,,,,Slightly Unlikely,2.214996400000018,1.2149964000000182,440.95366739999736,None,436.16378679999616,None,438.1707257999806,None,50,2,1,440.1711126000155,None,y,0.7543603999656625,440.1711126000155,None,Sub047,001,2022_Sep_30_1522,2_1_MRI_Rating_SE_RE,2021.2.3,60.22942593735907,
0,1,-1,1,50,-1,2,0,1,,,,,0,0,0,0,0,64,64,76,,,,,,,,,0,0,0,0,,,,,,,,,,,,,,,,,,,,,,,-1,1,,,0,,,,,,,,,,,,,,,,,,1,,,,,,,Sub047,001,2022_Sep_30_1522,2_1_MRI_Rating_SE_RE,2021.2.3,60.22942593735907,
0,1,-1,1,50,-1,2,0,1,,,,,0,0,0,0,0,64,64,76,,,,,,,,,,,,,,,,,,,,,,,,,,,,,,,,,,,-1,1,,,0,,,,,,,,,,,,,,,,,,1,,,,,,,Sub047,001,2022_Sep_30_1522,2_1_MRI_Rating_SE_RE,2021.2.3,60.22942593735907,
1,0,0,-1,-1,1,-1,1,0,,,,,0,0,0,0,0,65,65,27,0,0,0,0,0,0,0,0,,,,,,,,,,,,,,,,,,,,,443.17583829996875,None,443.17583829996875,None,445.1873952000169,None,0,-1,13.642085739781713,1,1,446.2024636999704,None,b,0.7110339000355452,446.2024636999704,None,Extremely Unlikely,2.2416127999999844,1.2416127999999844,446.937077199982,None,,,,,,,0,,,,,,,Sub047,001,2022_Sep_30_1522,2_1_MRI_Rating_SE_RE,2021.2.3,60.22942593735907,
1,0,0,-1,-1,1,-1,1,0,,,,,0,0,0,0,0,65,65,27,0,0,0,0,,,,,,,,,,,,,,,,,,,,,,,,,,,,,,,0,-1,,,1,,,,,,,,,,,,,,,,,,0,,,,,,,Sub047,001,2022_Sep_30_1522,2_1_MRI_Rating_SE_RE,2021.2.3,60.22942593735907,
1,0,0,-1,-1,1,-1,1,0,,,,,0,0,0,0,0,65,65,27,,,,,,,,,,,,,,,,,,,,,,,,,,,,,,,,,,,0,-1,,,1,,,,,,,,,,,,,,,,,,0,,,,,,,Sub047,001,2022_Sep_30_1522,2_1_MRI_Rating_SE_RE,2021.2.3,60.22942593735907,
1,0,0,-1,-1,2,-1,0,0,,,,,0,0,0,0,0,66,66,10,0,0,0,0,,,,,,,,,,,,,,,,,,,,,,,,,449.1965258999844,None,449.1965258999844,None,451.20407259999774,None,0,-1,13.642085739781713,2,0,,,,,,,,,,,,,,,,,,0,,,,,,,Sub047,001,2022_Sep_30_1522,2_1_MRI_Rating_SE_RE,2021.2.3,60.22942593735907,
1,0,0,-1,-1,2,-1,0,0,,,,,0,0,0,0,0,66,66,10,,,,,,,,,,,,,,,,,,,,,,,,,,,,,,,,,,,0,-1,,,0,,,,,,,,,,,,,,,,,,0,,,,,,,Sub047,001,2022_Sep_30_1522,2_1_MRI_Rating_SE_RE,2021.2.3,60.22942593735907,
1,0,1,-1,-1,1,-1,0,0,,,,,0,0,0,0,0,67,67,3,0,0,0,0,,,,,,,,,,,,,,,,,,,,,,,,,453.2061382000102,None,453.2061382000102,None,455.2050865999772,None,1,-1,36.326833128633105,1,0,,,,,,,,,,,,,,,,,,0,,,,,,,Sub047,001,2022_Sep_30_1522,2_1_MRI_Rating_SE_RE,2021.2.3,60.22942593735907,
1,0,1,-1,-1,1,-1,0,0,,,,,0,0,0,0,0,67,67,3,,,,,,,,,,,,,,,,,,,,,,,,,,,,,,,,,,,1,-1,,,0,,,,,,,,,,,,,,,,,,0,,,,,,,Sub047,001,2022_Sep_30_1522,2_1_MRI_Rating_SE_RE,2021.2.3,60.22942593735907,
1,0,0,-1,-1,3,-1,1,0,,,,,0,0,0,0,0,68,68,11,0,0,0,0,0,0,0,0,,,,,,,,,,,,,,,,,,,,,456.20953789999476,None,456.20953789999476,None,458.2210834000143,None,0,-1,13.642085739781713,3,1,461.2238859999925,None,b,0.48871370003325865,461.2238859999925,None,Extremely Unlikely,2.4733626999999956,1.4733626999999956,461.7384237999795,None,,,,,,,0,,,,,,,Sub047,001,2022_Sep_30_1522,2_1_MRI_Rating_SE_RE,2021.2.3,60.22942593735907,
1,0,0,-1,-1,3,-1,1,0,,,,,0,0,0,0,0,68,68,11,0,0,0,0,,,,,,,,,,,,,,,,,,,,,,,,,,,,,,,0,-1,,,1,,,,,,,,,,,,,,,,,,0,,,,,,,Sub047,001,2022_Sep_30_1522,2_1_MRI_Rating_SE_RE,2021.2.3,60.22942593735907,
1,0,0,-1,-1,3,-1,1,0,,,,,0,0,0,0,0,68,68,11,,,,,,,,,,,,,,,,,,,,,,,,,,,,,,,,,,,0,-1,,,1,,,,,,,,,,,,,,,,,,0,,,,,,,Sub047,001,2022_Sep_30_1522,2_1_MRI_Rating_SE_RE,2021.2.3,60.22942593735907,
0,1,-1,2,80,-1,2,0,1,,,,,0,0,0,0,0,69,69,86,,,,,,,,,0,0,0,0,0,0,0,0,,,,,,,,,,,,,,,,,,,-1,2,,,0,,,,,,,Extremely Unlikely,2.227793799999972,1.2277937999999722,469.0048679999891,None,464.2276532999822,None,466.23861130001023,None,80,2,1,468.23873290000483,None,b,0.7446257999981754,468.23873290000483,None,Sub047,001,2022_Sep_30_1522,2_1_MRI_Rating_SE_RE,2021.2.3,60.22942593735907,
0,1,-1,2,80,-1,2,0,1,,,,,0,0,0,0,0,69,69,86,,,,,,,,,0,0,0,0,,,,,,,,,,,,,,,,,,,,,,,-1,2,,,0,,,,,,,,,,,,,,,,,,1,,,,,,,Sub047,001,2022_Sep_30_1522,2_1_MRI_Rating_SE_RE,2021.2.3,60.22942593735907,
0,1,-1,2,80,-1,2,0,1,,,,,0,0,0,0,0,69,69,86,,,,,,,,,,,,,,,,,,,,,,,,,,,,,,,,,,,-1,2,,,0,,,,,,,,,,,,,,,,,,1,,,,,,,Sub047,001,2022_Sep_30_1522,2_1_MRI_Rating_SE_RE,2021.2.3,60.22942593735907,
0,1,-1,0,20,-1,2,0,1,,,,,0,0,0,0,0,70,70,75,,,,,,,,,0,0,0,0,0,0,0,0,,,,,,,,,,,,,,,,,,,-1,0,,,0,,,,,,,Slightly Unlikely,2.3308734999999956,1.3308734999999956,475.92163579998305,None,471.24722449999535,None,473.255702800001,None,20,2,1,475.25773010001285,None,y,0.6475090000312775,475.25773010001285,None,Sub047,001,2022_Sep_30_1522,2_1_MRI_Rating_SE_RE,2021.2.3,60.22942593735907,
0,1,-1,0,20,-1,2,0,1,,,,,0,0,0,0,0,70,70,75,,,,,,,,,0,0,0,0,,,,,,,,,,,,,,,,,,,,,,,-1,0,,,0,,,,,,,,,,,,,,,,,,1,,,,,,,Sub047,001,2022_Sep_30_1522,2_1_MRI_Rating_SE_RE,2021.2.3,60.22942593735907,
0,1,-1,0,20,-1,2,0,1,,,,,0,0,0,0,0,70,70,75,,,,,,,,,,,,,,,,,,,,,,,,,,,,,,,,,,,-1,0,,,0,,,,,,,,,,,,,,,,,,1,,,,,,,Sub047,001,2022_Sep_30_1522,2_1_MRI_Rating_SE_RE,2021.2.3,60.22942593735907,
1,0,0,-1,-1,1,-1,0,0,,,,,0,0,0,0,0,71,71,0,0,0,0,0,,,,,,,,,,,,,,,,,,,,,,,,,478.26046459999634,None,478.26046459999634,None,480.2719879000215,None,0,-1,13.642085739781713,1,0,,,,,,,,,,,,,,,,,,0,,,,,,,Sub047,001,2022_Sep_30_1522,2_1_MRI_Rating_SE_RE,2021.2.3,60.22942593735907,
1,0,0,-1,-1,1,-1,0,0,,,,,0,0,0,0,0,71,71,0,,,,,,,,,,,,,,,,,,,,,,,,,,,,,,,,,,,0,-1,,,0,,,,,,,,,,,,,,,,,,0,,,,,,,Sub047,001,2022_Sep_30_1522,2_1_MRI_Rating_SE_RE,2021.2.3,60.22942593735907,
0,1,-1,0,20,-1,2,0,1,,,,,0,0,0,0,0,72,72,66,,,,,,,,,0,0,0,0,0,0,0,0,,,,,,,,,,,,,,,,,,,-1,0,,,0,,,,,,,Extremely Unlikely,2.2538959999999975,1.2538959999999975,486.02237479999894,None,481.27263449999737,None,483.2718931999989,None,20,2,1,485.28706840000814,None,b,0.7176001999760047,485.28706840000814,None,Sub047,001,2022_Sep_30_1522,2_1_MRI_Rating_SE_RE,2021.2.3,60.22942593735907,
0,1,-1,0,20,-1,2,0,1,,,,,0,0,0,0,0,72,72,66,,,,,,,,,0,0,0,0,,,,,,,,,,,,,,,,,,,,,,,-1,0,,,0,,,,,,,,,,,,,,,,,,1,,,,,,,Sub047,001,2022_Sep_30_1522,2_1_MRI_Rating_SE_RE,2021.2.3,60.22942593735907,
0,1,-1,0,20,-1,2,0,1,,,,,0,0,0,0,0,72,72,66,,,,,,,,,,,,,,,,,,,,,,,,,,,,,,,,,,,-1,0,,,0,,,,,,,,,,,,,,,,,,1,,,,,,,Sub047,001,2022_Sep_30_1522,2_1_MRI_Rating_SE_RE,2021.2.3,60.22942593735907,
0,1,-1,2,80,-1,3,0,0,,,,,0,0,0,0,0,73,73,62,,,,,,,,,0,0,0,0,,,,,,,,,,,,,,,,,,,,,,,-1,2,,,0,,,,,,,,,,,,488.2969660999952,None,490.3062917999923,None,80,3,0,,,,,,,Sub047,001,2022_Sep_30_1522,2_1_MRI_Rating_SE_RE,2021.2.3,60.22942593735907,
0,1,-1,2,80,-1,3,0,0,,,,,0,0,0,0,0,73,73,62,,,,,,,,,,,,,,,,,,,,,,,,,,,,,,,,,,,-1,2,,,0,,,,,,,,,,,,,,,,,,0,,,,,,,Sub047,001,2022_Sep_30_1522,2_1_MRI_Rating_SE_RE,2021.2.3,60.22942593735907,
0,1,-1,2,80,-1,3,0,1,,,,,0,0,0,0,0,74,74,71,,,,,,,,,0,0,0,0,0,0,0,0,,,,,,,,,,,,,,,,,,,-1,2,,,0,,,,,,,Extremely Unlikely,2.20688389999998,1.2068838999999798,499.10614990000613,None,493.3071974000195,None,495.30650130001595,None,80,3,1,498.30736209999304,None,b,0.7671950000221841,498.30736209999304,None,Sub047,001,2022_Sep_30_1522,2_1_MRI_Rating_SE_RE,2021.2.3,60.22942593735907,
0,1,-1,2,80,-1,3,0,1,,,,,0,0,0,0,0,74,74,71,,,,,,,,,0,0,0,0,,,,,,,,,,,,,,,,,,,,,,,-1,2,,,0,,,,,,,,,,,,,,,,,,1,,,,,,,Sub047,001,2022_Sep_30_1522,2_1_MRI_Rating_SE_RE,2021.2.3,60.22942593735907,
0,1,-1,2,80,-1,3,0,1,,,,,0,0,0,0,0,74,74,71,,,,,,,,,,,,,,,,,,,,,,,,,,,,,,,,,,,-1,2,,,0,,,,,,,,,,,,,,,,,,1,,,,,,,Sub047,001,2022_Sep_30_1522,2_1_MRI_Rating_SE_RE,2021.2.3,60.22942593735907,
1,0,2,-1,-1,2,-1,1,0,,,,,0,0,0,0,0,75,75,25,0,0,0,0,0,0,0,0,,,,,,,,,,,,,,,,,,,,,501.3286881999811,None,501.3286881999811,None,503.3400510000065,None,2,-1,69.02367581565039,2,1,505.354778399982,None,g,1.1854860000312328,505.354778399982,None,Slightly Likely,1.7761493000000428,0.7761493000000428,506.5561676999787,None,,,,,,,0,,,,,,,Sub047,001,2022_Sep_30_1522,2_1_MRI_Rating_SE_RE,2021.2.3,60.22942593735907,
1,0,2,-1,-1,2,-1,1,0,,,,,0,0,0,0,0,75,75,25,0,0,0,0,,,,,,,,,,,,,,,,,,,,,,,,,,,,,,,2,-1,,,1,,,,,,,,,,,,,,,,,,0,,,,,,,Sub047,001,2022_Sep_30_1522,2_1_MRI_Rating_SE_RE,2021.2.3,60.22942593735907,
1,0,2,-1,-1,2,-1,1,0,,,,,0,0,0,0,0,75,75,25,,,,,,,,,,,,,,,,,,,,,,,,,,,,,,,,,,,2,-1,,,1,,,,,,,,,,,,,,,,,,0,,,,,,,Sub047,001,2022_Sep_30_1522,2_1_MRI_Rating_SE_RE,2021.2.3,60.22942593735907,
0,1,-1,0,20,-1,3,0,1,,,,,0,0,0,0,0,76,76,60,,,,,,,,,0,0,0,0,0,0,0,0,,,,,,,,,,,,,,,,,,,-1,0,,,0,,,,,,,Slightly Unlikely,1.7974535000000742,0.7974535000000742,514.5567776999669,None,508.34847580001224,None,510.3566342999693,None,20,3,1,513.3717340999865,None,y,1.1555232999962755,513.3717340999865,None,Sub047,001,2022_Sep_30_1522,2_1_MRI_Rating_SE_RE,2021.2.3,60.22942593735907,
0,1,-1,0,20,-1,3,0,1,,,,,0,0,0,0,0,76,76,60,,,,,,,,,0,0,0,0,,,,,,,,,,,,,,,,,,,,,,,-1,0,,,0,,,,,,,,,,,,,,,,,,1,,,,,,,Sub047,001,2022_Sep_30_1522,2_1_MRI_Rating_SE_RE,2021.2.3,60.22942593735907,
0,1,-1,0,20,-1,3,0,1,,,,,0,0,0,0,0,76,76,60,,,,,,,,,,,,,,,,,,,,,,,,,,,,,,,,,,,-1,0,,,0,,,,,,,,,,,,,,,,,,1,,,,,,,Sub047,001,2022_Sep_30_1522,2_1_MRI_Rating_SE_RE,2021.2.3,60.22942593735907,
0,1,-1,0,20,-1,2,0,0,,,,,0,0,0,0,0,77,77,48,,,,,,,,,0,0,0,0,,,,,,,,,,,,,,,,,,,,,,,-1,0,,,0,,,,,,,,,,,,516.361078899994,None,518.3733098999946,None,20,2,0,,,,,,,Sub047,001,2022_Sep_30_1522,2_1_MRI_Rating_SE_RE,2021.2.3,60.22942593735907,
0,1,-1,0,20,-1,2,0,0,,,,,0,0,0,0,0,77,77,48,,,,,,,,,,,,,,,,,,,,,,,,,,,,,,,,,,,-1,0,,,0,,,,,,,,,,,,,,,,,,0,,,,,,,Sub047,001,2022_Sep_30_1522,2_1_MRI_Rating_SE_RE,2021.2.3,60.22942593735907,
1,0,1,-1,-1,3,-1,1,0,,,,,0,0,0,0,0,78,78,41,0,0,0,0,0,0,0,0,,,,,,,,,,,,,,,,,,,,,520.3761763999937,None,520.3761763999937,None,522.3904135000193,None,1,-1,36.326833128633105,3,1,525.392732999986,None,g,0.7776514000142924,525.392732999986,None,Slightly Likely,2.1889613000000736,1.1889613000000736,526.1904278000002,None,,,,,,,0,,,,,,,Sub047,001,2022_Sep_30_1522,2_1_MRI_Rating_SE_RE,2021.2.3,60.22942593735907,
1,0,1,-1,-1,3,-1,1,0,,,,,0,0,0,0,0,78,78,41,0,0,0,0,,,,,,,,,,,,,,,,,,,,,,,,,,,,,,,1,-1,,,1,,,,,,,,,,,,,,,,,,0,,,,,,,Sub047,001,2022_Sep_30_1522,2_1_MRI_Rating_SE_RE,2021.2.3,60.22942593735907,
1,0,1,-1,-1,3,-1,1,0,,,,,0,0,0,0,0,78,78,41,,,,,,,,,,,,,,,,,,,,,,,,,,,,,,,,,,,1,-1,,,1,,,,,,,,,,,,,,,,,,0,,,,,,,Sub047,001,2022_Sep_30_1522,2_1_MRI_Rating_SE_RE,2021.2.3,60.22942593735907,
1,0,0,-1,-1,1,-1,0,0,,,,,0,0,0,0,0,79,79,9,0,0,0,0,,,,,,,,,,,,,,,,,,,,,,,,,528.3968796000117,None,528.3968796000117,None,530.407337600016,None,0,-1,13.642085739781713,1,0,,,,,,,,,,,,,,,,,,0,,,,,,,Sub047,001,2022_Sep_30_1522,2_1_MRI_Rating_SE_RE,2021.2.3,60.22942593735907,
1,0,0,-1,-1,1,-1,0,0,,,,,0,0,0,0,0,79,79,9,,,,,,,,,,,,,,,,,,,,,,,,,,,,,,,,,,,0,-1,,,0,,,,,,,,,,,,,,,,,,0,,,,,,,Sub047,001,2022_Sep_30_1522,2_1_MRI_Rating_SE_RE,2021.2.3,60.22942593735907,
1,0,0,-1,-1,2,-1,1,0,,,,,0,0,0,0,0,80,80,19,0,0,0,0,0,0,0,0,,,,,,,,,,,,,,,,,,,,,531.408182299987,None,531.408182299987,None,533.4070629000198,None,0,-1,13.642085739781713,2,1,535.407872300013,None,b,0.6207469999790192,535.407872300013,None,Extremely Unlikely,2.3557406999999557,1.3557406999999557,536.0574240999995,None,,,,,,,0,,,,,,,Sub047,001,2022_Sep_30_1522,2_1_MRI_Rating_SE_RE,2021.2.3,60.22942593735907,
1,0,0,-1,-1,2,-1,1,0,,,,,0,0,0,0,0,80,80,19,0,0,0,0,,,,,,,,,,,,,,,,,,,,,,,,,,,,,,,0,-1,,,1,,,,,,,,,,,,,,,,,,0,,,,,,,Sub047,001,2022_Sep_30_1522,2_1_MRI_Rating_SE_RE,2021.2.3,60.22942593735907,
1,0,0,-1,-1,2,-1,1,0,,,,,0,0,0,0,0,80,80,19,,,,,,,,,,,,,,,,,,,,,,,,,,,,,,,,,,,0,-1,,,1,,,,,,,,,,,,,,,,,,0,,,,,,,Sub047,001,2022_Sep_30_1522,2_1_MRI_Rating_SE_RE,2021.2.3,60.22942593735907,
1,0,2,-1,-1,3,-1,1,0,,,,,0,0,0,0,0,81,81,44,0,0,0,0,0,0,0,0,,,,,,,,,,,,,,,,,,,,,538.4329362999997,None,538.4329362999997,None,540.4408373999759,None,2,-1,69.02367581565039,3,1,543.4556327000028,None,r,1.7576452000066638,543.4556327000028,None,Extremely Likely,1.1963389000000006,0.19633890000000065,545.2407623999752,None,,,,,,,0,,,,,,,Sub047,001,2022_Sep_30_1522,2_1_MRI_Rating_SE_RE,2021.2.3,60.22942593735907,
1,0,2,-1,-1,3,-1,1,0,,,,,0,0,0,0,0,81,81,44,0,0,0,0,,,,,,,,,,,,,,,,,,,,,,,,,,,,,,,2,-1,,,1,,,,,,,,,,,,,,,,,,0,,,,,,,Sub047,001,2022_Sep_30_1522,2_1_MRI_Rating_SE_RE,2021.2.3,60.22942593735907,
1,0,2,-1,-1,3,-1,1,0,,,,,0,0,0,0,0,81,81,44,,,,,,,,,,,,,,,,,,,,,,,,,,,,,,,,,,,2,-1,,,1,,,,,,,,,,,,,,,,,,0,,,,,,,Sub047,001,2022_Sep_30_1522,2_1_MRI_Rating_SE_RE,2021.2.3,60.22942593735907,
0,1,-1,0,20,-1,1,0,1,,,,,0,0,0,0,0,82,82,72,,,,,,,,,0,0,0,0,0,0,0,0,,,,,,,,,,,,,,,,,,,-1,0,,,0,,,,,,,Slightly Unlikely,1.9951908000000458,0.9951908000000458,550.457955299993,None,546.446416599967,None,548.4584725999739,None,20,1,1,549.4604950000066,None,y,0.9706484000198543,549.4604950000066,None,Sub047,001,2022_Sep_30_1522,2_1_MRI_Rating_SE_RE,2021.2.3,60.22942593735907,
0,1,-1,0,20,-1,1,0,1,,,,,0,0,0,0,0,82,82,72,,,,,,,,,0,0,0,0,,,,,,,,,,,,,,,,,,,,,,,-1,0,,,0,,,,,,,,,,,,,,,,,,1,,,,,,,Sub047,001,2022_Sep_30_1522,2_1_MRI_Rating_SE_RE,2021.2.3,60.22942593735907,
0,1,-1,0,20,-1,1,0,1,,,,,0,0,0,0,0,82,82,72,,,,,,,,,,,,,,,,,,,,,,,,,,,,,,,,,,,-1,0,,,0,,,,,,,,,,,,,,,,,,1,,,,,,,Sub047,001,2022_Sep_30_1522,2_1_MRI_Rating_SE_RE,2021.2.3,60.22942593735907,
1,0,0,-1,-1,1,-1,1,0,,,,,0,0,0,0,0,83,83,18,0,0,0,0,0,0,0,0,,,,,,,,,,,,,,,,,,,,,552.464003800007,None,552.464003800007,None,554.4750751999673,None,0,-1,13.642085739781713,1,1,555.4901205999777,None,b,0.6381073000375181,555.4901205999777,None,Extremely Unlikely,2.3075917999999547,1.3075917999999547,556.1580598999863,None,,,,,,,0,,,,,,,Sub047,001,2022_Sep_30_1522,2_1_MRI_Rating_SE_RE,2021.2.3,60.22942593735907,
1,0,0,-1,-1,1,-1,1,0,,,,,0,0,0,0,0,83,83,18,0,0,0,0,,,,,,,,,,,,,,,,,,,,,,,,,,,,,,,0,-1,,,1,,,,,,,,,,,,,,,,,,0,,,,,,,Sub047,001,2022_Sep_30_1522,2_1_MRI_Rating_SE_RE,2021.2.3,60.22942593735907,
1,0,0,-1,-1,1,-1,1,0,,,,,0,0,0,0,0,83,83,18,,,,,,,,,,,,,,,,,,,,,,,,,,,,,,,,,,,0,-1,,,1,,,,,,,,,,,,,,,,,,0,,,,,,,Sub047,001,2022_Sep_30_1522,2_1_MRI_Rating_SE_RE,2021.2.3,60.22942593735907,
1,0,1,-1,-1,1,-1,1,0,,,,,0,0,0,0,0,84,84,30,0,0,0,0,0,0,0,0,,,,,,,,,,,,,,,,,,,,,558.482920999988,None,558.482920999988,None,560.4918770000222,None,1,-1,36.326833128633105,1,1,561.49273920001,None,y,0.5395701000234112,561.49273920001,None,Slightly Unlikely,2.4275324000000182,1.4275324000000182,562.0578731999849,None,,,,,,,0,,,,,,,Sub047,001,2022_Sep_30_1522,2_1_MRI_Rating_SE_RE,2021.2.3,60.22942593735907,
1,0,1,-1,-1,1,-1,1,0,,,,,0,0,0,0,0,84,84,30,0,0,0,0,,,,,,,,,,,,,,,,,,,,,,,,,,,,,,,1,-1,,,1,,,,,,,,,,,,,,,,,,0,,,,,,,Sub047,001,2022_Sep_30_1522,2_1_MRI_Rating_SE_RE,2021.2.3,60.22942593735907,
1,0,1,-1,-1,1,-1,1,0,,,,,0,0,0,0,0,84,84,30,,,,,,,,,,,,,,,,,,,,,,,,,,,,,,,,,,,1,-1,,,1,,,,,,,,,,,,,,,,,,0,,,,,,,Sub047,001,2022_Sep_30_1522,2_1_MRI_Rating_SE_RE,2021.2.3,60.22942593735907,
0,1,-1,1,50,-1,1,0,1,,,,,0,0,0,0,0,85,85,64,,,,,,,,,0,0,0,0,0,0,0,0,,,,,,,,,,,,,,,,,,,-1,1,,,0,,,,,,,Slightly Likely,2.5205943000000843,1.5205943000000843,567.9749887000071,None,564.4944624999771,None,566.509116399975,None,50,1,1,567.5086195999756,None,g,0.44274059997405857,567.5086195999756,None,Sub047,001,2022_Sep_30_1522,2_1_MRI_Rating_SE_RE,2021.2.3,60.22942593735907,
0,1,-1,1,50,-1,1,0,1,,,,,0,0,0,0,0,85,85,64,,,,,,,,,0,0,0,0,,,,,,,,,,,,,,,,,,,,,,,-1,1,,,0,,,,,,,,,,,,,,,,,,1,,,,,,,Sub047,001,2022_Sep_30_1522,2_1_MRI_Rating_SE_RE,2021.2.3,60.22942593735907,
0,1,-1,1,50,-1,1,0,1,,,,,0,0,0,0,0,85,85,64,,,,,,,,,,,,,,,,,,,,,,,,,,,,,,,,,,,-1,1,,,0,,,,,,,,,,,,,,,,,,1,,,,,,,Sub047,001,2022_Sep_30_1522,2_1_MRI_Rating_SE_RE,2021.2.3,60.22942593735907,
1,0,1,-1,-1,2,-1,1,0,,,,,0,0,0,0,0,86,86,40,0,0,0,0,0,0,0,0,,,,,,,,,,,,,,,,,,,,,570.5137695000158,None,570.5137695000158,None,572.5252475999878,None,1,-1,36.326833128633105,2,1,574.5258163000108,None,y,1.1594831999973394,574.5258163000108,None,Slightly Unlikely,1.8097695000000158,0.8097695000000158,575.7085499999812,None,,,,,,,0,,,,,,,Sub047,001,2022_Sep_30_1522,2_1_MRI_Rating_SE_RE,2021.2.3,60.22942593735907,
1,0,1,-1,-1,2,-1,1,0,,,,,0,0,0,0,0,86,86,40,0,0,0,0,,,,,,,,,,,,,,,,,,,,,,,,,,,,,,,1,-1,,,1,,,,,,,,,,,,,,,,,,0,,,,,,,Sub047,001,2022_Sep_30_1522,2_1_MRI_Rating_SE_RE,2021.2.3,60.22942593735907,
1,0,1,-1,-1,2,-1,1,0,,,,,0,0,0,0,0,86,86,40,,,,,,,,,,,,,,,,,,,,,,,,,,,,,,,,,,,1,-1,,,1,,,,,,,,,,,,,,,,,,0,,,,,,,Sub047,001,2022_Sep_30_1522,2_1_MRI_Rating_SE_RE,2021.2.3,60.22942593735907,
1,0,1,-1,-1,1,-1,0,0,,,,,0,0,0,0,0,87,87,12,0,0,0,0,,,,,,,,,,,,,,,,,,,,,,,,,577.5344004000071,None,577.5344004000071,None,579.5420373000088,None,1,-1,36.326833128633105,1,0,,,,,,,,,,,,,,,,,,0,,,,,,,Sub047,001,2022_Sep_30_1522,2_1_MRI_Rating_SE_RE,2021.2.3,60.22942593735907,
1,0,1,-1,-1,1,-1,0,0,,,,,0,0,0,0,0,87,87,12,,,,,,,,,,,,,,,,,,,,,,,,,,,,,,,,,,,1,-1,,,0,,,,,,,,,,,,,,,,,,0,,,,,,,Sub047,001,2022_Sep_30_1522,2_1_MRI_Rating_SE_RE,2021.2.3,60.22942593735907,
1,0,2,-1,-1,1,-1,0,0,,,,,0,0,0,0,0,88,88,6,0,0,0,0,,,,,,,,,,,,,,,,,,,,,,,,,580.5447095999843,None,580.5447095999843,None,582.5595309999771,None,2,-1,69.02367581565039,1,0,,,,,,,,,,,,,,,,,,0,,,,,,,Sub047,001,2022_Sep_30_1522,2_1_MRI_Rating_SE_RE,2021.2.3,60.22942593735907,
1,0,2,-1,-1,1,-1,0,0,,,,,0,0,0,0,0,88,88,6,,,,,,,,,,,,,,,,,,,,,,,,,,,,,,,,,,,2,-1,,,0,,,,,,,,,,,,,,,,,,0,,,,,,,Sub047,001,2022_Sep_30_1522,2_1_MRI_Rating_SE_RE,2021.2.3,60.22942593735907,
1,0,1,-1,-1,3,-1,1,0,,,,,0,0,0,0,0,89,89,32,0,0,0,0,0,0,0,0,,,,,,,,,,,,,,,,,,,,,583.5636985999881,None,583.5636985999881,None,585.5758256000117,None,1,-1,36.326833128633105,3,1,588.5908092000172,None,g,0.6655076000024565,588.5908092000172,None,Slightly Likely,2.2922911000000568,1.2922911000000568,589.2756401000079,None,,,,,,,0,,,,,,,Sub047,001,2022_Sep_30_1522,2_1_MRI_Rating_SE_RE,2021.2.3,60.22942593735907,
1,0,1,-1,-1,3,-1,1,0,,,,,0,0,0,0,0,89,89,32,0,0,0,0,,,,,,,,,,,,,,,,,,,,,,,,,,,,,,,1,-1,,,1,,,,,,,,,,,,,,,,,,0,,,,,,,Sub047,001,2022_Sep_30_1522,2_1_MRI_Rating_SE_RE,2021.2.3,60.22942593735907,
1,0,1,-1,-1,3,-1,1,0,,,,,0,0,0,0,0,89,89,32,,,,,,,,,,,,,,,,,,,,,,,,,,,,,,,,,,,1,-1,,,1,,,,,,,,,,,,,,,,,,0,,,,,,,Sub047,001,2022_Sep_30_1522,2_1_MRI_Rating_SE_RE,2021.2.3,60.22942593735907,
,,,,,,,,,,,,,0,0,0,0,,,,,,,,,,,,,,,,,,,,,,,,,,,,,,,,,,,,,,,,,,,,,,,,,,,,,,,,,,,,,,,,,,,,Sub047,001,2022_Sep_30_1522,2_1_MRI_Rating_SE_RE,2021.2.3,60.22942593735907,
