﻿Current_Run_SE,Current_Run_RE,current_pair_SE,current_pair_RE,current_card_prob,ITI_SE,ITI_RE,Q_bar,Q_card,start_MRI.thisRepN,start_MRI.thisTrialN,start_MRI.thisN,start_MRI.thisIndex,L_subjects.thisRepN,L_subjects.thisTrialN,L_subjects.thisN,L_subjects.thisIndex,Bar_Card_L.thisRepN,Bar_Card_L.thisTrialN,Bar_Card_L.thisN,Bar_Card_L.thisIndex,trials_bar_L.thisRepN,trials_bar_L.thisTrialN,trials_bar_L.thisN,trials_bar_L.thisIndex,Q_bar_L.thisRepN,Q_bar_L.thisTrialN,Q_bar_L.thisN,Q_bar_L.thisIndex,trials_Card_L.thisRepN,trials_Card_L.thisTrialN,trials_Card_L.thisN,trials_Card_L.thisIndex,Q_card_L.thisRepN,Q_card_L.thisTrialN,Q_card_L.thisN,Q_card_L.thisIndex,R_subjects.thisRepN,R_subjects.thisTrialN,R_subjects.thisN,R_subjects.thisIndex,fMR_Instr1_text.started,fMR_Instr1_text.stopped,Ready_text.started,Ready_text.stopped,trigger_2.keys,trigger_2.rt,trigger_2.started,trigger_2.stopped,center_OnsetTime.started,center_OnsetTime.stopped,text_SE_9.started,text_SE_9.stopped,fixOnset_text_ISI_SE_2.started,fixOnset_text_ISI_SE_2.stopped,current_pair_SE,current_pair_RE,target_pair,ISI_SE,Q_bar,PairQuestionONSET_SE_text_L.started,PairQuestionONSET_SE_text_L.stopped,key_resp_rating_SE_L.keys,key_resp_rating_SE_L.started,key_resp_rating_SE_L.stopped,Rating_pair,current_ITI,lagTime,fixOnset_text_ITI.started,fixOnset_text_ITI.stopped,PairONSET_card_prob_2.started,PairONSET_card_prob_2.stopped,fixOnset_text_ISI_RE_2.started,fixOnset_text_ISI_RE_2.stopped,card_pair,ISI_RE,Q_card,PairQuestionONSET_RE_text_L.started,PairQuestionONSET_RE_text_L.stopped,key_resp_rating_RE_L.keys,key_resp_rating_RE_L.rt,key_resp_rating_RE_L.started,key_resp_rating_RE_L.stopped,key_resp_rating_SE_L.rt,participant,session,date,expName,psychopyVersion,frameRate,
,,,,,,,,,0,0,0,0,,,,,,,,,,,,,,,,,,,,,,,,,,,,,9.188284700736403,None,,,,,,,,,,,,,,,,,,,,,,,,,,,,,,,,,,,,,,,,,,Sub038,001,2022_Sep_22_1146,2_1_MRI_Rating_SE_RE,2021.2.3,59.99491250442959,
1,0,1,-1,-1,1,-1,0,0,,,,,0,0,0,0,0,0,0,3,0,0,0,0,,,,,,,,,,,,,,,,,,,61.166296700015664,None,t,11.960391400381923,61.166296700015664,None,73.1663282001391,None,73.1663282001391,None,75.15839830040932,None,1,-1,31.76705644274252,1,0,,,,,,,,,,,,,,,,,0,,,,,,,,Sub038,001,2022_Sep_22_1146,2_1_MRI_Rating_SE_RE,2021.2.3,59.99491250442959,
1,0,1,-1,-1,1,-1,0,0,,,,,0,0,0,0,0,0,0,3,,,,,,,,,,,,,,,,,,,,,,,,,,,,,,,,,,,1,-1,,,0,,,,,,,,,,,,,,,,,0,,,,,,,,Sub038,001,2022_Sep_22_1146,2_1_MRI_Rating_SE_RE,2021.2.3,59.99491250442959,
1,0,0,-1,-1,2,-1,1,0,,,,,0,0,0,0,0,1,1,19,0,0,0,0,0,0,0,0,,,,,,,,,,,,,,,,,,,,,76.16722120065242,None,76.16722120065242,None,78.17511050030589,None,0,-1,11.929718898364241,2,1,80.19704170059413,None,None,80.19704170059413,None,,0.9803148000000022,-0.01968519999999785,82.19203229993582,None,,,,,,,0,,,,,,,,Sub038,001,2022_Sep_22_1146,2_1_MRI_Rating_SE_RE,2021.2.3,59.99491250442959,
1,0,0,-1,-1,2,-1,1,0,,,,,0,0,0,0,0,1,1,19,0,0,0,0,,,,,,,,,,,,,,,,,,,,,,,,,,,,,,,0,-1,,,1,,,,,,,,,,,,,,,,,0,,,,,,,,Sub038,001,2022_Sep_22_1146,2_1_MRI_Rating_SE_RE,2021.2.3,59.99491250442959,
1,0,0,-1,-1,2,-1,1,0,,,,,0,0,0,0,0,1,1,19,,,,,,,,,,,,,,,,,,,,,,,,,,,,,,,,,,,0,-1,,,1,,,,,,,,,,,,,,,,,0,,,,,,,,Sub038,001,2022_Sep_22_1146,2_1_MRI_Rating_SE_RE,2021.2.3,59.99491250442959,
0,1,-1,0,20,-1,1,0,1,,,,,0,0,0,0,0,2,2,63,,,,,,,,,0,0,0,0,0,0,0,0,,,,,,,,,,,,,,,,,,,-1,0,,,0,,,,,,Slightly Unlikely,1.881452600000003,0.8814526000000029,87.30928060039878,None,83.18986519984901,None,85.19233540073037,None,20,1,1,86.19436730071902,None,y,1.0922785000875592,86.19436730071902,None,,Sub038,001,2022_Sep_22_1146,2_1_MRI_Rating_SE_RE,2021.2.3,59.99491250442959,
0,1,-1,0,20,-1,1,0,1,,,,,0,0,0,0,0,2,2,63,,,,,,,,,0,0,0,0,,,,,,,,,,,,,,,,,,,,,,,-1,0,,,0,,,,,,,,,,,,,,,,,1,,,,,,,,Sub038,001,2022_Sep_22_1146,2_1_MRI_Rating_SE_RE,2021.2.3,59.99491250442959,
0,1,-1,0,20,-1,1,0,1,,,,,0,0,0,0,0,2,2,63,,,,,,,,,,,,,,,,,,,,,,,,,,,,,,,,,,,-1,0,,,0,,,,,,,,,,,,,,,,,1,,,,,,,,Sub038,001,2022_Sep_22_1146,2_1_MRI_Rating_SE_RE,2021.2.3,59.99491250442959,
0,1,-1,0,20,-1,2,0,1,,,,,0,0,0,0,0,3,3,75,,,,,,,,,0,0,0,0,0,0,0,0,,,,,,,,,,,,,,,,,,,-1,0,,,0,,,,,,Slightly Unlikely,2.10787040000001,1.1078704000000101,94.10944129992276,None,89.2103650001809,None,91.20948890037835,None,20,2,1,93.21123640052974,None,y,0.8684034999459982,93.21123640052974,None,,Sub038,001,2022_Sep_22_1146,2_1_MRI_Rating_SE_RE,2021.2.3,59.99491250442959,
0,1,-1,0,20,-1,2,0,1,,,,,0,0,0,0,0,3,3,75,,,,,,,,,0,0,0,0,,,,,,,,,,,,,,,,,,,,,,,-1,0,,,0,,,,,,,,,,,,,,,,,1,,,,,,,,Sub038,001,2022_Sep_22_1146,2_1_MRI_Rating_SE_RE,2021.2.3,59.99491250442959,
0,1,-1,0,20,-1,2,0,1,,,,,0,0,0,0,0,3,3,75,,,,,,,,,,,,,,,,,,,,,,,,,,,,,,,,,,,-1,0,,,0,,,,,,,,,,,,,,,,,1,,,,,,,,Sub038,001,2022_Sep_22_1146,2_1_MRI_Rating_SE_RE,2021.2.3,59.99491250442959,
1,0,1,-1,-1,2,-1,1,0,,,,,0,0,0,0,0,4,4,40,0,0,0,0,0,0,0,0,,,,,,,,,,,,,,,,,,,,,96.23303129989654,None,96.23303129989654,None,98.24263220001012,None,1,-1,31.76705644274252,2,1,100.24470179993659,None,g,100.24470179993659,None,Slightly Likely,2.1096865000000093,1.1096865000000093,101.12660150043666,None,,,,,,,0,,,,,,,0.8650230998173356,Sub038,001,2022_Sep_22_1146,2_1_MRI_Rating_SE_RE,2021.2.3,59.99491250442959,
1,0,1,-1,-1,2,-1,1,0,,,,,0,0,0,0,0,4,4,40,0,0,0,0,,,,,,,,,,,,,,,,,,,,,,,,,,,,,,,1,-1,,,1,,,,,,,,,,,,,,,,,0,,,,,,,,Sub038,001,2022_Sep_22_1146,2_1_MRI_Rating_SE_RE,2021.2.3,59.99491250442959,
1,0,1,-1,-1,2,-1,1,0,,,,,0,0,0,0,0,4,4,40,,,,,,,,,,,,,,,,,,,,,,,,,,,,,,,,,,,1,-1,,,1,,,,,,,,,,,,,,,,,0,,,,,,,,Sub038,001,2022_Sep_22_1146,2_1_MRI_Rating_SE_RE,2021.2.3,59.99491250442959,
1,0,1,-1,-1,2,-1,0,0,,,,,0,0,0,0,0,5,5,4,0,0,0,0,,,,,,,,,,,,,,,,,,,,,,,,,103.2478074003011,None,103.2478074003011,None,105.2594225006178,None,1,-1,31.76705644274252,2,0,,,,,,,,,,,,,,,,,0,,,,,,,,Sub038,001,2022_Sep_22_1146,2_1_MRI_Rating_SE_RE,2021.2.3,59.99491250442959,
1,0,1,-1,-1,2,-1,0,0,,,,,0,0,0,0,0,5,5,4,,,,,,,,,,,,,,,,,,,,,,,,,,,,,,,,,,,1,-1,,,0,,,,,,,,,,,,,,,,,0,,,,,,,,Sub038,001,2022_Sep_22_1146,2_1_MRI_Rating_SE_RE,2021.2.3,59.99491250442959,
0,1,-1,0,20,-1,1,0,1,,,,,0,0,0,0,0,6,6,81,,,,,,,,,0,0,0,0,0,0,0,0,,,,,,,,,,,,,,,,,,,-1,0,,,0,,,,,,Slightly Unlikely,1.1079584999999952,0.10795849999999518,112.15991269983351,None,107.26257310062647,None,109.27650310005993,None,20,1,1,110.27679300028831,None,y,1.8597721001133323,110.27679300028831,None,,Sub038,001,2022_Sep_22_1146,2_1_MRI_Rating_SE_RE,2021.2.3,59.99491250442959,
0,1,-1,0,20,-1,1,0,1,,,,,0,0,0,0,0,6,6,81,,,,,,,,,0,0,0,0,,,,,,,,,,,,,,,,,,,,,,,-1,0,,,0,,,,,,,,,,,,,,,,,1,,,,,,,,Sub038,001,2022_Sep_22_1146,2_1_MRI_Rating_SE_RE,2021.2.3,59.99491250442959,
0,1,-1,0,20,-1,1,0,1,,,,,0,0,0,0,0,6,6,81,,,,,,,,,,,,,,,,,,,,,,,,,,,,,,,,,,,-1,0,,,0,,,,,,,,,,,,,,,,,1,,,,,,,,Sub038,001,2022_Sep_22_1146,2_1_MRI_Rating_SE_RE,2021.2.3,59.99491250442959,
0,1,-1,0,20,-1,1,0,0,,,,,0,0,0,0,0,7,7,54,,,,,,,,,0,0,0,0,,,,,,,,,,,,,,,,,,,,,,,-1,0,,,0,,,,,,,,,,,113.28065859992057,None,115.29367229994386,None,20,1,0,,,,,,,,Sub038,001,2022_Sep_22_1146,2_1_MRI_Rating_SE_RE,2021.2.3,59.99491250442959,
0,1,-1,0,20,-1,1,0,0,,,,,0,0,0,0,0,7,7,54,,,,,,,,,,,,,,,,,,,,,,,,,,,,,,,,,,,-1,0,,,0,,,,,,,,,,,,,,,,,0,,,,,,,,Sub038,001,2022_Sep_22_1146,2_1_MRI_Rating_SE_RE,2021.2.3,59.99491250442959,
1,0,1,-1,-1,2,-1,1,0,,,,,0,0,0,0,0,8,8,13,0,0,0,0,0,0,0,0,,,,,,,,,,,,,,,,,,,,,116.29513030033559,None,116.29513030033559,None,118.31092219986022,None,1,-1,31.76705644274252,2,1,120.31385810021311,None,y,120.31385810021311,None,Slightly Unlikely,2.638996100000014,1.6389961000000142,120.66019620001316,None,,,,,,,0,,,,,,,0.3238044995814562,Sub038,001,2022_Sep_22_1146,2_1_MRI_Rating_SE_RE,2021.2.3,59.99491250442959,
1,0,1,-1,-1,2,-1,1,0,,,,,0,0,0,0,0,8,8,13,0,0,0,0,,,,,,,,,,,,,,,,,,,,,,,,,,,,,,,1,-1,,,1,,,,,,,,,,,,,,,,,0,,,,,,,,Sub038,001,2022_Sep_22_1146,2_1_MRI_Rating_SE_RE,2021.2.3,59.99491250442959,
1,0,1,-1,-1,2,-1,1,0,,,,,0,0,0,0,0,8,8,13,,,,,,,,,,,,,,,,,,,,,,,,,,,,,,,,,,,1,-1,,,1,,,,,,,,,,,,,,,,,0,,,,,,,,Sub038,001,2022_Sep_22_1146,2_1_MRI_Rating_SE_RE,2021.2.3,59.99491250442959,
1,0,2,-1,-1,3,-1,1,0,,,,,0,0,0,0,0,9,9,35,0,0,0,0,0,0,0,0,,,,,,,,,,,,,,,,,,,,,123.32030689995736,None,123.32030689995736,None,125.3274250999093,None,2,-1,60.35976210084331,3,1,128.32792640011758,None,r,128.32792640011758,None,Extremely Likely,1.5118976999999916,0.5118976999999916,129.81083040032536,None,,,,,,,0,,,,,,,1.4658153001219034,Sub038,001,2022_Sep_22_1146,2_1_MRI_Rating_SE_RE,2021.2.3,59.99491250442959,
1,0,2,-1,-1,3,-1,1,0,,,,,0,0,0,0,0,9,9,35,0,0,0,0,,,,,,,,,,,,,,,,,,,,,,,,,,,,,,,2,-1,,,1,,,,,,,,,,,,,,,,,0,,,,,,,,Sub038,001,2022_Sep_22_1146,2_1_MRI_Rating_SE_RE,2021.2.3,59.99491250442959,
1,0,2,-1,-1,3,-1,1,0,,,,,0,0,0,0,0,9,9,35,,,,,,,,,,,,,,,,,,,,,,,,,,,,,,,,,,,2,-1,,,1,,,,,,,,,,,,,,,,,0,,,,,,,,Sub038,001,2022_Sep_22_1146,2_1_MRI_Rating_SE_RE,2021.2.3,59.99491250442959,
0,1,-1,0,20,-1,2,0,1,,,,,0,0,0,0,0,10,10,84,,,,,,,,,0,0,0,0,0,0,0,0,,,,,,,,,,,,,,,,,,,-1,0,,,0,,,,,,Slightly Unlikely,2.378148600000003,1.378148600000003,135.96125019993633,None,131.3326810998842,None,133.34465850051492,None,20,2,1,135.34608950000256,None,y,0.5870190002024174,135.34608950000256,None,,Sub038,001,2022_Sep_22_1146,2_1_MRI_Rating_SE_RE,2021.2.3,59.99491250442959,
0,1,-1,0,20,-1,2,0,1,,,,,0,0,0,0,0,10,10,84,,,,,,,,,0,0,0,0,,,,,,,,,,,,,,,,,,,,,,,-1,0,,,0,,,,,,,,,,,,,,,,,1,,,,,,,,Sub038,001,2022_Sep_22_1146,2_1_MRI_Rating_SE_RE,2021.2.3,59.99491250442959,
0,1,-1,0,20,-1,2,0,1,,,,,0,0,0,0,0,10,10,84,,,,,,,,,,,,,,,,,,,,,,,,,,,,,,,,,,,-1,0,,,0,,,,,,,,,,,,,,,,,1,,,,,,,,Sub038,001,2022_Sep_22_1146,2_1_MRI_Rating_SE_RE,2021.2.3,59.99491250442959,
0,1,-1,0,20,-1,1,0,1,,,,,0,0,0,0,0,11,11,72,,,,,,,,,0,0,0,0,0,0,0,0,,,,,,,,,,,,,,,,,,,-1,0,,,0,,,,,,Slightly Unlikely,1.3774285000000077,0.3774285000000077,142.97793000005186,None,138.3487614998594,None,140.36100240051746,None,20,1,1,141.36296800058335,None,y,1.5986778000369668,141.36296800058335,None,,Sub038,001,2022_Sep_22_1146,2_1_MRI_Rating_SE_RE,2021.2.3,59.99491250442959,
0,1,-1,0,20,-1,1,0,1,,,,,0,0,0,0,0,11,11,72,,,,,,,,,0,0,0,0,,,,,,,,,,,,,,,,,,,,,,,-1,0,,,0,,,,,,,,,,,,,,,,,1,,,,,,,,Sub038,001,2022_Sep_22_1146,2_1_MRI_Rating_SE_RE,2021.2.3,59.99491250442959,
0,1,-1,0,20,-1,1,0,1,,,,,0,0,0,0,0,11,11,72,,,,,,,,,,,,,,,,,,,,,,,,,,,,,,,,,,,-1,0,,,0,,,,,,,,,,,,,,,,,1,,,,,,,,Sub038,001,2022_Sep_22_1146,2_1_MRI_Rating_SE_RE,2021.2.3,59.99491250442959,
0,1,-1,2,80,-1,2,0,0,,,,,0,0,0,0,0,12,12,59,,,,,,,,,0,0,0,0,,,,,,,,,,,,,,,,,,,,,,,-1,2,,,0,,,,,,,,,,,144.36948150023818,None,146.3781829001382,None,80,2,0,,,,,,,,Sub038,001,2022_Sep_22_1146,2_1_MRI_Rating_SE_RE,2021.2.3,59.99491250442959,
0,1,-1,2,80,-1,2,0,0,,,,,0,0,0,0,0,12,12,59,,,,,,,,,,,,,,,,,,,,,,,,,,,,,,,,,,,-1,2,,,0,,,,,,,,,,,,,,,,,0,,,,,,,,Sub038,001,2022_Sep_22_1146,2_1_MRI_Rating_SE_RE,2021.2.3,59.99491250442959,
1,0,2,-1,-1,1,-1,1,0,,,,,0,0,0,0,0,13,13,24,0,0,0,0,0,0,0,0,,,,,,,,,,,,,,,,,,,,,148.3784988000989,None,148.3784988000989,None,150.37802680023015,None,2,-1,60.35976210084331,1,1,151.37877130042762,None,r,151.37877130042762,None,Extremely Likely,2.3717709000000013,1.3717709000000013,152.01144520007074,None,,,,,,,0,,,,,,,0.6109230993315578,Sub038,001,2022_Sep_22_1146,2_1_MRI_Rating_SE_RE,2021.2.3,59.99491250442959,
1,0,2,-1,-1,1,-1,1,0,,,,,0,0,0,0,0,13,13,24,0,0,0,0,,,,,,,,,,,,,,,,,,,,,,,,,,,,,,,2,-1,,,1,,,,,,,,,,,,,,,,,0,,,,,,,,Sub038,001,2022_Sep_22_1146,2_1_MRI_Rating_SE_RE,2021.2.3,59.99491250442959,
1,0,2,-1,-1,1,-1,1,0,,,,,0,0,0,0,0,13,13,24,,,,,,,,,,,,,,,,,,,,,,,,,,,,,,,,,,,2,-1,,,1,,,,,,,,,,,,,,,,,0,,,,,,,,Sub038,001,2022_Sep_22_1146,2_1_MRI_Rating_SE_RE,2021.2.3,59.99491250442959,
0,1,-1,1,50,-1,2,0,0,,,,,0,0,0,0,0,14,14,49,,,,,,,,,0,0,0,0,,,,,,,,,,,,,,,,,,,,,,,-1,1,,,0,,,,,,,,,,,154.40272880066186,None,156.41199749987572,None,50,2,0,,,,,,,,Sub038,001,2022_Sep_22_1146,2_1_MRI_Rating_SE_RE,2021.2.3,59.99491250442959,
0,1,-1,1,50,-1,2,0,0,,,,,0,0,0,0,0,14,14,49,,,,,,,,,,,,,,,,,,,,,,,,,,,,,,,,,,,-1,1,,,0,,,,,,,,,,,,,,,,,0,,,,,,,,Sub038,001,2022_Sep_22_1146,2_1_MRI_Rating_SE_RE,2021.2.3,59.99491250442959,
0,1,-1,0,20,-1,1,0,0,,,,,0,0,0,0,0,15,15,45,,,,,,,,,0,0,0,0,,,,,,,,,,,,,,,,,,,,,,,-1,0,,,0,,,,,,,,,,,158.41339390072972,None,160.41197660006583,None,20,1,0,,,,,,,,Sub038,001,2022_Sep_22_1146,2_1_MRI_Rating_SE_RE,2021.2.3,59.99491250442959,
0,1,-1,0,20,-1,1,0,0,,,,,0,0,0,0,0,15,15,45,,,,,,,,,,,,,,,,,,,,,,,,,,,,,,,,,,,-1,0,,,0,,,,,,,,,,,,,,,,,0,,,,,,,,Sub038,001,2022_Sep_22_1146,2_1_MRI_Rating_SE_RE,2021.2.3,59.99491250442959,
1,0,0,-1,-1,1,-1,1,0,,,,,0,0,0,0,0,16,16,18,0,0,0,0,0,0,0,0,,,,,,,,,,,,,,,,,,,,,161.4119915999472,None,161.4119915999472,None,163.4118218002841,None,0,-1,11.929718898364241,1,1,164.42721400037408,None,b,164.42721400037408,None,Extremely Unlikely,1.8002343999999937,0.8002343999999937,165.61181460041553,None,,,,,,,0,,,,,,,1.1646461002528667,Sub038,001,2022_Sep_22_1146,2_1_MRI_Rating_SE_RE,2021.2.3,59.99491250442959,
1,0,0,-1,-1,1,-1,1,0,,,,,0,0,0,0,0,16,16,18,0,0,0,0,,,,,,,,,,,,,,,,,,,,,,,,,,,,,,,0,-1,,,1,,,,,,,,,,,,,,,,,0,,,,,,,,Sub038,001,2022_Sep_22_1146,2_1_MRI_Rating_SE_RE,2021.2.3,59.99491250442959,
1,0,0,-1,-1,1,-1,1,0,,,,,0,0,0,0,0,16,16,18,,,,,,,,,,,,,,,,,,,,,,,,,,,,,,,,,,,0,-1,,,1,,,,,,,,,,,,,,,,,0,,,,,,,,Sub038,001,2022_Sep_22_1146,2_1_MRI_Rating_SE_RE,2021.2.3,59.99491250442959,
1,0,2,-1,-1,2,-1,0,0,,,,,0,0,0,0,0,17,17,16,0,0,0,0,,,,,,,,,,,,,,,,,,,,,,,,,167.42219860013574,None,167.42219860013574,None,169.42876549996436,None,2,-1,60.35976210084331,2,0,,,,,,,,,,,,,,,,,0,,,,,,,,Sub038,001,2022_Sep_22_1146,2_1_MRI_Rating_SE_RE,2021.2.3,59.99491250442959,
1,0,2,-1,-1,2,-1,0,0,,,,,0,0,0,0,0,17,17,16,,,,,,,,,,,,,,,,,,,,,,,,,,,,,,,,,,,2,-1,,,0,,,,,,,,,,,,,,,,,0,,,,,,,,Sub038,001,2022_Sep_22_1146,2_1_MRI_Rating_SE_RE,2021.2.3,59.99491250442959,
0,1,-1,0,20,-1,3,0,1,,,,,0,0,0,0,0,18,18,60,,,,,,,,,0,0,0,0,0,0,0,0,,,,,,,,,,,,,,,,,,,-1,0,,,0,,,,,,Slightly Likely,2.2925334999999905,1.2925334999999905,177.14554479997605,None,171.4326790003106,None,173.44583659991622,None,20,3,1,176.44866489991546,None,g,0.6701236004009843,176.44866489991546,None,,Sub038,001,2022_Sep_22_1146,2_1_MRI_Rating_SE_RE,2021.2.3,59.99491250442959,
0,1,-1,0,20,-1,3,0,1,,,,,0,0,0,0,0,18,18,60,,,,,,,,,0,0,0,0,,,,,,,,,,,,,,,,,,,,,,,-1,0,,,0,,,,,,,,,,,,,,,,,1,,,,,,,,Sub038,001,2022_Sep_22_1146,2_1_MRI_Rating_SE_RE,2021.2.3,59.99491250442959,
0,1,-1,0,20,-1,3,0,1,,,,,0,0,0,0,0,18,18,60,,,,,,,,,,,,,,,,,,,,,,,,,,,,,,,,,,,-1,0,,,0,,,,,,,,,,,,,,,,,1,,,,,,,,Sub038,001,2022_Sep_22_1146,2_1_MRI_Rating_SE_RE,2021.2.3,59.99491250442959,
1,0,0,-1,-1,2,-1,1,0,,,,,0,0,0,0,0,19,19,37,0,0,0,0,0,0,0,0,,,,,,,,,,,,,,,,,,,,,179.45392489992082,None,179.45392489992082,None,181.46331819985062,None,0,-1,11.929718898364241,2,1,183.46358690038323,None,None,183.46358690038323,None,,0.9978160000000003,-0.0021839999999997417,185.46267679985613,None,,,,,,,0,,,,,,,,Sub038,001,2022_Sep_22_1146,2_1_MRI_Rating_SE_RE,2021.2.3,59.99491250442959,
1,0,0,-1,-1,2,-1,1,0,,,,,0,0,0,0,0,19,19,37,0,0,0,0,,,,,,,,,,,,,,,,,,,,,,,,,,,,,,,0,-1,,,1,,,,,,,,,,,,,,,,,0,,,,,,,,Sub038,001,2022_Sep_22_1146,2_1_MRI_Rating_SE_RE,2021.2.3,59.99491250442959,
1,0,0,-1,-1,2,-1,1,0,,,,,0,0,0,0,0,19,19,37,,,,,,,,,,,,,,,,,,,,,,,,,,,,,,,,,,,0,-1,,,1,,,,,,,,,,,,,,,,,0,,,,,,,,Sub038,001,2022_Sep_22_1146,2_1_MRI_Rating_SE_RE,2021.2.3,59.99491250442959,
1,0,2,-1,-1,1,-1,1,0,,,,,0,0,0,0,0,20,20,33,0,0,0,0,0,0,0,0,,,,,,,,,,,,,,,,,,,,,186.4722003005445,None,186.4722003005445,None,188.4794428003952,None,2,-1,60.35976210084331,1,1,189.48155840020627,None,r,189.48155840020627,None,Extremely Likely,1.9805199999999843,0.9805199999999843,190.49647970031947,None,,,,,,,0,,,,,,,0.9973313994705677,Sub038,001,2022_Sep_22_1146,2_1_MRI_Rating_SE_RE,2021.2.3,59.99491250442959,
1,0,2,-1,-1,1,-1,1,0,,,,,0,0,0,0,0,20,20,33,0,0,0,0,,,,,,,,,,,,,,,,,,,,,,,,,,,,,,,2,-1,,,1,,,,,,,,,,,,,,,,,0,,,,,,,,Sub038,001,2022_Sep_22_1146,2_1_MRI_Rating_SE_RE,2021.2.3,59.99491250442959,
1,0,2,-1,-1,1,-1,1,0,,,,,0,0,0,0,0,20,20,33,,,,,,,,,,,,,,,,,,,,,,,,,,,,,,,,,,,2,-1,,,1,,,,,,,,,,,,,,,,,0,,,,,,,,Sub038,001,2022_Sep_22_1146,2_1_MRI_Rating_SE_RE,2021.2.3,59.99491250442959,
1,0,1,-1,-1,2,-1,1,0,,,,,0,0,0,0,0,21,21,22,0,0,0,0,0,0,0,0,,,,,,,,,,,,,,,,,,,,,192.48633950017393,None,192.48633950017393,None,194.49637980014086,None,1,-1,31.76705644274252,2,1,196.49734200071543,None,g,196.49734200071543,None,Slightly Likely,2.544305300000019,1.544305300000019,196.9464269001037,None,,,,,,,0,,,,,,,0.43248740024864674,Sub038,001,2022_Sep_22_1146,2_1_MRI_Rating_SE_RE,2021.2.3,59.99491250442959,
1,0,1,-1,-1,2,-1,1,0,,,,,0,0,0,0,0,21,21,22,0,0,0,0,,,,,,,,,,,,,,,,,,,,,,,,,,,,,,,1,-1,,,1,,,,,,,,,,,,,,,,,0,,,,,,,,Sub038,001,2022_Sep_22_1146,2_1_MRI_Rating_SE_RE,2021.2.3,59.99491250442959,
1,0,1,-1,-1,2,-1,1,0,,,,,0,0,0,0,0,21,21,22,,,,,,,,,,,,,,,,,,,,,,,,,,,,,,,,,,,1,-1,,,1,,,,,,,,,,,,,,,,,0,,,,,,,,Sub038,001,2022_Sep_22_1146,2_1_MRI_Rating_SE_RE,2021.2.3,59.99491250442959,
0,1,-1,1,50,-1,3,0,1,,,,,0,0,0,0,0,22,22,79,,,,,,,,,0,0,0,0,0,0,0,0,,,,,,,,,,,,,,,,,,,-1,1,,,0,,,,,,Slightly Likely,1.8121379000000104,0.8121379000000104,205.69670139998198,None,199.50361020024866,None,201.51419010013342,None,50,3,1,204.5132410004735,None,g,1.155488700605929,204.5132410004735,None,,Sub038,001,2022_Sep_22_1146,2_1_MRI_Rating_SE_RE,2021.2.3,59.99491250442959,
0,1,-1,1,50,-1,3,0,1,,,,,0,0,0,0,0,22,22,79,,,,,,,,,0,0,0,0,,,,,,,,,,,,,,,,,,,,,,,-1,1,,,0,,,,,,,,,,,,,,,,,1,,,,,,,,Sub038,001,2022_Sep_22_1146,2_1_MRI_Rating_SE_RE,2021.2.3,59.99491250442959,
0,1,-1,1,50,-1,3,0,1,,,,,0,0,0,0,0,22,22,79,,,,,,,,,,,,,,,,,,,,,,,,,,,,,,,,,,,-1,1,,,0,,,,,,,,,,,,,,,,,1,,,,,,,,Sub038,001,2022_Sep_22_1146,2_1_MRI_Rating_SE_RE,2021.2.3,59.99491250442959,
1,0,2,-1,-1,1,-1,1,0,,,,,0,0,0,0,0,23,23,42,0,0,0,0,0,0,0,0,,,,,,,,,,,,,,,,,,,,,207.51902450062335,None,207.51902450062335,None,209.53025700058788,None,2,-1,60.35976210084331,1,1,210.5320766000077,None,r,210.5320766000077,None,Extremely Likely,1.9443274999999858,0.9443274999999858,211.58042149990797,None,,,,,,,0,,,,,,,1.0268071005120873,Sub038,001,2022_Sep_22_1146,2_1_MRI_Rating_SE_RE,2021.2.3,59.99491250442959,
1,0,2,-1,-1,1,-1,1,0,,,,,0,0,0,0,0,23,23,42,0,0,0,0,,,,,,,,,,,,,,,,,,,,,,,,,,,,,,,2,-1,,,1,,,,,,,,,,,,,,,,,0,,,,,,,,Sub038,001,2022_Sep_22_1146,2_1_MRI_Rating_SE_RE,2021.2.3,59.99491250442959,
1,0,2,-1,-1,1,-1,1,0,,,,,0,0,0,0,0,23,23,42,,,,,,,,,,,,,,,,,,,,,,,,,,,,,,,,,,,2,-1,,,1,,,,,,,,,,,,,,,,,0,,,,,,,,Sub038,001,2022_Sep_22_1146,2_1_MRI_Rating_SE_RE,2021.2.3,59.99491250442959,
0,1,-1,1,50,-1,3,0,0,,,,,0,0,0,0,0,24,24,52,,,,,,,,,0,0,0,0,,,,,,,,,,,,,,,,,,,,,,,-1,1,,,0,,,,,,,,,,,213.53609960060567,None,215.54751159995794,None,50,3,0,,,,,,,,Sub038,001,2022_Sep_22_1146,2_1_MRI_Rating_SE_RE,2021.2.3,59.99491250442959,
0,1,-1,1,50,-1,3,0,0,,,,,0,0,0,0,0,24,24,52,,,,,,,,,,,,,,,,,,,,,,,,,,,,,,,,,,,-1,1,,,0,,,,,,,,,,,,,,,,,0,,,,,,,,Sub038,001,2022_Sep_22_1146,2_1_MRI_Rating_SE_RE,2021.2.3,59.99491250442959,
0,1,-1,1,50,-1,2,0,1,,,,,0,0,0,0,0,25,25,58,,,,,,,,,0,0,0,0,0,0,0,0,,,,,,,,,,,,,,,,,,,-1,1,,,0,,,,,,Slightly Likely,1.6062689000000034,0.6062689000000034,223.94730260036886,None,218.54822610039264,None,220.5477839000523,None,50,2,1,222.54947589989752,None,g,1.3831703998148441,222.54947589989752,None,,Sub038,001,2022_Sep_22_1146,2_1_MRI_Rating_SE_RE,2021.2.3,59.99491250442959,
0,1,-1,1,50,-1,2,0,1,,,,,0,0,0,0,0,25,25,58,,,,,,,,,0,0,0,0,,,,,,,,,,,,,,,,,,,,,,,-1,1,,,0,,,,,,,,,,,,,,,,,1,,,,,,,,Sub038,001,2022_Sep_22_1146,2_1_MRI_Rating_SE_RE,2021.2.3,59.99491250442959,
0,1,-1,1,50,-1,2,0,1,,,,,0,0,0,0,0,25,25,58,,,,,,,,,,,,,,,,,,,,,,,,,,,,,,,,,,,-1,1,,,0,,,,,,,,,,,,,,,,,1,,,,,,,,Sub038,001,2022_Sep_22_1146,2_1_MRI_Rating_SE_RE,2021.2.3,59.99491250442959,
1,0,1,-1,-1,1,-1,0,0,,,,,0,0,0,0,0,26,26,12,0,0,0,0,,,,,,,,,,,,,,,,,,,,,,,,,225.57319070026278,None,225.57319070026278,None,227.58086530026048,None,1,-1,31.76705644274252,1,0,,,,,,,,,,,,,,,,,0,,,,,,,,Sub038,001,2022_Sep_22_1146,2_1_MRI_Rating_SE_RE,2021.2.3,59.99491250442959,
1,0,1,-1,-1,1,-1,0,0,,,,,0,0,0,0,0,26,26,12,,,,,,,,,,,,,,,,,,,,,,,,,,,,,,,,,,,1,-1,,,0,,,,,,,,,,,,,,,,,0,,,,,,,,Sub038,001,2022_Sep_22_1146,2_1_MRI_Rating_SE_RE,2021.2.3,59.99491250442959,
0,1,-1,0,20,-1,3,0,1,,,,,0,0,0,0,0,27,27,69,,,,,,,,,0,0,0,0,0,0,0,0,,,,,,,,,,,,,,,,,,,-1,0,,,0,,,,,,Extremely Unlikely,2.4412301000000127,1.4412301000000127,234.1478759003803,None,228.5834031002596,None,230.59830860048532,None,20,3,1,233.6001434000209,None,b,0.5236509004607797,233.6001434000209,None,,Sub038,001,2022_Sep_22_1146,2_1_MRI_Rating_SE_RE,2021.2.3,59.99491250442959,
0,1,-1,0,20,-1,3,0,1,,,,,0,0,0,0,0,27,27,69,,,,,,,,,0,0,0,0,,,,,,,,,,,,,,,,,,,,,,,-1,0,,,0,,,,,,,,,,,,,,,,,1,,,,,,,,Sub038,001,2022_Sep_22_1146,2_1_MRI_Rating_SE_RE,2021.2.3,59.99491250442959,
0,1,-1,0,20,-1,3,0,1,,,,,0,0,0,0,0,27,27,69,,,,,,,,,,,,,,,,,,,,,,,,,,,,,,,,,,,-1,0,,,0,,,,,,,,,,,,,,,,,1,,,,,,,,Sub038,001,2022_Sep_22_1146,2_1_MRI_Rating_SE_RE,2021.2.3,59.99491250442959,
1,0,2,-1,-1,3,-1,1,0,,,,,0,0,0,0,0,28,28,44,0,0,0,0,0,0,0,0,,,,,,,,,,,,,,,,,,,,,236.60350610036403,None,236.60350610036403,None,238.61489360034466,None,2,-1,60.35976210084331,3,1,241.61759479995817,None,r,241.61759479995817,None,Extremely Likely,2.259784699999983,1.259784699999983,242.34808310028166,None,,,,,,,0,,,,,,,0.7133074002340436,Sub038,001,2022_Sep_22_1146,2_1_MRI_Rating_SE_RE,2021.2.3,59.99491250442959,
1,0,2,-1,-1,3,-1,1,0,,,,,0,0,0,0,0,28,28,44,0,0,0,0,,,,,,,,,,,,,,,,,,,,,,,,,,,,,,,2,-1,,,1,,,,,,,,,,,,,,,,,0,,,,,,,,Sub038,001,2022_Sep_22_1146,2_1_MRI_Rating_SE_RE,2021.2.3,59.99491250442959,
1,0,2,-1,-1,3,-1,1,0,,,,,0,0,0,0,0,28,28,44,,,,,,,,,,,,,,,,,,,,,,,,,,,,,,,,,,,2,-1,,,1,,,,,,,,,,,,,,,,,0,,,,,,,,Sub038,001,2022_Sep_22_1146,2_1_MRI_Rating_SE_RE,2021.2.3,59.99491250442959,
0,1,-1,1,50,-1,1,0,1,,,,,0,0,0,0,0,29,29,73,,,,,,,,,0,0,0,0,0,0,0,0,,,,,,,,,,,,,,,,,,,-1,1,,,0,,,,,,,0.9820822999999734,-0.01791770000002657,249.64855749998242,None,244.62119810003787,None,246.63159880042076,None,50,1,1,247.63352739997208,None,None,,247.63352739997208,None,,Sub038,001,2022_Sep_22_1146,2_1_MRI_Rating_SE_RE,2021.2.3,59.99491250442959,
0,1,-1,1,50,-1,1,0,1,,,,,0,0,0,0,0,29,29,73,,,,,,,,,0,0,0,0,,,,,,,,,,,,,,,,,,,,,,,-1,1,,,0,,,,,,,,,,,,,,,,,1,,,,,,,,Sub038,001,2022_Sep_22_1146,2_1_MRI_Rating_SE_RE,2021.2.3,59.99491250442959,
0,1,-1,1,50,-1,1,0,1,,,,,0,0,0,0,0,29,29,73,,,,,,,,,,,,,,,,,,,,,,,,,,,,,,,,,,,-1,1,,,0,,,,,,,,,,,,,,,,,1,,,,,,,,Sub038,001,2022_Sep_22_1146,2_1_MRI_Rating_SE_RE,2021.2.3,59.99491250442959,
0,1,-1,1,50,-1,3,0,1,,,,,0,0,0,0,0,30,30,70,,,,,,,,,0,0,0,0,0,0,0,0,,,,,,,,,,,,,,,,,,,-1,1,,,0,,,,,,Slightly Likely,2.3607781000000045,1.3607781000000045,256.28285560011864,None,250.63634000066668,None,252.64938540011644,None,50,3,1,255.6490588001907,None,g,0.6136820996180177,255.6490588001907,None,,Sub038,001,2022_Sep_22_1146,2_1_MRI_Rating_SE_RE,2021.2.3,59.99491250442959,
0,1,-1,1,50,-1,3,0,1,,,,,0,0,0,0,0,30,30,70,,,,,,,,,0,0,0,0,,,,,,,,,,,,,,,,,,,,,,,-1,1,,,0,,,,,,,,,,,,,,,,,1,,,,,,,,Sub038,001,2022_Sep_22_1146,2_1_MRI_Rating_SE_RE,2021.2.3,59.99491250442959,
0,1,-1,1,50,-1,3,0,1,,,,,0,0,0,0,0,30,30,70,,,,,,,,,,,,,,,,,,,,,,,,,,,,,,,,,,,-1,1,,,0,,,,,,,,,,,,,,,,,1,,,,,,,,Sub038,001,2022_Sep_22_1146,2_1_MRI_Rating_SE_RE,2021.2.3,59.99491250442959,
0,1,-1,1,50,-1,2,0,1,,,,,0,0,0,0,0,31,31,85,,,,,,,,,0,0,0,0,0,0,0,0,,,,,,,,,,,,,,,,,,,-1,1,,,0,,,,,,Slightly Likely,2.3960281000000236,1.3960281000000236,263.26577100064605,None,258.65410909987986,None,260.66584370005876,None,50,2,1,262.6677131000906,None,g,0.5751443998888135,262.6677131000906,None,,Sub038,001,2022_Sep_22_1146,2_1_MRI_Rating_SE_RE,2021.2.3,59.99491250442959,
0,1,-1,1,50,-1,2,0,1,,,,,0,0,0,0,0,31,31,85,,,,,,,,,0,0,0,0,,,,,,,,,,,,,,,,,,,,,,,-1,1,,,0,,,,,,,,,,,,,,,,,1,,,,,,,,Sub038,001,2022_Sep_22_1146,2_1_MRI_Rating_SE_RE,2021.2.3,59.99491250442959,
0,1,-1,1,50,-1,2,0,1,,,,,0,0,0,0,0,31,31,85,,,,,,,,,,,,,,,,,,,,,,,,,,,,,,,,,,,-1,1,,,0,,,,,,,,,,,,,,,,,1,,,,,,,,Sub038,001,2022_Sep_22_1146,2_1_MRI_Rating_SE_RE,2021.2.3,59.99491250442959,
0,1,-1,2,80,-1,2,0,1,,,,,0,0,0,0,0,32,32,68,,,,,,,,,0,0,0,0,0,0,0,0,,,,,,,,,,,,,,,,,,,-1,2,,,0,,,,,,Extremely Likely,2.161385800000005,1.161385800000005,270.5159058002755,None,265.6719762003049,None,267.68327639997005,None,80,2,1,269.6977780004963,None,r,0.7880425006151199,269.6977780004963,None,,Sub038,001,2022_Sep_22_1146,2_1_MRI_Rating_SE_RE,2021.2.3,59.99491250442959,
0,1,-1,2,80,-1,2,0,1,,,,,0,0,0,0,0,32,32,68,,,,,,,,,0,0,0,0,,,,,,,,,,,,,,,,,,,,,,,-1,2,,,0,,,,,,,,,,,,,,,,,1,,,,,,,,Sub038,001,2022_Sep_22_1146,2_1_MRI_Rating_SE_RE,2021.2.3,59.99491250442959,
0,1,-1,2,80,-1,2,0,1,,,,,0,0,0,0,0,32,32,68,,,,,,,,,,,,,,,,,,,,,,,,,,,,,,,,,,,-1,2,,,0,,,,,,,,,,,,,,,,,1,,,,,,,,Sub038,001,2022_Sep_22_1146,2_1_MRI_Rating_SE_RE,2021.2.3,59.99491250442959,
1,0,1,-1,-1,3,-1,1,0,,,,,0,0,0,0,0,33,33,32,0,0,0,0,0,0,0,0,,,,,,,,,,,,,,,,,,,,,272.68777220044285,None,272.68777220044285,None,274.6995162004605,None,1,-1,31.76705644274252,3,1,277.71479680016637,None,g,277.71479680016637,None,Slightly Likely,2.2591815999999767,1.2591815999999767,278.4329059002921,None,,,,,,,0,,,,,,,0.6929019000381231,Sub038,001,2022_Sep_22_1146,2_1_MRI_Rating_SE_RE,2021.2.3,59.99491250442959,
1,0,1,-1,-1,3,-1,1,0,,,,,0,0,0,0,0,33,33,32,0,0,0,0,,,,,,,,,,,,,,,,,,,,,,,,,,,,,,,1,-1,,,1,,,,,,,,,,,,,,,,,0,,,,,,,,Sub038,001,2022_Sep_22_1146,2_1_MRI_Rating_SE_RE,2021.2.3,59.99491250442959,
1,0,1,-1,-1,3,-1,1,0,,,,,0,0,0,0,0,33,33,32,,,,,,,,,,,,,,,,,,,,,,,,,,,,,,,,,,,1,-1,,,1,,,,,,,,,,,,,,,,,0,,,,,,,,Sub038,001,2022_Sep_22_1146,2_1_MRI_Rating_SE_RE,2021.2.3,59.99491250442959,
1,0,2,-1,-1,3,-1,0,0,,,,,0,0,0,0,0,34,34,8,0,0,0,0,,,,,,,,,,,,,,,,,,,,,,,,,280.7058712998405,None,280.7058712998405,None,282.7167287003249,None,2,-1,60.35976210084331,3,0,,,,,,,,,,,,,,,,,0,,,,,,,,Sub038,001,2022_Sep_22_1146,2_1_MRI_Rating_SE_RE,2021.2.3,59.99491250442959,
1,0,2,-1,-1,3,-1,0,0,,,,,0,0,0,0,0,34,34,8,,,,,,,,,,,,,,,,,,,,,,,,,,,,,,,,,,,2,-1,,,0,,,,,,,,,,,,,,,,,0,,,,,,,,Sub038,001,2022_Sep_22_1146,2_1_MRI_Rating_SE_RE,2021.2.3,59.99491250442959,
0,1,-1,1,50,-1,2,0,1,,,,,0,0,0,0,0,35,35,76,,,,,,,,,0,0,0,0,0,0,0,0,,,,,,,,,,,,,,,,,,,-1,1,,,0,,,,,,Slightly Likely,2.5540708999999993,1.5540708999999993,290.16706540063024,None,285.7181552005932,None,287.73366439994425,None,50,2,1,289.73615690041333,None,g,0.4037884995341301,289.73615690041333,None,,Sub038,001,2022_Sep_22_1146,2_1_MRI_Rating_SE_RE,2021.2.3,59.99491250442959,
0,1,-1,1,50,-1,2,0,1,,,,,0,0,0,0,0,35,35,76,,,,,,,,,0,0,0,0,,,,,,,,,,,,,,,,,,,,,,,-1,1,,,0,,,,,,,,,,,,,,,,,1,,,,,,,,Sub038,001,2022_Sep_22_1146,2_1_MRI_Rating_SE_RE,2021.2.3,59.99491250442959,
0,1,-1,1,50,-1,2,0,1,,,,,0,0,0,0,0,35,35,76,,,,,,,,,,,,,,,,,,,,,,,,,,,,,,,,,,,-1,1,,,0,,,,,,,,,,,,,,,,,1,,,,,,,,Sub038,001,2022_Sep_22_1146,2_1_MRI_Rating_SE_RE,2021.2.3,59.99491250442959,
1,0,1,-1,-1,3,-1,1,0,,,,,0,0,0,0,0,36,36,23,0,0,0,0,0,0,0,0,,,,,,,,,,,,,,,,,,,,,292.7402557004243,None,292.7402557004243,None,294.7503355005756,None,1,-1,31.76705644274252,3,1,297.7536441003904,None,g,297.7536441003904,None,Slightly Likely,2.111288399999978,1.111288399999978,298.63403320033103,None,,,,,,,0,,,,,,,0.8571501998230815,Sub038,001,2022_Sep_22_1146,2_1_MRI_Rating_SE_RE,2021.2.3,59.99491250442959,
1,0,1,-1,-1,3,-1,1,0,,,,,0,0,0,0,0,36,36,23,0,0,0,0,,,,,,,,,,,,,,,,,,,,,,,,,,,,,,,1,-1,,,1,,,,,,,,,,,,,,,,,0,,,,,,,,Sub038,001,2022_Sep_22_1146,2_1_MRI_Rating_SE_RE,2021.2.3,59.99491250442959,
1,0,1,-1,-1,3,-1,1,0,,,,,0,0,0,0,0,36,36,23,,,,,,,,,,,,,,,,,,,,,,,,,,,,,,,,,,,1,-1,,,1,,,,,,,,,,,,,,,,,0,,,,,,,,Sub038,001,2022_Sep_22_1146,2_1_MRI_Rating_SE_RE,2021.2.3,59.99491250442959,
0,1,-1,0,20,-1,2,0,0,,,,,0,0,0,0,0,37,37,57,,,,,,,,,0,0,0,0,,,,,,,,,,,,,,,,,,,,,,,-1,0,,,0,,,,,,,,,,,300.75534130074084,None,302.76750760059804,None,20,2,0,,,,,,,,Sub038,001,2022_Sep_22_1146,2_1_MRI_Rating_SE_RE,2021.2.3,59.99491250442959,
0,1,-1,0,20,-1,2,0,0,,,,,0,0,0,0,0,37,37,57,,,,,,,,,,,,,,,,,,,,,,,,,,,,,,,,,,,-1,0,,,0,,,,,,,,,,,,,,,,,0,,,,,,,,Sub038,001,2022_Sep_22_1146,2_1_MRI_Rating_SE_RE,2021.2.3,59.99491250442959,
1,0,1,-1,-1,1,-1,1,0,,,,,0,0,0,0,0,38,38,21,0,0,0,0,0,0,0,0,,,,,,,,,,,,,,,,,,,,,304.76791220065206,None,304.76791220065206,None,306.7678225003183,None,1,-1,31.76705644274252,1,1,307.76898489985615,None,b,307.76898489985615,None,Extremely Unlikely,2.3559270000000083,1.3559270000000083,308.4174405001104,None,,,,,,,0,,,,,,,0.6268792003393173,Sub038,001,2022_Sep_22_1146,2_1_MRI_Rating_SE_RE,2021.2.3,59.99491250442959,
1,0,1,-1,-1,1,-1,1,0,,,,,0,0,0,0,0,38,38,21,0,0,0,0,,,,,,,,,,,,,,,,,,,,,,,,,,,,,,,1,-1,,,1,,,,,,,,,,,,,,,,,0,,,,,,,,Sub038,001,2022_Sep_22_1146,2_1_MRI_Rating_SE_RE,2021.2.3,59.99491250442959,
1,0,1,-1,-1,1,-1,1,0,,,,,0,0,0,0,0,38,38,21,,,,,,,,,,,,,,,,,,,,,,,,,,,,,,,,,,,1,-1,,,1,,,,,,,,,,,,,,,,,0,,,,,,,,Sub038,001,2022_Sep_22_1146,2_1_MRI_Rating_SE_RE,2021.2.3,59.99491250442959,
1,0,2,-1,-1,1,-1,0,0,,,,,0,0,0,0,0,39,39,6,0,0,0,0,,,,,,,,,,,,,,,,,,,,,,,,,310.79192920029163,None,310.79192920029163,None,312.80130300018936,None,2,-1,60.35976210084331,1,0,,,,,,,,,,,,,,,,,0,,,,,,,,Sub038,001,2022_Sep_22_1146,2_1_MRI_Rating_SE_RE,2021.2.3,59.99491250442959,
1,0,2,-1,-1,1,-1,0,0,,,,,0,0,0,0,0,39,39,6,,,,,,,,,,,,,,,,,,,,,,,,,,,,,,,,,,,2,-1,,,0,,,,,,,,,,,,,,,,,0,,,,,,,,Sub038,001,2022_Sep_22_1146,2_1_MRI_Rating_SE_RE,2021.2.3,59.99491250442959,
1,0,0,-1,-1,1,-1,0,0,,,,,0,0,0,0,0,40,40,0,0,0,0,0,,,,,,,,,,,,,,,,,,,,,,,,,313.80320180021226,None,313.80320180021226,None,315.8176925005391,None,0,-1,11.929718898364241,1,0,,,,,,,,,,,,,,,,,0,,,,,,,,Sub038,001,2022_Sep_22_1146,2_1_MRI_Rating_SE_RE,2021.2.3,59.99491250442959,
1,0,0,-1,-1,1,-1,0,0,,,,,0,0,0,0,0,40,40,0,,,,,,,,,,,,,,,,,,,,,,,,,,,,,,,,,,,0,-1,,,0,,,,,,,,,,,,,,,,,0,,,,,,,,Sub038,001,2022_Sep_22_1146,2_1_MRI_Rating_SE_RE,2021.2.3,59.99491250442959,
0,1,-1,2,80,-1,1,0,0,,,,,0,0,0,0,0,41,41,47,,,,,,,,,0,0,0,0,,,,,,,,,,,,,,,,,,,,,,,-1,2,,,0,,,,,,,,,,,316.8204920999706,None,318.8347352007404,None,80,1,0,,,,,,,,Sub038,001,2022_Sep_22_1146,2_1_MRI_Rating_SE_RE,2021.2.3,59.99491250442959,
0,1,-1,2,80,-1,1,0,0,,,,,0,0,0,0,0,41,41,47,,,,,,,,,,,,,,,,,,,,,,,,,,,,,,,,,,,-1,2,,,0,,,,,,,,,,,,,,,,,0,,,,,,,,Sub038,001,2022_Sep_22_1146,2_1_MRI_Rating_SE_RE,2021.2.3,59.99491250442959,
1,0,0,-1,-1,3,-1,1,0,,,,,0,0,0,0,0,42,42,38,0,0,0,0,0,0,0,0,,,,,,,,,,,,,,,,,,,,,319.8349978001788,None,319.8349978001788,None,321.8349550003186,None,0,-1,11.929718898364241,3,1,324.8401626003906,None,g,324.8401626003906,None,Slightly Likely,2.5550843999999984,1.5550843999999984,325.28492910042405,None,,,,,,,0,,,,,,,0.4276248998939991,Sub038,001,2022_Sep_22_1146,2_1_MRI_Rating_SE_RE,2021.2.3,59.99491250442959,
1,0,0,-1,-1,3,-1,1,0,,,,,0,0,0,0,0,42,42,38,0,0,0,0,,,,,,,,,,,,,,,,,,,,,,,,,,,,,,,0,-1,,,1,,,,,,,,,,,,,,,,,0,,,,,,,,Sub038,001,2022_Sep_22_1146,2_1_MRI_Rating_SE_RE,2021.2.3,59.99491250442959,
1,0,0,-1,-1,3,-1,1,0,,,,,0,0,0,0,0,42,42,38,,,,,,,,,,,,,,,,,,,,,,,,,,,,,,,,,,,0,-1,,,1,,,,,,,,,,,,,,,,,0,,,,,,,,Sub038,001,2022_Sep_22_1146,2_1_MRI_Rating_SE_RE,2021.2.3,59.99491250442959,
0,1,-1,1,50,-1,1,0,0,,,,,0,0,0,0,0,43,43,46,,,,,,,,,0,0,0,0,,,,,,,,,,,,,,,,,,,,,,,-1,1,,,0,,,,,,,,,,,327.8596515003592,None,329.8689354006201,None,50,1,0,,,,,,,,Sub038,001,2022_Sep_22_1146,2_1_MRI_Rating_SE_RE,2021.2.3,59.99491250442959,
0,1,-1,1,50,-1,1,0,0,,,,,0,0,0,0,0,43,43,46,,,,,,,,,,,,,,,,,,,,,,,,,,,,,,,,,,,-1,1,,,0,,,,,,,,,,,,,,,,,0,,,,,,,,Sub038,001,2022_Sep_22_1146,2_1_MRI_Rating_SE_RE,2021.2.3,59.99491250442959,
1,0,0,-1,-1,3,-1,0,0,,,,,0,0,0,0,0,44,44,2,0,0,0,0,,,,,,,,,,,,,,,,,,,,,,,,,330.86996529996395,None,330.86996529996395,None,332.8851939002052,None,0,-1,11.929718898364241,3,0,,,,,,,,,,,,,,,,,0,,,,,,,,Sub038,001,2022_Sep_22_1146,2_1_MRI_Rating_SE_RE,2021.2.3,59.99491250442959,
1,0,0,-1,-1,3,-1,0,0,,,,,0,0,0,0,0,44,44,2,,,,,,,,,,,,,,,,,,,,,,,,,,,,,,,,,,,0,-1,,,0,,,,,,,,,,,,,,,,,0,,,,,,,,Sub038,001,2022_Sep_22_1146,2_1_MRI_Rating_SE_RE,2021.2.3,59.99491250442959,
0,1,-1,2,80,-1,2,0,0,,,,,0,0,0,0,0,45,45,50,,,,,,,,,0,0,0,0,,,,,,,,,,,,,,,,,,,,,,,-1,2,,,0,,,,,,,,,,,335.88661789987236,None,337.8859624005854,None,80,2,0,,,,,,,,Sub038,001,2022_Sep_22_1146,2_1_MRI_Rating_SE_RE,2021.2.3,59.99491250442959,
0,1,-1,2,80,-1,2,0,0,,,,,0,0,0,0,0,45,45,50,,,,,,,,,,,,,,,,,,,,,,,,,,,,,,,,,,,-1,2,,,0,,,,,,,,,,,,,,,,,0,,,,,,,,Sub038,001,2022_Sep_22_1146,2_1_MRI_Rating_SE_RE,2021.2.3,59.99491250442959,
1,0,0,-1,-1,3,-1,1,0,,,,,0,0,0,0,0,46,46,29,0,0,0,0,0,0,0,0,,,,,,,,,,,,,,,,,,,,,339.88698850013316,None,339.88698850013316,None,341.9024449000135,None,0,-1,11.929718898364241,3,1,344.90263810008764,None,g,344.90263810008764,None,Slightly Likely,2.3896393999999646,1.3896393999999646,345.5023255003616,None,,,,,,,0,,,,,,,0.5716130994260311,Sub038,001,2022_Sep_22_1146,2_1_MRI_Rating_SE_RE,2021.2.3,59.99491250442959,
1,0,0,-1,-1,3,-1,1,0,,,,,0,0,0,0,0,46,46,29,0,0,0,0,,,,,,,,,,,,,,,,,,,,,,,,,,,,,,,0,-1,,,1,,,,,,,,,,,,,,,,,0,,,,,,,,Sub038,001,2022_Sep_22_1146,2_1_MRI_Rating_SE_RE,2021.2.3,59.99491250442959,
1,0,0,-1,-1,3,-1,1,0,,,,,0,0,0,0,0,46,46,29,,,,,,,,,,,,,,,,,,,,,,,,,,,,,,,,,,,0,-1,,,1,,,,,,,,,,,,,,,,,0,,,,,,,,Sub038,001,2022_Sep_22_1146,2_1_MRI_Rating_SE_RE,2021.2.3,59.99491250442959,
1,0,1,-1,-1,2,-1,1,0,,,,,0,0,0,0,0,47,47,31,0,0,0,0,0,0,0,0,,,,,,,,,,,,,,,,,,,,,347.9090213999152,None,347.9090213999152,None,349.9196716006845,None,1,-1,31.76705644274252,2,1,351.9194510001689,None,g,351.9194510001689,None,Slightly Likely,1.0441796999999724,0.0441796999999724,353.86952690035105,None,,,,,,,0,,,,,,,1.9322070004418492,Sub038,001,2022_Sep_22_1146,2_1_MRI_Rating_SE_RE,2021.2.3,59.99491250442959,
1,0,1,-1,-1,2,-1,1,0,,,,,0,0,0,0,0,47,47,31,0,0,0,0,,,,,,,,,,,,,,,,,,,,,,,,,,,,,,,1,-1,,,1,,,,,,,,,,,,,,,,,0,,,,,,,,Sub038,001,2022_Sep_22_1146,2_1_MRI_Rating_SE_RE,2021.2.3,59.99491250442959,
1,0,1,-1,-1,2,-1,1,0,,,,,0,0,0,0,0,47,47,31,,,,,,,,,,,,,,,,,,,,,,,,,,,,,,,,,,,1,-1,,,1,,,,,,,,,,,,,,,,,0,,,,,,,,Sub038,001,2022_Sep_22_1146,2_1_MRI_Rating_SE_RE,2021.2.3,59.99491250442959,
0,1,-1,0,20,-1,3,0,0,,,,,0,0,0,0,0,48,48,51,,,,,,,,,0,0,0,0,,,,,,,,,,,,,,,,,,,,,,,-1,0,,,0,,,,,,,,,,,354.9258764004335,None,356.93626030068845,None,20,3,0,,,,,,,,Sub038,001,2022_Sep_22_1146,2_1_MRI_Rating_SE_RE,2021.2.3,59.99491250442959,
0,1,-1,0,20,-1,3,0,0,,,,,0,0,0,0,0,48,48,51,,,,,,,,,,,,,,,,,,,,,,,,,,,,,,,,,,,-1,0,,,0,,,,,,,,,,,,,,,,,0,,,,,,,,Sub038,001,2022_Sep_22_1146,2_1_MRI_Rating_SE_RE,2021.2.3,59.99491250442959,
1,0,2,-1,-1,3,-1,1,0,,,,,0,0,0,0,0,49,49,26,0,0,0,0,0,0,0,0,,,,,,,,,,,,,,,,,,,,,359.939338600263,None,359.939338600263,None,361.95337430015206,None,2,-1,60.35976210084331,3,1,364.95352930016816,None,y,364.95352930016816,None,Slightly Unlikely,2.5721044000000006,1.5721044000000006,365.36994150001556,None,,,,,,,0,,,,,,,0.39630480017513037,Sub038,001,2022_Sep_22_1146,2_1_MRI_Rating_SE_RE,2021.2.3,59.99491250442959,
1,0,2,-1,-1,3,-1,1,0,,,,,0,0,0,0,0,49,49,26,0,0,0,0,,,,,,,,,,,,,,,,,,,,,,,,,,,,,,,2,-1,,,1,,,,,,,,,,,,,,,,,0,,,,,,,,Sub038,001,2022_Sep_22_1146,2_1_MRI_Rating_SE_RE,2021.2.3,59.99491250442959,
1,0,2,-1,-1,3,-1,1,0,,,,,0,0,0,0,0,49,49,26,,,,,,,,,,,,,,,,,,,,,,,,,,,,,,,,,,,2,-1,,,1,,,,,,,,,,,,,,,,,0,,,,,,,,Sub038,001,2022_Sep_22_1146,2_1_MRI_Rating_SE_RE,2021.2.3,59.99491250442959,
0,1,-1,1,50,-1,2,0,1,,,,,0,0,0,0,0,50,50,67,,,,,,,,,0,0,0,0,0,0,0,0,,,,,,,,,,,,,,,,,,,-1,1,,,0,,,,,,Slightly Likely,2.2135700000000043,1.2135700000000043,372.75346470065415,None,367.96110390033573,None,369.97002479992807,None,50,2,1,371.9850227003917,None,g,0.7458089999854565,371.9850227003917,None,,Sub038,001,2022_Sep_22_1146,2_1_MRI_Rating_SE_RE,2021.2.3,59.99491250442959,
0,1,-1,1,50,-1,2,0,1,,,,,0,0,0,0,0,50,50,67,,,,,,,,,0,0,0,0,,,,,,,,,,,,,,,,,,,,,,,-1,1,,,0,,,,,,,,,,,,,,,,,1,,,,,,,,Sub038,001,2022_Sep_22_1146,2_1_MRI_Rating_SE_RE,2021.2.3,59.99491250442959,
0,1,-1,1,50,-1,2,0,1,,,,,0,0,0,0,0,50,50,67,,,,,,,,,,,,,,,,,,,,,,,,,,,,,,,,,,,-1,1,,,0,,,,,,,,,,,,,,,,,1,,,,,,,,Sub038,001,2022_Sep_22_1146,2_1_MRI_Rating_SE_RE,2021.2.3,59.99491250442959,
0,1,-1,2,80,-1,2,0,1,,,,,0,0,0,0,0,51,51,77,,,,,,,,,0,0,0,0,0,0,0,0,,,,,,,,,,,,,,,,,,,-1,2,,,0,,,,,,Extremely Likely,1.7929965999999808,0.7929965999999808,380.1873542005196,None,374.9736705003306,None,376.9871968999505,None,80,2,1,378.98739880044013,None,r,1.1754926992580295,378.98739880044013,None,,Sub038,001,2022_Sep_22_1146,2_1_MRI_Rating_SE_RE,2021.2.3,59.99491250442959,
0,1,-1,2,80,-1,2,0,1,,,,,0,0,0,0,0,51,51,77,,,,,,,,,0,0,0,0,,,,,,,,,,,,,,,,,,,,,,,-1,2,,,0,,,,,,,,,,,,,,,,,1,,,,,,,,Sub038,001,2022_Sep_22_1146,2_1_MRI_Rating_SE_RE,2021.2.3,59.99491250442959,
0,1,-1,2,80,-1,2,0,1,,,,,0,0,0,0,0,51,51,77,,,,,,,,,,,,,,,,,,,,,,,,,,,,,,,,,,,-1,2,,,0,,,,,,,,,,,,,,,,,1,,,,,,,,Sub038,001,2022_Sep_22_1146,2_1_MRI_Rating_SE_RE,2021.2.3,59.99491250442959,
1,0,1,-1,-1,3,-1,1,0,,,,,0,0,0,0,0,52,52,41,0,0,0,0,0,0,0,0,,,,,,,,,,,,,,,,,,,,,381.9949839999899,None,381.9949839999899,None,384.004037800245,None,1,-1,31.76705644274252,3,1,387.005553400144,None,g,387.005553400144,None,Slightly Likely,2.593424300000038,1.5934243000000379,387.40388969983906,None,,,,,,,0,,,,,,,0.3772606998682022,Sub038,001,2022_Sep_22_1146,2_1_MRI_Rating_SE_RE,2021.2.3,59.99491250442959,
1,0,1,-1,-1,3,-1,1,0,,,,,0,0,0,0,0,52,52,41,0,0,0,0,,,,,,,,,,,,,,,,,,,,,,,,,,,,,,,1,-1,,,1,,,,,,,,,,,,,,,,,0,,,,,,,,Sub038,001,2022_Sep_22_1146,2_1_MRI_Rating_SE_RE,2021.2.3,59.99491250442959,
1,0,1,-1,-1,3,-1,1,0,,,,,0,0,0,0,0,52,52,41,,,,,,,,,,,,,,,,,,,,,,,,,,,,,,,,,,,1,-1,,,1,,,,,,,,,,,,,,,,,0,,,,,,,,Sub038,001,2022_Sep_22_1146,2_1_MRI_Rating_SE_RE,2021.2.3,59.99491250442959,
0,1,-1,2,80,-1,3,0,0,,,,,0,0,0,0,0,53,53,53,,,,,,,,,0,0,0,0,,,,,,,,,,,,,,,,,,,,,,,-1,2,,,0,,,,,,,,,,,390.00849959999323,None,392.02078580018133,None,80,3,0,,,,,,,,Sub038,001,2022_Sep_22_1146,2_1_MRI_Rating_SE_RE,2021.2.3,59.99491250442959,
0,1,-1,2,80,-1,3,0,0,,,,,0,0,0,0,0,53,53,53,,,,,,,,,,,,,,,,,,,,,,,,,,,,,,,,,,,-1,2,,,0,,,,,,,,,,,,,,,,,0,,,,,,,,Sub038,001,2022_Sep_22_1146,2_1_MRI_Rating_SE_RE,2021.2.3,59.99491250442959,
1,0,0,-1,-1,1,-1,1,0,,,,,0,0,0,0,0,54,54,27,0,0,0,0,0,0,0,0,,,,,,,,,,,,,,,,,,,,,395.02300550043583,None,395.02300550043583,None,397.03741919994354,None,0,-1,11.929718898364241,1,1,398.05297819990665,None,g,398.05297819990665,None,Slightly Likely,2.3231276999999864,1.3231276999999864,398.7041024006903,None,,,,,,,0,,,,,,,0.6230192007496953,Sub038,001,2022_Sep_22_1146,2_1_MRI_Rating_SE_RE,2021.2.3,59.99491250442959,
1,0,0,-1,-1,1,-1,1,0,,,,,0,0,0,0,0,54,54,27,0,0,0,0,,,,,,,,,,,,,,,,,,,,,,,,,,,,,,,0,-1,,,1,,,,,,,,,,,,,,,,,0,,,,,,,,Sub038,001,2022_Sep_22_1146,2_1_MRI_Rating_SE_RE,2021.2.3,59.99491250442959,
1,0,0,-1,-1,1,-1,1,0,,,,,0,0,0,0,0,54,54,27,,,,,,,,,,,,,,,,,,,,,,,,,,,,,,,,,,,0,-1,,,1,,,,,,,,,,,,,,,,,0,,,,,,,,Sub038,001,2022_Sep_22_1146,2_1_MRI_Rating_SE_RE,2021.2.3,59.99491250442959,
1,0,0,-1,-1,2,-1,1,0,,,,,0,0,0,0,0,55,55,28,0,0,0,0,0,0,0,0,,,,,,,,,,,,,,,,,,,,,401.0447212001309,None,401.0447212001309,None,403.05440940055996,None,0,-1,11.929718898364241,2,1,405.0555730005726,None,r,405.0555730005726,None,Extremely Likely,1.6306346000000076,0.6306346000000076,406.4211307000369,None,,,,,,,0,,,,,,,1.3434132002294064,Sub038,001,2022_Sep_22_1146,2_1_MRI_Rating_SE_RE,2021.2.3,59.99491250442959,
1,0,0,-1,-1,2,-1,1,0,,,,,0,0,0,0,0,55,55,28,0,0,0,0,,,,,,,,,,,,,,,,,,,,,,,,,,,,,,,0,-1,,,1,,,,,,,,,,,,,,,,,0,,,,,,,,Sub038,001,2022_Sep_22_1146,2_1_MRI_Rating_SE_RE,2021.2.3,59.99491250442959,
1,0,0,-1,-1,2,-1,1,0,,,,,0,0,0,0,0,55,55,28,,,,,,,,,,,,,,,,,,,,,,,,,,,,,,,,,,,0,-1,,,1,,,,,,,,,,,,,,,,,0,,,,,,,,Sub038,001,2022_Sep_22_1146,2_1_MRI_Rating_SE_RE,2021.2.3,59.99491250442959,
0,1,-1,2,80,-1,3,0,1,,,,,0,0,0,0,0,56,56,80,,,,,,,,,0,0,0,0,0,0,0,0,,,,,,,,,,,,,,,,,,,-1,2,,,0,,,,,,Slightly Likely,1.645120200000008,0.645120200000008,414.4220826998353,None,408.0601845001802,None,410.07148020062596,None,80,3,1,413.0732029005885,None,g,1.3175769997760653,413.0732029005885,None,,Sub038,001,2022_Sep_22_1146,2_1_MRI_Rating_SE_RE,2021.2.3,59.99491250442959,
0,1,-1,2,80,-1,3,0,1,,,,,0,0,0,0,0,56,56,80,,,,,,,,,0,0,0,0,,,,,,,,,,,,,,,,,,,,,,,-1,2,,,0,,,,,,,,,,,,,,,,,1,,,,,,,,Sub038,001,2022_Sep_22_1146,2_1_MRI_Rating_SE_RE,2021.2.3,59.99491250442959,
0,1,-1,2,80,-1,3,0,1,,,,,0,0,0,0,0,56,56,80,,,,,,,,,,,,,,,,,,,,,,,,,,,,,,,,,,,-1,2,,,0,,,,,,,,,,,,,,,,,1,,,,,,,,Sub038,001,2022_Sep_22_1146,2_1_MRI_Rating_SE_RE,2021.2.3,59.99491250442959,
1,0,2,-1,-1,2,-1,1,0,,,,,0,0,0,0,0,57,57,43,0,0,0,0,0,0,0,0,,,,,,,,,,,,,,,,,,,,,416.07817240059376,None,416.07817240059376,None,418.08886770065874,None,2,-1,60.35976210084331,2,1,420.090715800412,None,r,420.090715800412,None,Extremely Likely,2.110943299999974,1.110943299999974,420.97245630063117,None,,,,,,,0,,,,,,,0.8571642003953457,Sub038,001,2022_Sep_22_1146,2_1_MRI_Rating_SE_RE,2021.2.3,59.99491250442959,
1,0,2,-1,-1,2,-1,1,0,,,,,0,0,0,0,0,57,57,43,0,0,0,0,,,,,,,,,,,,,,,,,,,,,,,,,,,,,,,2,-1,,,1,,,,,,,,,,,,,,,,,0,,,,,,,,Sub038,001,2022_Sep_22_1146,2_1_MRI_Rating_SE_RE,2021.2.3,59.99491250442959,
1,0,2,-1,-1,2,-1,1,0,,,,,0,0,0,0,0,57,57,43,,,,,,,,,,,,,,,,,,,,,,,,,,,,,,,,,,,2,-1,,,1,,,,,,,,,,,,,,,,,0,,,,,,,,Sub038,001,2022_Sep_22_1146,2_1_MRI_Rating_SE_RE,2021.2.3,59.99491250442959,
0,1,-1,2,80,-1,3,0,1,,,,,0,0,0,0,0,58,58,89,,,,,,,,,0,0,0,0,0,0,0,0,,,,,,,,,,,,,,,,,,,-1,2,,,0,,,,,,Extremely Likely,2.226539099999968,1.2265390999999681,428.8733921004459,None,423.0949321007356,None,425.10556930024177,None,80,3,1,428.10586290061474,None,r,0.7418959001079202,428.10586290061474,None,,Sub038,001,2022_Sep_22_1146,2_1_MRI_Rating_SE_RE,2021.2.3,59.99491250442959,
0,1,-1,2,80,-1,3,0,1,,,,,0,0,0,0,0,58,58,89,,,,,,,,,0,0,0,0,,,,,,,,,,,,,,,,,,,,,,,-1,2,,,0,,,,,,,,,,,,,,,,,1,,,,,,,,Sub038,001,2022_Sep_22_1146,2_1_MRI_Rating_SE_RE,2021.2.3,59.99491250442959,
0,1,-1,2,80,-1,3,0,1,,,,,0,0,0,0,0,58,58,89,,,,,,,,,,,,,,,,,,,,,,,,,,,,,,,,,,,-1,2,,,0,,,,,,,,,,,,,,,,,1,,,,,,,,Sub038,001,2022_Sep_22_1146,2_1_MRI_Rating_SE_RE,2021.2.3,59.99491250442959,
0,1,-1,2,80,-1,1,0,1,,,,,0,0,0,0,0,59,59,65,,,,,,,,,0,0,0,0,0,0,0,0,,,,,,,,,,,,,,,,,,,-1,2,,,0,,,,,,Slightly Likely,1.5388983999999937,0.5388983999999937,435.5722997998819,None,431.120556300506,None,433.1225668005645,None,80,1,1,434.1223817002028,None,g,1.4294222006574273,434.1223817002028,None,,Sub038,001,2022_Sep_22_1146,2_1_MRI_Rating_SE_RE,2021.2.3,59.99491250442959,
0,1,-1,2,80,-1,1,0,1,,,,,0,0,0,0,0,59,59,65,,,,,,,,,0,0,0,0,,,,,,,,,,,,,,,,,,,,,,,-1,2,,,0,,,,,,,,,,,,,,,,,1,,,,,,,,Sub038,001,2022_Sep_22_1146,2_1_MRI_Rating_SE_RE,2021.2.3,59.99491250442959,
0,1,-1,2,80,-1,1,0,1,,,,,0,0,0,0,0,59,59,65,,,,,,,,,,,,,,,,,,,,,,,,,,,,,,,,,,,-1,2,,,0,,,,,,,,,,,,,,,,,1,,,,,,,,Sub038,001,2022_Sep_22_1146,2_1_MRI_Rating_SE_RE,2021.2.3,59.99491250442959,
1,0,1,-1,-1,1,-1,1,0,,,,,0,0,0,0,0,60,60,39,0,0,0,0,0,0,0,0,,,,,,,,,,,,,,,,,,,,,437.1300878999755,None,437.1300878999755,None,439.1398849999532,None,1,-1,31.76705644274252,1,1,440.1542955003679,None,g,440.1542955003679,None,Slightly Likely,1.7121258999999895,0.7121258999999895,441.4227122999728,None,,,,,,,0,,,,,,,1.2416094997897744,Sub038,001,2022_Sep_22_1146,2_1_MRI_Rating_SE_RE,2021.2.3,59.99491250442959,
1,0,1,-1,-1,1,-1,1,0,,,,,0,0,0,0,0,60,60,39,0,0,0,0,,,,,,,,,,,,,,,,,,,,,,,,,,,,,,,1,-1,,,1,,,,,,,,,,,,,,,,,0,,,,,,,,Sub038,001,2022_Sep_22_1146,2_1_MRI_Rating_SE_RE,2021.2.3,59.99491250442959,
1,0,1,-1,-1,1,-1,1,0,,,,,0,0,0,0,0,60,60,39,,,,,,,,,,,,,,,,,,,,,,,,,,,,,,,,,,,1,-1,,,1,,,,,,,,,,,,,,,,,0,,,,,,,,Sub038,001,2022_Sep_22_1146,2_1_MRI_Rating_SE_RE,2021.2.3,59.99491250442959,
0,1,-1,2,80,-1,1,0,1,,,,,0,0,0,0,0,61,61,83,,,,,,,,,0,0,0,0,0,0,0,0,,,,,,,,,,,,,,,,,,,-1,2,,,0,,,,,,Slightly Likely,1.6778396999999927,0.6778396999999927,447.47279250063,None,443.1444573998451,None,445.1563543006778,None,80,1,1,446.1584817003459,None,g,1.2934655994176865,446.1584817003459,None,,Sub038,001,2022_Sep_22_1146,2_1_MRI_Rating_SE_RE,2021.2.3,59.99491250442959,
0,1,-1,2,80,-1,1,0,1,,,,,0,0,0,0,0,61,61,83,,,,,,,,,0,0,0,0,,,,,,,,,,,,,,,,,,,,,,,-1,2,,,0,,,,,,,,,,,,,,,,,1,,,,,,,,Sub038,001,2022_Sep_22_1146,2_1_MRI_Rating_SE_RE,2021.2.3,59.99491250442959,
0,1,-1,2,80,-1,1,0,1,,,,,0,0,0,0,0,61,61,83,,,,,,,,,,,,,,,,,,,,,,,,,,,,,,,,,,,-1,2,,,0,,,,,,,,,,,,,,,,,1,,,,,,,,Sub038,001,2022_Sep_22_1146,2_1_MRI_Rating_SE_RE,2021.2.3,59.99491250442959,
1,0,2,-1,-1,3,-1,0,0,,,,,0,0,0,0,0,62,62,17,0,0,0,0,,,,,,,,,,,,,,,,,,,,,,,,,449.1631925003603,None,449.1631925003603,None,451.17375269997865,None,2,-1,60.35976210084331,3,0,,,,,,,,,,,,,,,,,0,,,,,,,,Sub038,001,2022_Sep_22_1146,2_1_MRI_Rating_SE_RE,2021.2.3,59.99491250442959,
1,0,2,-1,-1,3,-1,0,0,,,,,0,0,0,0,0,62,62,17,,,,,,,,,,,,,,,,,,,,,,,,,,,,,,,,,,,2,-1,,,0,,,,,,,,,,,,,,,,,0,,,,,,,,Sub038,001,2022_Sep_22_1146,2_1_MRI_Rating_SE_RE,2021.2.3,59.99491250442959,
1,0,2,-1,-1,2,-1,1,0,,,,,0,0,0,0,0,63,63,34,0,0,0,0,0,0,0,0,,,,,,,,,,,,,,,,,,,,,454.17511740047485,None,454.17511740047485,None,456.18976039998233,None,2,-1,60.35976210084331,2,1,458.2051154002547,None,r,458.2051154002547,None,Extremely Likely,1.8391209000000117,0.8391209000000117,459.3401800999418,None,,,,,,,0,,,,,,,1.108669400215149,Sub038,001,2022_Sep_22_1146,2_1_MRI_Rating_SE_RE,2021.2.3,59.99491250442959,
1,0,2,-1,-1,2,-1,1,0,,,,,0,0,0,0,0,63,63,34,0,0,0,0,,,,,,,,,,,,,,,,,,,,,,,,,,,,,,,2,-1,,,1,,,,,,,,,,,,,,,,,0,,,,,,,,Sub038,001,2022_Sep_22_1146,2_1_MRI_Rating_SE_RE,2021.2.3,59.99491250442959,
1,0,2,-1,-1,2,-1,1,0,,,,,0,0,0,0,0,63,63,34,,,,,,,,,,,,,,,,,,,,,,,,,,,,,,,,,,,2,-1,,,1,,,,,,,,,,,,,,,,,0,,,,,,,,Sub038,001,2022_Sep_22_1146,2_1_MRI_Rating_SE_RE,2021.2.3,59.99491250442959,
0,1,-1,0,20,-1,2,0,0,,,,,0,0,0,0,0,64,64,48,,,,,,,,,0,0,0,0,,,,,,,,,,,,,,,,,,,,,,,-1,0,,,0,,,,,,,,,,,461.1951525006443,None,463.2068506004289,None,20,2,0,,,,,,,,Sub038,001,2022_Sep_22_1146,2_1_MRI_Rating_SE_RE,2021.2.3,59.99491250442959,
0,1,-1,0,20,-1,2,0,0,,,,,0,0,0,0,0,64,64,48,,,,,,,,,,,,,,,,,,,,,,,,,,,,,,,,,,,-1,0,,,0,,,,,,,,,,,,,,,,,0,,,,,,,,Sub038,001,2022_Sep_22_1146,2_1_MRI_Rating_SE_RE,2021.2.3,59.99491250442959,
1,0,0,-1,-1,1,-1,0,0,,,,,0,0,0,0,0,65,65,9,0,0,0,0,,,,,,,,,,,,,,,,,,,,,,,,,465.20795369986445,None,465.20795369986445,None,467.2239425005391,None,0,-1,11.929718898364241,1,0,,,,,,,,,,,,,,,,,0,,,,,,,,Sub038,001,2022_Sep_22_1146,2_1_MRI_Rating_SE_RE,2021.2.3,59.99491250442959,
1,0,0,-1,-1,1,-1,0,0,,,,,0,0,0,0,0,65,65,9,,,,,,,,,,,,,,,,,,,,,,,,,,,,,,,,,,,0,-1,,,0,,,,,,,,,,,,,,,,,0,,,,,,,,Sub038,001,2022_Sep_22_1146,2_1_MRI_Rating_SE_RE,2021.2.3,59.99491250442959,
0,1,-1,2,80,-1,3,0,0,,,,,0,0,0,0,0,66,66,62,,,,,,,,,0,0,0,0,,,,,,,,,,,,,,,,,,,,,,,-1,2,,,0,,,,,,,,,,,468.2261137003079,None,470.2405740004033,None,80,3,0,,,,,,,,Sub038,001,2022_Sep_22_1146,2_1_MRI_Rating_SE_RE,2021.2.3,59.99491250442959,
0,1,-1,2,80,-1,3,0,0,,,,,0,0,0,0,0,66,66,62,,,,,,,,,,,,,,,,,,,,,,,,,,,,,,,,,,,-1,2,,,0,,,,,,,,,,,,,,,,,0,,,,,,,,Sub038,001,2022_Sep_22_1146,2_1_MRI_Rating_SE_RE,2021.2.3,59.99491250442959,
1,0,2,-1,-1,2,-1,1,0,,,,,0,0,0,0,0,67,67,25,0,0,0,0,0,0,0,0,,,,,,,,,,,,,,,,,,,,,473.24237619992346,None,473.24237619992346,None,475.2576232999563,None,2,-1,60.35976210084331,2,1,477.25756910070777,None,r,477.25756910070777,None,Extremely Likely,2.505913399999997,1.5059133999999972,477.74058460071683,None,,,,,,,0,,,,,,,0.45620680041611195,Sub038,001,2022_Sep_22_1146,2_1_MRI_Rating_SE_RE,2021.2.3,59.99491250442959,
1,0,2,-1,-1,2,-1,1,0,,,,,0,0,0,0,0,67,67,25,0,0,0,0,,,,,,,,,,,,,,,,,,,,,,,,,,,,,,,2,-1,,,1,,,,,,,,,,,,,,,,,0,,,,,,,,Sub038,001,2022_Sep_22_1146,2_1_MRI_Rating_SE_RE,2021.2.3,59.99491250442959,
1,0,2,-1,-1,2,-1,1,0,,,,,0,0,0,0,0,67,67,25,,,,,,,,,,,,,,,,,,,,,,,,,,,,,,,,,,,2,-1,,,1,,,,,,,,,,,,,,,,,0,,,,,,,,Sub038,001,2022_Sep_22_1146,2_1_MRI_Rating_SE_RE,2021.2.3,59.99491250442959,
0,1,-1,2,80,-1,1,0,1,,,,,0,0,0,0,0,68,68,56,,,,,,,,,0,0,0,0,0,0,0,0,,,,,,,,,,,,,,,,,,,-1,2,,,0,,,,,,Extremely Likely,1.3122769999999946,0.3122769999999946,484.95761559996754,None,480.2637717006728,None,482.27465490065515,None,80,1,1,483.2769982004538,None,r,1.6633210992440581,483.2769982004538,None,,Sub038,001,2022_Sep_22_1146,2_1_MRI_Rating_SE_RE,2021.2.3,59.99491250442959,
0,1,-1,2,80,-1,1,0,1,,,,,0,0,0,0,0,68,68,56,,,,,,,,,0,0,0,0,,,,,,,,,,,,,,,,,,,,,,,-1,2,,,0,,,,,,,,,,,,,,,,,1,,,,,,,,Sub038,001,2022_Sep_22_1146,2_1_MRI_Rating_SE_RE,2021.2.3,59.99491250442959,
0,1,-1,2,80,-1,1,0,1,,,,,0,0,0,0,0,68,68,56,,,,,,,,,,,,,,,,,,,,,,,,,,,,,,,,,,,-1,2,,,0,,,,,,,,,,,,,,,,,1,,,,,,,,Sub038,001,2022_Sep_22_1146,2_1_MRI_Rating_SE_RE,2021.2.3,59.99491250442959,
0,1,-1,2,80,-1,1,0,1,,,,,0,0,0,0,0,69,69,74,,,,,,,,,0,0,0,0,0,0,0,0,,,,,,,,,,,,,,,,,,,-1,2,,,0,,,,,,Extremely Likely,1.0269165999999927,0.02691659999999274,491.2581312004477,None,486.27849180065095,None,488.29124350007623,None,80,1,1,489.29091770015657,None,r,1.9508758001029491,489.29091770015657,None,,Sub038,001,2022_Sep_22_1146,2_1_MRI_Rating_SE_RE,2021.2.3,59.99491250442959,
0,1,-1,2,80,-1,1,0,1,,,,,0,0,0,0,0,69,69,74,,,,,,,,,0,0,0,0,,,,,,,,,,,,,,,,,,,,,,,-1,2,,,0,,,,,,,,,,,,,,,,,1,,,,,,,,Sub038,001,2022_Sep_22_1146,2_1_MRI_Rating_SE_RE,2021.2.3,59.99491250442959,
0,1,-1,2,80,-1,1,0,1,,,,,0,0,0,0,0,69,69,74,,,,,,,,,,,,,,,,,,,,,,,,,,,,,,,,,,,-1,2,,,0,,,,,,,,,,,,,,,,,1,,,,,,,,Sub038,001,2022_Sep_22_1146,2_1_MRI_Rating_SE_RE,2021.2.3,59.99491250442959,
1,0,2,-1,-1,1,-1,1,0,,,,,0,0,0,0,0,70,70,15,0,0,0,0,0,0,0,0,,,,,,,,,,,,,,,,,,,,,492.296941800043,None,492.296941800043,None,494.3083429001272,None,2,-1,60.35976210084331,1,1,495.3094449006021,None,r,495.3094449006021,None,Extremely Likely,1.3279814999999644,0.3279814999999644,496.9746228000149,None,,,,,,,0,,,,,,,1.6470115995034575,Sub038,001,2022_Sep_22_1146,2_1_MRI_Rating_SE_RE,2021.2.3,59.99491250442959,
1,0,2,-1,-1,1,-1,1,0,,,,,0,0,0,0,0,70,70,15,0,0,0,0,,,,,,,,,,,,,,,,,,,,,,,,,,,,,,,2,-1,,,1,,,,,,,,,,,,,,,,,0,,,,,,,,Sub038,001,2022_Sep_22_1146,2_1_MRI_Rating_SE_RE,2021.2.3,59.99491250442959,
1,0,2,-1,-1,1,-1,1,0,,,,,0,0,0,0,0,70,70,15,,,,,,,,,,,,,,,,,,,,,,,,,,,,,,,,,,,2,-1,,,1,,,,,,,,,,,,,,,,,0,,,,,,,,Sub038,001,2022_Sep_22_1146,2_1_MRI_Rating_SE_RE,2021.2.3,59.99491250442959,
0,1,-1,1,50,-1,3,0,1,,,,,0,0,0,0,0,71,71,88,,,,,,,,,0,0,0,0,0,0,0,0,,,,,,,,,,,,,,,,,,,-1,1,,,0,,,,,,,0.998538300000007,-0.0014616999999930158,505.325474800542,None,498.3174817999825,None,500.32510970067233,None,50,3,1,503.3259266000241,None,None,,503.3259266000241,None,,Sub038,001,2022_Sep_22_1146,2_1_MRI_Rating_SE_RE,2021.2.3,59.99491250442959,
0,1,-1,1,50,-1,3,0,1,,,,,0,0,0,0,0,71,71,88,,,,,,,,,0,0,0,0,,,,,,,,,,,,,,,,,,,,,,,-1,1,,,0,,,,,,,,,,,,,,,,,1,,,,,,,,Sub038,001,2022_Sep_22_1146,2_1_MRI_Rating_SE_RE,2021.2.3,59.99491250442959,
0,1,-1,1,50,-1,3,0,1,,,,,0,0,0,0,0,71,71,88,,,,,,,,,,,,,,,,,,,,,,,,,,,,,,,,,,,-1,1,,,0,,,,,,,,,,,,,,,,,1,,,,,,,,Sub038,001,2022_Sep_22_1146,2_1_MRI_Rating_SE_RE,2021.2.3,59.99491250442959,
1,0,0,-1,-1,2,-1,0,0,,,,,0,0,0,0,0,72,72,10,0,0,0,0,,,,,,,,,,,,,,,,,,,,,,,,,506.3314252002165,None,506.3314252002165,None,508.34218230005354,None,0,-1,11.929718898364241,2,0,,,,,,,,,,,,,,,,,0,,,,,,,,Sub038,001,2022_Sep_22_1146,2_1_MRI_Rating_SE_RE,2021.2.3,59.99491250442959,
1,0,0,-1,-1,2,-1,0,0,,,,,0,0,0,0,0,72,72,10,,,,,,,,,,,,,,,,,,,,,,,,,,,,,,,,,,,0,-1,,,0,,,,,,,,,,,,,,,,,0,,,,,,,,Sub038,001,2022_Sep_22_1146,2_1_MRI_Rating_SE_RE,2021.2.3,59.99491250442959,
0,1,-1,1,50,-1,3,0,0,,,,,0,0,0,0,0,73,73,61,,,,,,,,,0,0,0,0,,,,,,,,,,,,,,,,,,,,,,,-1,1,,,0,,,,,,,,,,,510.3570830002427,None,512.3589845001698,None,50,3,0,,,,,,,,Sub038,001,2022_Sep_22_1146,2_1_MRI_Rating_SE_RE,2021.2.3,59.99491250442959,
0,1,-1,1,50,-1,3,0,0,,,,,0,0,0,0,0,73,73,61,,,,,,,,,,,,,,,,,,,,,,,,,,,,,,,,,,,-1,1,,,0,,,,,,,,,,,,,,,,,0,,,,,,,,Sub038,001,2022_Sep_22_1146,2_1_MRI_Rating_SE_RE,2021.2.3,59.99491250442959,
1,0,1,-1,-1,3,-1,0,0,,,,,0,0,0,0,0,74,74,5,0,0,0,0,,,,,,,,,,,,,,,,,,,,,,,,,515.3626045007259,None,515.3626045007259,None,517.3757818005979,None,1,-1,31.76705644274252,3,0,,,,,,,,,,,,,,,,,0,,,,,,,,Sub038,001,2022_Sep_22_1146,2_1_MRI_Rating_SE_RE,2021.2.3,59.99491250442959,
1,0,1,-1,-1,3,-1,0,0,,,,,0,0,0,0,0,74,74,5,,,,,,,,,,,,,,,,,,,,,,,,,,,,,,,,,,,1,-1,,,0,,,,,,,,,,,,,,,,,0,,,,,,,,Sub038,001,2022_Sep_22_1146,2_1_MRI_Rating_SE_RE,2021.2.3,59.99491250442959,
1,0,0,-1,-1,3,-1,1,0,,,,,0,0,0,0,0,75,75,11,0,0,0,0,0,0,0,0,,,,,,,,,,,,,,,,,,,,,520.3777603004128,None,520.3777603004128,None,522.3922211006284,None,0,-1,11.929718898364241,3,1,525.3928415002301,None,g,525.3928415002301,None,Slightly Likely,2.119760499999984,1.119760499999984,526.2598178004846,None,,,,,,,0,,,,,,,0.8501848001033068,Sub038,001,2022_Sep_22_1146,2_1_MRI_Rating_SE_RE,2021.2.3,59.99491250442959,
1,0,0,-1,-1,3,-1,1,0,,,,,0,0,0,0,0,75,75,11,0,0,0,0,,,,,,,,,,,,,,,,,,,,,,,,,,,,,,,0,-1,,,1,,,,,,,,,,,,,,,,,0,,,,,,,,Sub038,001,2022_Sep_22_1146,2_1_MRI_Rating_SE_RE,2021.2.3,59.99491250442959,
1,0,0,-1,-1,3,-1,1,0,,,,,0,0,0,0,0,75,75,11,,,,,,,,,,,,,,,,,,,,,,,,,,,,,,,,,,,0,-1,,,1,,,,,,,,,,,,,,,,,0,,,,,,,,Sub038,001,2022_Sep_22_1146,2_1_MRI_Rating_SE_RE,2021.2.3,59.99491250442959,
0,1,-1,1,50,-1,1,0,0,,,,,0,0,0,0,0,76,76,55,,,,,,,,,0,0,0,0,,,,,,,,,,,,,,,,,,,,,,,-1,1,,,0,,,,,,,,,,,528.397522199899,None,530.4095381004736,None,50,1,0,,,,,,,,Sub038,001,2022_Sep_22_1146,2_1_MRI_Rating_SE_RE,2021.2.3,59.99491250442959,
0,1,-1,1,50,-1,1,0,0,,,,,0,0,0,0,0,76,76,55,,,,,,,,,,,,,,,,,,,,,,,,,,,,,,,,,,,-1,1,,,0,,,,,,,,,,,,,,,,,0,,,,,,,,Sub038,001,2022_Sep_22_1146,2_1_MRI_Rating_SE_RE,2021.2.3,59.99491250442959,
1,0,0,-1,-1,2,-1,0,0,,,,,0,0,0,0,0,77,77,1,0,0,0,0,,,,,,,,,,,,,,,,,,,,,,,,,531.4111719001085,None,531.4111719001085,None,533.4262054003775,None,0,-1,11.929718898364241,2,0,,,,,,,,,,,,,,,,,0,,,,,,,,Sub038,001,2022_Sep_22_1146,2_1_MRI_Rating_SE_RE,2021.2.3,59.99491250442959,
1,0,0,-1,-1,2,-1,0,0,,,,,0,0,0,0,0,77,77,1,,,,,,,,,,,,,,,,,,,,,,,,,,,,,,,,,,,0,-1,,,0,,,,,,,,,,,,,,,,,0,,,,,,,,Sub038,001,2022_Sep_22_1146,2_1_MRI_Rating_SE_RE,2021.2.3,59.99491250442959,
1,0,1,-1,-1,1,-1,1,0,,,,,0,0,0,0,0,78,78,30,0,0,0,0,0,0,0,0,,,,,,,,,,,,,,,,,,,,,535.4271255005151,None,535.4271255005151,None,537.4266633000225,None,1,-1,31.76705644274252,1,1,538.4263037005439,None,g,538.4263037005439,None,Slightly Likely,1.6046506000000136,0.6046506000000136,539.8269722005352,None,,,,,,,0,,,,,,,1.3776816995814443,Sub038,001,2022_Sep_22_1146,2_1_MRI_Rating_SE_RE,2021.2.3,59.99491250442959,
1,0,1,-1,-1,1,-1,1,0,,,,,0,0,0,0,0,78,78,30,0,0,0,0,,,,,,,,,,,,,,,,,,,,,,,,,,,,,,,1,-1,,,1,,,,,,,,,,,,,,,,,0,,,,,,,,Sub038,001,2022_Sep_22_1146,2_1_MRI_Rating_SE_RE,2021.2.3,59.99491250442959,
1,0,1,-1,-1,1,-1,1,0,,,,,0,0,0,0,0,78,78,30,,,,,,,,,,,,,,,,,,,,,,,,,,,,,,,,,,,1,-1,,,1,,,,,,,,,,,,,,,,,0,,,,,,,,Sub038,001,2022_Sep_22_1146,2_1_MRI_Rating_SE_RE,2021.2.3,59.99491250442959,
0,1,-1,1,50,-1,1,0,1,,,,,0,0,0,0,0,79,79,64,,,,,,,,,0,0,0,0,0,0,0,0,,,,,,,,,,,,,,,,,,,-1,1,,,0,,,,,,,0.9779788999999255,-0.02202110000007451,546.4771591005847,None,541.4469584003091,None,543.4603051999584,None,50,1,1,544.4615919003263,None,None,,544.4615919003263,None,,Sub038,001,2022_Sep_22_1146,2_1_MRI_Rating_SE_RE,2021.2.3,59.99491250442959,
0,1,-1,1,50,-1,1,0,1,,,,,0,0,0,0,0,79,79,64,,,,,,,,,0,0,0,0,,,,,,,,,,,,,,,,,,,,,,,-1,1,,,0,,,,,,,,,,,,,,,,,1,,,,,,,,Sub038,001,2022_Sep_22_1146,2_1_MRI_Rating_SE_RE,2021.2.3,59.99491250442959,
0,1,-1,1,50,-1,1,0,1,,,,,0,0,0,0,0,79,79,64,,,,,,,,,,,,,,,,,,,,,,,,,,,,,,,,,,,-1,1,,,0,,,,,,,,,,,,,,,,,1,,,,,,,,Sub038,001,2022_Sep_22_1146,2_1_MRI_Rating_SE_RE,2021.2.3,59.99491250442959,
1,0,0,-1,-1,1,-1,1,0,,,,,0,0,0,0,0,80,80,36,0,0,0,0,0,0,0,0,,,,,,,,,,,,,,,,,,,,,547.4674070002511,None,547.4674070002511,None,549.476827500388,None,0,-1,11.929718898364241,1,1,550.4771448001266,None,r,550.4771448001266,None,Extremely Likely,1.610301399999912,0.6103013999999121,551.8600245006382,None,,,,,,,0,,,,,,,1.3587832003831863,Sub038,001,2022_Sep_22_1146,2_1_MRI_Rating_SE_RE,2021.2.3,59.99491250442959,
1,0,0,-1,-1,1,-1,1,0,,,,,0,0,0,0,0,80,80,36,0,0,0,0,,,,,,,,,,,,,,,,,,,,,,,,,,,,,,,0,-1,,,1,,,,,,,,,,,,,,,,,0,,,,,,,,Sub038,001,2022_Sep_22_1146,2_1_MRI_Rating_SE_RE,2021.2.3,59.99491250442959,
1,0,0,-1,-1,1,-1,1,0,,,,,0,0,0,0,0,80,80,36,,,,,,,,,,,,,,,,,,,,,,,,,,,,,,,,,,,0,-1,,,1,,,,,,,,,,,,,,,,,0,,,,,,,,Sub038,001,2022_Sep_22_1146,2_1_MRI_Rating_SE_RE,2021.2.3,59.99491250442959,
1,0,1,-1,-1,3,-1,0,0,,,,,0,0,0,0,0,81,81,14,0,0,0,0,,,,,,,,,,,,,,,,,,,,,,,,,553.4846446001902,None,553.4846446001902,None,555.4938416006044,None,1,-1,31.76705644274252,3,0,,,,,,,,,,,,,,,,,0,,,,,,,,Sub038,001,2022_Sep_22_1146,2_1_MRI_Rating_SE_RE,2021.2.3,59.99491250442959,
1,0,1,-1,-1,3,-1,0,0,,,,,0,0,0,0,0,81,81,14,,,,,,,,,,,,,,,,,,,,,,,,,,,,,,,,,,,1,-1,,,0,,,,,,,,,,,,,,,,,0,,,,,,,,Sub038,001,2022_Sep_22_1146,2_1_MRI_Rating_SE_RE,2021.2.3,59.99491250442959,
0,1,-1,0,20,-1,2,0,1,,,,,0,0,0,0,0,82,82,66,,,,,,,,,0,0,0,0,0,0,0,0,,,,,,,,,,,,,,,,,,,-1,0,,,0,,,,,,Slightly Unlikely,2.605762899999945,1.6057628999999451,562.8941171001643,None,558.495671200566,None,560.5105683999136,None,20,2,1,562.5112574007362,None,y,0.36669740080833435,562.5112574007362,None,,Sub038,001,2022_Sep_22_1146,2_1_MRI_Rating_SE_RE,2021.2.3,59.99491250442959,
0,1,-1,0,20,-1,2,0,1,,,,,0,0,0,0,0,82,82,66,,,,,,,,,0,0,0,0,,,,,,,,,,,,,,,,,,,,,,,-1,0,,,0,,,,,,,,,,,,,,,,,1,,,,,,,,Sub038,001,2022_Sep_22_1146,2_1_MRI_Rating_SE_RE,2021.2.3,59.99491250442959,
0,1,-1,0,20,-1,2,0,1,,,,,0,0,0,0,0,82,82,66,,,,,,,,,,,,,,,,,,,,,,,,,,,,,,,,,,,-1,0,,,0,,,,,,,,,,,,,,,,,1,,,,,,,,Sub038,001,2022_Sep_22_1146,2_1_MRI_Rating_SE_RE,2021.2.3,59.99491250442959,
1,0,2,-1,-1,2,-1,0,0,,,,,0,0,0,0,0,83,83,7,0,0,0,0,,,,,,,,,,,,,,,,,,,,,,,,,565.5155596006662,None,565.5155596006662,None,567.5274994000793,None,2,-1,60.35976210084331,2,0,,,,,,,,,,,,,,,,,0,,,,,,,,Sub038,001,2022_Sep_22_1146,2_1_MRI_Rating_SE_RE,2021.2.3,59.99491250442959,
1,0,2,-1,-1,2,-1,0,0,,,,,0,0,0,0,0,83,83,7,,,,,,,,,,,,,,,,,,,,,,,,,,,,,,,,,,,2,-1,,,0,,,,,,,,,,,,,,,,,0,,,,,,,,Sub038,001,2022_Sep_22_1146,2_1_MRI_Rating_SE_RE,2021.2.3,59.99491250442959,
0,1,-1,0,20,-1,3,0,1,,,,,0,0,0,0,0,84,84,78,,,,,,,,,0,0,0,0,0,0,0,0,,,,,,,,,,,,,,,,,,,-1,0,,,0,,,,,,Slightly Unlikely,2.556072599999993,1.5560725999999931,574.9775676000863,None,569.5426655998453,None,571.544559800066,None,20,3,1,574.5462529007345,None,y,0.41072409972548485,574.5462529007345,None,,Sub038,001,2022_Sep_22_1146,2_1_MRI_Rating_SE_RE,2021.2.3,59.99491250442959,
0,1,-1,0,20,-1,3,0,1,,,,,0,0,0,0,0,84,84,78,,,,,,,,,0,0,0,0,,,,,,,,,,,,,,,,,,,,,,,-1,0,,,0,,,,,,,,,,,,,,,,,1,,,,,,,,Sub038,001,2022_Sep_22_1146,2_1_MRI_Rating_SE_RE,2021.2.3,59.99491250442959,
0,1,-1,0,20,-1,3,0,1,,,,,0,0,0,0,0,84,84,78,,,,,,,,,,,,,,,,,,,,,,,,,,,,,,,,,,,-1,0,,,0,,,,,,,,,,,,,,,,,1,,,,,,,,Sub038,001,2022_Sep_22_1146,2_1_MRI_Rating_SE_RE,2021.2.3,59.99491250442959,
0,1,-1,2,80,-1,2,0,1,,,,,0,0,0,0,0,85,85,86,,,,,,,,,0,0,0,0,0,0,0,0,,,,,,,,,,,,,,,,,,,-1,2,,,0,,,,,,Extremely Likely,1.579418099999998,0.579418099999998,582.9781154002994,None,577.551481500268,None,579.561604000628,None,80,2,1,581.5618366003036,None,r,1.38906230032444,581.5618366003036,None,,Sub038,001,2022_Sep_22_1146,2_1_MRI_Rating_SE_RE,2021.2.3,59.99491250442959,
0,1,-1,2,80,-1,2,0,1,,,,,0,0,0,0,0,85,85,86,,,,,,,,,0,0,0,0,,,,,,,,,,,,,,,,,,,,,,,-1,2,,,0,,,,,,,,,,,,,,,,,1,,,,,,,,Sub038,001,2022_Sep_22_1146,2_1_MRI_Rating_SE_RE,2021.2.3,59.99491250442959,
0,1,-1,2,80,-1,2,0,1,,,,,0,0,0,0,0,85,85,86,,,,,,,,,,,,,,,,,,,,,,,,,,,,,,,,,,,-1,2,,,0,,,,,,,,,,,,,,,,,1,,,,,,,,Sub038,001,2022_Sep_22_1146,2_1_MRI_Rating_SE_RE,2021.2.3,59.99491250442959,
0,1,-1,1,50,-1,1,0,1,,,,,0,0,0,0,0,86,86,82,,,,,,,,,0,0,0,0,0,0,0,0,,,,,,,,,,,,,,,,,,,-1,1,,,0,,,,,,Slightly Likely,1.4780719000000317,0.47807190000003175,589.0949779003859,None,584.5669790999964,None,586.5784218003973,None,50,1,1,587.5784081006423,None,g,1.501494700089097,587.5784081006423,None,,Sub038,001,2022_Sep_22_1146,2_1_MRI_Rating_SE_RE,2021.2.3,59.99491250442959,
0,1,-1,1,50,-1,1,0,1,,,,,0,0,0,0,0,86,86,82,,,,,,,,,0,0,0,0,,,,,,,,,,,,,,,,,,,,,,,-1,1,,,0,,,,,,,,,,,,,,,,,1,,,,,,,,Sub038,001,2022_Sep_22_1146,2_1_MRI_Rating_SE_RE,2021.2.3,59.99491250442959,
0,1,-1,1,50,-1,1,0,1,,,,,0,0,0,0,0,86,86,82,,,,,,,,,,,,,,,,,,,,,,,,,,,,,,,,,,,-1,1,,,0,,,,,,,,,,,,,,,,,1,,,,,,,,Sub038,001,2022_Sep_22_1146,2_1_MRI_Rating_SE_RE,2021.2.3,59.99491250442959,
0,1,-1,2,80,-1,3,0,1,,,,,0,0,0,0,0,87,87,71,,,,,,,,,0,0,0,0,0,0,0,0,,,,,,,,,,,,,,,,,,,-1,2,,,0,,,,,,Slightly Likely,1.994266400000015,0.994266400000015,596.5954887000844,None,590.5836315006018,None,592.5951423998922,None,80,3,1,595.5975668998435,None,g,0.9704387998208404,595.5975668998435,None,,Sub038,001,2022_Sep_22_1146,2_1_MRI_Rating_SE_RE,2021.2.3,59.99491250442959,
0,1,-1,2,80,-1,3,0,1,,,,,0,0,0,0,0,87,87,71,,,,,,,,,0,0,0,0,,,,,,,,,,,,,,,,,,,,,,,-1,2,,,0,,,,,,,,,,,,,,,,,1,,,,,,,,Sub038,001,2022_Sep_22_1146,2_1_MRI_Rating_SE_RE,2021.2.3,59.99491250442959,
0,1,-1,2,80,-1,3,0,1,,,,,0,0,0,0,0,87,87,71,,,,,,,,,,,,,,,,,,,,,,,,,,,,,,,,,,,-1,2,,,0,,,,,,,,,,,,,,,,,1,,,,,,,,Sub038,001,2022_Sep_22_1146,2_1_MRI_Rating_SE_RE,2021.2.3,59.99491250442959,
1,0,0,-1,-1,3,-1,1,0,,,,,0,0,0,0,0,88,88,20,0,0,0,0,0,0,0,0,,,,,,,,,,,,,,,,,,,,,598.601646900177,None,598.601646900177,None,600.6124464003369,None,0,-1,11.929718898364241,3,1,603.6125036003068,None,y,603.6125036003068,None,Slightly Unlikely,1.4608597999999802,0.46085979999998017,605.1461642002687,None,,,,,,,0,,,,,,,1.5156431002542377,Sub038,001,2022_Sep_22_1146,2_1_MRI_Rating_SE_RE,2021.2.3,59.99491250442959,
1,0,0,-1,-1,3,-1,1,0,,,,,0,0,0,0,0,88,88,20,0,0,0,0,,,,,,,,,,,,,,,,,,,,,,,,,,,,,,,0,-1,,,1,,,,,,,,,,,,,,,,,0,,,,,,,,Sub038,001,2022_Sep_22_1146,2_1_MRI_Rating_SE_RE,2021.2.3,59.99491250442959,
1,0,0,-1,-1,3,-1,1,0,,,,,0,0,0,0,0,88,88,20,,,,,,,,,,,,,,,,,,,,,,,,,,,,,,,,,,,0,-1,,,1,,,,,,,,,,,,,,,,,0,,,,,,,,Sub038,001,2022_Sep_22_1146,2_1_MRI_Rating_SE_RE,2021.2.3,59.99491250442959,
0,1,-1,0,20,-1,3,0,1,,,,,0,0,0,0,0,89,89,87,,,,,,,,,0,0,0,0,0,0,0,0,,,,,,,,,,,,,,,,,,,-1,0,,,0,,,,,,Slightly Unlikely,1.4105725999999095,0.41057259999990947,613.2128679007292,None,606.6182407001033,None,608.6292593004182,None,20,3,1,611.6300018001348,None,y,1.565850400365889,611.6300018001348,None,,Sub038,001,2022_Sep_22_1146,2_1_MRI_Rating_SE_RE,2021.2.3,59.99491250442959,
0,1,-1,0,20,-1,3,0,1,,,,,0,0,0,0,0,89,89,87,,,,,,,,,0,0,0,0,,,,,,,,,,,,,,,,,,,,,,,-1,0,,,0,,,,,,,,,,,,,,,,,1,,,,,,,,Sub038,001,2022_Sep_22_1146,2_1_MRI_Rating_SE_RE,2021.2.3,59.99491250442959,
0,1,-1,0,20,-1,3,0,1,,,,,0,0,0,0,0,89,89,87,,,,,,,,,,,,,,,,,,,,,,,,,,,,,,,,,,,-1,0,,,0,,,,,,,,,,,,,,,,,1,,,,,,,,Sub038,001,2022_Sep_22_1146,2_1_MRI_Rating_SE_RE,2021.2.3,59.99491250442959,
,,,,,,,,,,,,,0,0,0,0,,,,,,,,,,,,,,,,,,,,,,,,,,,,,,,,,,,,,,,,,,,,,,,,,,,,,,,,,,,,,,,,,,,,Sub038,001,2022_Sep_22_1146,2_1_MRI_Rating_SE_RE,2021.2.3,59.99491250442959,
