﻿Current_Run_SE,Current_Run_RE,current_pair_SE,current_pair_RE,current_card_prob,ITI_SE,ITI_RE,Q_bar,Q_card,start_MRI.thisRepN,start_MRI.thisTrialN,start_MRI.thisN,start_MRI.thisIndex,L_subjects.thisRepN,L_subjects.thisTrialN,L_subjects.thisN,L_subjects.thisIndex,R_subjects.thisRepN,R_subjects.thisTrialN,R_subjects.thisN,R_subjects.thisIndex,Bar_Card_R.thisRepN,Bar_Card_R.thisTrialN,Bar_Card_R.thisN,Bar_Card_R.thisIndex,trials_bar_R.thisRepN,trials_bar_R.thisTrialN,trials_bar_R.thisN,trials_bar_R.thisIndex,trials_card_R.thisRepN,trials_card_R.thisTrialN,trials_card_R.thisN,trials_card_R.thisIndex,Q_card_R.thisRepN,Q_card_R.thisTrialN,Q_card_R.thisN,Q_card_R.thisIndex,Q_bar_R.thisRepN,Q_bar_R.thisTrialN,Q_bar_R.thisN,Q_bar_R.thisIndex,fMR_Instr1_text.started,fMR_Instr1_text.stopped,Ready_text.started,Ready_text.stopped,trigger_2.keys,trigger_2.rt,trigger_2.started,trigger_2.stopped,PairONSET_card_prob_2.started,PairONSET_card_prob_2.stopped,fixOnset_text_ISI_RE.started,fixOnset_text_ISI_RE.stopped,current_pair_SE,current_pair_RE,card_pair,ISI_RE,Q_card,center_OnsetTime.started,center_OnsetTime.stopped,text_SE_9.started,text_SE_9.stopped,fixOnset_text_ISI_SE.started,fixOnset_text_ISI_SE.stopped,target_pair,ISI_SE,Q_bar,PairQuestionONSET_RE_R.started,PairQuestionONSET_RE_R.stopped,key_resp_rating_RE_R.keys,key_resp_rating_RE_R.started,key_resp_rating_RE_R.stopped,Rating_pair,current_ITI,lagTime,fixOnset_text_ITI.started,fixOnset_text_ITI.stopped,PairQuestionONSET.started,PairQuestionONSET.stopped,key_resp_rating_SE_R.keys,key_resp_rating_SE_R.rt,key_resp_rating_SE_R.started,key_resp_rating_SE_R.stopped,key_resp_rating_RE_R.rt,participant,session,date,expName,psychopyVersion,frameRate,
,,,,,,,,,0,0,0,0,,,,,,,,,,,,,,,,,,,,,,,,,,,,,9.110161900000094,None,,,,,,,,,,,,,,,,,,,,,,,,,,,,,,,,,,,,,,,,,,Sub045,001,2022_Sep_26_1544,2_1_MRI_Rating_SE_RE,2021.2.3,59.99340072586862,
0,1,-1,0,20,-1,2,0,0,,,,,,,,,0,0,0,0,0,0,0,48,,,,,0,0,0,0,,,,,,,,,,,109.43733900000007,None,t,11.358583699999144,109.43733900000007,None,120.85154579999653,None,122.84352239999862,None,-1,0,20,2,0,,,,,,,,,0,,,,,,,,,,,,,,,,,,Sub045,001,2022_Sep_26_1544,2_1_MRI_Rating_SE_RE,2021.2.3,59.99340072586862,
0,1,-1,0,20,-1,2,0,0,,,,,,,,,0,0,0,0,0,0,0,48,,,,,,,,,,,,,,,,,,,,,,,,,,,,,-1,0,,,0,,,,,,,,,0,,,,,,,,,,,,,,,,,,Sub045,001,2022_Sep_26_1544,2_1_MRI_Rating_SE_RE,2021.2.3,59.99340072586862,
1,0,1,-1,-1,1,-1,0,0,,,,,,,,,0,0,0,0,0,1,1,12,0,0,0,0,,,,,,,,,,,,,,,,,,,,,,,,,1,-1,,,0,124.86129379999693,None,124.86129379999693,None,126.86080799999763,None,43.47986024412785,1,0,,,,,,,,,,,,,,,,,,Sub045,001,2022_Sep_26_1544,2_1_MRI_Rating_SE_RE,2021.2.3,59.99340072586862,
1,0,1,-1,-1,1,-1,0,0,,,,,,,,,0,0,0,0,0,1,1,12,,,,,,,,,,,,,,,,,,,,,,,,,,,,,1,-1,,,0,,,,,,,,,0,,,,,,,,,,,,,,,,,,Sub045,001,2022_Sep_26_1544,2_1_MRI_Rating_SE_RE,2021.2.3,59.99340072586862,
1,0,1,-1,-1,2,-1,0,0,,,,,,,,,0,0,0,0,0,2,2,4,0,0,0,0,,,,,,,,,,,,,,,,,,,,,,,,,1,-1,,,0,127.87186749999819,None,127.87186749999819,None,129.87779099999898,None,43.47986024412785,2,0,,,,,,,,,,,,,,,,,,Sub045,001,2022_Sep_26_1544,2_1_MRI_Rating_SE_RE,2021.2.3,59.99340072586862,
1,0,1,-1,-1,2,-1,0,0,,,,,,,,,0,0,0,0,0,2,2,4,,,,,,,,,,,,,,,,,,,,,,,,,,,,,1,-1,,,0,,,,,,,,,0,,,,,,,,,,,,,,,,,,Sub045,001,2022_Sep_26_1544,2_1_MRI_Rating_SE_RE,2021.2.3,59.99340072586862,
0,1,-1,1,50,-1,3,0,1,,,,,,,,,0,0,0,0,0,3,3,79,,,,,0,0,0,0,0,0,0,0,,,,,,,,,,,,,131.88461259999895,None,133.8945617999998,None,-1,1,50,3,1,,,,,,,,,0,136.92203549999977,None,None,136.92203549999977,None,,0.9788470999999959,-0.021152900000004138,138.91047019999678,None,,,,,,,,Sub045,001,2022_Sep_26_1544,2_1_MRI_Rating_SE_RE,2021.2.3,59.99340072586862,
0,1,-1,1,50,-1,3,0,1,,,,,,,,,0,0,0,0,0,3,3,79,,,,,0,0,0,0,,,,,,,,,,,,,,,,,,,,,-1,1,,,1,,,,,,,,,0,,,,,,,,,,,,,,,,,,Sub045,001,2022_Sep_26_1544,2_1_MRI_Rating_SE_RE,2021.2.3,59.99340072586862,
0,1,-1,1,50,-1,3,0,1,,,,,,,,,0,0,0,0,0,3,3,79,,,,,,,,,,,,,,,,,,,,,,,,,,,,,-1,1,,,1,,,,,,,,,0,,,,,,,,,,,,,,,,,,Sub045,001,2022_Sep_26_1544,2_1_MRI_Rating_SE_RE,2021.2.3,59.99340072586862,
1,0,0,-1,-1,1,-1,0,0,,,,,,,,,0,0,0,0,0,4,4,9,0,0,0,0,,,,,,,,,,,,,,,,,,,,,,,,,0,-1,,,0,139.9120425000001,None,139.9120425000001,None,141.91145999999935,None,16.32831519620101,1,0,,,,,,,,,,,,,,,,,,Sub045,001,2022_Sep_26_1544,2_1_MRI_Rating_SE_RE,2021.2.3,59.99340072586862,
1,0,0,-1,-1,1,-1,0,0,,,,,,,,,0,0,0,0,0,4,4,9,,,,,,,,,,,,,,,,,,,,,,,,,,,,,0,-1,,,0,,,,,,,,,0,,,,,,,,,,,,,,,,,,Sub045,001,2022_Sep_26_1544,2_1_MRI_Rating_SE_RE,2021.2.3,59.99340072586862,
1,0,1,-1,-1,2,-1,1,0,,,,,,,,,0,0,0,0,0,5,5,13,0,0,0,0,,,,,,,,,0,0,0,0,,,,,,,,,,,,,1,-1,,,0,142.91292829999657,None,142.91292829999657,None,144.9274411999977,None,43.47986024412785,2,1,,,,,,Slightly Likely,2.238043900000008,1.238043900000008,147.6774067999977,None,146.93361579999691,None,y,0.7232144999979937,146.93361579999691,None,,Sub045,001,2022_Sep_26_1544,2_1_MRI_Rating_SE_RE,2021.2.3,59.99340072586862,
1,0,1,-1,-1,2,-1,1,0,,,,,,,,,0,0,0,0,0,5,5,13,0,0,0,0,,,,,,,,,,,,,,,,,,,,,,,,,1,-1,,,0,,,,,,,,,1,,,,,,,,,,,,,,,,,,Sub045,001,2022_Sep_26_1544,2_1_MRI_Rating_SE_RE,2021.2.3,59.99340072586862,
1,0,1,-1,-1,2,-1,1,0,,,,,,,,,0,0,0,0,0,5,5,13,,,,,,,,,,,,,,,,,,,,,,,,,,,,,1,-1,,,0,,,,,,,,,1,,,,,,,,,,,,,,,,,,Sub045,001,2022_Sep_26_1544,2_1_MRI_Rating_SE_RE,2021.2.3,59.99340072586862,
0,1,-1,0,20,-1,3,0,1,,,,,,,,,0,0,0,0,0,6,6,87,,,,,0,0,0,0,0,0,0,0,,,,,,,,,,,,,149.94584039999972,None,151.94489389999944,None,-1,0,20,3,1,,,,,,,,,0,154.94520999999804,None,None,154.94520999999804,None,,1.007659700000005,0.007659700000004932,156.94506829999955,None,,,,,,,,Sub045,001,2022_Sep_26_1544,2_1_MRI_Rating_SE_RE,2021.2.3,59.99340072586862,
0,1,-1,0,20,-1,3,0,1,,,,,,,,,0,0,0,0,0,6,6,87,,,,,0,0,0,0,,,,,,,,,,,,,,,,,,,,,-1,0,,,1,,,,,,,,,0,,,,,,,,,,,,,,,,,,Sub045,001,2022_Sep_26_1544,2_1_MRI_Rating_SE_RE,2021.2.3,59.99340072586862,
0,1,-1,0,20,-1,3,0,1,,,,,,,,,0,0,0,0,0,6,6,87,,,,,,,,,,,,,,,,,,,,,,,,,,,,,-1,0,,,1,,,,,,,,,0,,,,,,,,,,,,,,,,,,Sub045,001,2022_Sep_26_1544,2_1_MRI_Rating_SE_RE,2021.2.3,59.99340072586862,
0,1,-1,2,80,-1,2,0,1,,,,,,,,,0,0,0,0,0,7,7,68,,,,,0,0,0,0,0,0,0,0,,,,,,,,,,,,,157.96687109999766,None,159.9785028999977,None,-1,2,80,2,1,,,,,,,,,0,161.9808447999967,None,b,161.9808447999967,None,Extremely Likely,2.0747015000000033,1.0747015000000033,162.89450020000004,None,,,,,,,0.892106799998146,Sub045,001,2022_Sep_26_1544,2_1_MRI_Rating_SE_RE,2021.2.3,59.99340072586862,
0,1,-1,2,80,-1,2,0,1,,,,,,,,,0,0,0,0,0,7,7,68,,,,,0,0,0,0,,,,,,,,,,,,,,,,,,,,,-1,2,,,1,,,,,,,,,0,,,,,,,,,,,,,,,,,,Sub045,001,2022_Sep_26_1544,2_1_MRI_Rating_SE_RE,2021.2.3,59.99340072586862,
0,1,-1,2,80,-1,2,0,1,,,,,,,,,0,0,0,0,0,7,7,68,,,,,,,,,,,,,,,,,,,,,,,,,,,,,-1,2,,,1,,,,,,,,,0,,,,,,,,,,,,,,,,,,Sub045,001,2022_Sep_26_1544,2_1_MRI_Rating_SE_RE,2021.2.3,59.99340072586862,
0,1,-1,1,50,-1,1,0,1,,,,,,,,,0,0,0,0,0,8,8,82,,,,,0,0,0,0,0,0,0,0,,,,,,,,,,,,,164.98706409999795,None,166.99511079999866,None,-1,1,50,1,1,,,,,,,,,0,167.99809719999757,None,g,167.99809719999757,None,Slightly Unlikely,1.963572699999986,0.9635726999999861,169.0283331999999,None,,,,,,,1.0098109000027762,Sub045,001,2022_Sep_26_1544,2_1_MRI_Rating_SE_RE,2021.2.3,59.99340072586862,
0,1,-1,1,50,-1,1,0,1,,,,,,,,,0,0,0,0,0,8,8,82,,,,,0,0,0,0,,,,,,,,,,,,,,,,,,,,,-1,1,,,1,,,,,,,,,0,,,,,,,,,,,,,,,,,,Sub045,001,2022_Sep_26_1544,2_1_MRI_Rating_SE_RE,2021.2.3,59.99340072586862,
0,1,-1,1,50,-1,1,0,1,,,,,,,,,0,0,0,0,0,8,8,82,,,,,,,,,,,,,,,,,,,,,,,,,,,,,-1,1,,,1,,,,,,,,,0,,,,,,,,,,,,,,,,,,Sub045,001,2022_Sep_26_1544,2_1_MRI_Rating_SE_RE,2021.2.3,59.99340072586862,
1,0,2,-1,-1,2,-1,1,0,,,,,,,,,0,0,0,0,0,9,9,34,0,0,0,0,,,,,,,,,0,0,0,0,,,,,,,,,,,,,2,-1,,,0,171.00342239999736,None,171.00342239999736,None,173.0119498999993,None,82.61495758172609,2,1,,,,,,,0.9941865999999777,-0.005813400000022284,177.01194079999914,None,175.0125119999975,None,None,,175.0125119999975,None,,Sub045,001,2022_Sep_26_1544,2_1_MRI_Rating_SE_RE,2021.2.3,59.99340072586862,
1,0,2,-1,-1,2,-1,1,0,,,,,,,,,0,0,0,0,0,9,9,34,0,0,0,0,,,,,,,,,,,,,,,,,,,,,,,,,2,-1,,,0,,,,,,,,,1,,,,,,,,,,,,,,,,,,Sub045,001,2022_Sep_26_1544,2_1_MRI_Rating_SE_RE,2021.2.3,59.99340072586862,
1,0,2,-1,-1,2,-1,1,0,,,,,,,,,0,0,0,0,0,9,9,34,,,,,,,,,,,,,,,,,,,,,,,,,,,,,2,-1,,,0,,,,,,,,,1,,,,,,,,,,,,,,,,,,Sub045,001,2022_Sep_26_1544,2_1_MRI_Rating_SE_RE,2021.2.3,59.99340072586862,
1,0,0,-1,-1,1,-1,1,0,,,,,,,,,0,0,0,0,0,10,10,36,0,0,0,0,,,,,,,,,0,0,0,0,,,,,,,,,,,,,0,-1,,,0,178.0251524999985,None,178.0251524999985,None,180.02917149999848,None,16.32831519620101,1,1,,,,,,Extremely Unlikely,1.6669150999999829,0.6669150999999829,182.36271639999904,None,181.03014819999953,None,r,1.3157262000022456,181.03014819999953,None,,Sub045,001,2022_Sep_26_1544,2_1_MRI_Rating_SE_RE,2021.2.3,59.99340072586862,
1,0,0,-1,-1,1,-1,1,0,,,,,,,,,0,0,0,0,0,10,10,36,0,0,0,0,,,,,,,,,,,,,,,,,,,,,,,,,0,-1,,,0,,,,,,,,,1,,,,,,,,,,,,,,,,,,Sub045,001,2022_Sep_26_1544,2_1_MRI_Rating_SE_RE,2021.2.3,59.99340072586862,
1,0,0,-1,-1,1,-1,1,0,,,,,,,,,0,0,0,0,0,10,10,36,,,,,,,,,,,,,,,,,,,,,,,,,,,,,0,-1,,,0,,,,,,,,,1,,,,,,,,,,,,,,,,,,Sub045,001,2022_Sep_26_1544,2_1_MRI_Rating_SE_RE,2021.2.3,59.99340072586862,
0,1,-1,2,80,-1,1,0,1,,,,,,,,,0,0,0,0,0,11,11,74,,,,,0,0,0,0,0,0,0,0,,,,,,,,,,,,,184.03449909999836,None,186.04602629999863,None,-1,2,80,1,1,,,,,,,,,0,187.04820049999762,None,y,187.04820049999762,None,Slightly Likely,1.511714899999987,0.511714899999987,188.5296458999983,None,,,,,,,1.4536221999987902,Sub045,001,2022_Sep_26_1544,2_1_MRI_Rating_SE_RE,2021.2.3,59.99340072586862,
0,1,-1,2,80,-1,1,0,1,,,,,,,,,0,0,0,0,0,11,11,74,,,,,0,0,0,0,,,,,,,,,,,,,,,,,,,,,-1,2,,,1,,,,,,,,,0,,,,,,,,,,,,,,,,,,Sub045,001,2022_Sep_26_1544,2_1_MRI_Rating_SE_RE,2021.2.3,59.99340072586862,
0,1,-1,2,80,-1,1,0,1,,,,,,,,,0,0,0,0,0,11,11,74,,,,,,,,,,,,,,,,,,,,,,,,,,,,,-1,2,,,1,,,,,,,,,0,,,,,,,,,,,,,,,,,,Sub045,001,2022_Sep_26_1544,2_1_MRI_Rating_SE_RE,2021.2.3,59.99340072586862,
0,1,-1,2,80,-1,1,0,1,,,,,,,,,0,0,0,0,0,12,12,65,,,,,0,0,0,0,0,0,0,0,,,,,,,,,,,,,190.05147149999902,None,192.06290199999785,None,-1,2,80,1,1,,,,,,,,,0,193.06313229999796,None,y,193.06313229999796,None,Slightly Likely,2.160643499999992,1.160643499999992,193.8960350999987,None,,,,,,,0.8055972999973164,Sub045,001,2022_Sep_26_1544,2_1_MRI_Rating_SE_RE,2021.2.3,59.99340072586862,
0,1,-1,2,80,-1,1,0,1,,,,,,,,,0,0,0,0,0,12,12,65,,,,,0,0,0,0,,,,,,,,,,,,,,,,,,,,,-1,2,,,1,,,,,,,,,0,,,,,,,,,,,,,,,,,,Sub045,001,2022_Sep_26_1544,2_1_MRI_Rating_SE_RE,2021.2.3,59.99340072586862,
0,1,-1,2,80,-1,1,0,1,,,,,,,,,0,0,0,0,0,12,12,65,,,,,,,,,,,,,,,,,,,,,,,,,,,,,-1,2,,,1,,,,,,,,,0,,,,,,,,,,,,,,,,,,Sub045,001,2022_Sep_26_1544,2_1_MRI_Rating_SE_RE,2021.2.3,59.99340072586862,
0,1,-1,2,80,-1,2,0,0,,,,,,,,,0,0,0,0,0,13,13,59,,,,,0,0,0,0,,,,,,,,,,,,,,,,,196.0677435999969,None,198.08028619999823,None,-1,2,80,2,0,,,,,,,,,0,,,,,,,,,,,,,,,,,,Sub045,001,2022_Sep_26_1544,2_1_MRI_Rating_SE_RE,2021.2.3,59.99340072586862,
0,1,-1,2,80,-1,2,0,0,,,,,,,,,0,0,0,0,0,13,13,59,,,,,,,,,,,,,,,,,,,,,,,,,,,,,-1,2,,,0,,,,,,,,,0,,,,,,,,,,,,,,,,,,Sub045,001,2022_Sep_26_1544,2_1_MRI_Rating_SE_RE,2021.2.3,59.99340072586862,
0,1,-1,2,80,-1,3,0,1,,,,,,,,,0,0,0,0,0,14,14,71,,,,,0,0,0,0,0,0,0,0,,,,,,,,,,,,,200.0800311999992,None,202.07997049999904,None,-1,2,80,3,1,,,,,,,,,0,205.08093799999915,None,b,205.08093799999915,None,Extremely Likely,2.004456800000014,1.004456800000014,206.079626499999,None,,,,,,,0.9720626999987871,Sub045,001,2022_Sep_26_1544,2_1_MRI_Rating_SE_RE,2021.2.3,59.99340072586862,
0,1,-1,2,80,-1,3,0,1,,,,,,,,,0,0,0,0,0,14,14,71,,,,,0,0,0,0,,,,,,,,,,,,,,,,,,,,,-1,2,,,1,,,,,,,,,0,,,,,,,,,,,,,,,,,,Sub045,001,2022_Sep_26_1544,2_1_MRI_Rating_SE_RE,2021.2.3,59.99340072586862,
0,1,-1,2,80,-1,3,0,1,,,,,,,,,0,0,0,0,0,14,14,71,,,,,,,,,,,,,,,,,,,,,,,,,,,,,-1,2,,,1,,,,,,,,,0,,,,,,,,,,,,,,,,,,Sub045,001,2022_Sep_26_1544,2_1_MRI_Rating_SE_RE,2021.2.3,59.99340072586862,
1,0,1,-1,-1,1,-1,1,0,,,,,,,,,0,0,0,0,0,15,15,39,0,0,0,0,,,,,,,,,0,0,0,0,,,,,,,,,,,,,1,-1,,,0,208.105935399999,None,208.105935399999,None,210.11347119999846,None,43.47986024412785,1,1,,,,,,Extremely Likely,1.545734600000003,0.545734600000003,212.5632227999995,None,211.1288960999991,None,b,1.419841400002042,211.1288960999991,None,,Sub045,001,2022_Sep_26_1544,2_1_MRI_Rating_SE_RE,2021.2.3,59.99340072586862,
1,0,1,-1,-1,1,-1,1,0,,,,,,,,,0,0,0,0,0,15,15,39,0,0,0,0,,,,,,,,,,,,,,,,,,,,,,,,,1,-1,,,0,,,,,,,,,1,,,,,,,,,,,,,,,,,,Sub045,001,2022_Sep_26_1544,2_1_MRI_Rating_SE_RE,2021.2.3,59.99340072586862,
1,0,1,-1,-1,1,-1,1,0,,,,,,,,,0,0,0,0,0,15,15,39,,,,,,,,,,,,,,,,,,,,,,,,,,,,,1,-1,,,0,,,,,,,,,1,,,,,,,,,,,,,,,,,,Sub045,001,2022_Sep_26_1544,2_1_MRI_Rating_SE_RE,2021.2.3,59.99340072586862,
1,0,2,-1,-1,1,-1,1,0,,,,,,,,,0,0,0,0,0,16,16,42,0,0,0,0,,,,,,,,,0,0,0,0,,,,,,,,,,,,,2,-1,,,0,214.11969009999666,None,214.11969009999666,None,216.13086219999968,None,82.61495758172609,1,1,,,,,,Extremely Likely,2.4084014000000025,1.4084014000000025,217.713439799998,None,217.1305143999998,None,b,0.5674355999981344,217.1305143999998,None,,Sub045,001,2022_Sep_26_1544,2_1_MRI_Rating_SE_RE,2021.2.3,59.99340072586862,
1,0,2,-1,-1,1,-1,1,0,,,,,,,,,0,0,0,0,0,16,16,42,0,0,0,0,,,,,,,,,,,,,,,,,,,,,,,,,2,-1,,,0,,,,,,,,,1,,,,,,,,,,,,,,,,,,Sub045,001,2022_Sep_26_1544,2_1_MRI_Rating_SE_RE,2021.2.3,59.99340072586862,
1,0,2,-1,-1,1,-1,1,0,,,,,,,,,0,0,0,0,0,16,16,42,,,,,,,,,,,,,,,,,,,,,,,,,,,,,2,-1,,,0,,,,,,,,,1,,,,,,,,,,,,,,,,,,Sub045,001,2022_Sep_26_1544,2_1_MRI_Rating_SE_RE,2021.2.3,59.99340072586862,
1,0,1,-1,-1,3,-1,1,0,,,,,,,,,0,0,0,0,0,17,17,41,0,0,0,0,,,,,,,,,0,0,0,0,,,,,,,,,,,,,1,-1,,,0,220.14121759999762,None,220.14121759999762,None,222.14702979999856,None,43.47986024412785,3,1,,,,,,Extremely Likely,2.331302800000003,1.3313028000000031,225.81345169999986,None,225.1478118999985,None,b,0.6369045999999798,225.1478118999985,None,,Sub045,001,2022_Sep_26_1544,2_1_MRI_Rating_SE_RE,2021.2.3,59.99340072586862,
1,0,1,-1,-1,3,-1,1,0,,,,,,,,,0,0,0,0,0,17,17,41,0,0,0,0,,,,,,,,,,,,,,,,,,,,,,,,,1,-1,,,0,,,,,,,,,1,,,,,,,,,,,,,,,,,,Sub045,001,2022_Sep_26_1544,2_1_MRI_Rating_SE_RE,2021.2.3,59.99340072586862,
1,0,1,-1,-1,3,-1,1,0,,,,,,,,,0,0,0,0,0,17,17,41,,,,,,,,,,,,,,,,,,,,,,,,,,,,,1,-1,,,0,,,,,,,,,1,,,,,,,,,,,,,,,,,,Sub045,001,2022_Sep_26_1544,2_1_MRI_Rating_SE_RE,2021.2.3,59.99340072586862,
1,0,0,-1,-1,2,-1,1,0,,,,,,,,,0,0,0,0,0,18,18,37,0,0,0,0,,,,,,,,,0,0,0,0,,,,,,,,,,,,,0,-1,,,0,228.15575609999723,None,228.15575609999723,None,230.16442529999767,None,16.32831519620101,2,1,,,,,,Extremely Unlikely,2.4926130000000057,1.4926130000000057,232.66392110000015,None,232.17944720000014,None,r,0.46033170000009704,232.17944720000014,None,,Sub045,001,2022_Sep_26_1544,2_1_MRI_Rating_SE_RE,2021.2.3,59.99340072586862,
1,0,0,-1,-1,2,-1,1,0,,,,,,,,,0,0,0,0,0,18,18,37,0,0,0,0,,,,,,,,,,,,,,,,,,,,,,,,,0,-1,,,0,,,,,,,,,1,,,,,,,,,,,,,,,,,,Sub045,001,2022_Sep_26_1544,2_1_MRI_Rating_SE_RE,2021.2.3,59.99340072586862,
1,0,0,-1,-1,2,-1,1,0,,,,,,,,,0,0,0,0,0,18,18,37,,,,,,,,,,,,,,,,,,,,,,,,,,,,,0,-1,,,0,,,,,,,,,1,,,,,,,,,,,,,,,,,,Sub045,001,2022_Sep_26_1544,2_1_MRI_Rating_SE_RE,2021.2.3,59.99340072586862,
1,0,0,-1,-1,2,-1,1,0,,,,,,,,,0,0,0,0,0,19,19,28,0,0,0,0,,,,,,,,,0,0,0,0,,,,,,,,,,,,,0,-1,,,0,235.1698918999973,None,235.1698918999973,None,237.18163289999939,None,16.32831519620101,2,1,,,,,,Extremely Unlikely,2.459828399999992,1.4598283999999921,239.71429609999905,None,239.1815476999982,None,r,0.5021554000013566,239.1815476999982,None,,Sub045,001,2022_Sep_26_1544,2_1_MRI_Rating_SE_RE,2021.2.3,59.99340072586862,
1,0,0,-1,-1,2,-1,1,0,,,,,,,,,0,0,0,0,0,19,19,28,0,0,0,0,,,,,,,,,,,,,,,,,,,,,,,,,0,-1,,,0,,,,,,,,,1,,,,,,,,,,,,,,,,,,Sub045,001,2022_Sep_26_1544,2_1_MRI_Rating_SE_RE,2021.2.3,59.99340072586862,
1,0,0,-1,-1,2,-1,1,0,,,,,,,,,0,0,0,0,0,19,19,28,,,,,,,,,,,,,,,,,,,,,,,,,,,,,0,-1,,,0,,,,,,,,,1,,,,,,,,,,,,,,,,,,Sub045,001,2022_Sep_26_1544,2_1_MRI_Rating_SE_RE,2021.2.3,59.99340072586862,
0,1,-1,2,80,-1,3,0,0,,,,,,,,,0,0,0,0,0,20,20,62,,,,,0,0,0,0,,,,,,,,,,,,,,,,,242.18626309999672,None,244.1979001999971,None,-1,2,80,3,0,,,,,,,,,0,,,,,,,,,,,,,,,,,,Sub045,001,2022_Sep_26_1544,2_1_MRI_Rating_SE_RE,2021.2.3,59.99340072586862,
0,1,-1,2,80,-1,3,0,0,,,,,,,,,0,0,0,0,0,20,20,62,,,,,,,,,,,,,,,,,,,,,,,,,,,,,-1,2,,,0,,,,,,,,,0,,,,,,,,,,,,,,,,,,Sub045,001,2022_Sep_26_1544,2_1_MRI_Rating_SE_RE,2021.2.3,59.99340072586862,
0,1,-1,0,20,-1,2,0,1,,,,,,,,,0,0,0,0,0,21,21,75,,,,,0,0,0,0,0,0,0,0,,,,,,,,,,,,,247.1988210999989,None,249.1989063999972,None,-1,0,20,2,1,,,,,,,,,0,251.20025069999974,None,None,251.20025069999974,None,,0.9918471000000011,-0.008152899999998908,253.21489409999776,None,,,,,,,,Sub045,001,2022_Sep_26_1544,2_1_MRI_Rating_SE_RE,2021.2.3,59.99340072586862,
0,1,-1,0,20,-1,2,0,1,,,,,,,,,0,0,0,0,0,21,21,75,,,,,0,0,0,0,,,,,,,,,,,,,,,,,,,,,-1,0,,,1,,,,,,,,,0,,,,,,,,,,,,,,,,,,Sub045,001,2022_Sep_26_1544,2_1_MRI_Rating_SE_RE,2021.2.3,59.99340072586862,
0,1,-1,0,20,-1,2,0,1,,,,,,,,,0,0,0,0,0,21,21,75,,,,,,,,,,,,,,,,,,,,,,,,,,,,,-1,0,,,1,,,,,,,,,0,,,,,,,,,,,,,,,,,,Sub045,001,2022_Sep_26_1544,2_1_MRI_Rating_SE_RE,2021.2.3,59.99340072586862,
0,1,-1,0,20,-1,3,0,1,,,,,,,,,0,0,0,0,0,22,22,60,,,,,0,0,0,0,0,0,0,0,,,,,,,,,,,,,254.21933809999973,None,256.2318626999986,None,-1,0,20,3,1,,,,,,,,,0,259.2323213999989,None,r,259.2323213999989,None,Extremely Unlikely,2.2609654000000035,1.2609654000000035,259.9648776999966,None,,,,,,,0.7124624000025506,Sub045,001,2022_Sep_26_1544,2_1_MRI_Rating_SE_RE,2021.2.3,59.99340072586862,
0,1,-1,0,20,-1,3,0,1,,,,,,,,,0,0,0,0,0,22,22,60,,,,,0,0,0,0,,,,,,,,,,,,,,,,,,,,,-1,0,,,1,,,,,,,,,0,,,,,,,,,,,,,,,,,,Sub045,001,2022_Sep_26_1544,2_1_MRI_Rating_SE_RE,2021.2.3,59.99340072586862,
0,1,-1,0,20,-1,3,0,1,,,,,,,,,0,0,0,0,0,22,22,60,,,,,,,,,,,,,,,,,,,,,,,,,,,,,-1,0,,,1,,,,,,,,,0,,,,,,,,,,,,,,,,,,Sub045,001,2022_Sep_26_1544,2_1_MRI_Rating_SE_RE,2021.2.3,59.99340072586862,
1,0,2,-1,-1,3,-1,1,0,,,,,,,,,0,0,0,0,0,23,23,35,0,0,0,0,,,,,,,,,0,0,0,0,,,,,,,,,,,,,2,-1,,,0,262.23912779999955,None,262.23912779999955,None,264.2489306999996,None,82.61495758172609,3,1,,,,,,Extremely Likely,2.177451299999973,1.177451299999973,268.0651609999986,None,267.24985529999685,None,b,0.7974337999985437,267.24985529999685,None,,Sub045,001,2022_Sep_26_1544,2_1_MRI_Rating_SE_RE,2021.2.3,59.99340072586862,
1,0,2,-1,-1,3,-1,1,0,,,,,,,,,0,0,0,0,0,23,23,35,0,0,0,0,,,,,,,,,,,,,,,,,,,,,,,,,2,-1,,,0,,,,,,,,,1,,,,,,,,,,,,,,,,,,Sub045,001,2022_Sep_26_1544,2_1_MRI_Rating_SE_RE,2021.2.3,59.99340072586862,
1,0,2,-1,-1,3,-1,1,0,,,,,,,,,0,0,0,0,0,23,23,35,,,,,,,,,,,,,,,,,,,,,,,,,,,,,2,-1,,,0,,,,,,,,,1,,,,,,,,,,,,,,,,,,Sub045,001,2022_Sep_26_1544,2_1_MRI_Rating_SE_RE,2021.2.3,59.99340072586862,
1,0,1,-1,-1,3,-1,0,0,,,,,,,,,0,0,0,0,0,24,24,14,0,0,0,0,,,,,,,,,,,,,,,,,,,,,,,,,1,-1,,,0,270.25828219999676,None,270.25828219999676,None,272.26554119999855,None,43.47986024412785,3,0,,,,,,,,,,,,,,,,,,Sub045,001,2022_Sep_26_1544,2_1_MRI_Rating_SE_RE,2021.2.3,59.99340072586862,
1,0,1,-1,-1,3,-1,0,0,,,,,,,,,0,0,0,0,0,24,24,14,,,,,,,,,,,,,,,,,,,,,,,,,,,,,1,-1,,,0,,,,,,,,,0,,,,,,,,,,,,,,,,,,Sub045,001,2022_Sep_26_1544,2_1_MRI_Rating_SE_RE,2021.2.3,59.99340072586862,
1,0,1,-1,-1,1,-1,1,0,,,,,,,,,0,0,0,0,0,25,25,30,0,0,0,0,,,,,,,,,0,0,0,0,,,,,,,,,,,,,1,-1,,,0,275.2699607999966,None,275.2699607999966,None,277.28220839999994,None,43.47986024412785,1,1,,,,,,Slightly Likely,2.3563870000000406,1.3563870000000406,278.91639499999656,None,278.2860570999983,None,y,0.6044674000004306,278.2860570999983,None,,Sub045,001,2022_Sep_26_1544,2_1_MRI_Rating_SE_RE,2021.2.3,59.99340072586862,
1,0,1,-1,-1,1,-1,1,0,,,,,,,,,0,0,0,0,0,25,25,30,0,0,0,0,,,,,,,,,,,,,,,,,,,,,,,,,1,-1,,,0,,,,,,,,,1,,,,,,,,,,,,,,,,,,Sub045,001,2022_Sep_26_1544,2_1_MRI_Rating_SE_RE,2021.2.3,59.99340072586862,
1,0,1,-1,-1,1,-1,1,0,,,,,,,,,0,0,0,0,0,25,25,30,,,,,,,,,,,,,,,,,,,,,,,,,,,,,1,-1,,,0,,,,,,,,,1,,,,,,,,,,,,,,,,,,Sub045,001,2022_Sep_26_1544,2_1_MRI_Rating_SE_RE,2021.2.3,59.99340072586862,
0,1,-1,2,80,-1,1,0,1,,,,,,,,,0,0,0,0,0,26,26,56,,,,,0,0,0,0,0,0,0,0,,,,,,,,,,,,,281.2900978999969,None,283.29937979999886,None,-1,2,80,1,1,,,,,,,,,0,284.3013498,None,b,284.3013498,None,Extremely Likely,2.294664800000021,1.294664800000021,284.99912570000015,None,,,,,,,0.6774036999995587,Sub045,001,2022_Sep_26_1544,2_1_MRI_Rating_SE_RE,2021.2.3,59.99340072586862,
0,1,-1,2,80,-1,1,0,1,,,,,,,,,0,0,0,0,0,26,26,56,,,,,0,0,0,0,,,,,,,,,,,,,,,,,,,,,-1,2,,,1,,,,,,,,,0,,,,,,,,,,,,,,,,,,Sub045,001,2022_Sep_26_1544,2_1_MRI_Rating_SE_RE,2021.2.3,59.99340072586862,
0,1,-1,2,80,-1,1,0,1,,,,,,,,,0,0,0,0,0,26,26,56,,,,,,,,,,,,,,,,,,,,,,,,,,,,,-1,2,,,1,,,,,,,,,0,,,,,,,,,,,,,,,,,,Sub045,001,2022_Sep_26_1544,2_1_MRI_Rating_SE_RE,2021.2.3,59.99340072586862,
1,0,2,-1,-1,1,-1,1,0,,,,,,,,,0,0,0,0,0,27,27,33,0,0,0,0,,,,,,,,,0,0,0,0,,,,,,,,,,,,,2,-1,,,0,287.3053224999967,None,287.3053224999967,None,289.31639709999945,None,82.61495758172609,1,1,,,,,,Extremely Likely,2.5600295000000415,1.5600295000000415,290.7497111999983,None,290.31671449999703,None,b,0.4120541000011144,290.31671449999703,None,,Sub045,001,2022_Sep_26_1544,2_1_MRI_Rating_SE_RE,2021.2.3,59.99340072586862,
1,0,2,-1,-1,1,-1,1,0,,,,,,,,,0,0,0,0,0,27,27,33,0,0,0,0,,,,,,,,,,,,,,,,,,,,,,,,,2,-1,,,0,,,,,,,,,1,,,,,,,,,,,,,,,,,,Sub045,001,2022_Sep_26_1544,2_1_MRI_Rating_SE_RE,2021.2.3,59.99340072586862,
1,0,2,-1,-1,1,-1,1,0,,,,,,,,,0,0,0,0,0,27,27,33,,,,,,,,,,,,,,,,,,,,,,,,,,,,,2,-1,,,0,,,,,,,,,1,,,,,,,,,,,,,,,,,,Sub045,001,2022_Sep_26_1544,2_1_MRI_Rating_SE_RE,2021.2.3,59.99340072586862,
1,0,0,-1,-1,3,-1,1,0,,,,,,,,,0,0,0,0,0,28,28,29,0,0,0,0,,,,,,,,,0,0,0,0,,,,,,,,,,,,,0,-1,,,0,293.32376779999686,None,293.32376779999686,None,295.3330137999983,None,16.32831519620101,3,1,,,,,,Extremely Unlikely,2.5116555999999832,1.5116555999999832,298.8165278999986,None,298.348640799999,None,r,0.4498793000020669,298.348640799999,None,,Sub045,001,2022_Sep_26_1544,2_1_MRI_Rating_SE_RE,2021.2.3,59.99340072586862,
1,0,0,-1,-1,3,-1,1,0,,,,,,,,,0,0,0,0,0,28,28,29,0,0,0,0,,,,,,,,,,,,,,,,,,,,,,,,,0,-1,,,0,,,,,,,,,1,,,,,,,,,,,,,,,,,,Sub045,001,2022_Sep_26_1544,2_1_MRI_Rating_SE_RE,2021.2.3,59.99340072586862,
1,0,0,-1,-1,3,-1,1,0,,,,,,,,,0,0,0,0,0,28,28,29,,,,,,,,,,,,,,,,,,,,,,,,,,,,,0,-1,,,0,,,,,,,,,1,,,,,,,,,,,,,,,,,,Sub045,001,2022_Sep_26_1544,2_1_MRI_Rating_SE_RE,2021.2.3,59.99340072586862,
0,1,-1,0,20,-1,3,0,1,,,,,,,,,0,0,0,0,0,29,29,78,,,,,0,0,0,0,0,0,0,0,,,,,,,,,,,,,301.3425747000001,None,303.3503306999992,None,-1,0,20,3,1,,,,,,,,,0,306.35269629999675,None,r,306.35269629999675,None,Extremely Unlikely,2.4643637000000354,1.4643637000000354,306.88328120000006,None,,,,,,,0.5148936999976286,Sub045,001,2022_Sep_26_1544,2_1_MRI_Rating_SE_RE,2021.2.3,59.99340072586862,
0,1,-1,0,20,-1,3,0,1,,,,,,,,,0,0,0,0,0,29,29,78,,,,,0,0,0,0,,,,,,,,,,,,,,,,,,,,,-1,0,,,1,,,,,,,,,0,,,,,,,,,,,,,,,,,,Sub045,001,2022_Sep_26_1544,2_1_MRI_Rating_SE_RE,2021.2.3,59.99340072586862,
0,1,-1,0,20,-1,3,0,1,,,,,,,,,0,0,0,0,0,29,29,78,,,,,,,,,,,,,,,,,,,,,,,,,,,,,-1,0,,,1,,,,,,,,,0,,,,,,,,,,,,,,,,,,Sub045,001,2022_Sep_26_1544,2_1_MRI_Rating_SE_RE,2021.2.3,59.99340072586862,
0,1,-1,0,20,-1,1,0,1,,,,,,,,,0,0,0,0,0,30,30,72,,,,,0,0,0,0,0,0,0,0,,,,,,,,,,,,,309.3545750999983,None,311.36724049999975,None,-1,0,20,1,1,,,,,,,,,0,312.36937959999705,None,r,312.36937959999705,None,Extremely Unlikely,2.208739199999968,1.2087391999999682,313.1501217999976,None,,,,,,,0.7635878000000957,Sub045,001,2022_Sep_26_1544,2_1_MRI_Rating_SE_RE,2021.2.3,59.99340072586862,
0,1,-1,0,20,-1,1,0,1,,,,,,,,,0,0,0,0,0,30,30,72,,,,,0,0,0,0,,,,,,,,,,,,,,,,,,,,,-1,0,,,1,,,,,,,,,0,,,,,,,,,,,,,,,,,,Sub045,001,2022_Sep_26_1544,2_1_MRI_Rating_SE_RE,2021.2.3,59.99340072586862,
0,1,-1,0,20,-1,1,0,1,,,,,,,,,0,0,0,0,0,30,30,72,,,,,,,,,,,,,,,,,,,,,,,,,,,,,-1,0,,,1,,,,,,,,,0,,,,,,,,,,,,,,,,,,Sub045,001,2022_Sep_26_1544,2_1_MRI_Rating_SE_RE,2021.2.3,59.99340072586862,
0,1,-1,2,80,-1,2,0,1,,,,,,,,,0,0,0,0,0,31,31,77,,,,,0,0,0,0,0,0,0,0,,,,,,,,,,,,,315.37280159999864,None,317.3840429999982,None,-1,2,80,2,1,,,,,,,,,0,319.38516209999943,None,b,319.38516209999943,None,Extremely Likely,2.511079300000006,1.5110793000000058,319.867947499999,None,,,,,,,0.46638529999836464,Sub045,001,2022_Sep_26_1544,2_1_MRI_Rating_SE_RE,2021.2.3,59.99340072586862,
0,1,-1,2,80,-1,2,0,1,,,,,,,,,0,0,0,0,0,31,31,77,,,,,0,0,0,0,,,,,,,,,,,,,,,,,,,,,-1,2,,,1,,,,,,,,,0,,,,,,,,,,,,,,,,,,Sub045,001,2022_Sep_26_1544,2_1_MRI_Rating_SE_RE,2021.2.3,59.99340072586862,
0,1,-1,2,80,-1,2,0,1,,,,,,,,,0,0,0,0,0,31,31,77,,,,,,,,,,,,,,,,,,,,,,,,,,,,,-1,2,,,1,,,,,,,,,0,,,,,,,,,,,,,,,,,,Sub045,001,2022_Sep_26_1544,2_1_MRI_Rating_SE_RE,2021.2.3,59.99340072586862,
0,1,-1,0,20,-1,1,0,0,,,,,,,,,0,0,0,0,0,32,32,45,,,,,0,0,0,0,,,,,,,,,,,,,,,,,322.38922159999856,None,324.4014173999967,None,-1,0,20,1,0,,,,,,,,,0,,,,,,,,,,,,,,,,,,Sub045,001,2022_Sep_26_1544,2_1_MRI_Rating_SE_RE,2021.2.3,59.99340072586862,
0,1,-1,0,20,-1,1,0,0,,,,,,,,,0,0,0,0,0,32,32,45,,,,,,,,,,,,,,,,,,,,,,,,,,,,,-1,0,,,0,,,,,,,,,0,,,,,,,,,,,,,,,,,,Sub045,001,2022_Sep_26_1544,2_1_MRI_Rating_SE_RE,2021.2.3,59.99340072586862,
0,1,-1,1,50,-1,3,0,0,,,,,,,,,0,0,0,0,0,33,33,52,,,,,0,0,0,0,,,,,,,,,,,,,,,,,325.4021954999989,None,327.40109519999896,None,-1,1,50,3,0,,,,,,,,,0,,,,,,,,,,,,,,,,,,Sub045,001,2022_Sep_26_1544,2_1_MRI_Rating_SE_RE,2021.2.3,59.99340072586862,
0,1,-1,1,50,-1,3,0,0,,,,,,,,,0,0,0,0,0,33,33,52,,,,,,,,,,,,,,,,,,,,,,,,,,,,,-1,1,,,0,,,,,,,,,0,,,,,,,,,,,,,,,,,,Sub045,001,2022_Sep_26_1544,2_1_MRI_Rating_SE_RE,2021.2.3,59.99340072586862,
1,0,2,-1,-1,3,-1,1,0,,,,,,,,,0,0,0,0,0,34,34,44,0,0,0,0,,,,,,,,,0,0,0,0,,,,,,,,,,,,,2,-1,,,0,330.4034717999966,None,330.4034717999966,None,332.41773359999934,None,82.61495758172609,3,1,,,,,,Slightly Unlikely,1.5701257999999712,0.5701257999999712,336.834253099998,None,335.41915679999875,None,g,1.3944655000013881,335.41915679999875,None,,Sub045,001,2022_Sep_26_1544,2_1_MRI_Rating_SE_RE,2021.2.3,59.99340072586862,
1,0,2,-1,-1,3,-1,1,0,,,,,,,,,0,0,0,0,0,34,34,44,0,0,0,0,,,,,,,,,,,,,,,,,,,,,,,,,2,-1,,,0,,,,,,,,,1,,,,,,,,,,,,,,,,,,Sub045,001,2022_Sep_26_1544,2_1_MRI_Rating_SE_RE,2021.2.3,59.99340072586862,
1,0,2,-1,-1,3,-1,1,0,,,,,,,,,0,0,0,0,0,34,34,44,,,,,,,,,,,,,,,,,,,,,,,,,,,,,2,-1,,,0,,,,,,,,,1,,,,,,,,,,,,,,,,,,Sub045,001,2022_Sep_26_1544,2_1_MRI_Rating_SE_RE,2021.2.3,59.99340072586862,
1,0,2,-1,-1,3,-1,1,0,,,,,,,,,0,0,0,0,0,35,35,26,0,0,0,0,,,,,,,,,0,0,0,0,,,,,,,,,,,,,2,-1,,,0,338.42459699999745,None,338.42459699999745,None,340.43531079999957,None,82.61495758172609,3,1,,,,,,Slightly Likely,1.6612116000000015,0.6612116000000015,344.76832139999897,None,343.4355026999983,None,y,1.3110358000012639,343.4355026999983,None,,Sub045,001,2022_Sep_26_1544,2_1_MRI_Rating_SE_RE,2021.2.3,59.99340072586862,
1,0,2,-1,-1,3,-1,1,0,,,,,,,,,0,0,0,0,0,35,35,26,0,0,0,0,,,,,,,,,,,,,,,,,,,,,,,,,2,-1,,,0,,,,,,,,,1,,,,,,,,,,,,,,,,,,Sub045,001,2022_Sep_26_1544,2_1_MRI_Rating_SE_RE,2021.2.3,59.99340072586862,
1,0,2,-1,-1,3,-1,1,0,,,,,,,,,0,0,0,0,0,35,35,26,,,,,,,,,,,,,,,,,,,,,,,,,,,,,2,-1,,,0,,,,,,,,,1,,,,,,,,,,,,,,,,,,Sub045,001,2022_Sep_26_1544,2_1_MRI_Rating_SE_RE,2021.2.3,59.99340072586862,
1,0,1,-1,-1,1,-1,0,0,,,,,,,,,0,0,0,0,0,36,36,3,0,0,0,0,,,,,,,,,,,,,,,,,,,,,,,,,1,-1,,,0,346.4429031999971,None,346.4429031999971,None,348.451540799997,None,43.47986024412785,1,0,,,,,,,,,,,,,,,,,,Sub045,001,2022_Sep_26_1544,2_1_MRI_Rating_SE_RE,2021.2.3,59.99340072586862,
1,0,1,-1,-1,1,-1,0,0,,,,,,,,,0,0,0,0,0,36,36,3,,,,,,,,,,,,,,,,,,,,,,,,,,,,,1,-1,,,0,,,,,,,,,0,,,,,,,,,,,,,,,,,,Sub045,001,2022_Sep_26_1544,2_1_MRI_Rating_SE_RE,2021.2.3,59.99340072586862,
0,1,-1,1,50,-1,2,0,1,,,,,,,,,0,0,0,0,0,37,37,85,,,,,0,0,0,0,0,0,0,0,,,,,,,,,,,,,349.4552760999977,None,351.46931179999956,None,-1,1,50,2,1,,,,,,,,,0,353.48392109999986,None,y,353.48392109999986,None,Slightly Likely,1.6736627000000226,0.6736627000000226,354.7850225999973,None,,,,,,,1.283660699999018,Sub045,001,2022_Sep_26_1544,2_1_MRI_Rating_SE_RE,2021.2.3,59.99340072586862,
0,1,-1,1,50,-1,2,0,1,,,,,,,,,0,0,0,0,0,37,37,85,,,,,0,0,0,0,,,,,,,,,,,,,,,,,,,,,-1,1,,,1,,,,,,,,,0,,,,,,,,,,,,,,,,,,Sub045,001,2022_Sep_26_1544,2_1_MRI_Rating_SE_RE,2021.2.3,59.99340072586862,
0,1,-1,1,50,-1,2,0,1,,,,,,,,,0,0,0,0,0,37,37,85,,,,,,,,,,,,,,,,,,,,,,,,,,,,,-1,1,,,1,,,,,,,,,0,,,,,,,,,,,,,,,,,,Sub045,001,2022_Sep_26_1544,2_1_MRI_Rating_SE_RE,2021.2.3,59.99340072586862,
0,1,-1,1,50,-1,1,0,0,,,,,,,,,0,0,0,0,0,38,38,55,,,,,0,0,0,0,,,,,,,,,,,,,,,,,356.47340749999785,None,358.48634329999913,None,-1,1,50,1,0,,,,,,,,,0,,,,,,,,,,,,,,,,,,Sub045,001,2022_Sep_26_1544,2_1_MRI_Rating_SE_RE,2021.2.3,59.99340072586862,
0,1,-1,1,50,-1,1,0,0,,,,,,,,,0,0,0,0,0,38,38,55,,,,,,,,,,,,,,,,,,,,,,,,,,,,,-1,1,,,0,,,,,,,,,0,,,,,,,,,,,,,,,,,,Sub045,001,2022_Sep_26_1544,2_1_MRI_Rating_SE_RE,2021.2.3,59.99340072586862,
0,1,-1,1,50,-1,2,0,1,,,,,,,,,0,0,0,0,0,39,39,76,,,,,0,0,0,0,0,0,0,0,,,,,,,,,,,,,359.48587309999857,None,361.486334899997,None,-1,1,50,2,1,,,,,,,,,0,363.48578319999797,None,y,363.48578319999797,None,Slightly Likely,1.4389729000000102,0.4389729000000102,365.05208499999935,None,,,,,,,1.5490320999997493,Sub045,001,2022_Sep_26_1544,2_1_MRI_Rating_SE_RE,2021.2.3,59.99340072586862,
0,1,-1,1,50,-1,2,0,1,,,,,,,,,0,0,0,0,0,39,39,76,,,,,0,0,0,0,,,,,,,,,,,,,,,,,,,,,-1,1,,,1,,,,,,,,,0,,,,,,,,,,,,,,,,,,Sub045,001,2022_Sep_26_1544,2_1_MRI_Rating_SE_RE,2021.2.3,59.99340072586862,
0,1,-1,1,50,-1,2,0,1,,,,,,,,,0,0,0,0,0,39,39,76,,,,,,,,,,,,,,,,,,,,,,,,,,,,,-1,1,,,1,,,,,,,,,0,,,,,,,,,,,,,,,,,,Sub045,001,2022_Sep_26_1544,2_1_MRI_Rating_SE_RE,2021.2.3,59.99340072586862,
1,0,1,-1,-1,2,-1,1,0,,,,,,,,,0,0,0,0,0,40,40,22,0,0,0,0,,,,,,,,,0,0,0,0,,,,,,,,,,,,,1,-1,,,0,366.51131069999974,None,366.51131069999974,None,368.5194252000001,None,43.47986024412785,2,1,,,,,,Slightly Unlikely,1.4775678999999968,0.4775678999999968,372.03606939999736,None,370.52017579999665,None,g,1.4983055999982753,370.52017579999665,None,,Sub045,001,2022_Sep_26_1544,2_1_MRI_Rating_SE_RE,2021.2.3,59.99340072586862,
1,0,1,-1,-1,2,-1,1,0,,,,,,,,,0,0,0,0,0,40,40,22,0,0,0,0,,,,,,,,,,,,,,,,,,,,,,,,,1,-1,,,0,,,,,,,,,1,,,,,,,,,,,,,,,,,,Sub045,001,2022_Sep_26_1544,2_1_MRI_Rating_SE_RE,2021.2.3,59.99340072586862,
1,0,1,-1,-1,2,-1,1,0,,,,,,,,,0,0,0,0,0,40,40,22,,,,,,,,,,,,,,,,,,,,,,,,,,,,,1,-1,,,0,,,,,,,,,1,,,,,,,,,,,,,,,,,,Sub045,001,2022_Sep_26_1544,2_1_MRI_Rating_SE_RE,2021.2.3,59.99340072586862,
0,1,-1,2,80,-1,3,0,1,,,,,,,,,0,0,0,0,0,41,41,80,,,,,0,0,0,0,0,0,0,0,,,,,,,,,,,,,373.5292002999995,None,375.5363340999975,None,-1,2,80,3,1,,,,,,,,,0,378.537931699997,None,b,378.537931699997,None,Extremely Likely,2.0964479000000438,1.0964479000000438,379.436052699999,None,,,,,,,0.8715139999985695,Sub045,001,2022_Sep_26_1544,2_1_MRI_Rating_SE_RE,2021.2.3,59.99340072586862,
0,1,-1,2,80,-1,3,0,1,,,,,,,,,0,0,0,0,0,41,41,80,,,,,0,0,0,0,,,,,,,,,,,,,,,,,,,,,-1,2,,,1,,,,,,,,,0,,,,,,,,,,,,,,,,,,Sub045,001,2022_Sep_26_1544,2_1_MRI_Rating_SE_RE,2021.2.3,59.99340072586862,
0,1,-1,2,80,-1,3,0,1,,,,,,,,,0,0,0,0,0,41,41,80,,,,,,,,,,,,,,,,,,,,,,,,,,,,,-1,2,,,1,,,,,,,,,0,,,,,,,,,,,,,,,,,,Sub045,001,2022_Sep_26_1544,2_1_MRI_Rating_SE_RE,2021.2.3,59.99340072586862,
0,1,-1,0,20,-1,3,0,0,,,,,,,,,0,0,0,0,0,42,42,51,,,,,0,0,0,0,,,,,,,,,,,,,,,,,381.5414346999969,None,383.55348019999656,None,-1,0,20,3,0,,,,,,,,,0,,,,,,,,,,,,,,,,,,Sub045,001,2022_Sep_26_1544,2_1_MRI_Rating_SE_RE,2021.2.3,59.99340072586862,
0,1,-1,0,20,-1,3,0,0,,,,,,,,,0,0,0,0,0,42,42,51,,,,,,,,,,,,,,,,,,,,,,,,,,,,,-1,0,,,0,,,,,,,,,0,,,,,,,,,,,,,,,,,,Sub045,001,2022_Sep_26_1544,2_1_MRI_Rating_SE_RE,2021.2.3,59.99340072586862,
0,1,-1,0,20,-1,1,0,1,,,,,,,,,0,0,0,0,0,43,43,81,,,,,0,0,0,0,0,0,0,0,,,,,,,,,,,,,386.5533273999972,None,388.5536100999998,None,-1,0,20,1,1,,,,,,,,,0,389.56822239999747,None,r,389.56822239999747,None,Extremely Unlikely,1.7721368000000552,0.7721368000000552,390.78697049999755,None,,,,,,,1.2032842999979039,Sub045,001,2022_Sep_26_1544,2_1_MRI_Rating_SE_RE,2021.2.3,59.99340072586862,
0,1,-1,0,20,-1,1,0,1,,,,,,,,,0,0,0,0,0,43,43,81,,,,,0,0,0,0,,,,,,,,,,,,,,,,,,,,,-1,0,,,1,,,,,,,,,0,,,,,,,,,,,,,,,,,,Sub045,001,2022_Sep_26_1544,2_1_MRI_Rating_SE_RE,2021.2.3,59.99340072586862,
0,1,-1,0,20,-1,1,0,1,,,,,,,,,0,0,0,0,0,43,43,81,,,,,,,,,,,,,,,,,,,,,,,,,,,,,-1,0,,,1,,,,,,,,,0,,,,,,,,,,,,,,,,,,Sub045,001,2022_Sep_26_1544,2_1_MRI_Rating_SE_RE,2021.2.3,59.99340072586862,
0,1,-1,2,80,-1,1,0,0,,,,,,,,,0,0,0,0,0,44,44,47,,,,,0,0,0,0,,,,,,,,,,,,,,,,,392.5753644999968,None,394.58682899999985,None,-1,2,80,1,0,,,,,,,,,0,,,,,,,,,,,,,,,,,,Sub045,001,2022_Sep_26_1544,2_1_MRI_Rating_SE_RE,2021.2.3,59.99340072586862,
0,1,-1,2,80,-1,1,0,0,,,,,,,,,0,0,0,0,0,44,44,47,,,,,,,,,,,,,,,,,,,,,,,,,,,,,-1,2,,,0,,,,,,,,,0,,,,,,,,,,,,,,,,,,Sub045,001,2022_Sep_26_1544,2_1_MRI_Rating_SE_RE,2021.2.3,59.99340072586862,
0,1,-1,0,20,-1,2,0,1,,,,,,,,,0,0,0,0,0,45,45,84,,,,,0,0,0,0,0,0,0,0,,,,,,,,,,,,,395.5875226999997,None,397.58712869999727,None,-1,0,20,2,1,,,,,,,,,0,399.5871595999997,None,y,399.5871595999997,None,Slightly Likely,1.3894499999999539,0.3894499999999539,401.20369669999855,None,,,,,,,1.5932886000009603,Sub045,001,2022_Sep_26_1544,2_1_MRI_Rating_SE_RE,2021.2.3,59.99340072586862,
0,1,-1,0,20,-1,2,0,1,,,,,,,,,0,0,0,0,0,45,45,84,,,,,0,0,0,0,,,,,,,,,,,,,,,,,,,,,-1,0,,,1,,,,,,,,,0,,,,,,,,,,,,,,,,,,Sub045,001,2022_Sep_26_1544,2_1_MRI_Rating_SE_RE,2021.2.3,59.99340072586862,
0,1,-1,0,20,-1,2,0,1,,,,,,,,,0,0,0,0,0,45,45,84,,,,,,,,,,,,,,,,,,,,,,,,,,,,,-1,0,,,1,,,,,,,,,0,,,,,,,,,,,,,,,,,,Sub045,001,2022_Sep_26_1544,2_1_MRI_Rating_SE_RE,2021.2.3,59.99340072586862,
0,1,-1,1,50,-1,1,0,0,,,,,,,,,0,0,0,0,0,46,46,46,,,,,0,0,0,0,,,,,,,,,,,,,,,,,402.60944579999705,None,404.6216095999989,None,-1,1,50,1,0,,,,,,,,,0,,,,,,,,,,,,,,,,,,Sub045,001,2022_Sep_26_1544,2_1_MRI_Rating_SE_RE,2021.2.3,59.99340072586862,
0,1,-1,1,50,-1,1,0,0,,,,,,,,,0,0,0,0,0,46,46,46,,,,,,,,,,,,,,,,,,,,,,,,,,,,,-1,1,,,0,,,,,,,,,0,,,,,,,,,,,,,,,,,,Sub045,001,2022_Sep_26_1544,2_1_MRI_Rating_SE_RE,2021.2.3,59.99340072586862,
0,1,-1,1,50,-1,2,0,0,,,,,,,,,0,0,0,0,0,47,47,49,,,,,0,0,0,0,,,,,,,,,,,,,,,,,405.63714659999823,None,407.6378644999968,None,-1,1,50,2,0,,,,,,,,,0,,,,,,,,,,,,,,,,,,Sub045,001,2022_Sep_26_1544,2_1_MRI_Rating_SE_RE,2021.2.3,59.99340072586862,
0,1,-1,1,50,-1,2,0,0,,,,,,,,,0,0,0,0,0,47,47,49,,,,,,,,,,,,,,,,,,,,,,,,,,,,,-1,1,,,0,,,,,,,,,0,,,,,,,,,,,,,,,,,,Sub045,001,2022_Sep_26_1544,2_1_MRI_Rating_SE_RE,2021.2.3,59.99340072586862,
1,0,1,-1,-1,3,-1,1,0,,,,,,,,,0,0,0,0,0,48,48,32,0,0,0,0,,,,,,,,,0,0,0,0,,,,,,,,,,,,,1,-1,,,0,409.6520335999994,None,409.6520335999994,None,411.6547993999993,None,43.47986024412785,3,1,,,,,,Slightly Likely,1.7701243000000204,0.7701243000000204,415.8706603999999,None,414.6571745000001,None,y,1.182275600000139,414.6571745000001,None,,Sub045,001,2022_Sep_26_1544,2_1_MRI_Rating_SE_RE,2021.2.3,59.99340072586862,
1,0,1,-1,-1,3,-1,1,0,,,,,,,,,0,0,0,0,0,48,48,32,0,0,0,0,,,,,,,,,,,,,,,,,,,,,,,,,1,-1,,,0,,,,,,,,,1,,,,,,,,,,,,,,,,,,Sub045,001,2022_Sep_26_1544,2_1_MRI_Rating_SE_RE,2021.2.3,59.99340072586862,
1,0,1,-1,-1,3,-1,1,0,,,,,,,,,0,0,0,0,0,48,48,32,,,,,,,,,,,,,,,,,,,,,,,,,,,,,1,-1,,,0,,,,,,,,,1,,,,,,,,,,,,,,,,,,Sub045,001,2022_Sep_26_1544,2_1_MRI_Rating_SE_RE,2021.2.3,59.99340072586862,
0,1,-1,1,50,-1,3,0,0,,,,,,,,,0,0,0,0,0,49,49,61,,,,,0,0,0,0,,,,,,,,,,,,,,,,,417.659969999997,None,419.67098819999956,None,-1,1,50,3,0,,,,,,,,,0,,,,,,,,,,,,,,,,,,Sub045,001,2022_Sep_26_1544,2_1_MRI_Rating_SE_RE,2021.2.3,59.99340072586862,
0,1,-1,1,50,-1,3,0,0,,,,,,,,,0,0,0,0,0,49,49,61,,,,,,,,,,,,,,,,,,,,,,,,,,,,,-1,1,,,0,,,,,,,,,0,,,,,,,,,,,,,,,,,,Sub045,001,2022_Sep_26_1544,2_1_MRI_Rating_SE_RE,2021.2.3,59.99340072586862,
1,0,0,-1,-1,1,-1,0,0,,,,,,,,,0,0,0,0,0,50,50,0,0,0,0,0,,,,,,,,,,,,,,,,,,,,,,,,,0,-1,,,0,422.6713357999979,None,422.6713357999979,None,424.6717996999978,None,16.32831519620101,1,0,,,,,,,,,,,,,,,,,,Sub045,001,2022_Sep_26_1544,2_1_MRI_Rating_SE_RE,2021.2.3,59.99340072586862,
1,0,0,-1,-1,1,-1,0,0,,,,,,,,,0,0,0,0,0,50,50,0,,,,,,,,,,,,,,,,,,,,,,,,,,,,,0,-1,,,0,,,,,,,,,0,,,,,,,,,,,,,,,,,,Sub045,001,2022_Sep_26_1544,2_1_MRI_Rating_SE_RE,2021.2.3,59.99340072586862,
0,1,-1,0,20,-1,1,0,0,,,,,,,,,0,0,0,0,0,51,51,54,,,,,0,0,0,0,,,,,,,,,,,,,,,,,425.6755419000001,None,427.6887164999971,None,-1,0,20,1,0,,,,,,,,,0,,,,,,,,,,,,,,,,,,Sub045,001,2022_Sep_26_1544,2_1_MRI_Rating_SE_RE,2021.2.3,59.99340072586862,
0,1,-1,0,20,-1,1,0,0,,,,,,,,,0,0,0,0,0,51,51,54,,,,,,,,,,,,,,,,,,,,,,,,,,,,,-1,0,,,0,,,,,,,,,0,,,,,,,,,,,,,,,,,,Sub045,001,2022_Sep_26_1544,2_1_MRI_Rating_SE_RE,2021.2.3,59.99340072586862,
0,1,-1,1,50,-1,2,0,1,,,,,,,,,0,0,0,0,0,52,52,58,,,,,0,0,0,0,0,0,0,0,,,,,,,,,,,,,428.6882375999994,None,430.6881237999987,None,-1,1,50,2,1,,,,,,,,,0,432.68864119999853,None,r,432.68864119999853,None,Extremely Unlikely,1.9711872000000312,0.9711872000000312,433.72128299999895,None,,,,,,,1.007815799999662,Sub045,001,2022_Sep_26_1544,2_1_MRI_Rating_SE_RE,2021.2.3,59.99340072586862,
0,1,-1,1,50,-1,2,0,1,,,,,,,,,0,0,0,0,0,52,52,58,,,,,0,0,0,0,,,,,,,,,,,,,,,,,,,,,-1,1,,,1,,,,,,,,,0,,,,,,,,,,,,,,,,,,Sub045,001,2022_Sep_26_1544,2_1_MRI_Rating_SE_RE,2021.2.3,59.99340072586862,
0,1,-1,1,50,-1,2,0,1,,,,,,,,,0,0,0,0,0,52,52,58,,,,,,,,,,,,,,,,,,,,,,,,,,,,,-1,1,,,1,,,,,,,,,0,,,,,,,,,,,,,,,,,,Sub045,001,2022_Sep_26_1544,2_1_MRI_Rating_SE_RE,2021.2.3,59.99340072586862,
0,1,-1,1,50,-1,2,0,1,,,,,,,,,0,0,0,0,0,53,53,67,,,,,0,0,0,0,0,0,0,0,,,,,,,,,,,,,435.7096107999969,None,437.7219253999974,None,-1,1,50,2,1,,,,,,,,,0,439.7245331999984,None,b,439.7245331999984,None,Extremely Likely,2.0751093000000083,1.0751093000000083,440.6383309999983,None,,,,,,,0.8868571000020893,Sub045,001,2022_Sep_26_1544,2_1_MRI_Rating_SE_RE,2021.2.3,59.99340072586862,
0,1,-1,1,50,-1,2,0,1,,,,,,,,,0,0,0,0,0,53,53,67,,,,,0,0,0,0,,,,,,,,,,,,,,,,,,,,,-1,1,,,1,,,,,,,,,0,,,,,,,,,,,,,,,,,,Sub045,001,2022_Sep_26_1544,2_1_MRI_Rating_SE_RE,2021.2.3,59.99340072586862,
0,1,-1,1,50,-1,2,0,1,,,,,,,,,0,0,0,0,0,53,53,67,,,,,,,,,,,,,,,,,,,,,,,,,,,,,-1,1,,,1,,,,,,,,,0,,,,,,,,,,,,,,,,,,Sub045,001,2022_Sep_26_1544,2_1_MRI_Rating_SE_RE,2021.2.3,59.99340072586862,
1,0,1,-1,-1,3,-1,1,0,,,,,,,,,0,0,0,0,0,54,54,23,0,0,0,0,,,,,,,,,0,0,0,0,,,,,,,,,,,,,1,-1,,,0,442.7312581999977,None,442.7312581999977,None,444.7384284999971,None,43.47986024412785,3,1,,,,,,Extremely Likely,2.3772162000000208,1.3772162000000208,448.3550578999966,None,447.7410486999979,None,b,0.5945607999965432,447.7410486999979,None,,Sub045,001,2022_Sep_26_1544,2_1_MRI_Rating_SE_RE,2021.2.3,59.99340072586862,
1,0,1,-1,-1,3,-1,1,0,,,,,,,,,0,0,0,0,0,54,54,23,0,0,0,0,,,,,,,,,,,,,,,,,,,,,,,,,1,-1,,,0,,,,,,,,,1,,,,,,,,,,,,,,,,,,Sub045,001,2022_Sep_26_1544,2_1_MRI_Rating_SE_RE,2021.2.3,59.99340072586862,
1,0,1,-1,-1,3,-1,1,0,,,,,,,,,0,0,0,0,0,54,54,23,,,,,,,,,,,,,,,,,,,,,,,,,,,,,1,-1,,,0,,,,,,,,,1,,,,,,,,,,,,,,,,,,Sub045,001,2022_Sep_26_1544,2_1_MRI_Rating_SE_RE,2021.2.3,59.99340072586862,
1,0,1,-1,-1,1,-1,1,0,,,,,,,,,0,0,0,0,0,55,55,21,0,0,0,0,,,,,,,,,0,0,0,0,,,,,,,,,,,,,1,-1,,,0,450.74629639999694,None,450.74629639999694,None,452.7556396999971,None,43.47986024412785,1,1,,,,,,Extremely Likely,2.128313100000014,1.128313100000014,454.6222284999967,None,453.75684049999836,None,b,0.8344154999977036,453.75684049999836,None,,Sub045,001,2022_Sep_26_1544,2_1_MRI_Rating_SE_RE,2021.2.3,59.99340072586862,
1,0,1,-1,-1,1,-1,1,0,,,,,,,,,0,0,0,0,0,55,55,21,0,0,0,0,,,,,,,,,,,,,,,,,,,,,,,,,1,-1,,,0,,,,,,,,,1,,,,,,,,,,,,,,,,,,Sub045,001,2022_Sep_26_1544,2_1_MRI_Rating_SE_RE,2021.2.3,59.99340072586862,
1,0,1,-1,-1,1,-1,1,0,,,,,,,,,0,0,0,0,0,55,55,21,,,,,,,,,,,,,,,,,,,,,,,,,,,,,1,-1,,,0,,,,,,,,,1,,,,,,,,,,,,,,,,,,Sub045,001,2022_Sep_26_1544,2_1_MRI_Rating_SE_RE,2021.2.3,59.99340072586862,
1,0,2,-1,-1,1,-1,1,0,,,,,,,,,0,0,0,0,0,56,56,15,0,0,0,0,,,,,,,,,0,0,0,0,,,,,,,,,,,,,2,-1,,,0,456.7637732999974,None,456.7637732999974,None,458.77308659999835,None,82.61495758172609,1,1,,,,,,Extremely Likely,2.2274366999999984,1.2274366999999984,460.5388248999989,None,459.77675049999743,None,b,0.7415560999979789,459.77675049999743,None,,Sub045,001,2022_Sep_26_1544,2_1_MRI_Rating_SE_RE,2021.2.3,59.99340072586862,
1,0,2,-1,-1,1,-1,1,0,,,,,,,,,0,0,0,0,0,56,56,15,0,0,0,0,,,,,,,,,,,,,,,,,,,,,,,,,2,-1,,,0,,,,,,,,,1,,,,,,,,,,,,,,,,,,Sub045,001,2022_Sep_26_1544,2_1_MRI_Rating_SE_RE,2021.2.3,59.99340072586862,
1,0,2,-1,-1,1,-1,1,0,,,,,,,,,0,0,0,0,0,56,56,15,,,,,,,,,,,,,,,,,,,,,,,,,,,,,2,-1,,,0,,,,,,,,,1,,,,,,,,,,,,,,,,,,Sub045,001,2022_Sep_26_1544,2_1_MRI_Rating_SE_RE,2021.2.3,59.99340072586862,
0,1,-1,2,80,-1,2,0,0,,,,,,,,,0,0,0,0,0,57,57,50,,,,,0,0,0,0,,,,,,,,,,,,,,,,,462.7801275999991,None,464.78926729999876,None,-1,2,80,2,0,,,,,,,,,0,,,,,,,,,,,,,,,,,,Sub045,001,2022_Sep_26_1544,2_1_MRI_Rating_SE_RE,2021.2.3,59.99340072586862,
0,1,-1,2,80,-1,2,0,0,,,,,,,,,0,0,0,0,0,57,57,50,,,,,,,,,,,,,,,,,,,,,,,,,,,,,-1,2,,,0,,,,,,,,,0,,,,,,,,,,,,,,,,,,Sub045,001,2022_Sep_26_1544,2_1_MRI_Rating_SE_RE,2021.2.3,59.99340072586862,
1,0,1,-1,-1,2,-1,1,0,,,,,,,,,0,0,0,0,0,58,58,31,0,0,0,0,,,,,,,,,0,0,0,0,,,,,,,,,,,,,1,-1,,,0,466.7919449000001,None,466.7919449000001,None,468.80667889999677,None,43.47986024412785,2,1,,,,,,Extremely Likely,2.2732207000000244,1.2732207000000244,471.5231214999985,None,470.8076129000001,None,b,0.6837395000002289,470.8076129000001,None,,Sub045,001,2022_Sep_26_1544,2_1_MRI_Rating_SE_RE,2021.2.3,59.99340072586862,
1,0,1,-1,-1,2,-1,1,0,,,,,,,,,0,0,0,0,0,58,58,31,0,0,0,0,,,,,,,,,,,,,,,,,,,,,,,,,1,-1,,,0,,,,,,,,,1,,,,,,,,,,,,,,,,,,Sub045,001,2022_Sep_26_1544,2_1_MRI_Rating_SE_RE,2021.2.3,59.99340072586862,
1,0,1,-1,-1,2,-1,1,0,,,,,,,,,0,0,0,0,0,58,58,31,,,,,,,,,,,,,,,,,,,,,,,,,,,,,1,-1,,,0,,,,,,,,,1,,,,,,,,,,,,,,,,,,Sub045,001,2022_Sep_26_1544,2_1_MRI_Rating_SE_RE,2021.2.3,59.99340072586862,
1,0,2,-1,-1,2,-1,0,0,,,,,,,,,0,0,0,0,0,59,59,7,0,0,0,0,,,,,,,,,,,,,,,,,,,,,,,,,2,-1,,,0,473.8136964999976,None,473.8136964999976,None,475.8231194,None,82.61495758172609,2,0,,,,,,,,,,,,,,,,,,Sub045,001,2022_Sep_26_1544,2_1_MRI_Rating_SE_RE,2021.2.3,59.99340072586862,
1,0,2,-1,-1,2,-1,0,0,,,,,,,,,0,0,0,0,0,59,59,7,,,,,,,,,,,,,,,,,,,,,,,,,,,,,2,-1,,,0,,,,,,,,,0,,,,,,,,,,,,,,,,,,Sub045,001,2022_Sep_26_1544,2_1_MRI_Rating_SE_RE,2021.2.3,59.99340072586862,
0,1,-1,2,80,-1,2,0,1,,,,,,,,,0,0,0,0,0,60,60,86,,,,,0,0,0,0,0,0,0,0,,,,,,,,,,,,,477.8250173999986,None,479.83988769999996,None,-1,2,80,2,1,,,,,,,,,0,481.84068229999684,None,b,481.84068229999684,None,Extremely Likely,2.290094599999975,1.290094599999975,482.5395557999982,None,,,,,,,0.6747149000002537,Sub045,001,2022_Sep_26_1544,2_1_MRI_Rating_SE_RE,2021.2.3,59.99340072586862,
0,1,-1,2,80,-1,2,0,1,,,,,,,,,0,0,0,0,0,60,60,86,,,,,0,0,0,0,,,,,,,,,,,,,,,,,,,,,-1,2,,,1,,,,,,,,,0,,,,,,,,,,,,,,,,,,Sub045,001,2022_Sep_26_1544,2_1_MRI_Rating_SE_RE,2021.2.3,59.99340072586862,
0,1,-1,2,80,-1,2,0,1,,,,,,,,,0,0,0,0,0,60,60,86,,,,,,,,,,,,,,,,,,,,,,,,,,,,,-1,2,,,1,,,,,,,,,0,,,,,,,,,,,,,,,,,,Sub045,001,2022_Sep_26_1544,2_1_MRI_Rating_SE_RE,2021.2.3,59.99340072586862,
1,0,0,-1,-1,1,-1,1,0,,,,,,,,,0,0,0,0,0,61,61,27,0,0,0,0,,,,,,,,,0,0,0,0,,,,,,,,,,,,,0,-1,,,0,484.8480939000001,None,484.8480939000001,None,486.85661529999925,None,16.32831519620101,1,1,,,,,,Extremely Unlikely,2.112189400000034,1.1121894000000339,488.73981249999997,None,487.8568419999974,None,r,0.8636748999997508,487.8568419999974,None,,Sub045,001,2022_Sep_26_1544,2_1_MRI_Rating_SE_RE,2021.2.3,59.99340072586862,
1,0,0,-1,-1,1,-1,1,0,,,,,,,,,0,0,0,0,0,61,61,27,0,0,0,0,,,,,,,,,,,,,,,,,,,,,,,,,0,-1,,,0,,,,,,,,,1,,,,,,,,,,,,,,,,,,Sub045,001,2022_Sep_26_1544,2_1_MRI_Rating_SE_RE,2021.2.3,59.99340072586862,
1,0,0,-1,-1,1,-1,1,0,,,,,,,,,0,0,0,0,0,61,61,27,,,,,,,,,,,,,,,,,,,,,,,,,,,,,0,-1,,,0,,,,,,,,,1,,,,,,,,,,,,,,,,,,Sub045,001,2022_Sep_26_1544,2_1_MRI_Rating_SE_RE,2021.2.3,59.99340072586862,
1,0,0,-1,-1,2,-1,1,0,,,,,,,,,0,0,0,0,0,62,62,19,0,0,0,0,,,,,,,,,0,0,0,0,,,,,,,,,,,,,0,-1,,,0,490.86643679999906,None,490.86643679999906,None,492.8733622999971,None,16.32831519620101,2,1,,,,,,Extremely Unlikely,2.292796600000031,1.292796600000031,495.5736010999972,None,494.8738975999986,None,r,0.6785678999985976,494.8738975999986,None,,Sub045,001,2022_Sep_26_1544,2_1_MRI_Rating_SE_RE,2021.2.3,59.99340072586862,
1,0,0,-1,-1,2,-1,1,0,,,,,,,,,0,0,0,0,0,62,62,19,0,0,0,0,,,,,,,,,,,,,,,,,,,,,,,,,0,-1,,,0,,,,,,,,,1,,,,,,,,,,,,,,,,,,Sub045,001,2022_Sep_26_1544,2_1_MRI_Rating_SE_RE,2021.2.3,59.99340072586862,
1,0,0,-1,-1,2,-1,1,0,,,,,,,,,0,0,0,0,0,62,62,19,,,,,,,,,,,,,,,,,,,,,,,,,,,,,0,-1,,,0,,,,,,,,,1,,,,,,,,,,,,,,,,,,Sub045,001,2022_Sep_26_1544,2_1_MRI_Rating_SE_RE,2021.2.3,59.99340072586862,
0,1,-1,0,20,-1,2,0,1,,,,,,,,,0,0,0,0,0,63,63,66,,,,,0,0,0,0,0,0,0,0,,,,,,,,,,,,,497.88016939999943,None,499.8907432999986,None,-1,0,20,2,1,,,,,,,,,0,501.8932182999997,None,r,501.8932182999997,None,Extremely Unlikely,2.2275719999999524,1.2275719999999524,502.6575733999998,None,,,,,,,0.7442370000026131,Sub045,001,2022_Sep_26_1544,2_1_MRI_Rating_SE_RE,2021.2.3,59.99340072586862,
0,1,-1,0,20,-1,2,0,1,,,,,,,,,0,0,0,0,0,63,63,66,,,,,0,0,0,0,,,,,,,,,,,,,,,,,,,,,-1,0,,,1,,,,,,,,,0,,,,,,,,,,,,,,,,,,Sub045,001,2022_Sep_26_1544,2_1_MRI_Rating_SE_RE,2021.2.3,59.99340072586862,
0,1,-1,0,20,-1,2,0,1,,,,,,,,,0,0,0,0,0,63,63,66,,,,,,,,,,,,,,,,,,,,,,,,,,,,,-1,0,,,1,,,,,,,,,0,,,,,,,,,,,,,,,,,,Sub045,001,2022_Sep_26_1544,2_1_MRI_Rating_SE_RE,2021.2.3,59.99340072586862,
0,1,-1,1,50,-1,3,0,1,,,,,,,,,0,0,0,0,0,64,64,70,,,,,0,0,0,0,0,0,0,0,,,,,,,,,,,,,504.8958974999987,None,506.90803869999945,None,-1,1,50,3,1,,,,,,,,,0,509.9083180999987,None,y,509.9083180999987,None,Slightly Likely,2.0276582999999846,1.0276582999999846,510.87426929999856,None,,,,,,,0.9460725999997521,Sub045,001,2022_Sep_26_1544,2_1_MRI_Rating_SE_RE,2021.2.3,59.99340072586862,
0,1,-1,1,50,-1,3,0,1,,,,,,,,,0,0,0,0,0,64,64,70,,,,,0,0,0,0,,,,,,,,,,,,,,,,,,,,,-1,1,,,1,,,,,,,,,0,,,,,,,,,,,,,,,,,,Sub045,001,2022_Sep_26_1544,2_1_MRI_Rating_SE_RE,2021.2.3,59.99340072586862,
0,1,-1,1,50,-1,3,0,1,,,,,,,,,0,0,0,0,0,64,64,70,,,,,,,,,,,,,,,,,,,,,,,,,,,,,-1,1,,,1,,,,,,,,,0,,,,,,,,,,,,,,,,,,Sub045,001,2022_Sep_26_1544,2_1_MRI_Rating_SE_RE,2021.2.3,59.99340072586862,
0,1,-1,0,20,-1,1,0,1,,,,,,,,,0,0,0,0,0,65,65,63,,,,,0,0,0,0,0,0,0,0,,,,,,,,,,,,,512.9141611999985,None,514.9242115999987,None,-1,0,20,1,1,,,,,,,,,0,515.9255642999997,None,r,515.9255642999997,None,Extremely Unlikely,1.8274885000000154,0.8274885000000154,517.090835199997,None,,,,,,,1.146941599999991,Sub045,001,2022_Sep_26_1544,2_1_MRI_Rating_SE_RE,2021.2.3,59.99340072586862,
0,1,-1,0,20,-1,1,0,1,,,,,,,,,0,0,0,0,0,65,65,63,,,,,0,0,0,0,,,,,,,,,,,,,,,,,,,,,-1,0,,,1,,,,,,,,,0,,,,,,,,,,,,,,,,,,Sub045,001,2022_Sep_26_1544,2_1_MRI_Rating_SE_RE,2021.2.3,59.99340072586862,
0,1,-1,0,20,-1,1,0,1,,,,,,,,,0,0,0,0,0,65,65,63,,,,,,,,,,,,,,,,,,,,,,,,,,,,,-1,0,,,1,,,,,,,,,0,,,,,,,,,,,,,,,,,,Sub045,001,2022_Sep_26_1544,2_1_MRI_Rating_SE_RE,2021.2.3,59.99340072586862,
0,1,-1,1,50,-1,3,0,1,,,,,,,,,0,0,0,0,0,66,66,88,,,,,0,0,0,0,0,0,0,0,,,,,,,,,,,,,518.9303999999975,None,520.9415289999997,None,-1,1,50,3,1,,,,,,,,,0,523.9417265999982,None,y,523.9417265999982,None,Slightly Likely,2.3273069000000532,1.3273069000000532,524.6080624999995,None,,,,,,,0.6375431999986176,Sub045,001,2022_Sep_26_1544,2_1_MRI_Rating_SE_RE,2021.2.3,59.99340072586862,
0,1,-1,1,50,-1,3,0,1,,,,,,,,,0,0,0,0,0,66,66,88,,,,,0,0,0,0,,,,,,,,,,,,,,,,,,,,,-1,1,,,1,,,,,,,,,0,,,,,,,,,,,,,,,,,,Sub045,001,2022_Sep_26_1544,2_1_MRI_Rating_SE_RE,2021.2.3,59.99340072586862,
0,1,-1,1,50,-1,3,0,1,,,,,,,,,0,0,0,0,0,66,66,88,,,,,,,,,,,,,,,,,,,,,,,,,,,,,-1,1,,,1,,,,,,,,,0,,,,,,,,,,,,,,,,,,Sub045,001,2022_Sep_26_1544,2_1_MRI_Rating_SE_RE,2021.2.3,59.99340072586862,
1,0,2,-1,-1,3,-1,0,0,,,,,,,,,0,0,0,0,0,67,67,8,0,0,0,0,,,,,,,,,,,,,,,,,,,,,,,,,2,-1,,,0,526.9477367,None,526.9477367,None,528.958821199998,None,82.61495758172609,3,0,,,,,,,,,,,,,,,,,,Sub045,001,2022_Sep_26_1544,2_1_MRI_Rating_SE_RE,2021.2.3,59.99340072586862,
1,0,2,-1,-1,3,-1,0,0,,,,,,,,,0,0,0,0,0,67,67,8,,,,,,,,,,,,,,,,,,,,,,,,,,,,,2,-1,,,0,,,,,,,,,0,,,,,,,,,,,,,,,,,,Sub045,001,2022_Sep_26_1544,2_1_MRI_Rating_SE_RE,2021.2.3,59.99340072586862,
1,0,0,-1,-1,3,-1,0,0,,,,,,,,,0,0,0,0,0,68,68,2,0,0,0,0,,,,,,,,,,,,,,,,,,,,,,,,,0,-1,,,0,531.9600422999974,None,531.9600422999974,None,533.9749144999987,None,16.32831519620101,3,0,,,,,,,,,,,,,,,,,,Sub045,001,2022_Sep_26_1544,2_1_MRI_Rating_SE_RE,2021.2.3,59.99340072586862,
1,0,0,-1,-1,3,-1,0,0,,,,,,,,,0,0,0,0,0,68,68,2,,,,,,,,,,,,,,,,,,,,,,,,,,,,,0,-1,,,0,,,,,,,,,0,,,,,,,,,,,,,,,,,,Sub045,001,2022_Sep_26_1544,2_1_MRI_Rating_SE_RE,2021.2.3,59.99340072586862,
1,0,2,-1,-1,2,-1,1,0,,,,,,,,,0,0,0,0,0,69,69,25,0,0,0,0,,,,,,,,,0,0,0,0,,,,,,,,,,,,,2,-1,,,0,536.9788375999997,None,536.9788375999997,None,538.9918913999973,None,82.61495758172609,2,1,,,,,,Extremely Likely,2.054101199999991,1.054101199999991,541.9256816999987,None,541.0069391999969,None,b,0.8896287999996275,541.0069391999969,None,,Sub045,001,2022_Sep_26_1544,2_1_MRI_Rating_SE_RE,2021.2.3,59.99340072586862,
1,0,2,-1,-1,2,-1,1,0,,,,,,,,,0,0,0,0,0,69,69,25,0,0,0,0,,,,,,,,,,,,,,,,,,,,,,,,,2,-1,,,0,,,,,,,,,1,,,,,,,,,,,,,,,,,,Sub045,001,2022_Sep_26_1544,2_1_MRI_Rating_SE_RE,2021.2.3,59.99340072586862,
1,0,2,-1,-1,2,-1,1,0,,,,,,,,,0,0,0,0,0,69,69,25,,,,,,,,,,,,,,,,,,,,,,,,,,,,,2,-1,,,0,,,,,,,,,1,,,,,,,,,,,,,,,,,,Sub045,001,2022_Sep_26_1544,2_1_MRI_Rating_SE_RE,2021.2.3,59.99340072586862,
1,0,2,-1,-1,3,-1,0,0,,,,,,,,,0,0,0,0,0,70,70,17,0,0,0,0,,,,,,,,,,,,,,,,,,,,,,,,,2,-1,,,0,543.9988861999991,None,543.9988861999991,None,546.0089791999999,None,82.61495758172609,3,0,,,,,,,,,,,,,,,,,,Sub045,001,2022_Sep_26_1544,2_1_MRI_Rating_SE_RE,2021.2.3,59.99340072586862,
1,0,2,-1,-1,3,-1,0,0,,,,,,,,,0,0,0,0,0,70,70,17,,,,,,,,,,,,,,,,,,,,,,,,,,,,,2,-1,,,0,,,,,,,,,0,,,,,,,,,,,,,,,,,,Sub045,001,2022_Sep_26_1544,2_1_MRI_Rating_SE_RE,2021.2.3,59.99340072586862,
1,0,0,-1,-1,2,-1,0,0,,,,,,,,,0,0,0,0,0,71,71,1,0,0,0,0,,,,,,,,,,,,,,,,,,,,,,,,,0,-1,,,0,549.0126605999976,None,549.0126605999976,None,551.0259565999986,None,16.32831519620101,2,0,,,,,,,,,,,,,,,,,,Sub045,001,2022_Sep_26_1544,2_1_MRI_Rating_SE_RE,2021.2.3,59.99340072586862,
1,0,0,-1,-1,2,-1,0,0,,,,,,,,,0,0,0,0,0,71,71,1,,,,,,,,,,,,,,,,,,,,,,,,,,,,,0,-1,,,0,,,,,,,,,0,,,,,,,,,,,,,,,,,,Sub045,001,2022_Sep_26_1544,2_1_MRI_Rating_SE_RE,2021.2.3,59.99340072586862,
1,0,0,-1,-1,2,-1,0,0,,,,,,,,,0,0,0,0,0,72,72,10,0,0,0,0,,,,,,,,,,,,,,,,,,,,,,,,,0,-1,,,0,553.0259821999971,None,553.0259821999971,None,555.025590199999,None,16.32831519620101,2,0,,,,,,,,,,,,,,,,,,Sub045,001,2022_Sep_26_1544,2_1_MRI_Rating_SE_RE,2021.2.3,59.99340072586862,
1,0,0,-1,-1,2,-1,0,0,,,,,,,,,0,0,0,0,0,72,72,10,,,,,,,,,,,,,,,,,,,,,,,,,,,,,0,-1,,,0,,,,,,,,,0,,,,,,,,,,,,,,,,,,Sub045,001,2022_Sep_26_1544,2_1_MRI_Rating_SE_RE,2021.2.3,59.99340072586862,
1,0,0,-1,-1,3,-1,1,0,,,,,,,,,0,0,0,0,0,73,73,11,0,0,0,0,,,,,,,,,0,0,0,0,,,,,,,,,,,,,0,-1,,,0,557.025760499997,None,557.025760499997,None,559.0260501999983,None,16.32831519620101,3,1,,,,,,Extremely Unlikely,1.7198368000000528,0.7198368000000528,563.3090845999977,None,562.0293678999988,None,r,1.2629178000024694,562.0293678999988,None,,Sub045,001,2022_Sep_26_1544,2_1_MRI_Rating_SE_RE,2021.2.3,59.99340072586862,
1,0,0,-1,-1,3,-1,1,0,,,,,,,,,0,0,0,0,0,73,73,11,0,0,0,0,,,,,,,,,,,,,,,,,,,,,,,,,0,-1,,,0,,,,,,,,,1,,,,,,,,,,,,,,,,,,Sub045,001,2022_Sep_26_1544,2_1_MRI_Rating_SE_RE,2021.2.3,59.99340072586862,
1,0,0,-1,-1,3,-1,1,0,,,,,,,,,0,0,0,0,0,73,73,11,,,,,,,,,,,,,,,,,,,,,,,,,,,,,0,-1,,,0,,,,,,,,,1,,,,,,,,,,,,,,,,,,Sub045,001,2022_Sep_26_1544,2_1_MRI_Rating_SE_RE,2021.2.3,59.99340072586862,
0,1,-1,0,20,-1,3,0,1,,,,,,,,,0,0,0,0,0,74,74,69,,,,,0,0,0,0,0,0,0,0,,,,,,,,,,,,,565.0491479999982,None,567.0596036999996,None,-1,0,20,3,1,,,,,,,,,0,570.0599843999989,None,r,570.0599843999989,None,Extremely Unlikely,2.178337400000032,1.1783374000000322,570.8765597999991,None,,,,,,,0.7890834999998333,Sub045,001,2022_Sep_26_1544,2_1_MRI_Rating_SE_RE,2021.2.3,59.99340072586862,
0,1,-1,0,20,-1,3,0,1,,,,,,,,,0,0,0,0,0,74,74,69,,,,,0,0,0,0,,,,,,,,,,,,,,,,,,,,,-1,0,,,1,,,,,,,,,0,,,,,,,,,,,,,,,,,,Sub045,001,2022_Sep_26_1544,2_1_MRI_Rating_SE_RE,2021.2.3,59.99340072586862,
0,1,-1,0,20,-1,3,0,1,,,,,,,,,0,0,0,0,0,74,74,69,,,,,,,,,,,,,,,,,,,,,,,,,,,,,-1,0,,,1,,,,,,,,,0,,,,,,,,,,,,,,,,,,Sub045,001,2022_Sep_26_1544,2_1_MRI_Rating_SE_RE,2021.2.3,59.99340072586862,
1,0,2,-1,-1,1,-1,1,0,,,,,,,,,0,0,0,0,0,75,75,24,0,0,0,0,,,,,,,,,0,0,0,0,,,,,,,,,,,,,2,-1,,,0,573.0660900999974,None,573.0660900999974,None,575.0762722999971,None,82.61495758172609,1,1,,,,,,Extremely Likely,2.106171300000028,1.1061713000000282,576.9601675999984,None,576.0793133999978,None,b,0.8548463999977685,576.0793133999978,None,,Sub045,001,2022_Sep_26_1544,2_1_MRI_Rating_SE_RE,2021.2.3,59.99340072586862,
1,0,2,-1,-1,1,-1,1,0,,,,,,,,,0,0,0,0,0,75,75,24,0,0,0,0,,,,,,,,,,,,,,,,,,,,,,,,,2,-1,,,0,,,,,,,,,1,,,,,,,,,,,,,,,,,,Sub045,001,2022_Sep_26_1544,2_1_MRI_Rating_SE_RE,2021.2.3,59.99340072586862,
1,0,2,-1,-1,1,-1,1,0,,,,,,,,,0,0,0,0,0,75,75,24,,,,,,,,,,,,,,,,,,,,,,,,,,,,,2,-1,,,0,,,,,,,,,1,,,,,,,,,,,,,,,,,,Sub045,001,2022_Sep_26_1544,2_1_MRI_Rating_SE_RE,2021.2.3,59.99340072586862,
1,0,1,-1,-1,3,-1,0,0,,,,,,,,,0,0,0,0,0,76,76,5,0,0,0,0,,,,,,,,,,,,,,,,,,,,,,,,,1,-1,,,0,579.0811315999999,None,579.0811315999999,None,581.093854499999,None,43.47986024412785,3,0,,,,,,,,,,,,,,,,,,Sub045,001,2022_Sep_26_1544,2_1_MRI_Rating_SE_RE,2021.2.3,59.99340072586862,
1,0,1,-1,-1,3,-1,0,0,,,,,,,,,0,0,0,0,0,76,76,5,,,,,,,,,,,,,,,,,,,,,,,,,,,,,1,-1,,,0,,,,,,,,,0,,,,,,,,,,,,,,,,,,Sub045,001,2022_Sep_26_1544,2_1_MRI_Rating_SE_RE,2021.2.3,59.99340072586862,
1,0,2,-1,-1,2,-1,1,0,,,,,,,,,0,0,0,0,0,77,77,43,0,0,0,0,,,,,,,,,0,0,0,0,,,,,,,,,,,,,2,-1,,,0,584.094449199998,None,584.094449199998,None,586.0935940999989,None,82.61495758172609,2,1,,,,,,Extremely Likely,1.9554304999999204,0.9554304999999204,589.144398299999,None,588.095232599997,None,b,1.027952299999015,588.095232599997,None,,Sub045,001,2022_Sep_26_1544,2_1_MRI_Rating_SE_RE,2021.2.3,59.99340072586862,
1,0,2,-1,-1,2,-1,1,0,,,,,,,,,0,0,0,0,0,77,77,43,0,0,0,0,,,,,,,,,,,,,,,,,,,,,,,,,2,-1,,,0,,,,,,,,,1,,,,,,,,,,,,,,,,,,Sub045,001,2022_Sep_26_1544,2_1_MRI_Rating_SE_RE,2021.2.3,59.99340072586862,
1,0,2,-1,-1,2,-1,1,0,,,,,,,,,0,0,0,0,0,77,77,43,,,,,,,,,,,,,,,,,,,,,,,,,,,,,2,-1,,,0,,,,,,,,,1,,,,,,,,,,,,,,,,,,Sub045,001,2022_Sep_26_1544,2_1_MRI_Rating_SE_RE,2021.2.3,59.99340072586862,
0,1,-1,1,50,-1,1,0,1,,,,,,,,,0,0,0,0,0,78,78,73,,,,,0,0,0,0,0,0,0,0,,,,,,,,,,,,,591.1170946999991,None,593.1280749999969,None,-1,1,50,1,1,,,,,,,,,0,594.1274754999977,None,y,594.1274754999977,None,Slightly Likely,2.0935488000000078,1.0935488000000078,595.0271128999993,None,,,,,,,0.8829436000014539,Sub045,001,2022_Sep_26_1544,2_1_MRI_Rating_SE_RE,2021.2.3,59.99340072586862,
0,1,-1,1,50,-1,1,0,1,,,,,,,,,0,0,0,0,0,78,78,73,,,,,0,0,0,0,,,,,,,,,,,,,,,,,,,,,-1,1,,,1,,,,,,,,,0,,,,,,,,,,,,,,,,,,Sub045,001,2022_Sep_26_1544,2_1_MRI_Rating_SE_RE,2021.2.3,59.99340072586862,
0,1,-1,1,50,-1,1,0,1,,,,,,,,,0,0,0,0,0,78,78,73,,,,,,,,,,,,,,,,,,,,,,,,,,,,,-1,1,,,1,,,,,,,,,0,,,,,,,,,,,,,,,,,,Sub045,001,2022_Sep_26_1544,2_1_MRI_Rating_SE_RE,2021.2.3,59.99340072586862,
1,0,2,-1,-1,2,-1,0,0,,,,,,,,,0,0,0,0,0,79,79,16,0,0,0,0,,,,,,,,,,,,,,,,,,,,,,,,,2,-1,,,0,597.1354548999989,None,597.1354548999989,None,599.1439215999999,None,82.61495758172609,2,0,,,,,,,,,,,,,,,,,,Sub045,001,2022_Sep_26_1544,2_1_MRI_Rating_SE_RE,2021.2.3,59.99340072586862,
1,0,2,-1,-1,2,-1,0,0,,,,,,,,,0,0,0,0,0,79,79,16,,,,,,,,,,,,,,,,,,,,,,,,,,,,,2,-1,,,0,,,,,,,,,0,,,,,,,,,,,,,,,,,,Sub045,001,2022_Sep_26_1544,2_1_MRI_Rating_SE_RE,2021.2.3,59.99340072586862,
1,0,2,-1,-1,1,-1,0,0,,,,,,,,,0,0,0,0,0,80,80,6,0,0,0,0,,,,,,,,,,,,,,,,,,,,,,,,,2,-1,,,0,601.1471007,None,601.1471007,None,603.1615324999984,None,82.61495758172609,1,0,,,,,,,,,,,,,,,,,,Sub045,001,2022_Sep_26_1544,2_1_MRI_Rating_SE_RE,2021.2.3,59.99340072586862,
1,0,2,-1,-1,1,-1,0,0,,,,,,,,,0,0,0,0,0,80,80,6,,,,,,,,,,,,,,,,,,,,,,,,,,,,,2,-1,,,0,,,,,,,,,0,,,,,,,,,,,,,,,,,,Sub045,001,2022_Sep_26_1544,2_1_MRI_Rating_SE_RE,2021.2.3,59.99340072586862,
0,1,-1,1,50,-1,1,0,1,,,,,,,,,0,0,0,0,0,81,81,64,,,,,0,0,0,0,0,0,0,0,,,,,,,,,,,,,604.1623278999978,None,606.161501999999,None,-1,1,50,1,1,,,,,,,,,0,607.1644768999977,None,y,607.1644768999977,None,Slightly Likely,2.403368099999966,1.403368099999966,607.7615361999997,None,,,,,,,0.5666248999987147,Sub045,001,2022_Sep_26_1544,2_1_MRI_Rating_SE_RE,2021.2.3,59.99340072586862,
0,1,-1,1,50,-1,1,0,1,,,,,,,,,0,0,0,0,0,81,81,64,,,,,0,0,0,0,,,,,,,,,,,,,,,,,,,,,-1,1,,,1,,,,,,,,,0,,,,,,,,,,,,,,,,,,Sub045,001,2022_Sep_26_1544,2_1_MRI_Rating_SE_RE,2021.2.3,59.99340072586862,
0,1,-1,1,50,-1,1,0,1,,,,,,,,,0,0,0,0,0,81,81,64,,,,,,,,,,,,,,,,,,,,,,,,,,,,,-1,1,,,1,,,,,,,,,0,,,,,,,,,,,,,,,,,,Sub045,001,2022_Sep_26_1544,2_1_MRI_Rating_SE_RE,2021.2.3,59.99340072586862,
0,1,-1,2,80,-1,1,0,1,,,,,,,,,0,0,0,0,0,82,82,83,,,,,0,0,0,0,0,0,0,0,,,,,,,,,,,,,610.1849126999987,None,612.1947354999975,None,-1,2,80,1,1,,,,,,,,,0,613.2102641999991,None,b,613.2102641999991,None,Extremely Likely,2.2436288000000104,1.2436288000000104,613.944529299999,None,,,,,,,0.7170525000001362,Sub045,001,2022_Sep_26_1544,2_1_MRI_Rating_SE_RE,2021.2.3,59.99340072586862,
0,1,-1,2,80,-1,1,0,1,,,,,,,,,0,0,0,0,0,82,82,83,,,,,0,0,0,0,,,,,,,,,,,,,,,,,,,,,-1,2,,,1,,,,,,,,,0,,,,,,,,,,,,,,,,,,Sub045,001,2022_Sep_26_1544,2_1_MRI_Rating_SE_RE,2021.2.3,59.99340072586862,
0,1,-1,2,80,-1,1,0,1,,,,,,,,,0,0,0,0,0,82,82,83,,,,,,,,,,,,,,,,,,,,,,,,,,,,,-1,2,,,1,,,,,,,,,0,,,,,,,,,,,,,,,,,,Sub045,001,2022_Sep_26_1544,2_1_MRI_Rating_SE_RE,2021.2.3,59.99340072586862,
0,1,-1,0,20,-1,2,0,0,,,,,,,,,0,0,0,0,0,83,83,57,,,,,0,0,0,0,,,,,,,,,,,,,,,,,616.2036230999984,None,618.2119475999971,None,-1,0,20,2,0,,,,,,,,,0,,,,,,,,,,,,,,,,,,Sub045,001,2022_Sep_26_1544,2_1_MRI_Rating_SE_RE,2021.2.3,59.99340072586862,
0,1,-1,0,20,-1,2,0,0,,,,,,,,,0,0,0,0,0,83,83,57,,,,,,,,,,,,,,,,,,,,,,,,,,,,,-1,0,,,0,,,,,,,,,0,,,,,,,,,,,,,,,,,,Sub045,001,2022_Sep_26_1544,2_1_MRI_Rating_SE_RE,2021.2.3,59.99340072586862,
1,0,0,-1,-1,3,-1,1,0,,,,,,,,,0,0,0,0,0,84,84,20,0,0,0,0,,,,,,,,,0,0,0,0,,,,,,,,,,,,,0,-1,,,0,620.2139733999975,None,620.2139733999975,None,622.228497199998,None,16.32831519620101,3,1,,,,,,Extremely Unlikely,2.355348899999967,1.3553488999999672,625.8615337999981,None,625.2294094999997,None,r,0.6158026999983122,625.2294094999997,None,,Sub045,001,2022_Sep_26_1544,2_1_MRI_Rating_SE_RE,2021.2.3,59.99340072586862,
1,0,0,-1,-1,3,-1,1,0,,,,,,,,,0,0,0,0,0,84,84,20,0,0,0,0,,,,,,,,,,,,,,,,,,,,,,,,,0,-1,,,0,,,,,,,,,1,,,,,,,,,,,,,,,,,,Sub045,001,2022_Sep_26_1544,2_1_MRI_Rating_SE_RE,2021.2.3,59.99340072586862,
1,0,0,-1,-1,3,-1,1,0,,,,,,,,,0,0,0,0,0,84,84,20,,,,,,,,,,,,,,,,,,,,,,,,,,,,,0,-1,,,0,,,,,,,,,1,,,,,,,,,,,,,,,,,,Sub045,001,2022_Sep_26_1544,2_1_MRI_Rating_SE_RE,2021.2.3,59.99340072586862,
0,1,-1,2,80,-1,3,0,0,,,,,,,,,0,0,0,0,0,85,85,53,,,,,0,0,0,0,,,,,,,,,,,,,,,,,628.2362872999984,None,630.2456067999992,None,-1,2,80,3,0,,,,,,,,,0,,,,,,,,,,,,,,,,,,Sub045,001,2022_Sep_26_1544,2_1_MRI_Rating_SE_RE,2021.2.3,59.99340072586862,
0,1,-1,2,80,-1,3,0,0,,,,,,,,,0,0,0,0,0,85,85,53,,,,,,,,,,,,,,,,,,,,,,,,,,,,,-1,2,,,0,,,,,,,,,0,,,,,,,,,,,,,,,,,,Sub045,001,2022_Sep_26_1544,2_1_MRI_Rating_SE_RE,2021.2.3,59.99340072586862,
0,1,-1,2,80,-1,3,0,1,,,,,,,,,0,0,0,0,0,86,86,89,,,,,0,0,0,0,0,0,0,0,,,,,,,,,,,,,633.2454502,None,635.2458398999988,None,-1,2,80,3,1,,,,,,,,,0,638.2462791999969,None,b,638.2462791999969,None,Extremely Likely,2.367705199999932,1.3677051999999321,638.878817599998,None,,,,,,,0.60504420000143,Sub045,001,2022_Sep_26_1544,2_1_MRI_Rating_SE_RE,2021.2.3,59.99340072586862,
0,1,-1,2,80,-1,3,0,1,,,,,,,,,0,0,0,0,0,86,86,89,,,,,0,0,0,0,,,,,,,,,,,,,,,,,,,,,-1,2,,,1,,,,,,,,,0,,,,,,,,,,,,,,,,,,Sub045,001,2022_Sep_26_1544,2_1_MRI_Rating_SE_RE,2021.2.3,59.99340072586862,
0,1,-1,2,80,-1,3,0,1,,,,,,,,,0,0,0,0,0,86,86,89,,,,,,,,,,,,,,,,,,,,,,,,,,,,,-1,2,,,1,,,,,,,,,0,,,,,,,,,,,,,,,,,,Sub045,001,2022_Sep_26_1544,2_1_MRI_Rating_SE_RE,2021.2.3,59.99340072586862,
1,0,1,-1,-1,2,-1,1,0,,,,,,,,,0,0,0,0,0,87,87,40,0,0,0,0,,,,,,,,,0,0,0,0,,,,,,,,,,,,,1,-1,,,0,641.2545536999969,None,641.2545536999969,None,643.2634641999975,None,43.47986024412785,2,1,,,,,,Slightly Likely,2.412337099999945,1.4123370999999452,645.8463744999972,None,645.2636281999985,None,y,0.5535124000016367,645.2636281999985,None,,Sub045,001,2022_Sep_26_1544,2_1_MRI_Rating_SE_RE,2021.2.3,59.99340072586862,
1,0,1,-1,-1,2,-1,1,0,,,,,,,,,0,0,0,0,0,87,87,40,0,0,0,0,,,,,,,,,,,,,,,,,,,,,,,,,1,-1,,,0,,,,,,,,,1,,,,,,,,,,,,,,,,,,Sub045,001,2022_Sep_26_1544,2_1_MRI_Rating_SE_RE,2021.2.3,59.99340072586862,
1,0,1,-1,-1,2,-1,1,0,,,,,,,,,0,0,0,0,0,87,87,40,,,,,,,,,,,,,,,,,,,,,,,,,,,,,1,-1,,,0,,,,,,,,,1,,,,,,,,,,,,,,,,,,Sub045,001,2022_Sep_26_1544,2_1_MRI_Rating_SE_RE,2021.2.3,59.99340072586862,
1,0,0,-1,-1,1,-1,1,0,,,,,,,,,0,0,0,0,0,88,88,18,0,0,0,0,,,,,,,,,0,0,0,0,,,,,,,,,,,,,0,-1,,,0,648.2691676999966,None,648.2691676999966,None,650.2795607999979,None,16.32831519620101,1,1,,,,,,Extremely Unlikely,2.261899499999913,1.2618994999999131,652.0131614999991,None,651.2803505999982,None,r,0.7166975000000093,651.2803505999982,None,,Sub045,001,2022_Sep_26_1544,2_1_MRI_Rating_SE_RE,2021.2.3,59.99340072586862,
1,0,0,-1,-1,1,-1,1,0,,,,,,,,,0,0,0,0,0,88,88,18,0,0,0,0,,,,,,,,,,,,,,,,,,,,,,,,,0,-1,,,0,,,,,,,,,1,,,,,,,,,,,,,,,,,,Sub045,001,2022_Sep_26_1544,2_1_MRI_Rating_SE_RE,2021.2.3,59.99340072586862,
1,0,0,-1,-1,1,-1,1,0,,,,,,,,,0,0,0,0,0,88,88,18,,,,,,,,,,,,,,,,,,,,,,,,,,,,,0,-1,,,0,,,,,,,,,1,,,,,,,,,,,,,,,,,,Sub045,001,2022_Sep_26_1544,2_1_MRI_Rating_SE_RE,2021.2.3,59.99340072586862,
1,0,0,-1,-1,3,-1,1,0,,,,,,,,,0,0,0,0,0,89,89,38,0,0,0,0,,,,,,,,,0,0,0,0,,,,,,,,,,,,,0,-1,,,0,654.2854235999985,None,654.2854235999985,None,656.2969087999991,None,16.32831519620101,3,1,,,,,,Extremely Unlikely,2.327409999999986,1.3274099999999862,659.9628598999989,None,659.3121317999976,None,r,0.6270263000005798,659.3121317999976,None,,Sub045,001,2022_Sep_26_1544,2_1_MRI_Rating_SE_RE,2021.2.3,59.99340072586862,
1,0,0,-1,-1,3,-1,1,0,,,,,,,,,0,0,0,0,0,89,89,38,0,0,0,0,,,,,,,,,,,,,,,,,,,,,,,,,0,-1,,,0,,,,,,,,,1,,,,,,,,,,,,,,,,,,Sub045,001,2022_Sep_26_1544,2_1_MRI_Rating_SE_RE,2021.2.3,59.99340072586862,
1,0,0,-1,-1,3,-1,1,0,,,,,,,,,0,0,0,0,0,89,89,38,,,,,,,,,,,,,,,,,,,,,,,,,,,,,0,-1,,,0,,,,,,,,,1,,,,,,,,,,,,,,,,,,Sub045,001,2022_Sep_26_1544,2_1_MRI_Rating_SE_RE,2021.2.3,59.99340072586862,
,,,,,,,,,,,,,,,,,0,0,0,0,,,,,,,,,,,,,,,,,,,,,,,,,,,,,,,,,,,,,,,,,,,,,,,,,,,,,,,,,,,,,,,,Sub045,001,2022_Sep_26_1544,2_1_MRI_Rating_SE_RE,2021.2.3,59.99340072586862,
