﻿current_pair,current_pair_SE,current_pair_RE,current_card_prob,ITI_Play,Play_block_Q,start_MRI.thisRepN,start_MRI.thisTrialN,start_MRI.thisN,start_MRI.thisIndex,L_subjects.thisRepN,L_subjects.thisTrialN,L_subjects.thisN,L_subjects.thisIndex,R_subjects.thisRepN,R_subjects.thisTrialN,R_subjects.thisN,R_subjects.thisIndex,fMRI_trials_Play_R.thisRepN,fMRI_trials_Play_R.thisTrialN,fMRI_trials_Play_R.thisN,fMRI_trials_Play_R.thisIndex,Q_Play_R.thisRepN,Q_Play_R.thisTrialN,Q_Play_R.thisN,Q_Play_R.thisIndex,fMRI_center.started,fMRI_center.stopped,fMR_Instr1_text.started,fMR_Instr1_text.stopped,text_SE_7.started,text_SE_7.stopped,fMRI_center_2.started,fMRI_center_2.stopped,fMR_Instr2_text_2.started,fMR_Instr2_text_2.stopped,text_SE_8.started,text_SE_8.stopped,Slider_rating_Play_instr_R_2.response,Slider_rating_Play_instr_R_2.rt,Slider_rating_Play_instr_R_2.started,Slider_rating_Play_instr_R_2.stopped,fMRI_center_instrTimePlay_R.started,fMRI_center_instrTimePlay_R.stopped,fMR_Instr2_text_8.started,fMR_Instr2_text_8.stopped,fMRI_instr3_Q_play_R.started,fMRI_instr3_Q_play_R.stopped,text_SE_6.started,text_SE_6.stopped,PairQuestionONSET_attri_R_2.started,PairQuestionONSET_attri_R_2.stopped,key_resp_rating_Attri_R_2.keys,key_resp_rating_Attri_R_2.rt,key_resp_rating_Attri_R_2.started,key_resp_rating_Attri_R_2.stopped,text_SE_18.started,text_SE_18.stopped,fMR_Instr2_text_9.started,fMR_Instr2_text_9.stopped,Ready_text.started,Ready_text.stopped,trigger_2.keys,trigger_2.rt,trigger_2.started,trigger_2.stopped,center_OnsetTime.started,center_OnsetTime.stopped,PairONSET_card_prob.started,PairONSET_card_prob.stopped,text_SE_9.started,text_SE_9.stopped,fixOnset_text_4.started,fixOnset_text_4.stopped,current_pair,current_pair_SE,current_pair_RE,target_pair,card_pair,type_Q,ISI1_Play,Play_block_Q,PairQuestionONSET_text_4.started,PairQuestionONSET_text_4.stopped,key_resp_rating_play_R.keys,key_resp_rating_play_R.started,key_resp_rating_play_R.stopped,Rating_pair_Play,ISI2_Play,fixOnset_text.started,fixOnset_text.stopped,PairQuestionONSET_attri.started,PairQuestionONSET_attri.stopped,key_resp_rating_Attri_R.keys,key_resp_rating_Attri_R.rt,key_resp_rating_Attri_R.started,key_resp_rating_Attri_R.stopped,ITI_actual_Play,Attri_Ans,lagTime,text_SE_17.started,text_SE_17.stopped,fixOnset_text_ITI.started,fixOnset_text_ITI.stopped,key_resp_rating_play_R.rt,Final_text_Q.started,Final_text_Q.stopped,key_resp_3.keys,key_resp_3.rt,participant,session,date,expName,psychopyVersion,frameRate,
,,,,,,0,0,0,0,,,,,,,,,,,,,,,,,13.374928699806333,None,13.374928699806333,None,13.374928699806333,None,,,,,,,,,,,,,,,,,,,,,,,,,,,,,,,,,,,,,,,,,,,,,,,,,,,,,,,,,,,,,,,,,,,,,,,,,,,,,,Sub022,001,2022_Jun_02_1447,2_3_MRI_Rating_Play_Eyetracking,2021.2.3,60.14527489689131,
6,2,0,20,2,1,,,,,,,,,0,0,0,0,0,0,0,15,0,0,0,0,,,,,,,58.427570099942386,None,58.427570099942386,None,58.427570099942386,None,None,None,422.7040552003309,None,422.7040552003309,None,422.7040552003309,None,422.7040552003309,None,422.7040552003309,None,431.1295384000987,None,b,4.009690100327134,431.1295384000987,None,431.1295384000987,None,431.1295384000987,None,435.1710585998371,None,t,19.53690560068935,435.1710585998371,None,454.82959279976785,None,454.82959279976785,None,454.82959279976785,None,456.8487762995064,None,6,2,0,52.20370016347884,20,2,2,1,458.93761789985,None,None,458.93761789985,None,,1,460.97054670006037,None,462.05195990018547,None,b,1.7234914004802704,462.05195990018547,None,0.9467290999999705,Definitely Card,-0.05327090000002954,462.05195990018547,None,463.9081960003823,None,,,,,,Sub022,001,2022_Jun_02_1447,2_3_MRI_Rating_Play_Eyetracking,2021.2.3,60.14527489689131,
6,2,0,20,2,1,,,,,,,,,0,0,0,0,0,0,0,15,,,,,,,,,,,,,,,,,,,,,,,,,,,,,,,,,,,,,,,,,,,,,,,,,,,,,6,2,0,,,,,1,,,,,,,,,,,,,,,,,,,,,,,,,,,,Sub022,001,2022_Jun_02_1447,2_3_MRI_Rating_Play_Eyetracking,2021.2.3,60.14527489689131,
8,2,2,80,1,1,,,,,,,,,0,0,0,0,0,1,1,62,0,0,0,0,,,,,,,,,,,,,,,,,,,,,,,,,,,,,,,,,,,,,,,,,464.9597733998671,None,464.9597733998671,None,464.9597733998671,None,466.9756094003096,None,8,2,2,52.20370016347884,80,2,1,1,468.08892290014774,None,b,468.08892290014774,None,Definitely Yes,2.515102599747479,468.69937280006707,None,471.32444090023637,None,b,0.747481600381434,471.32444090023637,None,1.7938603000000057,Definitely Card,0.7938603000000057,471.32444090023637,None,472.18510080035776,None,0.48489740025252104,,,,,Sub022,001,2022_Jun_02_1447,2_3_MRI_Rating_Play_Eyetracking,2021.2.3,60.14527489689131,
8,2,2,80,1,1,,,,,,,,,0,0,0,0,0,1,1,62,,,,,,,,,,,,,,,,,,,,,,,,,,,,,,,,,,,,,,,,,,,,,,,,,,,,,8,2,2,,,,,1,,,,,,,,,,,,,,,,,,,,,,,,,,,,Sub022,001,2022_Jun_02_1447,2_3_MRI_Rating_Play_Eyetracking,2021.2.3,60.14527489689131,
7,2,1,50,1,1,,,,,,,,,0,0,0,0,0,2,2,34,0,0,0,0,,,,,,,,,,,,,,,,,,,,,,,,,,,,,,,,,,,,,,,,,474.0710575999692,None,474.0710575999692,None,474.0710575999692,None,476.1031333003193,None,7,2,1,52.20370016347884,50,2,1,1,477.20590819977224,None,b,477.20590819977224,None,Definitely Yes,1.828435999341309,478.50621800031513,None,480.44120419956744,None,y,1.3491799999028444,480.44120419956744,None,1.190466000000015,Card,0.1904660000000149,480.44120419956744,None,481.916415899992,None,1.171564000658691,,,,,Sub022,001,2022_Jun_02_1447,2_3_MRI_Rating_Play_Eyetracking,2021.2.3,60.14527489689131,
7,2,1,50,1,1,,,,,,,,,0,0,0,0,0,2,2,34,,,,,,,,,,,,,,,,,,,,,,,,,,,,,,,,,,,,,,,,,,,,,,,,,,,,,7,2,1,,,,,1,,,,,,,,,,,,,,,,,,,,,,,,,,,,Sub022,001,2022_Jun_02_1447,2_3_MRI_Rating_Play_Eyetracking,2021.2.3,60.14527489689131,
4,1,1,50,3,1,,,,,,,,,0,0,0,0,0,3,3,67,0,0,0,0,,,,,,,,,,,,,,,,,,,,,,,,,,,,,,,,,,,,,,,,,483.207661899738,None,483.207661899738,None,483.207661899738,None,485.21773639973253,None,4,1,1,27.47455973803564,50,2,3,1,488.30126279965043,None,b,488.30126279965043,None,Definitely Yes,2.216122199781239,489.2118680002168,None,491.5264627998695,None,b,1.1828758008778095,491.5264627998695,None,1.3882007000000272,Definitely Card,0.38820070000002715,491.5264627998695,None,492.83609400037676,None,0.783877800218761,,,,,Sub022,001,2022_Jun_02_1447,2_3_MRI_Rating_Play_Eyetracking,2021.2.3,60.14527489689131,
4,1,1,50,3,1,,,,,,,,,0,0,0,0,0,3,3,67,,,,,,,,,,,,,,,,,,,,,,,,,,,,,,,,,,,,,,,,,,,,,,,,,,,,,4,1,1,,,,,1,,,,,,,,,,,,,,,,,,,,,,,,,,,,Sub022,001,2022_Jun_02_1447,2_3_MRI_Rating_Play_Eyetracking,2021.2.3,60.14527489689131,
5,1,2,80,3,1,,,,,,,,,0,0,0,0,0,4,4,50,0,0,0,0,,,,,,,,,,,,,,,,,,,,,,,,,,,,,,,,,,,,,,,,,494.32285219989717,None,494.32285219989717,None,494.32285219989717,None,496.3381337998435,None,5,1,2,27.47455973803564,80,2,3,1,499.4216154003516,None,b,499.4216154003516,None,Definitely Yes,2.431233899667859,500.1062802998349,None,502.64387660007924,None,b,0.5842191008850932,502.64387660007924,None,1.9913884000000053,Definitely Card,0.9913884000000053,502.64387660007924,None,503.36082519963384,None,0.5687661003321409,,,,,Sub022,001,2022_Jun_02_1447,2_3_MRI_Rating_Play_Eyetracking,2021.2.3,60.14527489689131,
5,1,2,80,3,1,,,,,,,,,0,0,0,0,0,4,4,50,,,,,,,,,,,,,,,,,,,,,,,,,,,,,,,,,,,,,,,,,,,,,,,,,,,,,5,1,2,,,,,1,,,,,,,,,,,,,,,,,,,,,,,,,,,,Sub022,001,2022_Jun_02_1447,2_3_MRI_Rating_Play_Eyetracking,2021.2.3,60.14527489689131,
7,2,1,50,2,1,,,,,,,,,0,0,0,0,0,5,5,43,0,0,0,0,,,,,,,,,,,,,,,,,,,,,,,,,,,,,,,,,,,,,,,,,505.45261080004275,None,505.45261080004275,None,505.45261080004275,None,507.44935350026935,None,7,2,1,52.20370016347884,50,2,2,1,509.5351195000112,None,b,509.5351195000112,None,Definitely Yes,1.8086463995277882,510.85709569975734,None,512.7809255002066,None,None,,512.7809255002066,None,0.6907689999999889,,-0.30923100000001114,512.7809255002066,None,514.7953164000064,None,1.1913536004722118,,,,,Sub022,001,2022_Jun_02_1447,2_3_MRI_Rating_Play_Eyetracking,2021.2.3,60.14527489689131,
7,2,1,50,2,1,,,,,,,,,0,0,0,0,0,5,5,43,,,,,,,,,,,,,,,,,,,,,,,,,,,,,,,,,,,,,,,,,,,,,,,,,,,,,7,2,1,,,,,1,,,,,,,,,,,,,,,,,,,,,,,,,,,,Sub022,001,2022_Jun_02_1447,2_3_MRI_Rating_Play_Eyetracking,2021.2.3,60.14527489689131,
5,1,2,80,2,1,,,,,,,,,0,0,0,0,0,6,6,14,0,0,0,0,,,,,,,,,,,,,,,,,,,,,,,,,,,,,,,,,,,,,,,,,515.5911384001374,None,515.5911384001374,None,515.5911384001374,None,517.6063256999478,None,5,1,2,27.47455973803564,80,2,2,1,519.6890879003331,None,b,519.6890879003331,None,Definitely Yes,2.430051999166608,520.3926870003343,None,522.9216676000506,None,b,0.3549700006842613,522.9216676000506,None,2.2040900000000647,Definitely Card,1.2040900000000647,522.9216676000506,None,523.3788508996367,None,0.5699480008333921,,,,,Sub022,001,2022_Jun_02_1447,2_3_MRI_Rating_Play_Eyetracking,2021.2.3,60.14527489689131,
5,1,2,80,2,1,,,,,,,,,0,0,0,0,0,6,6,14,,,,,,,,,,,,,,,,,,,,,,,,,,,,,,,,,,,,,,,,,,,,,,,,,,,,,5,1,2,,,,,1,,,,,,,,,,,,,,,,,,,,,,,,,,,,Sub022,001,2022_Jun_02_1447,2_3_MRI_Rating_Play_Eyetracking,2021.2.3,60.14527489689131,
7,2,1,50,1,1,,,,,,,,,0,0,0,0,0,7,7,61,0,0,0,0,,,,,,,,,,,,,,,,,,,,,,,,,,,,,,,,,,,,,,,,,525.6968957995996,None,525.6968957995996,None,525.6968957995996,None,527.7096434999257,None,7,2,1,52.20370016347884,50,2,1,1,528.82085070014,None,b,528.82085070014,None,Definitely Yes,2.0833150995895267,529.8588105002418,None,532.0287678996101,None,g,1.0125715006142855,532.0287678996101,None,1.5563958000000184,Bar,0.5563958000000184,532.0287678996101,None,533.1499330000952,None,0.9166849004104733,,,,,Sub022,001,2022_Jun_02_1447,2_3_MRI_Rating_Play_Eyetracking,2021.2.3,60.14527489689131,
7,2,1,50,1,1,,,,,,,,,0,0,0,0,0,7,7,61,,,,,,,,,,,,,,,,,,,,,,,,,,,,,,,,,,,,,,,,,,,,,,,,,,,,,7,2,1,,,,,1,,,,,,,,,,,,,,,,,,,,,,,,,,,,Sub022,001,2022_Jun_02_1447,2_3_MRI_Rating_Play_Eyetracking,2021.2.3,60.14527489689131,
6,2,0,20,3,0,,,,,,,,,0,0,0,0,0,8,8,24,,,,,,,,,,,,,,,,,,,,,,,,,,,,,,,,,,,,,,,,,,,,,534.8148164004087,None,534.8148164004087,None,534.8148164004087,None,536.8284114999697,None,6,2,0,52.20370016347884,20,2,3,0,,,,,,,,,,,,,,,,,,,,,,,,,,,,Sub022,001,2022_Jun_02_1447,2_3_MRI_Rating_Play_Eyetracking,2021.2.3,60.14527489689131,
5,1,2,80,2,1,,,,,,,,,0,0,0,0,0,9,9,41,0,0,0,0,,,,,,,,,,,,,,,,,,,,,,,,,,,,,,,,,,,,,,,,,539.9449650002643,None,539.9449650002643,None,539.9449650002643,None,541.9355371994898,None,5,1,2,27.47455973803564,80,2,2,1,544.0448169000447,None,b,544.0448169000447,None,Definitely Yes,2.223405499011278,544.9227558998391,None,547.2627141997218,None,b,0.8207170004025102,547.2627141997218,None,1.7436599999999771,Definitely Card,0.7436599999999771,547.2627141997218,None,548.2090908996761,None,0.7765945009887218,,,,,Sub022,001,2022_Jun_02_1447,2_3_MRI_Rating_Play_Eyetracking,2021.2.3,60.14527489689131,
5,1,2,80,2,1,,,,,,,,,0,0,0,0,0,9,9,41,,,,,,,,,,,,,,,,,,,,,,,,,,,,,,,,,,,,,,,,,,,,,,,,,,,,,5,1,2,,,,,1,,,,,,,,,,,,,,,,,,,,,,,,,,,,Sub022,001,2022_Jun_02_1447,2_3_MRI_Rating_Play_Eyetracking,2021.2.3,60.14527489689131,
3,1,0,20,2,1,,,,,,,,,0,0,0,0,0,10,10,39,0,0,0,0,,,,,,,,,,,,,,,,,,,,,,,,,,,,,,,,,,,,,,,,,550.0618712995201,None,550.0618712995201,None,550.0618712995201,None,552.0747074997053,None,3,1,0,27.47455973803564,20,2,2,1,554.179868299514,None,b,554.179868299514,None,Definitely Yes,2.2180059999227524,555.0880413996056,None,557.4046157998964,None,y,1.0250102002173662,557.4046157998964,None,1.520519199999967,Card,0.520519199999967,557.4046157998964,None,558.539109500125,None,0.7819940000772476,,,,,Sub022,001,2022_Jun_02_1447,2_3_MRI_Rating_Play_Eyetracking,2021.2.3,60.14527489689131,
3,1,0,20,2,1,,,,,,,,,0,0,0,0,0,10,10,39,,,,,,,,,,,,,,,,,,,,,,,,,,,,,,,,,,,,,,,,,,,,,,,,,,,,,3,1,0,,,,,1,,,,,,,,,,,,,,,,,,,,,,,,,,,,Sub022,001,2022_Jun_02_1447,2_3_MRI_Rating_Play_Eyetracking,2021.2.3,60.14527489689131,
3,1,0,20,2,1,,,,,,,,,0,0,0,0,0,11,11,57,0,0,0,0,,,,,,,,,,,,,,,,,,,,,,,,,,,,,,,,,,,,,,,,,560.1536124004051,None,560.1536124004051,None,560.1536124004051,None,562.1529101002961,None,3,1,0,27.47455973803564,20,2,2,1,564.252261900343,None,y,564.252261900343,None,Yes,2.0981586994603276,565.2739709001034,None,567.4817204000428,None,y,1.5398738998919725,567.4817204000428,None,1.0396451999999954,Card,0.039645199999995384,567.4817204000428,None,569.1462605996057,None,0.9018413005396724,,,,,Sub022,001,2022_Jun_02_1447,2_3_MRI_Rating_Play_Eyetracking,2021.2.3,60.14527489689131,
3,1,0,20,2,1,,,,,,,,,0,0,0,0,0,11,11,57,,,,,,,,,,,,,,,,,,,,,,,,,,,,,,,,,,,,,,,,,,,,,,,,,,,,,3,1,0,,,,,1,,,,,,,,,,,,,,,,,,,,,,,,,,,,Sub022,001,2022_Jun_02_1447,2_3_MRI_Rating_Play_Eyetracking,2021.2.3,60.14527489689131,
3,1,0,20,1,1,,,,,,,,,0,0,0,0,0,12,12,30,0,0,0,0,,,,,,,,,,,,,,,,,,,,,,,,,,,,,,,,,,,,,,,,,570.2929483996704,None,570.2929483996704,None,570.2929483996704,None,572.3069874001667,None,3,1,0,27.47455973803564,20,2,1,1,573.4070260999724,None,b,573.4070260999724,None,Definitely Yes,1.5860970998182893,574.9366001999006,None,576.6250045998022,None,g,0.8790624998509884,576.6250045998022,None,1.6860656000000063,Bar,0.6860656000000063,576.6250045998022,None,577.6305227996781,None,1.4139029001817107,,,,,Sub022,001,2022_Jun_02_1447,2_3_MRI_Rating_Play_Eyetracking,2021.2.3,60.14527489689131,
3,1,0,20,1,1,,,,,,,,,0,0,0,0,0,12,12,30,,,,,,,,,,,,,,,,,,,,,,,,,,,,,,,,,,,,,,,,,,,,,,,,,,,,,3,1,0,,,,,1,,,,,,,,,,,,,,,,,,,,,,,,,,,,Sub022,001,2022_Jun_02_1447,2_3_MRI_Rating_Play_Eyetracking,2021.2.3,60.14527489689131,
1,0,1,50,2,1,,,,,,,,,0,0,0,0,0,13,13,55,0,0,0,0,,,,,,,,,,,,,,,,,,,,,,,,,,,,,,,,,,,,,,,,,579.4314852999523,None,579.4314852999523,None,579.4314852999523,None,581.4450244000182,None,1,0,1,10.317725695544,50,2,2,1,583.5610416997224,None,b,583.5610416997224,None,Definitely Yes,2.5878050988540053,584.087355799973,None,586.7843837002292,None,b,0.6910220012068748,586.7843837002292,None,1.8564926000000241,Definitely Card,0.8564926000000241,586.7843837002292,None,587.5887716002762,None,0.41219490114599466,,,,,Sub022,001,2022_Jun_02_1447,2_3_MRI_Rating_Play_Eyetracking,2021.2.3,60.14527489689131,
1,0,1,50,2,1,,,,,,,,,0,0,0,0,0,13,13,55,,,,,,,,,,,,,,,,,,,,,,,,,,,,,,,,,,,,,,,,,,,,,,,,,,,,,1,0,1,,,,,1,,,,,,,,,,,,,,,,,,,,,,,,,,,,Sub022,001,2022_Jun_02_1447,2_3_MRI_Rating_Play_Eyetracking,2021.2.3,60.14527489689131,
0,0,0,20,3,1,,,,,,,,,0,0,0,0,0,14,14,63,0,0,0,0,,,,,,,,,,,,,,,,,,,,,,,,,,,,,,,,,,,,,,,,,589.5607835995033,None,589.5607835995033,None,589.5607835995033,None,591.5734384004027,None,0,0,0,10.317725695544,20,2,3,1,594.6541453003883,None,g,594.6541453003883,None,No,1.8829758996143937,595.8937833001837,None,597.8557283002883,None,None,,597.8557283002883,None,0.6880809999998974,,-0.31191900000010264,597.8557283002883,None,599.8887620000169,None,1.1170241003856063,,,,,Sub022,001,2022_Jun_02_1447,2_3_MRI_Rating_Play_Eyetracking,2021.2.3,60.14527489689131,
0,0,0,20,3,1,,,,,,,,,0,0,0,0,0,14,14,63,,,,,,,,,,,,,,,,,,,,,,,,,,,,,,,,,,,,,,,,,,,,,,,,,,,,,0,0,0,,,,,1,,,,,,,,,,,,,,,,,,,,,,,,,,,,Sub022,001,2022_Jun_02_1447,2_3_MRI_Rating_Play_Eyetracking,2021.2.3,60.14527489689131,
3,1,0,20,3,1,,,,,,,,,0,0,0,0,0,15,15,66,0,0,0,0,,,,,,,,,,,,,,,,,,,,,,,,,,,,,,,,,,,,,,,,,600.6719271000475,None,600.6719271000475,None,600.6719271000475,None,602.6902101002634,None,3,1,0,27.47455973803564,20,2,3,1,605.8027469003573,None,y,605.8027469003573,None,Yes,2.337797299027443,606.5947714997455,None,609.0476946998388,None,None,,609.0476946998388,None,0.6393717000000834,,-0.36062829999991663,609.0476946998388,None,611.0381121998653,None,0.6622027009725571,,,,,Sub022,001,2022_Jun_02_1447,2_3_MRI_Rating_Play_Eyetracking,2021.2.3,60.14527489689131,
3,1,0,20,3,1,,,,,,,,,0,0,0,0,0,15,15,66,,,,,,,,,,,,,,,,,,,,,,,,,,,,,,,,,,,,,,,,,,,,,,,,,,,,,3,1,0,,,,,1,,,,,,,,,,,,,,,,,,,,,,,,,,,,Sub022,001,2022_Jun_02_1447,2_3_MRI_Rating_Play_Eyetracking,2021.2.3,60.14527489689131,
0,0,0,20,1,0,,,,,,,,,0,0,0,0,0,16,16,0,,,,,,,,,,,,,,,,,,,,,,,,,,,,,,,,,,,,,,,,,,,,,611.7737360997126,None,611.7737360997126,None,611.7737360997126,None,613.7860813997686,None,0,0,0,10.317725695544,20,2,1,0,,,,,,,,,,,,,,,,,,,,,,,,,,,,Sub022,001,2022_Jun_02_1447,2_3_MRI_Rating_Play_Eyetracking,2021.2.3,60.14527489689131,
8,2,2,80,3,0,,,,,,,,,0,0,0,0,0,17,17,26,,,,,,,,,,,,,,,,,,,,,,,,,,,,,,,,,,,,,,,,,,,,,614.8932758998126,None,614.8932758998126,None,614.8932758998126,None,616.8883430995047,None,8,2,2,52.20370016347884,80,2,3,0,,,,,,,,,,,,,,,,,,,,,,,,,,,,Sub022,001,2022_Jun_02_1447,2_3_MRI_Rating_Play_Eyetracking,2021.2.3,60.14527489689131,
2,0,2,80,1,0,,,,,,,,,0,0,0,0,0,18,18,2,,,,,,,,,,,,,,,,,,,,,,,,,,,,,,,,,,,,,,,,,,,,,619.9882579995319,None,619.9882579995319,None,619.9882579995319,None,621.9883303996176,None,2,0,2,10.317725695544,80,2,1,0,,,,,,,,,,,,,,,,,,,,,,,,,,,,Sub022,001,2022_Jun_02_1447,2_3_MRI_Rating_Play_Eyetracking,2021.2.3,60.14527489689131,
2,0,2,80,3,0,,,,,,,,,0,0,0,0,0,19,19,20,,,,,,,,,,,,,,,,,,,,,,,,,,,,,,,,,,,,,,,,,,,,,623.0909788003191,None,623.0909788003191,None,623.0909788003191,None,625.1084963995963,None,2,0,2,10.317725695544,80,2,3,0,,,,,,,,,,,,,,,,,,,,,,,,,,,,Sub022,001,2022_Jun_02_1447,2_3_MRI_Rating_Play_Eyetracking,2021.2.3,60.14527489689131,
7,2,1,50,1,0,,,,,,,,,0,0,0,0,0,20,20,7,,,,,,,,,,,,,,,,,,,,,,,,,,,,,,,,,,,,,,,,,,,,,628.2117381999269,None,628.2117381999269,None,628.2117381999269,None,630.2243862003088,None,7,2,1,52.20370016347884,50,2,1,0,,,,,,,,,,,,,,,,,,,,,,,,,,,,Sub022,001,2022_Jun_02_1447,2_3_MRI_Rating_Play_Eyetracking,2021.2.3,60.14527489689131,
1,0,1,50,1,1,,,,,,,,,0,0,0,0,0,21,21,28,0,0,0,0,,,,,,,,,,,,,,,,,,,,,,,,,,,,,,,,,,,,,,,,,631.3303456995636,None,631.3303456995636,None,631.3303456995636,None,633.3423950001597,None,1,0,1,10.317725695544,50,2,1,1,634.4259160999209,None,b,634.4259160999209,None,Definitely Yes,2.1166654992848635,635.4207995999604,None,637.6517575997859,None,None,,637.6517575997859,None,0.6776634000000286,,-0.32233659999997144,637.6517575997859,None,639.662722799927,None,0.8833345007151365,,,,,Sub022,001,2022_Jun_02_1447,2_3_MRI_Rating_Play_Eyetracking,2021.2.3,60.14527489689131,
1,0,1,50,1,1,,,,,,,,,0,0,0,0,0,21,21,28,,,,,,,,,,,,,,,,,,,,,,,,,,,,,,,,,,,,,,,,,,,,,,,,,,,,,1,0,1,,,,,1,,,,,,,,,,,,,,,,,,,,,,,,,,,,Sub022,001,2022_Jun_02_1447,2_3_MRI_Rating_Play_Eyetracking,2021.2.3,60.14527489689131,
2,0,2,80,2,1,,,,,,,,,0,0,0,0,0,22,22,11,0,0,0,0,,,,,,,,,,,,,,,,,,,,,,,,,,,,,,,,,,,,,,,,,640.4459975995123,None,640.4459975995123,None,640.4459975995123,None,642.4570182003081,None,2,0,2,10.317725695544,80,2,2,1,644.543630999513,None,b,644.543630999513,None,Definitely Yes,2.569744799286127,645.0953700002283,None,647.7854562001303,None,b,0.8190238000825047,647.7854562001303,None,1.7399139999999989,Definitely Card,0.7399139999999989,647.7854562001303,None,648.7341807000339,None,0.4302552007138729,,,,,Sub022,001,2022_Jun_02_1447,2_3_MRI_Rating_Play_Eyetracking,2021.2.3,60.14527489689131,
2,0,2,80,2,1,,,,,,,,,0,0,0,0,0,22,22,11,,,,,,,,,,,,,,,,,,,,,,,,,,,,,,,,,,,,,,,,,,,,,,,,,,,,,2,0,2,,,,,1,,,,,,,,,,,,,,,,,,,,,,,,,,,,Sub022,001,2022_Jun_02_1447,2_3_MRI_Rating_Play_Eyetracking,2021.2.3,60.14527489689131,
2,0,2,80,3,1,,,,,,,,,0,0,0,0,0,23,23,47,0,0,0,0,,,,,,,,,,,,,,,,,,,,,,,,,,,,,,,,,,,,,,,,,650.5784435002133,None,650.5784435002133,None,650.5784435002133,None,652.5955881997943,None,2,0,2,10.317725695544,80,2,3,1,655.698522400111,None,b,655.698522400111,None,Definitely Yes,2.407518899999559,656.3831222997978,None,658.9018598999828,None,b,0.7821087008342147,658.9018598999828,None,1.7884540000000015,Definitely Card,0.7884540000000015,658.9018598999828,None,659.8171784998849,None,0.5924811000004411,,,,,Sub022,001,2022_Jun_02_1447,2_3_MRI_Rating_Play_Eyetracking,2021.2.3,60.14527489689131,
2,0,2,80,3,1,,,,,,,,,0,0,0,0,0,23,23,47,,,,,,,,,,,,,,,,,,,,,,,,,,,,,,,,,,,,,,,,,,,,,,,,,,,,,2,0,2,,,,,1,,,,,,,,,,,,,,,,,,,,,,,,,,,,Sub022,001,2022_Jun_02_1447,2_3_MRI_Rating_Play_Eyetracking,2021.2.3,60.14527489689131,
3,1,0,20,3,0,,,,,,,,,0,0,0,0,0,24,24,21,,,,,,,,,,,,,,,,,,,,,,,,,,,,,,,,,,,,,,,,,,,,,661.7143008997664,None,661.7143008997664,None,661.7143008997664,None,663.7308790003881,None,3,1,0,27.47455973803564,20,2,3,0,,,,,,,,,,,,,,,,,,,,,,,,,,,,Sub022,001,2022_Jun_02_1447,2_3_MRI_Rating_Play_Eyetracking,2021.2.3,60.14527489689131,
4,1,1,50,1,0,,,,,,,,,0,0,0,0,0,25,25,4,,,,,,,,,,,,,,,,,,,,,,,,,,,,,,,,,,,,,,,,,,,,,666.8488974999636,None,666.8488974999636,None,666.8488974999636,None,668.8645732998848,None,4,1,1,27.47455973803564,50,2,1,0,,,,,,,,,,,,,,,,,,,,,,,,,,,,Sub022,001,2022_Jun_02_1447,2_3_MRI_Rating_Play_Eyetracking,2021.2.3,60.14527489689131,
2,0,2,80,2,1,,,,,,,,,0,0,0,0,0,26,26,38,0,0,0,0,,,,,,,,,,,,,,,,,,,,,,,,,,,,,,,,,,,,,,,,,669.9728865996003,None,669.9728865996003,None,669.9728865996003,None,671.9863464003429,None,2,0,2,10.317725695544,80,2,2,1,674.097698699683,None,y,674.097698699683,None,Yes,2.074952700175345,675.1506115002558,None,677.3301096996292,None,b,1.652080601081252,677.3301096996292,None,0.8752819999999701,Definitely Card,-0.12471800000002986,677.3301096996292,None,679.1119983000681,None,0.9250472998246551,,,,,Sub022,001,2022_Jun_02_1447,2_3_MRI_Rating_Play_Eyetracking,2021.2.3,60.14527489689131,
2,0,2,80,2,1,,,,,,,,,0,0,0,0,0,26,26,38,,,,,,,,,,,,,,,,,,,,,,,,,,,,,,,,,,,,,,,,,,,,,,,,,,,,,2,0,2,,,,,1,,,,,,,,,,,,,,,,,,,,,,,,,,,,Sub022,001,2022_Jun_02_1447,2_3_MRI_Rating_Play_Eyetracking,2021.2.3,60.14527489689131,
0,0,0,20,1,1,,,,,,,,,0,0,0,0,0,27,27,27,0,0,0,0,,,,,,,,,,,,,,,,,,,,,,,,,,,,,,,,,,,,,,,,,680.1019687000662,None,680.1019687000662,None,680.1019687000662,None,682.1157190995291,None,0,0,0,10.317725695544,20,2,1,1,683.2332322001457,None,y,683.2332322001457,None,Yes,1.7258172994479537,684.622748600319,None,686.4704563003033,None,None,,686.4704563003033,None,0.641837799999962,,-0.35816220000003796,686.4704563003033,None,688.4779952997342,None,1.2741827005520463,,,,,Sub022,001,2022_Jun_02_1447,2_3_MRI_Rating_Play_Eyetracking,2021.2.3,60.14527489689131,
0,0,0,20,1,1,,,,,,,,,0,0,0,0,0,27,27,27,,,,,,,,,,,,,,,,,,,,,,,,,,,,,,,,,,,,,,,,,,,,,,,,,,,,,0,0,0,,,,,1,,,,,,,,,,,,,,,,,,,,,,,,,,,,Sub022,001,2022_Jun_02_1447,2_3_MRI_Rating_Play_Eyetracking,2021.2.3,60.14527489689131,
0,0,0,20,1,1,,,,,,,,,0,0,0,0,0,28,28,54,0,0,0,0,,,,,,,,,,,,,,,,,,,,,,,,,,,,,,,,,,,,,,,,,689.2220564000309,None,689.2220564000309,None,689.2220564000309,None,691.2464555995539,None,0,0,0,10.317725695544,20,2,1,1,692.3404719997197,None,g,692.3404719997197,None,No,2.570486499927938,692.8967132996768,None,695.5636556996033,None,g,0.5501972008496523,695.5636556996033,None,2.020353699999987,Bar,1.020353699999987,695.5636556996033,None,696.2113701999187,None,0.429513500072062,,,,,Sub022,001,2022_Jun_02_1447,2_3_MRI_Rating_Play_Eyetracking,2021.2.3,60.14527489689131,
0,0,0,20,1,1,,,,,,,,,0,0,0,0,0,28,28,54,,,,,,,,,,,,,,,,,,,,,,,,,,,,,,,,,,,,,,,,,,,,,,,,,,,,,0,0,0,,,,,1,,,,,,,,,,,,,,,,,,,,,,,,,,,,Sub022,001,2022_Jun_02_1447,2_3_MRI_Rating_Play_Eyetracking,2021.2.3,60.14527489689131,
4,1,1,50,2,1,,,,,,,,,0,0,0,0,0,29,29,13,0,0,0,0,,,,,,,,,,,,,,,,,,,,,,,,,,,,,,,,,,,,,,,,,698.3128421995789,None,698.3128421995789,None,698.3128421995789,None,700.3455614997074,None,4,1,1,27.47455973803564,50,2,2,1,702.426077099517,None,b,702.426077099517,None,Definitely Yes,2.4232813995331526,703.1280078003183,None,705.6729023000225,None,y,1.0215637004002929,705.6729023000225,None,1.5405739000000267,Card,0.5405739000000267,705.6729023000225,None,706.7960719000548,None,0.5767186004668474,,,,,Sub022,001,2022_Jun_02_1447,2_3_MRI_Rating_Play_Eyetracking,2021.2.3,60.14527489689131,
4,1,1,50,2,1,,,,,,,,,0,0,0,0,0,29,29,13,,,,,,,,,,,,,,,,,,,,,,,,,,,,,,,,,,,,,,,,,,,,,,,,,,,,,4,1,1,,,,,1,,,,,,,,,,,,,,,,,,,,,,,,,,,,Sub022,001,2022_Jun_02_1447,2_3_MRI_Rating_Play_Eyetracking,2021.2.3,60.14527489689131,
4,1,1,50,2,1,,,,,,,,,0,0,0,0,0,30,30,40,0,0,0,0,,,,,,,,,,,,,,,,,,,,,,,,,,,,,,,,,,,,,,,,,708.4545269003138,None,708.4545269003138,None,708.4545269003138,None,710.4574189996347,None,4,1,1,27.47455973803564,50,2,2,1,712.5643840003759,None,b,712.5643840003759,None,Definitely Yes,2.167783899232745,713.5163652999327,None,715.8015385000035,None,b,1.7146252002567053,715.8015385000035,None,0.8228832000000921,Definitely Card,-0.17711679999990793,715.8015385000035,None,717.6516556004062,None,0.8322161007672548,,,,,Sub022,001,2022_Jun_02_1447,2_3_MRI_Rating_Play_Eyetracking,2021.2.3,60.14527489689131,
4,1,1,50,2,1,,,,,,,,,0,0,0,0,0,30,30,40,,,,,,,,,,,,,,,,,,,,,,,,,,,,,,,,,,,,,,,,,,,,,,,,,,,,,4,1,1,,,,,1,,,,,,,,,,,,,,,,,,,,,,,,,,,,Sub022,001,2022_Jun_02_1447,2_3_MRI_Rating_Play_Eyetracking,2021.2.3,60.14527489689131,
6,2,0,20,1,1,,,,,,,,,0,0,0,0,0,31,31,33,0,0,0,0,,,,,,,,,,,,,,,,,,,,,,,,,,,,,,,,,,,,,,,,,718.5791589003056,None,718.5791589003056,None,718.5791589003056,None,720.5971457995474,None,6,2,0,52.20370016347884,20,2,1,1,721.7001940002665,None,b,721.7001940002665,None,Definitely Yes,1.8670669989660382,722.9683039998636,None,724.9346011998132,None,g,0.6487654000520706,724.9346011998132,None,1.8886959999999817,Bar,0.8886959999999817,724.9346011998132,None,725.7205454995856,None,1.1329330010339618,,,,,Sub022,001,2022_Jun_02_1447,2_3_MRI_Rating_Play_Eyetracking,2021.2.3,60.14527489689131,
6,2,0,20,1,1,,,,,,,,,0,0,0,0,0,31,31,33,,,,,,,,,,,,,,,,,,,,,,,,,,,,,,,,,,,,,,,,,,,,,,,,,,,,,6,2,0,,,,,1,,,,,,,,,,,,,,,,,,,,,,,,,,,,Sub022,001,2022_Jun_02_1447,2_3_MRI_Rating_Play_Eyetracking,2021.2.3,60.14527489689131,
8,2,2,80,3,1,,,,,,,,,0,0,0,0,0,32,32,71,0,0,0,0,,,,,,,,,,,,,,,,,,,,,,,,,,,,,,,,,,,,,,,,,727.7216675998643,None,727.7216675998643,None,727.7216675998643,None,729.7322623999789,None,8,2,2,52.20370016347884,80,2,3,1,732.8161393003538,None,b,732.8161393003538,None,Definitely Yes,2.3116517988964915,733.6363188000396,None,736.028567600064,None,b,1.3127759005874395,736.028567600064,None,1.2712447999999767,Definitely Card,0.27124479999997675,736.028567600064,None,737.4663329999894,None,0.6883482011035085,,,,,Sub022,001,2022_Jun_02_1447,2_3_MRI_Rating_Play_Eyetracking,2021.2.3,60.14527489689131,
8,2,2,80,3,1,,,,,,,,,0,0,0,0,0,32,32,71,,,,,,,,,,,,,,,,,,,,,,,,,,,,,,,,,,,,,,,,,,,,,,,,,,,,,8,2,2,,,,,1,,,,,,,,,,,,,,,,,,,,,,,,,,,,Sub022,001,2022_Jun_02_1447,2_3_MRI_Rating_Play_Eyetracking,2021.2.3,60.14527489689131,
5,1,2,80,1,1,,,,,,,,,0,0,0,0,0,33,33,59,0,0,0,0,,,,,,,,,,,,,,,,,,,,,,,,,,,,,,,,,,,,,,,,,738.8501671003178,None,738.8501671003178,None,738.8501671003178,None,740.8635713001713,None,5,1,2,27.47455973803564,80,2,1,1,741.9706137003377,None,b,741.9706137003377,None,Definitely Yes,2.6180854998528957,742.4846211997792,None,745.222737999633,None,b,0.5151362000033259,745.222737999633,None,2.0080820000000585,Definitely Card,1.0080820000000585,745.222737999633,None,745.8678176002577,None,0.38191450014710426,,,,,Sub022,001,2022_Jun_02_1447,2_3_MRI_Rating_Play_Eyetracking,2021.2.3,60.14527489689131,
5,1,2,80,1,1,,,,,,,,,0,0,0,0,0,33,33,59,,,,,,,,,,,,,,,,,,,,,,,,,,,,,,,,,,,,,,,,,,,,,,,,,,,,,5,1,2,,,,,1,,,,,,,,,,,,,,,,,,,,,,,,,,,,Sub022,001,2022_Jun_02_1447,2_3_MRI_Rating_Play_Eyetracking,2021.2.3,60.14527489689131,
1,0,1,50,3,0,,,,,,,,,0,0,0,0,0,34,34,19,,,,,,,,,,,,,,,,,,,,,,,,,,,,,,,,,,,,,,,,,,,,,747.9841024996713,None,747.9841024996713,None,747.9841024996713,None,749.9950425997376,None,1,0,1,10.317725695544,50,2,3,0,,,,,,,,,,,,,,,,,,,,,,,,,,,,Sub022,001,2022_Jun_02_1447,2_3_MRI_Rating_Play_Eyetracking,2021.2.3,60.14527489689131,
6,2,0,20,2,1,,,,,,,,,0,0,0,0,0,35,35,60,0,0,0,0,,,,,,,,,,,,,,,,,,,,,,,,,,,,,,,,,,,,,,,,,753.0760399997234,None,753.0760399997234,None,753.0760399997234,None,755.1154455998912,None,6,2,0,52.20370016347884,20,2,2,1,757.2121104001999,None,b,757.2121104001999,None,Definitely Yes,1.7853263998404145,758.550149699673,None,760.4541015997529,None,g,0.7975299004465342,760.4541015997529,None,1.7304046000000426,Bar,0.7304046000000426,760.4541015997529,None,761.3791768997908,None,1.2146736001595855,,,,,Sub022,001,2022_Jun_02_1447,2_3_MRI_Rating_Play_Eyetracking,2021.2.3,60.14527489689131,
6,2,0,20,2,1,,,,,,,,,0,0,0,0,0,35,35,60,,,,,,,,,,,,,,,,,,,,,,,,,,,,,,,,,,,,,,,,,,,,,,,,,,,,,6,2,0,,,,,1,,,,,,,,,,,,,,,,,,,,,,,,,,,,Sub022,001,2022_Jun_02_1447,2_3_MRI_Rating_Play_Eyetracking,2021.2.3,60.14527489689131,
8,2,2,80,2,1,,,,,,,,,0,0,0,0,0,36,36,17,0,0,0,0,,,,,,,,,,,,,,,,,,,,,,,,,,,,,,,,,,,,,,,,,763.2191370995715,None,763.2191370995715,None,763.2191370995715,None,765.2344362996519,None,8,2,2,52.20370016347884,80,2,2,1,767.3377730995417,None,b,767.3377730995417,None,Definitely Yes,2.497347499243915,767.9617723999545,None,770.5714341001585,None,y,0.8868661997839808,770.5714341001585,None,1.6548252999999704,Card,0.6548252999999704,770.5714341001585,None,771.5811780998483,None,0.5026525007560849,,,,,Sub022,001,2022_Jun_02_1447,2_3_MRI_Rating_Play_Eyetracking,2021.2.3,60.14527489689131,
8,2,2,80,2,1,,,,,,,,,0,0,0,0,0,36,36,17,,,,,,,,,,,,,,,,,,,,,,,,,,,,,,,,,,,,,,,,,,,,,,,,,,,,,8,2,2,,,,,1,,,,,,,,,,,,,,,,,,,,,,,,,,,,Sub022,001,2022_Jun_02_1447,2_3_MRI_Rating_Play_Eyetracking,2021.2.3,60.14527489689131,
6,2,0,20,2,1,,,,,,,,,0,0,0,0,0,37,37,42,0,0,0,0,,,,,,,,,,,,,,,,,,,,,,,,,,,,,,,,,,,,,,,,,773.3459865003824,None,773.3459865003824,None,773.3459865003824,None,775.3656975002959,None,6,2,0,52.20370016347884,20,2,2,1,777.4665994998068,None,b,777.4665994998068,None,Definitely Yes,2.3252779999747872,778.2711551003158,None,780.7066196994856,None,g,0.5962721006944776,780.7066196994856,None,1.9410530999999764,Bar,0.9410530999999764,780.7066196994856,None,781.4366971002892,None,0.6747220000252128,,,,,Sub022,001,2022_Jun_02_1447,2_3_MRI_Rating_Play_Eyetracking,2021.2.3,60.14527489689131,
6,2,0,20,2,1,,,,,,,,,0,0,0,0,0,37,37,42,,,,,,,,,,,,,,,,,,,,,,,,,,,,,,,,,,,,,,,,,,,,,,,,,,,,,6,2,0,,,,,1,,,,,,,,,,,,,,,,,,,,,,,,,,,,Sub022,001,2022_Jun_02_1447,2_3_MRI_Rating_Play_Eyetracking,2021.2.3,60.14527489689131,
8,2,2,80,1,0,,,,,,,,,0,0,0,0,0,38,38,8,,,,,,,,,,,,,,,,,,,,,,,,,,,,,,,,,,,,,,,,,,,,,783.4641477996483,None,783.4641477996483,None,783.4641477996483,None,785.500103100203,None,8,2,2,52.20370016347884,80,2,1,0,,,,,,,,,,,,,,,,,,,,,,,,,,,,Sub022,001,2022_Jun_02_1447,2_3_MRI_Rating_Play_Eyetracking,2021.2.3,60.14527489689131,
5,1,2,80,2,1,,,,,,,,,0,0,0,0,0,39,39,68,0,0,0,0,,,,,,,,,,,,,,,,,,,,,,,,,,,,,,,,,,,,,,,,,786.605408700183,None,786.605408700183,None,786.605408700183,None,788.6153119998053,None,5,1,2,27.47455973803564,80,2,2,1,790.6996569000185,None,b,790.6996569000185,None,Definitely Yes,2.321469198912382,791.4722734997049,None,793.9066158002242,None,b,0.8707694998010993,793.9066158002242,None,1.710406799999987,Definitely Card,0.710406799999987,793.9066158002242,None,794.9031392997131,None,0.6785308010876179,,,,,Sub022,001,2022_Jun_02_1447,2_3_MRI_Rating_Play_Eyetracking,2021.2.3,60.14527489689131,
5,1,2,80,2,1,,,,,,,,,0,0,0,0,0,39,39,68,,,,,,,,,,,,,,,,,,,,,,,,,,,,,,,,,,,,,,,,,,,,,,,,,,,,,5,1,2,,,,,1,,,,,,,,,,,,,,,,,,,,,,,,,,,,Sub022,001,2022_Jun_02_1447,2_3_MRI_Rating_Play_Eyetracking,2021.2.3,60.14527489689131,
0,0,0,20,3,1,,,,,,,,,0,0,0,0,0,40,40,45,0,0,0,0,,,,,,,,,,,,,,,,,,,,,,,,,,,,,,,,,,,,,,,,,796.7223891001195,None,796.7223891001195,None,796.7223891001195,None,798.713894800283,None,0,0,0,10.317725695544,20,2,3,1,801.8216073000804,None,g,801.8216073000804,None,No,2.5109864994883537,802.4147980995476,None,805.037982000038,None,g,0.6381237003952265,805.037982000038,None,1.9384976999999708,Bar,0.9384976999999708,805.037982000038,None,805.8043988998979,None,0.48901350051164627,,,,,Sub022,001,2022_Jun_02_1447,2_3_MRI_Rating_Play_Eyetracking,2021.2.3,60.14527489689131,
0,0,0,20,3,1,,,,,,,,,0,0,0,0,0,40,40,45,,,,,,,,,,,,,,,,,,,,,,,,,,,,,,,,,,,,,,,,,,,,,,,,,,,,,0,0,0,,,,,1,,,,,,,,,,,,,,,,,,,,,,,,,,,,Sub022,001,2022_Jun_02_1447,2_3_MRI_Rating_Play_Eyetracking,2021.2.3,60.14527489689131,
0,0,0,20,3,0,,,,,,,,,0,0,0,0,0,41,41,18,,,,,,,,,,,,,,,,,,,,,,,,,,,,,,,,,,,,,,,,,,,,,807.841862199828,None,807.841862199828,None,807.841862199828,None,809.861967000179,None,0,0,0,10.317725695544,20,2,3,0,,,,,,,,,,,,,,,,,,,,,,,,,,,,Sub022,001,2022_Jun_02_1447,2_3_MRI_Rating_Play_Eyetracking,2021.2.3,60.14527489689131,
4,1,1,50,3,0,,,,,,,,,0,0,0,0,0,42,42,22,,,,,,,,,,,,,,,,,,,,,,,,,,,,,,,,,,,,,,,,,,,,,812.9728552000597,None,812.9728552000597,None,812.9728552000597,None,814.9842269001529,None,4,1,1,27.47455973803564,50,2,3,0,,,,,,,,,,,,,,,,,,,,,,,,,,,,Sub022,001,2022_Jun_02_1447,2_3_MRI_Rating_Play_Eyetracking,2021.2.3,60.14527489689131,
1,0,1,50,1,0,,,,,,,,,0,0,0,0,0,43,43,1,,,,,,,,,,,,,,,,,,,,,,,,,,,,,,,,,,,,,,,,,,,,,818.0852517001331,None,818.0852517001331,None,818.0852517001331,None,820.1028199000284,None,1,0,1,10.317725695544,50,2,1,0,,,,,,,,,,,,,,,,,,,,,,,,,,,,Sub022,001,2022_Jun_02_1447,2_3_MRI_Rating_Play_Eyetracking,2021.2.3,60.14527489689131,
8,2,2,80,2,1,,,,,,,,,0,0,0,0,0,44,44,44,0,0,0,0,,,,,,,,,,,,,,,,,,,,,,,,,,,,,,,,,,,,,,,,,821.2071016998962,None,821.2071016998962,None,821.2071016998962,None,823.2162151997909,None,8,2,2,52.20370016347884,80,2,2,1,825.3263887995854,None,b,825.3263887995854,None,Definitely Yes,2.0704426001757383,826.3802717998624,None,828.5637587998062,None,b,1.357344500720501,828.5637587998062,None,1.1616688999999951,Definitely Card,0.16166889999999512,828.5637587998062,None,830.0216432996094,None,0.9295573998242617,,,,,Sub022,001,2022_Jun_02_1447,2_3_MRI_Rating_Play_Eyetracking,2021.2.3,60.14527489689131,
8,2,2,80,2,1,,,,,,,,,0,0,0,0,0,44,44,44,,,,,,,,,,,,,,,,,,,,,,,,,,,,,,,,,,,,,,,,,,,,,,,,,,,,,8,2,2,,,,,1,,,,,,,,,,,,,,,,,,,,,,,,,,,,Sub022,001,2022_Jun_02_1447,2_3_MRI_Rating_Play_Eyetracking,2021.2.3,60.14527489689131,
2,0,2,80,1,1,,,,,,,,,0,0,0,0,0,45,45,29,0,0,0,0,,,,,,,,,,,,,,,,,,,,,,,,,,,,,,,,,,,,,,,,,831.2783078001812,None,831.2783078001812,None,831.2783078001812,None,833.2943919999525,None,2,0,2,10.317725695544,80,2,1,1,834.4071937995031,None,b,834.4071937995031,None,Definitely Yes,2.4025991996750236,835.1084235003218,None,837.6273031998426,None,b,0.38745690044015646,837.6273031998426,None,2.1702923000000283,Definitely Card,1.1702923000000283,837.6273031998426,None,838.1168403998017,None,0.5974008003249764,,,,,Sub022,001,2022_Jun_02_1447,2_3_MRI_Rating_Play_Eyetracking,2021.2.3,60.14527489689131,
2,0,2,80,1,1,,,,,,,,,0,0,0,0,0,45,45,29,,,,,,,,,,,,,,,,,,,,,,,,,,,,,,,,,,,,,,,,,,,,,,,,,,,,,2,0,2,,,,,1,,,,,,,,,,,,,,,,,,,,,,,,,,,,Sub022,001,2022_Jun_02_1447,2_3_MRI_Rating_Play_Eyetracking,2021.2.3,60.14527489689131,
1,0,1,50,3,1,,,,,,,,,0,0,0,0,0,46,46,46,0,0,0,0,,,,,,,,,,,,,,,,,,,,,,,,,,,,,,,,,,,,,,,,,840.3897024001926,None,840.3897024001926,None,840.3897024001926,None,842.4045441998169,None,1,0,1,10.317725695544,50,2,3,1,845.5237034000456,None,b,845.5237034000456,None,Definitely Yes,1.62398689892143,846.9913958003744,None,848.7299900995567,None,y,1.3855677004903555,848.7299900995567,None,1.1741402999999764,Card,0.17414029999997638,848.7299900995567,None,850.2350330995396,None,1.37601310107857,,,,,Sub022,001,2022_Jun_02_1447,2_3_MRI_Rating_Play_Eyetracking,2021.2.3,60.14527489689131,
1,0,1,50,3,1,,,,,,,,,0,0,0,0,0,46,46,46,,,,,,,,,,,,,,,,,,,,,,,,,,,,,,,,,,,,,,,,,,,,,,,,,,,,,1,0,1,,,,,1,,,,,,,,,,,,,,,,,,,,,,,,,,,,Sub022,001,2022_Jun_02_1447,2_3_MRI_Rating_Play_Eyetracking,2021.2.3,60.14527489689131,
1,0,1,50,2,1,,,,,,,,,0,0,0,0,0,47,47,37,0,0,0,0,,,,,,,,,,,,,,,,,,,,,,,,,,,,,,,,,,,,,,,,,851.5257243001834,None,851.5257243001834,None,851.5257243001834,None,853.5341795003042,None,1,0,1,10.317725695544,50,2,2,1,855.6306908000261,None,b,855.6306908000261,None,Definitely Yes,2.063368499279022,856.6908026002347,None,858.8609172003344,None,b,0.811570500023663,858.8609172003344,None,1.7395112000000381,Definitely Card,0.7395112000000381,858.8609172003344,None,859.8060264000669,None,0.9366315007209778,,,,,Sub022,001,2022_Jun_02_1447,2_3_MRI_Rating_Play_Eyetracking,2021.2.3,60.14527489689131,
1,0,1,50,2,1,,,,,,,,,0,0,0,0,0,47,47,37,,,,,,,,,,,,,,,,,,,,,,,,,,,,,,,,,,,,,,,,,,,,,,,,,,,,,1,0,1,,,,,1,,,,,,,,,,,,,,,,,,,,,,,,,,,,Sub022,001,2022_Jun_02_1447,2_3_MRI_Rating_Play_Eyetracking,2021.2.3,60.14527489689131,
4,1,1,50,3,1,,,,,,,,,0,0,0,0,0,48,48,49,0,0,0,0,,,,,,,,,,,,,,,,,,,,,,,,,,,,,,,,,,,,,,,,,861.6549904998392,None,861.6549904998392,None,861.6549904998392,None,863.6685292003676,None,4,1,1,27.47455973803564,50,2,3,1,866.7764475001022,None,b,866.7764475001022,None,Definitely Yes,1.9795667994767427,867.9212950998917,None,870.0075941998512,None,b,1.0096706002950668,870.0075941998512,None,1.5398338999999623,Definitely Card,0.5398338999999623,870.0075941998512,None,871.1184385996312,None,1.0204332005232573,,,,,Sub022,001,2022_Jun_02_1447,2_3_MRI_Rating_Play_Eyetracking,2021.2.3,60.14527489689131,
4,1,1,50,3,1,,,,,,,,,0,0,0,0,0,48,48,49,,,,,,,,,,,,,,,,,,,,,,,,,,,,,,,,,,,,,,,,,,,,,,,,,,,,,4,1,1,,,,,1,,,,,,,,,,,,,,,,,,,,,,,,,,,,Sub022,001,2022_Jun_02_1447,2_3_MRI_Rating_Play_Eyetracking,2021.2.3,60.14527489689131,
6,2,0,20,1,0,,,,,,,,,0,0,0,0,0,49,49,6,,,,,,,,,,,,,,,,,,,,,,,,,,,,,,,,,,,,,,,,,,,,,872.7787654995918,None,872.7787654995918,None,872.7787654995918,None,874.7818293003365,None,6,2,0,52.20370016347884,20,2,1,0,,,,,,,,,,,,,,,,,,,,,,,,,,,,Sub022,001,2022_Jun_02_1447,2_3_MRI_Rating_Play_Eyetracking,2021.2.3,60.14527489689131,
2,0,2,80,1,1,,,,,,,,,0,0,0,0,0,50,50,56,0,0,0,0,,,,,,,,,,,,,,,,,,,,,,,,,,,,,,,,,,,,,,,,,875.8892484996468,None,875.8892484996468,None,875.8892484996468,None,877.9016052000225,None,2,0,2,10.317725695544,80,2,1,1,879.0074196001515,None,b,879.0074196001515,None,Definitely Yes,1.92671649903059,880.2076773000881,None,882.2421811996028,None,b,1.198815700598061,882.2421811996028,None,1.3282436999999163,Definitely Card,0.3282436999999163,882.2421811996028,None,883.5715515995398,None,1.07328350096941,,,,,Sub022,001,2022_Jun_02_1447,2_3_MRI_Rating_Play_Eyetracking,2021.2.3,60.14527489689131,
2,0,2,80,1,1,,,,,,,,,0,0,0,0,0,50,50,56,,,,,,,,,,,,,,,,,,,,,,,,,,,,,,,,,,,,,,,,,,,,,,,,,,,,,2,0,2,,,,,1,,,,,,,,,,,,,,,,,,,,,,,,,,,,Sub022,001,2022_Jun_02_1447,2_3_MRI_Rating_Play_Eyetracking,2021.2.3,60.14527489689131,
7,2,1,50,3,1,,,,,,,,,0,0,0,0,0,51,51,52,0,0,0,0,,,,,,,,,,,,,,,,,,,,,,,,,,,,,,,,,,,,,,,,,885.0100921001285,None,885.0100921001285,None,885.0100921001285,None,887.021682200022,None,7,2,1,52.20370016347884,50,2,3,1,890.1284207003191,None,y,890.1284207003191,None,Yes,2.586263599805534,890.6647512996569,None,893.358943999745,None,g,1.181704600341618,893.358943999745,None,1.3576389999999492,Bar,0.3576389999999492,893.358943999745,None,894.6473199995235,None,0.4137364001944661,,,,,Sub022,001,2022_Jun_02_1447,2_3_MRI_Rating_Play_Eyetracking,2021.2.3,60.14527489689131,
7,2,1,50,3,1,,,,,,,,,0,0,0,0,0,51,51,52,,,,,,,,,,,,,,,,,,,,,,,,,,,,,,,,,,,,,,,,,,,,,,,,,,,,,7,2,1,,,,,1,,,,,,,,,,,,,,,,,,,,,,,,,,,,Sub022,001,2022_Jun_02_1447,2_3_MRI_Rating_Play_Eyetracking,2021.2.3,60.14527489689131,
5,1,2,80,1,0,,,,,,,,,0,0,0,0,0,52,52,5,,,,,,,,,,,,,,,,,,,,,,,,,,,,,,,,,,,,,,,,,,,,,896.107644200325,None,896.107644200325,None,896.107644200325,None,898.1203472996131,None,5,1,2,27.47455973803564,80,2,1,0,,,,,,,,,,,,,,,,,,,,,,,,,,,,Sub022,001,2022_Jun_02_1447,2_3_MRI_Rating_Play_Eyetracking,2021.2.3,60.14527489689131,
3,1,0,20,1,0,,,,,,,,,0,0,0,0,0,53,53,3,,,,,,,,,,,,,,,,,,,,,,,,,,,,,,,,,,,,,,,,,,,,,899.2211135001853,None,899.2211135001853,None,899.2211135001853,None,901.2409485001117,None,3,1,0,27.47455973803564,20,2,1,0,,,,,,,,,,,,,,,,,,,,,,,,,,,,Sub022,001,2022_Jun_02_1447,2_3_MRI_Rating_Play_Eyetracking,2021.2.3,60.14527489689131,
3,1,0,20,3,1,,,,,,,,,0,0,0,0,0,54,54,48,0,0,0,0,,,,,,,,,,,,,,,,,,,,,,,,,,,,,,,,,,,,,,,,,902.3371818996966,None,902.3371818996966,None,902.3371818996966,None,904.3711767997593,None,3,1,0,27.47455973803564,20,2,3,1,907.4754018997774,None,b,907.4754018997774,None,Definitely Yes,1.9332875991240144,908.6727067995816,None,910.7098171999678,None,None,,910.7098171999678,None,0.6452631999999312,,-0.3547368000000688,910.7098171999678,None,912.7010949999094,None,1.0667124008759856,,,,,Sub022,001,2022_Jun_02_1447,2_3_MRI_Rating_Play_Eyetracking,2021.2.3,60.14527489689131,
3,1,0,20,3,1,,,,,,,,,0,0,0,0,0,54,54,48,,,,,,,,,,,,,,,,,,,,,,,,,,,,,,,,,,,,,,,,,,,,,,,,,,,,,3,1,0,,,,,1,,,,,,,,,,,,,,,,,,,,,,,,,,,,Sub022,001,2022_Jun_02_1447,2_3_MRI_Rating_Play_Eyetracking,2021.2.3,60.14527489689131,
4,1,1,50,1,1,,,,,,,,,0,0,0,0,0,55,55,31,0,0,0,0,,,,,,,,,,,,,,,,,,,,,,,,,,,,,,,,,,,,,,,,,913.4484420996159,None,913.4484420996159,None,913.4484420996159,None,915.4647230003029,None,4,1,1,27.47455973803564,50,2,1,1,916.573113700375,None,b,916.573113700375,None,Definitely Yes,2.081373299472034,917.6267585000023,None,919.8305123001337,None,b,1.2166091008111835,919.8305123001337,None,1.3080452000000378,Definitely Card,0.30804520000003777,919.8305123001337,None,921.1744194002822,None,0.918626700527966,,,,,Sub022,001,2022_Jun_02_1447,2_3_MRI_Rating_Play_Eyetracking,2021.2.3,60.14527489689131,
4,1,1,50,1,1,,,,,,,,,0,0,0,0,0,55,55,31,,,,,,,,,,,,,,,,,,,,,,,,,,,,,,,,,,,,,,,,,,,,,,,,,,,,,4,1,1,,,,,1,,,,,,,,,,,,,,,,,,,,,,,,,,,,Sub022,001,2022_Jun_02_1447,2_3_MRI_Rating_Play_Eyetracking,2021.2.3,60.14527489689131,
4,1,1,50,1,1,,,,,,,,,0,0,0,0,0,56,56,58,0,0,0,0,,,,,,,,,,,,,,,,,,,,,,,,,,,,,,,,,,,,,,,,,922.5878058997914,None,922.5878058997914,None,922.5878058997914,None,924.6025980003178,None,4,1,1,27.47455973803564,50,2,1,1,925.711134900339,None,b,925.711134900339,None,Definitely Yes,2.3306443002074957,926.5107313003391,None,928.9432614995167,None,b,1.1554527003318071,928.9432614995167,None,1.3883383999999523,Definitely Card,0.38833839999995234,928.9432614995167,None,930.2230132995173,None,0.6693556997925043,,,,,Sub022,001,2022_Jun_02_1447,2_3_MRI_Rating_Play_Eyetracking,2021.2.3,60.14527489689131,
4,1,1,50,1,1,,,,,,,,,0,0,0,0,0,56,56,58,,,,,,,,,,,,,,,,,,,,,,,,,,,,,,,,,,,,,,,,,,,,,,,,,,,,,4,1,1,,,,,1,,,,,,,,,,,,,,,,,,,,,,,,,,,,Sub022,001,2022_Jun_02_1447,2_3_MRI_Rating_Play_Eyetracking,2021.2.3,60.14527489689131,
3,1,0,20,2,1,,,,,,,,,0,0,0,0,0,57,57,12,0,0,0,0,,,,,,,,,,,,,,,,,,,,,,,,,,,,,,,,,,,,,,,,,931.7213564999402,None,931.7213564999402,None,931.7213564999402,None,933.7401561001316,None,3,1,0,27.47455973803564,20,2,2,1,935.8224884001538,None,g,935.8224884001538,None,No,1.673141399398446,937.2524691997096,None,939.0458362996578,None,None,,939.0458362996578,None,0.6916619999999511,,-0.30833800000004885,939.0458362996578,None,941.0360575998202,None,1.326858600601554,,,,,Sub022,001,2022_Jun_02_1447,2_3_MRI_Rating_Play_Eyetracking,2021.2.3,60.14527489689131,
3,1,0,20,2,1,,,,,,,,,0,0,0,0,0,57,57,12,,,,,,,,,,,,,,,,,,,,,,,,,,,,,,,,,,,,,,,,,,,,,,,,,,,,,3,1,0,,,,,1,,,,,,,,,,,,,,,,,,,,,,,,,,,,Sub022,001,2022_Jun_02_1447,2_3_MRI_Rating_Play_Eyetracking,2021.2.3,60.14527489689131,
7,2,1,50,3,0,,,,,,,,,0,0,0,0,0,58,58,25,,,,,,,,,,,,,,,,,,,,,,,,,,,,,,,,,,,,,,,,,,,,,941.8398901000619,None,941.8398901000619,None,941.8398901000619,None,943.8547745998949,None,7,2,1,52.20370016347884,50,2,3,0,,,,,,,,,,,,,,,,,,,,,,,,,,,,Sub022,001,2022_Jun_02_1447,2_3_MRI_Rating_Play_Eyetracking,2021.2.3,60.14527489689131,
1,0,1,50,2,1,,,,,,,,,0,0,0,0,0,59,59,10,0,0,0,0,,,,,,,,,,,,,,,,,,,,,,,,,,,,,,,,,,,,,,,,,946.9609065996483,None,946.9609065996483,None,946.9609065996483,None,948.9755387995392,None,1,0,1,10.317725695544,50,2,2,1,951.0935113001615,None,y,951.0935113001615,None,Yes,1.8046515993773937,952.387264999561,None,954.3091494999826,None,b,0.41357399988919497,954.3091494999826,None,2.125685599999997,Definitely Card,1.125685599999997,954.3091494999826,None,954.8123089997098,None,1.1953484006226063,,,,,Sub022,001,2022_Jun_02_1447,2_3_MRI_Rating_Play_Eyetracking,2021.2.3,60.14527489689131,
1,0,1,50,2,1,,,,,,,,,0,0,0,0,0,59,59,10,,,,,,,,,,,,,,,,,,,,,,,,,,,,,,,,,,,,,,,,,,,,,,,,,,,,,1,0,1,,,,,1,,,,,,,,,,,,,,,,,,,,,,,,,,,,Sub022,001,2022_Jun_02_1447,2_3_MRI_Rating_Play_Eyetracking,2021.2.3,60.14527489689131,
2,0,2,80,2,1,,,,,,,,,0,0,0,0,0,60,60,65,0,0,0,0,,,,,,,,,,,,,,,,,,,,,,,,,,,,,,,,,,,,,,,,,957.0426150998101,None,957.0426150998101,None,957.0426150998101,None,959.0549082001671,None,2,0,2,10.317725695544,80,2,2,1,961.1406103000045,None,b,961.1406103000045,None,Definitely Yes,2.6655340995639563,961.5777350999415,None,964.362762699835,None,b,0.6099574007093906,964.362762699835,None,1.9705723999999236,Definitely Card,0.9705723999999236,964.362762699835,None,965.0646836999804,None,0.33446590043604374,,,,,Sub022,001,2022_Jun_02_1447,2_3_MRI_Rating_Play_Eyetracking,2021.2.3,60.14527489689131,
2,0,2,80,2,1,,,,,,,,,0,0,0,0,0,60,60,65,,,,,,,,,,,,,,,,,,,,,,,,,,,,,,,,,,,,,,,,,,,,,,,,,,,,,2,0,2,,,,,1,,,,,,,,,,,,,,,,,,,,,,,,,,,,Sub022,001,2022_Jun_02_1447,2_3_MRI_Rating_Play_Eyetracking,2021.2.3,60.14527489689131,
5,1,2,80,1,1,,,,,,,,,0,0,0,0,0,61,61,32,0,0,0,0,,,,,,,,,,,,,,,,,,,,,,,,,,,,,,,,,,,,,,,,,967.139095899649,None,967.139095899649,None,967.139095899649,None,969.1465347995982,None,5,1,2,27.47455973803564,80,2,1,1,970.2608767999336,None,b,970.2608767999336,None,Definitely Yes,2.586417400278151,970.7889090003446,None,973.4827864002436,None,b,0.5965212006121874,973.4827864002436,None,1.9530318000000761,Definitely Card,0.9530318000000761,973.4827864002436,None,974.2031674003229,None,0.41358259972184896,,,,,Sub022,001,2022_Jun_02_1447,2_3_MRI_Rating_Play_Eyetracking,2021.2.3,60.14527489689131,
5,1,2,80,1,1,,,,,,,,,0,0,0,0,0,61,61,32,,,,,,,,,,,,,,,,,,,,,,,,,,,,,,,,,,,,,,,,,,,,,,,,,,,,,5,1,2,,,,,1,,,,,,,,,,,,,,,,,,,,,,,,,,,,Sub022,001,2022_Jun_02_1447,2_3_MRI_Rating_Play_Eyetracking,2021.2.3,60.14527489689131,
6,2,0,20,3,1,,,,,,,,,0,0,0,0,0,62,62,69,0,0,0,0,,,,,,,,,,,,,,,,,,,,,,,,,,,,,,,,,,,,,,,,,976.2570820003748,None,976.2570820003748,None,976.2570820003748,None,978.2494879001752,None,6,2,0,52.20370016347884,20,2,3,1,981.337338199839,None,y,981.337338199839,None,Yes,2.5808245996013284,981.8659969000146,None,984.5598055003211,None,g,0.6974231004714966,984.5598055003211,None,1.9046112000000903,Bar,0.9046112000000903,984.5598055003211,None,985.3562276996672,None,0.4191754003986716,,,,,Sub022,001,2022_Jun_02_1447,2_3_MRI_Rating_Play_Eyetracking,2021.2.3,60.14527489689131,
6,2,0,20,3,1,,,,,,,,,0,0,0,0,0,62,62,69,,,,,,,,,,,,,,,,,,,,,,,,,,,,,,,,,,,,,,,,,,,,,,,,,,,,,6,2,0,,,,,1,,,,,,,,,,,,,,,,,,,,,,,,,,,,Sub022,001,2022_Jun_02_1447,2_3_MRI_Rating_Play_Eyetracking,2021.2.3,60.14527489689131,
7,2,1,50,2,1,,,,,,,,,0,0,0,0,0,63,63,70,0,0,0,0,,,,,,,,,,,,,,,,,,,,,,,,,,,,,,,,,,,,,,,,,987.3731813998893,None,987.3731813998893,None,987.3731813998893,None,989.3806843999773,None,7,2,1,52.20370016347884,50,2,2,1,991.495604599826,None,b,991.495604599826,None,Definitely Yes,2.422170299105346,992.1955137997866,None,994.7061857003719,None,y,1.5285395001992583,994.7061857003719,None,1.0403079000000162,Card,0.04030790000001616,994.7061857003719,None,996.3603253001347,None,0.5778297008946538,,,,,Sub022,001,2022_Jun_02_1447,2_3_MRI_Rating_Play_Eyetracking,2021.2.3,60.14527489689131,
7,2,1,50,2,1,,,,,,,,,0,0,0,0,0,63,63,70,,,,,,,,,,,,,,,,,,,,,,,,,,,,,,,,,,,,,,,,,,,,,,,,,,,,,7,2,1,,,,,1,,,,,,,,,,,,,,,,,,,,,,,,,,,,Sub022,001,2022_Jun_02_1447,2_3_MRI_Rating_Play_Eyetracking,2021.2.3,60.14527489689131,
7,2,1,50,2,1,,,,,,,,,0,0,0,0,0,64,64,16,0,0,0,0,,,,,,,,,,,,,,,,,,,,,,,,,,,,,,,,,,,,,,,,,997.484984899871,None,997.484984899871,None,997.484984899871,None,999.5009794998914,None,7,2,1,52.20370016347884,50,2,2,1,1001.5919728996232,None,b,1001.5919728996232,None,Definitely Yes,2.5246503995731473,1002.173403300345,None,1004.820728899911,None,y,0.8724589012563229,1004.820728899911,None,1.7054308999998966,Card,0.7054308999998966,1004.820728899911,None,1005.8281357996166,None,0.4753496004268527,,,,,Sub022,001,2022_Jun_02_1447,2_3_MRI_Rating_Play_Eyetracking,2021.2.3,60.14527489689131,
7,2,1,50,2,1,,,,,,,,,0,0,0,0,0,64,64,16,,,,,,,,,,,,,,,,,,,,,,,,,,,,,,,,,,,,,,,,,,,,,,,,,,,,,7,2,1,,,,,1,,,,,,,,,,,,,,,,,,,,,,,,,,,,Sub022,001,2022_Jun_02_1447,2_3_MRI_Rating_Play_Eyetracking,2021.2.3,60.14527489689131,
0,0,0,20,2,1,,,,,,,,,0,0,0,0,0,65,65,36,0,0,0,0,,,,,,,,,,,,,,,,,,,,,,,,,,,,,,,,,,,,,,,,,1007.6391171999276,None,1007.6391171999276,None,1007.6391171999276,None,1009.6582375997677,None,0,0,0,10.317725695544,20,2,2,1,1011.7667982000858,None,g,1011.7667982000858,None,No,2.6817270992323756,1012.2107328996062,None,1014.9927976001054,None,g,0.3874037005007267,1014.9927976001054,None,2.1557586999999785,Bar,1.1557586999999785,1014.9927976001054,None,1015.4905866999179,None,0.3182729007676244,,,,,Sub022,001,2022_Jun_02_1447,2_3_MRI_Rating_Play_Eyetracking,2021.2.3,60.14527489689131,
0,0,0,20,2,1,,,,,,,,,0,0,0,0,0,65,65,36,,,,,,,,,,,,,,,,,,,,,,,,,,,,,,,,,,,,,,,,,,,,,,,,,,,,,0,0,0,,,,,1,,,,,,,,,,,,,,,,,,,,,,,,,,,,Sub022,001,2022_Jun_02_1447,2_3_MRI_Rating_Play_Eyetracking,2021.2.3,60.14527489689131,
1,0,1,50,3,1,,,,,,,,,0,0,0,0,0,66,66,64,0,0,0,0,,,,,,,,,,,,,,,,,,,,,,,,,,,,,,,,,,,,,,,,,1017.7412959998474,None,1017.7412959998474,None,1017.7412959998474,None,1019.7688113003969,None,1,0,1,10.317725695544,50,2,3,1,1022.8810158995911,None,b,1022.8810158995911,None,Definitely Yes,2.336807399056852,1023.6533874999732,None,1026.0924495002255,None,b,0.9765162011608481,1026.0924495002255,None,1.5869875999999294,Definitely Card,0.5869875999999294,1026.0924495002255,None,1027.1968855997548,None,0.6631926009431481,,,,,Sub022,001,2022_Jun_02_1447,2_3_MRI_Rating_Play_Eyetracking,2021.2.3,60.14527489689131,
1,0,1,50,3,1,,,,,,,,,0,0,0,0,0,66,66,64,,,,,,,,,,,,,,,,,,,,,,,,,,,,,,,,,,,,,,,,,,,,,,,,,,,,,1,0,1,,,,,1,,,,,,,,,,,,,,,,,,,,,,,,,,,,Sub022,001,2022_Jun_02_1447,2_3_MRI_Rating_Play_Eyetracking,2021.2.3,60.14527489689131,
6,2,0,20,3,1,,,,,,,,,0,0,0,0,0,67,67,51,0,0,0,0,,,,,,,,,,,,,,,,,,,,,,,,,,,,,,,,,,,,,,,,,1028.8875490995124,None,1028.8875490995124,None,1028.8875490995124,None,1030.9081581998616,None,6,2,0,52.20370016347884,20,2,3,1,1034.0137160997838,None,g,1034.0137160997838,None,No,1.5233925990760326,1035.609566600062,None,1037.2462115995586,None,g,1.2817338006570935,1037.2462115995586,None,1.2703437999998641,Bar,0.27034379999986413,1037.2462115995586,None,1038.6456367997453,None,1.4766074009239674,,,,,Sub022,001,2022_Jun_02_1447,2_3_MRI_Rating_Play_Eyetracking,2021.2.3,60.14527489689131,
6,2,0,20,3,1,,,,,,,,,0,0,0,0,0,67,67,51,,,,,,,,,,,,,,,,,,,,,,,,,,,,,,,,,,,,,,,,,,,,,,,,,,,,,6,2,0,,,,,1,,,,,,,,,,,,,,,,,,,,,,,,,,,,Sub022,001,2022_Jun_02_1447,2_3_MRI_Rating_Play_Eyetracking,2021.2.3,60.14527489689131,
8,2,2,80,1,1,,,,,,,,,0,0,0,0,0,68,68,35,0,0,0,0,,,,,,,,,,,,,,,,,,,,,,,,,,,,,,,,,,,,,,,,,1040.0072713997215,None,1040.0072713997215,None,1040.0072713997215,None,1042.0183971002698,None,8,2,2,52.20370016347884,80,2,1,1,1043.131377699785,None,y,1043.131377699785,None,Yes,1.6912950994446874,1044.565697800368,None,1046.366368399933,None,None,,1046.366368399933,None,0.6742016000000604,,-0.32579839999993965,1046.366368399933,None,1048.375689599663,None,1.3087049005553126,,,,,Sub022,001,2022_Jun_02_1447,2_3_MRI_Rating_Play_Eyetracking,2021.2.3,60.14527489689131,
8,2,2,80,1,1,,,,,,,,,0,0,0,0,0,68,68,35,,,,,,,,,,,,,,,,,,,,,,,,,,,,,,,,,,,,,,,,,,,,,,,,,,,,,8,2,2,,,,,1,,,,,,,,,,,,,,,,,,,,,,,,,,,,Sub022,001,2022_Jun_02_1447,2_3_MRI_Rating_Play_Eyetracking,2021.2.3,60.14527489689131,
8,2,2,80,3,1,,,,,,,,,0,0,0,0,0,69,69,53,0,0,0,0,,,,,,,,,,,,,,,,,,,,,,,,,,,,,,,,,,,,,,,,,1049.141198899597,None,1049.141198899597,None,1049.141198899597,None,1051.1554479002953,None,8,2,2,52.20370016347884,80,2,3,1,1054.2562771998346,None,b,1054.2562771998346,None,Definitely Yes,2.3237601993605494,1055.0344219999388,None,1057.4702863004059,None,b,1.3988742008805275,1057.4702863004059,None,1.1880239000001893,Definitely Card,0.18802390000018931,1057.4702863004059,None,1058.9899645997211,None,0.6762398006394506,,,,,Sub022,001,2022_Jun_02_1447,2_3_MRI_Rating_Play_Eyetracking,2021.2.3,60.14527489689131,
8,2,2,80,3,1,,,,,,,,,0,0,0,0,0,69,69,53,,,,,,,,,,,,,,,,,,,,,,,,,,,,,,,,,,,,,,,,,,,,,,,,,,,,,8,2,2,,,,,1,,,,,,,,,,,,,,,,,,,,,,,,,,,,Sub022,001,2022_Jun_02_1447,2_3_MRI_Rating_Play_Eyetracking,2021.2.3,60.14527489689131,
5,1,2,80,3,0,,,,,,,,,0,0,0,0,0,70,70,23,,,,,,,,,,,,,,,,,,,,,,,,,,,,,,,,,,,,,,,,,,,,,1060.2785005001351,None,1060.2785005001351,None,1060.2785005001351,None,1062.2887477995828,None,5,1,2,27.47455973803564,80,2,3,0,,,,,,,,,,,,,,,,,,,,,,,,,,,,Sub022,001,2022_Jun_02_1447,2_3_MRI_Rating_Play_Eyetracking,2021.2.3,60.14527489689131,
0,0,0,20,2,1,,,,,,,,,0,0,0,0,0,71,71,9,0,0,0,0,,,,,,,,,,,,,,,,,,,,,,,,,,,,,,,,,,,,,,,,,1065.3954194001853,None,1065.3954194001853,None,1065.3954194001853,None,1067.4127666996792,None,0,0,0,10.317725695544,20,2,2,1,1069.5118284001946,None,g,1069.5118284001946,None,No,2.325655499473214,1070.314086199738,None,1072.746785399504,None,g,0.5991707006469369,1072.746785399504,None,1.927997600000026,Bar,0.9279976000000261,1072.746785399504,None,1073.453410799615,None,0.6743445005267859,,,,,Sub022,001,2022_Jun_02_1447,2_3_MRI_Rating_Play_Eyetracking,2021.2.3,60.14527489689131,
0,0,0,20,2,1,,,,,,,,,0,0,0,0,0,71,71,9,,,,,,,,,,,,,,,,,,,,,,,,,,,,,,,,,,,,,,,,,,,,,,,,,,,,,0,0,0,,,,,1,,,,,,,,,,,,,,,,,,,,,,,,,,,,Sub022,001,2022_Jun_02_1447,2_3_MRI_Rating_Play_Eyetracking,2021.2.3,60.14527489689131,
,,,,,,,,,,,,,,0,0,0,0,,,,,,,,,,,,,,,,,,,,,,,,,,,,,,,,,,,,,,,,,,,,,,,,,,,,,,,,,,,,,,,,,,,,,,,,,,,,,,,,,,,,,,,,,,,,Sub022,001,2022_Jun_02_1447,2_3_MRI_Rating_Play_Eyetracking,2021.2.3,60.14527489689131,
,,,,,,,,,,,,,,,,,,,,,,,,,,,,,,,,,,,,,,,,,,,,,,,,,,,,,,,,,,,,,,,,,,,,,,,,,,,,,,,,,,,,,,,,,,,,,,,,,,,,,,,,,1075.4801698997617,None,y,1.7377696009352803,Sub022,001,2022_Jun_02_1447,2_3_MRI_Rating_Play_Eyetracking,2021.2.3,60.14527489689131,
