﻿current_pair,current_pair_SE,current_pair_RE,current_card_prob,ITI_Play,Play_block_Q,start_MRI.thisRepN,start_MRI.thisTrialN,start_MRI.thisN,start_MRI.thisIndex,L_subjects.thisRepN,L_subjects.thisTrialN,L_subjects.thisN,L_subjects.thisIndex,fMRI_trials_Play_L.thisRepN,fMRI_trials_Play_L.thisTrialN,fMRI_trials_Play_L.thisN,fMRI_trials_Play_L.thisIndex,Q_Play_L.thisRepN,Q_Play_L.thisTrialN,Q_Play_L.thisN,Q_Play_L.thisIndex,R_subjects.thisRepN,R_subjects.thisTrialN,R_subjects.thisN,R_subjects.thisIndex,fMRI_center.started,fMRI_center.stopped,fMR_Instr1_text.started,fMR_Instr1_text.stopped,text_SE_7.started,text_SE_7.stopped,fMRI_center_2.started,fMRI_center_2.stopped,fMR_Instr2_text_2.started,fMR_Instr2_text_2.stopped,text_SE_8.started,text_SE_8.stopped,Slider_rating_Play_instr_L.response,Slider_rating_Play_instr_L.rt,Slider_rating_Play_instr_L.started,Slider_rating_Play_instr_L.stopped,fMRI_center_instrTimePlay_L.started,fMRI_center_instrTimePlay_L.stopped,fMR_Instr2_text_6.started,fMR_Instr2_text_6.stopped,fMRI_instr3_Q_play.started,fMRI_instr3_Q_play.stopped,text_SE_3.started,text_SE_3.stopped,PairQuestionONSET_attri_R_2.started,PairQuestionONSET_attri_R_2.stopped,key_resp_rating_Attri_R_2.keys,key_resp_rating_Attri_R_2.rt,key_resp_rating_Attri_R_2.started,key_resp_rating_Attri_R_2.stopped,text_SE_18.started,text_SE_18.stopped,fMR_Instr2_text_9.started,fMR_Instr2_text_9.stopped,Ready_text.started,Ready_text.stopped,trigger_2.keys,trigger_2.rt,trigger_2.started,trigger_2.stopped,center_OnsetTime.started,center_OnsetTime.stopped,PairONSET_card_prob.started,PairONSET_card_prob.stopped,text_SE_9.started,text_SE_9.stopped,fixOnset_text_5.started,fixOnset_text_5.stopped,current_pair,current_pair_SE,current_pair_RE,target_pair,card_pair,ISI1_Play,type_Q,Play_block_Q,PairQuestionONSET_text_2.started,PairQuestionONSET_text_2.stopped,key_resp_rating_play_L.keys,key_resp_rating_play_L.rt,key_resp_rating_play_L.started,key_resp_rating_play_L.stopped,Rating_pair_Play,ISI2_Play,fixOnset_text.started,fixOnset_text.stopped,PairQuestionONSET_attri_2.started,PairQuestionONSET_attri_2.stopped,key_resp_rating_Attri_L2.keys,key_resp_rating_Attri_L2.rt,key_resp_rating_Attri_L2.started,key_resp_rating_Attri_L2.stopped,ITI_actual_Play,Attri_Ans,lagTime,text_SE_19.started,text_SE_19.stopped,fixOnset_text_ITI.started,fixOnset_text_ITI.stopped,Final_text_Q.started,Final_text_Q.stopped,key_resp_3.keys,participant,session,date,expName,psychopyVersion,frameRate,
,,,,,,0,0,0,0,,,,,,,,,,,,,,,,,20.372238699999798,None,20.372238699999798,None,20.372238699999798,None,,,,,,,,,,,,,,,,,,,,,,,,,,,,,,,,,,,,,,,,,,,,,,,,,,,,,,,,,,,,,,,,,,,,,,,,,,,,,Sub043,001,2022_Sep_26_1409,2_3_MRI_Rating_Play_Eyetracking,2021.2.3,59.89103425247582,
2,0,2,80,3,0,,,,,0,0,0,0,0,0,0,20,,,,,,,,,,,,,,,55.40348489999997,None,55.40348489999997,None,55.40348489999997,None,None,None,151.85280109999985,None,151.85280109999985,None,151.85280109999985,None,151.85280109999985,None,151.85280109999985,None,160.77742919999946,None,r,9.27424450000035,160.77742919999946,None,160.77742919999946,None,160.77742919999946,None,170.07865539999875,None,t,16.327082800002245,170.07865539999875,None,186.52337029999944,None,186.52337029999944,None,186.52337029999944,None,188.53552750000017,None,2,0,2,12.134053438924386,80,3,2,0,,,,,,,,,,,,,,,,,,,,,,,,,,,Sub043,001,2022_Sep_26_1409,2_3_MRI_Rating_Play_Eyetracking,2021.2.3,59.89103425247582,
0,0,0,20,2,1,,,,,0,0,0,0,0,1,1,36,0,0,0,0,,,,,,,,,,,,,,,,,,,,,,,,,,,,,,,,,,,,,,,,,,,,,191.6426905999997,None,191.6426905999997,None,191.6426905999997,None,193.66121779999958,None,0,0,0,12.134053438924386,20,2,2,1,195.76621879999948,None,y,1.582266500001424,195.76621879999948,None,No,1.417733499998576,197.45956979999937,None,198.95865969999977,None,g,1.699353500000143,198.95865969999977,None,0.8748336999999822,Bar,-0.12516630000001783,198.95865969999977,None,200.78487249999853,None,,,,Sub043,001,2022_Sep_26_1409,2_3_MRI_Rating_Play_Eyetracking,2021.2.3,59.89103425247582,
0,0,0,20,2,1,,,,,0,0,0,0,0,1,1,36,,,,,,,,,,,,,,,,,,,,,,,,,,,,,,,,,,,,,,,,,,,,,,,,,,,,,,,,,0,0,0,,,,,1,,,,,,,,,,,,,,,,,,,,,,,,,,,Sub043,001,2022_Sep_26_1409,2_3_MRI_Rating_Play_Eyetracking,2021.2.3,59.89103425247582,
0,0,0,20,3,1,,,,,0,0,0,0,0,2,2,63,0,0,0,0,,,,,,,,,,,,,,,,,,,,,,,,,,,,,,,,,,,,,,,,,,,,,201.78947939999853,None,201.78947939999853,None,201.78947939999853,None,203.77876819999983,None,0,0,0,12.134053438924386,20,3,2,1,206.85700579999866,None,y,0.6598061000004236,206.85700579999866,None,No,2.3401938999995764,207.64802640000016,None,210.09985119999874,None,g,1.701536100001249,210.09985119999874,None,0.8906637999999987,Bar,-0.10933620000000133,210.09985119999874,None,211.92266849999942,None,,,,Sub043,001,2022_Sep_26_1409,2_3_MRI_Rating_Play_Eyetracking,2021.2.3,59.89103425247582,
0,0,0,20,3,1,,,,,0,0,0,0,0,2,2,63,,,,,,,,,,,,,,,,,,,,,,,,,,,,,,,,,,,,,,,,,,,,,,,,,,,,,,,,,0,0,0,,,,,1,,,,,,,,,,,,,,,,,,,,,,,,,,,Sub043,001,2022_Sep_26_1409,2_3_MRI_Rating_Play_Eyetracking,2021.2.3,59.89103425247582,
4,1,1,50,2,1,,,,,0,0,0,0,0,3,3,40,0,0,0,0,,,,,,,,,,,,,,,,,,,,,,,,,,,,,,,,,,,,,,,,,,,,,212.91506169999957,None,212.91506169999957,None,212.91506169999957,None,214.91888409999956,None,4,1,1,32.311168750708646,50,2,2,1,217.03017989999898,None,g,1.0297983000018576,217.03017989999898,None,Yes,1.9702016999981424,218.16075180000007,None,220.2364409999991,None,y,0.8867252000000008,220.2364409999991,None,1.688923399999993,Card,0.6889233999999931,220.2364409999991,None,221.24260270000013,None,,,,Sub043,001,2022_Sep_26_1409,2_3_MRI_Rating_Play_Eyetracking,2021.2.3,59.89103425247582,
4,1,1,50,2,1,,,,,0,0,0,0,0,3,3,40,,,,,,,,,,,,,,,,,,,,,,,,,,,,,,,,,,,,,,,,,,,,,,,,,,,,,,,,,4,1,1,,,,,1,,,,,,,,,,,,,,,,,,,,,,,,,,,Sub043,001,2022_Sep_26_1409,2_3_MRI_Rating_Play_Eyetracking,2021.2.3,59.89103425247582,
6,2,0,20,3,0,,,,,0,0,0,0,0,4,4,24,,,,,,,,,,,,,,,,,,,,,,,,,,,,,,,,,,,,,,,,,,,,,,,,,223.03326969999944,None,223.03326969999944,None,223.03326969999944,None,225.0248075999989,None,6,2,0,61.39361582047175,20,3,2,0,,,,,,,,,,,,,,,,,,,,,,,,,,,Sub043,001,2022_Sep_26_1409,2_3_MRI_Rating_Play_Eyetracking,2021.2.3,59.89103425247582,
3,1,0,20,2,1,,,,,0,0,0,0,0,5,5,12,0,0,0,0,,,,,,,,,,,,,,,,,,,,,,,,,,,,,,,,,,,,,,,,,,,,,228.1293982999996,None,228.1293982999996,None,228.1293982999996,None,230.1448363999989,None,3,1,0,32.311168750708646,20,2,2,1,232.24426109999877,None,y,0.6572563000027003,232.24426109999877,None,No,2.3427436999972997,233.0106968,None,235.46774659999937,None,y,0.9900547000015649,235.46774659999937,None,1.558460999999994,Card,0.5584609999999941,235.46774659999937,None,236.5736915999987,None,,,,Sub043,001,2022_Sep_26_1409,2_3_MRI_Rating_Play_Eyetracking,2021.2.3,59.89103425247582,
3,1,0,20,2,1,,,,,0,0,0,0,0,5,5,12,,,,,,,,,,,,,,,,,,,,,,,,,,,,,,,,,,,,,,,,,,,,,,,,,,,,,,,,,3,1,0,,,,,1,,,,,,,,,,,,,,,,,,,,,,,,,,,Sub043,001,2022_Sep_26_1409,2_3_MRI_Rating_Play_Eyetracking,2021.2.3,59.89103425247582,
4,1,1,50,3,1,,,,,0,0,0,0,0,6,6,49,0,0,0,0,,,,,,,,,,,,,,,,,,,,,,,,,,,,,,,,,,,,,,,,,,,,,238.22604599999977,None,238.22604599999977,None,238.22604599999977,None,240.23914859999968,None,4,1,1,32.311168750708646,50,3,2,1,243.34220539999842,None,g,0.44555660000150965,243.34220539999842,None,Yes,2.5544433999984903,243.91546709999966,None,246.58427369999845,None,g,0.5801208000011684,246.58427369999845,None,1.9896186,Bar,0.9896186,246.58427369999845,None,247.2804501999999,None,,,,Sub043,001,2022_Sep_26_1409,2_3_MRI_Rating_Play_Eyetracking,2021.2.3,59.89103425247582,
4,1,1,50,3,1,,,,,0,0,0,0,0,6,6,49,,,,,,,,,,,,,,,,,,,,,,,,,,,,,,,,,,,,,,,,,,,,,,,,,,,,,,,,,4,1,1,,,,,1,,,,,,,,,,,,,,,,,,,,,,,,,,,Sub043,001,2022_Sep_26_1409,2_3_MRI_Rating_Play_Eyetracking,2021.2.3,59.89103425247582,
7,2,1,50,3,1,,,,,0,0,0,0,0,7,7,52,0,0,0,0,,,,,,,,,,,,,,,,,,,,,,,,,,,,,,,,,,,,,,,,,,,,,249.35864839999886,None,249.35864839999886,None,249.35864839999886,None,251.37452519999897,None,7,2,1,61.39361582047175,50,3,2,1,254.48311349999858,None,r,0.5121335000021645,254.48311349999858,None,Definitely Yes,2.4878664999978355,255.09480879999865,None,257.67954159999863,None,r,0.7576606000020547,257.67954159999863,None,1.844270200000011,Definitely Bar,0.8442702000000111,257.67954159999863,None,258.5700328999992,None,,,,Sub043,001,2022_Sep_26_1409,2_3_MRI_Rating_Play_Eyetracking,2021.2.3,59.89103425247582,
7,2,1,50,3,1,,,,,0,0,0,0,0,7,7,52,,,,,,,,,,,,,,,,,,,,,,,,,,,,,,,,,,,,,,,,,,,,,,,,,,,,,,,,,7,2,1,,,,,1,,,,,,,,,,,,,,,,,,,,,,,,,,,Sub043,001,2022_Sep_26_1409,2_3_MRI_Rating_Play_Eyetracking,2021.2.3,59.89103425247582,
2,0,2,80,1,1,,,,,0,0,0,0,0,8,8,56,0,0,0,0,,,,,,,,,,,,,,,,,,,,,,,,,,,,,,,,,,,,,,,,,,,,,260.5129657999987,None,260.5129657999987,None,260.5129657999987,None,262.53248559999884,None,2,0,2,12.134053438924386,80,1,2,1,263.63062829999944,None,g,0.5723660000021482,263.63062829999944,None,Yes,2.427633999997852,264.3365697999998,None,266.8478529999993,None,y,0.6121100000018487,266.8478529999993,None,1.9603347999999983,Card,0.9603347999999983,266.8478529999993,None,267.57669709999936,None,,,,Sub043,001,2022_Sep_26_1409,2_3_MRI_Rating_Play_Eyetracking,2021.2.3,59.89103425247582,
2,0,2,80,1,1,,,,,0,0,0,0,0,8,8,56,,,,,,,,,,,,,,,,,,,,,,,,,,,,,,,,,,,,,,,,,,,,,,,,,,,,,,,,,2,0,2,,,,,1,,,,,,,,,,,,,,,,,,,,,,,,,,,Sub043,001,2022_Sep_26_1409,2_3_MRI_Rating_Play_Eyetracking,2021.2.3,59.89103425247582,
7,2,1,50,1,1,,,,,0,0,0,0,0,9,9,34,0,0,0,0,,,,,,,,,,,,,,,,,,,,,,,,,,,,,,,,,,,,,,,,,,,,,269.6508696000001,None,269.6508696000001,None,269.6508696000001,None,271.66484499999933,None,7,2,1,61.39361582047175,50,1,2,1,272.76293279999845,None,r,0.7417151000008744,272.76293279999845,None,Definitely Yes,2.2582848999991256,273.60506050000004,None,275.9480999999996,None,r,1.113348800001404,275.9480999999996,None,1.4900607999999806,Definitely Bar,0.49006079999998065,275.9480999999996,None,277.1759717999994,None,,,,Sub043,001,2022_Sep_26_1409,2_3_MRI_Rating_Play_Eyetracking,2021.2.3,59.89103425247582,
7,2,1,50,1,1,,,,,0,0,0,0,0,9,9,34,,,,,,,,,,,,,,,,,,,,,,,,,,,,,,,,,,,,,,,,,,,,,,,,,,,,,,,,,7,2,1,,,,,1,,,,,,,,,,,,,,,,,,,,,,,,,,,Sub043,001,2022_Sep_26_1409,2_3_MRI_Rating_Play_Eyetracking,2021.2.3,59.89103425247582,
0,0,0,20,1,1,,,,,0,0,0,0,0,10,10,27,0,0,0,0,,,,,,,,,,,,,,,,,,,,,,,,,,,,,,,,,,,,,,,,,,,,,278.76369709999926,None,278.76369709999926,None,278.76369709999926,None,280.7591765999987,None,0,0,0,12.134053438924386,20,1,2,1,281.8443239999997,None,b,0.6090871000014886,281.8443239999997,None,Definitely No,2.3909128999985114,282.55894179999996,None,285.05276009999943,None,b,0.5039631000017835,285.05276009999943,None,2.10567930000002,Definitely Card,1.1056793000000198,285.05276009999943,None,285.67757639999945,None,,,,Sub043,001,2022_Sep_26_1409,2_3_MRI_Rating_Play_Eyetracking,2021.2.3,59.89103425247582,
0,0,0,20,1,1,,,,,0,0,0,0,0,10,10,27,,,,,,,,,,,,,,,,,,,,,,,,,,,,,,,,,,,,,,,,,,,,,,,,,,,,,,,,,0,0,0,,,,,1,,,,,,,,,,,,,,,,,,,,,,,,,,,Sub043,001,2022_Sep_26_1409,2_3_MRI_Rating_Play_Eyetracking,2021.2.3,59.89103425247582,
2,0,2,80,1,1,,,,,0,0,0,0,0,11,11,29,0,0,0,0,,,,,,,,,,,,,,,,,,,,,,,,,,,,,,,,,,,,,,,,,,,,,287.8743173999992,None,287.8743173999992,None,287.8743173999992,None,289.896823699999,None,2,0,2,12.134053438924386,80,1,2,1,291.00320509999983,None,g,0.4701812000021164,291.00320509999983,None,Yes,2.5298187999978836,291.5949729999993,None,294.23579999999856,None,y,0.5132369000020844,294.23579999999856,None,2.038802300000043,Card,1.038802300000043,294.23579999999856,None,294.8665487999988,None,,,,Sub043,001,2022_Sep_26_1409,2_3_MRI_Rating_Play_Eyetracking,2021.2.3,59.89103425247582,
2,0,2,80,1,1,,,,,0,0,0,0,0,11,11,29,,,,,,,,,,,,,,,,,,,,,,,,,,,,,,,,,,,,,,,,,,,,,,,,,,,,,,,,,2,0,2,,,,,1,,,,,,,,,,,,,,,,,,,,,,,,,,,Sub043,001,2022_Sep_26_1409,2_3_MRI_Rating_Play_Eyetracking,2021.2.3,59.89103425247582,
2,0,2,80,2,1,,,,,0,0,0,0,0,12,12,65,0,0,0,0,,,,,,,,,,,,,,,,,,,,,,,,,,,,,,,,,,,,,,,,,,,,,296.99315229999957,None,296.99315229999957,None,296.99315229999957,None,299.0338032999989,None,2,0,2,12.134053438924386,80,2,2,1,301.1123996999995,None,g,1.3790631000010762,301.1123996999995,None,Yes,1.6209368999989238,302.61869939999997,None,304.3306832999988,None,y,0.956282300001476,304.3306832999988,None,1.625194399999998,Card,0.625194399999998,304.3306832999988,None,305.4106850999997,None,,,,Sub043,001,2022_Sep_26_1409,2_3_MRI_Rating_Play_Eyetracking,2021.2.3,59.89103425247582,
2,0,2,80,2,1,,,,,0,0,0,0,0,12,12,65,,,,,,,,,,,,,,,,,,,,,,,,,,,,,,,,,,,,,,,,,,,,,,,,,,,,,,,,,2,0,2,,,,,1,,,,,,,,,,,,,,,,,,,,,,,,,,,Sub043,001,2022_Sep_26_1409,2_3_MRI_Rating_Play_Eyetracking,2021.2.3,59.89103425247582,
8,2,2,80,2,1,,,,,0,0,0,0,0,13,13,17,0,0,0,0,,,,,,,,,,,,,,,,,,,,,,,,,,,,,,,,,,,,,,,,,,,,,307.1502161999997,None,307.1502161999997,None,307.1502161999997,None,309.16424369999913,None,8,2,2,61.39361582047175,80,2,2,1,311.26466749999963,None,r,0.5554382000009355,311.26466749999963,None,Definitely Yes,2.4445617999990645,311.9514610999995,None,314.5041567999997,None,r,1.5045704000003752,314.5041567999997,None,1.0371465000000057,Definitely Bar,0.037146500000005744,314.5041567999997,None,316.13787579999916,None,,,,Sub043,001,2022_Sep_26_1409,2_3_MRI_Rating_Play_Eyetracking,2021.2.3,59.89103425247582,
8,2,2,80,2,1,,,,,0,0,0,0,0,13,13,17,,,,,,,,,,,,,,,,,,,,,,,,,,,,,,,,,,,,,,,,,,,,,,,,,,,,,,,,,8,2,2,,,,,1,,,,,,,,,,,,,,,,,,,,,,,,,,,Sub043,001,2022_Sep_26_1409,2_3_MRI_Rating_Play_Eyetracking,2021.2.3,59.89103425247582,
6,2,0,20,2,1,,,,,0,0,0,0,0,14,14,15,0,0,0,0,,,,,,,,,,,,,,,,,,,,,,,,,,,,,,,,,,,,,,,,,,,,,317.28197980000004,None,317.28197980000004,None,317.28197980000004,None,319.3005095999997,None,6,2,0,61.39361582047175,20,2,2,1,321.39932959999896,None,r,0.41156950000004144,321.39932959999896,None,Definitely Yes,2.5884304999999586,321.93630010000015,None,324.6306059999988,None,r,0.772650100001556,324.6306059999988,None,1.7704912000000377,Definitely Bar,0.7704912000000377,324.6306059999988,None,325.5345733999984,None,,,,Sub043,001,2022_Sep_26_1409,2_3_MRI_Rating_Play_Eyetracking,2021.2.3,59.89103425247582,
6,2,0,20,2,1,,,,,0,0,0,0,0,14,14,15,,,,,,,,,,,,,,,,,,,,,,,,,,,,,,,,,,,,,,,,,,,,,,,,,,,,,,,,,6,2,0,,,,,1,,,,,,,,,,,,,,,,,,,,,,,,,,,Sub043,001,2022_Sep_26_1409,2_3_MRI_Rating_Play_Eyetracking,2021.2.3,59.89103425247582,
0,0,0,20,2,1,,,,,0,0,0,0,0,15,15,9,0,0,0,0,,,,,,,,,,,,,,,,,,,,,,,,,,,,,,,,,,,,,,,,,,,,,327.4105577999999,None,327.4105577999999,None,327.4105577999999,None,329.4319095999999,None,0,0,0,12.134053438924386,20,2,2,1,331.53524819999984,None,b,0.4757374000018899,331.53524819999984,None,Definitely No,2.52426259999811,332.1386513999987,None,334.7698719,None,y,0.5397929000009754,334.7698719,None,2.006255500000009,Card,1.0062555000000089,334.7698719,None,335.41410339999857,None,,,,Sub043,001,2022_Sep_26_1409,2_3_MRI_Rating_Play_Eyetracking,2021.2.3,59.89103425247582,
0,0,0,20,2,1,,,,,0,0,0,0,0,15,15,9,,,,,,,,,,,,,,,,,,,,,,,,,,,,,,,,,,,,,,,,,,,,,,,,,,,,,,,,,0,0,0,,,,,1,,,,,,,,,,,,,,,,,,,,,,,,,,,Sub043,001,2022_Sep_26_1409,2_3_MRI_Rating_Play_Eyetracking,2021.2.3,59.89103425247582,
4,1,1,50,2,1,,,,,0,0,0,0,0,16,16,13,0,0,0,0,,,,,,,,,,,,,,,,,,,,,,,,,,,,,,,,,,,,,,,,,,,,,337.535163999999,None,337.535163999999,None,337.535163999999,None,339.5518534999992,None,4,1,1,32.311168750708646,50,2,2,1,341.6511365999995,None,g,0.36118010000245704,341.6511365999995,None,Yes,2.638819899997543,342.10612579999906,None,344.8250188000002,None,y,0.706382800002757,344.8250188000002,None,1.904975200000024,Card,0.904975200000024,344.8250188000002,None,345.6550623999992,None,,,,Sub043,001,2022_Sep_26_1409,2_3_MRI_Rating_Play_Eyetracking,2021.2.3,59.89103425247582,
4,1,1,50,2,1,,,,,0,0,0,0,0,16,16,13,,,,,,,,,,,,,,,,,,,,,,,,,,,,,,,,,,,,,,,,,,,,,,,,,,,,,,,,,4,1,1,,,,,1,,,,,,,,,,,,,,,,,,,,,,,,,,,Sub043,001,2022_Sep_26_1409,2_3_MRI_Rating_Play_Eyetracking,2021.2.3,59.89103425247582,
7,2,1,50,2,1,,,,,0,0,0,0,0,17,17,16,0,0,0,0,,,,,,,,,,,,,,,,,,,,,,,,,,,,,,,,,,,,,,,,,,,,,347.6703146999989,None,347.6703146999989,None,347.6703146999989,None,349.66199679999954,None,7,2,1,61.39361582047175,50,2,2,1,351.77073159999964,None,r,0.7589668000000529,351.77073159999964,None,Definitely Yes,2.241033199999947,352.65523179999946,None,355.00172009999915,None,g,0.4343849000015325,355.00172009999915,None,2.1221914000000197,Bar,1.1221914000000197,355.00172009999915,None,355.5506170999997,None,,,,Sub043,001,2022_Sep_26_1409,2_3_MRI_Rating_Play_Eyetracking,2021.2.3,59.89103425247582,
7,2,1,50,2,1,,,,,0,0,0,0,0,17,17,16,,,,,,,,,,,,,,,,,,,,,,,,,,,,,,,,,,,,,,,,,,,,,,,,,,,,,,,,,7,2,1,,,,,1,,,,,,,,,,,,,,,,,,,,,,,,,,,Sub043,001,2022_Sep_26_1409,2_3_MRI_Rating_Play_Eyetracking,2021.2.3,59.89103425247582,
6,2,0,20,2,1,,,,,0,0,0,0,0,18,18,60,0,0,0,0,,,,,,,,,,,,,,,,,,,,,,,,,,,,,,,,,,,,,,,,,,,,,357.78387119999934,None,357.78387119999934,None,357.78387119999934,None,359.7951314999991,None,6,2,0,61.39361582047175,20,2,2,1,361.90315869999904,None,r,0.36572310000155994,361.90315869999904,None,Definitely Yes,2.63427689999844,362.3796947999999,None,365.101517699999,None,r,0.4529675000030693,365.101517699999,None,2.124547399999983,Definitely Bar,1.124547399999983,365.101517699999,None,365.66807269999845,None,,,,Sub043,001,2022_Sep_26_1409,2_3_MRI_Rating_Play_Eyetracking,2021.2.3,59.89103425247582,
6,2,0,20,2,1,,,,,0,0,0,0,0,18,18,60,,,,,,,,,,,,,,,,,,,,,,,,,,,,,,,,,,,,,,,,,,,,,,,,,,,,,,,,,6,2,0,,,,,1,,,,,,,,,,,,,,,,,,,,,,,,,,,Sub043,001,2022_Sep_26_1409,2_3_MRI_Rating_Play_Eyetracking,2021.2.3,59.89103425247582,
4,1,1,50,3,1,,,,,0,0,0,0,0,19,19,67,0,0,0,0,,,,,,,,,,,,,,,,,,,,,,,,,,,,,,,,,,,,,,,,,,,,,367.8805992999987,None,367.8805992999987,None,367.8805992999987,None,369.9172987000002,None,4,1,1,32.311168750708646,50,3,2,1,373.0167369999999,None,g,0.5047379000006913,373.0167369999999,None,Yes,2.4952620999993087,373.6518008999992,None,376.24994159999915,None,y,0.577595000000656,376.24994159999915,None,1.9739331999999763,Card,0.9739331999999763,376.24994159999915,None,376.9521860999994,None,,,,Sub043,001,2022_Sep_26_1409,2_3_MRI_Rating_Play_Eyetracking,2021.2.3,59.89103425247582,
4,1,1,50,3,1,,,,,0,0,0,0,0,19,19,67,,,,,,,,,,,,,,,,,,,,,,,,,,,,,,,,,,,,,,,,,,,,,,,,,,,,,,,,,4,1,1,,,,,1,,,,,,,,,,,,,,,,,,,,,,,,,,,Sub043,001,2022_Sep_26_1409,2_3_MRI_Rating_Play_Eyetracking,2021.2.3,59.89103425247582,
3,1,0,20,3,0,,,,,0,0,0,0,0,20,20,21,,,,,,,,,,,,,,,,,,,,,,,,,,,,,,,,,,,,,,,,,,,,,,,,,379.0248152999993,None,379.0248152999993,None,379.0248152999993,None,381.02796379999927,None,3,1,0,32.311168750708646,20,3,2,0,,,,,,,,,,,,,,,,,,,,,,,,,,,Sub043,001,2022_Sep_26_1409,2_3_MRI_Rating_Play_Eyetracking,2021.2.3,59.89103425247582,
1,0,1,50,3,1,,,,,0,0,0,0,0,21,21,64,0,0,0,0,,,,,,,,,,,,,,,,,,,,,,,,,,,,,,,,,,,,,,,,,,,,,384.1141570999989,None,384.1141570999989,None,384.1141570999989,None,386.12958739999885,None,1,0,1,12.134053438924386,50,3,2,1,389.2397100999988,None,y,0.7242181000001437,389.2397100999988,None,No,2.2757818999998563,390.0662343999993,None,392.4609451999986,None,g,1.0985376000007818,392.4609451999986,None,1.4581187,Bar,0.4581187,392.4609451999986,None,393.66769889999887,None,,,,Sub043,001,2022_Sep_26_1409,2_3_MRI_Rating_Play_Eyetracking,2021.2.3,59.89103425247582,
1,0,1,50,3,1,,,,,0,0,0,0,0,21,21,64,,,,,,,,,,,,,,,,,,,,,,,,,,,,,,,,,,,,,,,,,,,,,,,,,,,,,,,,,1,0,1,,,,,1,,,,,,,,,,,,,,,,,,,,,,,,,,,Sub043,001,2022_Sep_26_1409,2_3_MRI_Rating_Play_Eyetracking,2021.2.3,59.89103425247582,
1,0,1,50,1,1,,,,,0,0,0,0,0,22,22,28,0,0,0,0,,,,,,,,,,,,,,,,,,,,,,,,,,,,,,,,,,,,,,,,,,,,,395.2367900999998,None,395.2367900999998,None,395.2367900999998,None,397.25193519999993,None,1,0,1,12.134053438924386,50,1,2,1,398.33287389999896,None,g,0.6391132000007929,398.33287389999896,None,Yes,2.360886799999207,399.10480069999903,None,401.5664514,None,y,1.2886652000015602,401.5664514,None,1.2786912000000257,Card,0.2786912000000257,401.5664514,None,402.9902284,None,,,,Sub043,001,2022_Sep_26_1409,2_3_MRI_Rating_Play_Eyetracking,2021.2.3,59.89103425247582,
1,0,1,50,1,1,,,,,0,0,0,0,0,22,22,28,,,,,,,,,,,,,,,,,,,,,,,,,,,,,,,,,,,,,,,,,,,,,,,,,,,,,,,,,1,0,1,,,,,1,,,,,,,,,,,,,,,,,,,,,,,,,,,Sub043,001,2022_Sep_26_1409,2_3_MRI_Rating_Play_Eyetracking,2021.2.3,59.89103425247582,
6,2,0,20,3,1,,,,,0,0,0,0,0,23,23,69,0,0,0,0,,,,,,,,,,,,,,,,,,,,,,,,,,,,,,,,,,,,,,,,,,,,,404.36924569999974,None,404.36924569999974,None,404.36924569999974,None,406.384027099999,None,6,2,0,61.39361582047175,20,3,2,1,409.48959899999863,None,r,0.4322479000020394,409.48959899999863,None,Definitely Yes,2.5677520999979606,410.05506289999903,None,412.74123189999955,None,r,0.43922870000278635,412.74123189999955,None,2.089735200000007,Definitely Bar,1.089735200000007,412.74123189999955,None,413.30854139999974,None,,,,Sub043,001,2022_Sep_26_1409,2_3_MRI_Rating_Play_Eyetracking,2021.2.3,59.89103425247582,
6,2,0,20,3,1,,,,,0,0,0,0,0,23,23,69,,,,,,,,,,,,,,,,,,,,,,,,,,,,,,,,,,,,,,,,,,,,,,,,,,,,,,,,,6,2,0,,,,,1,,,,,,,,,,,,,,,,,,,,,,,,,,,Sub043,001,2022_Sep_26_1409,2_3_MRI_Rating_Play_Eyetracking,2021.2.3,59.89103425247582,
5,1,2,80,1,1,,,,,0,0,0,0,0,24,24,32,0,0,0,0,,,,,,,,,,,,,,,,,,,,,,,,,,,,,,,,,,,,,,,,,,,,,415.5047205999999,None,415.5047205999999,None,415.5047205999999,None,417.5200636999998,None,5,1,2,32.311168750708646,80,1,2,1,418.62270929999977,None,g,0.4625545000017155,418.62270929999977,None,Yes,2.5374454999982845,419.2038653999989,None,421.8377406999989,None,b,0.7346618000010494,421.8377406999989,None,1.8217905999999857,Definitely Card,0.8217905999999857,421.8377406999989,None,422.7071758000002,None,,,,Sub043,001,2022_Sep_26_1409,2_3_MRI_Rating_Play_Eyetracking,2021.2.3,59.89103425247582,
5,1,2,80,1,1,,,,,0,0,0,0,0,24,24,32,,,,,,,,,,,,,,,,,,,,,,,,,,,,,,,,,,,,,,,,,,,,,,,,,,,,,,,,,5,1,2,,,,,1,,,,,,,,,,,,,,,,,,,,,,,,,,,Sub043,001,2022_Sep_26_1409,2_3_MRI_Rating_Play_Eyetracking,2021.2.3,59.89103425247582,
0,0,0,20,3,0,,,,,0,0,0,0,0,25,25,18,,,,,,,,,,,,,,,,,,,,,,,,,,,,,,,,,,,,,,,,,,,,,,,,,424.6392676999985,None,424.6392676999985,None,424.6392676999985,None,426.6450232999996,None,0,0,0,12.134053438924386,20,3,2,0,,,,,,,,,,,,,,,,,,,,,,,,,,,Sub043,001,2022_Sep_26_1409,2_3_MRI_Rating_Play_Eyetracking,2021.2.3,59.89103425247582,
0,0,0,20,3,1,,,,,0,0,0,0,0,26,26,45,0,0,0,0,,,,,,,,,,,,,,,,,,,,,,,,,,,,,,,,,,,,,,,,,,,,,429.75366869999925,None,429.75366869999925,None,429.75366869999925,None,431.7692092999987,None,0,0,0,12.134053438924386,20,3,2,1,434.86301829999866,None,y,0.6732753000014782,434.86301829999866,None,No,2.326724699998522,435.65518669999983,None,438.0916264999996,None,None,,438.0916264999996,None,0.66100270000004,,-0.33899729999996,438.0916264999996,None,440.10438429999886,None,,,,Sub043,001,2022_Sep_26_1409,2_3_MRI_Rating_Play_Eyetracking,2021.2.3,59.89103425247582,
0,0,0,20,3,1,,,,,0,0,0,0,0,26,26,45,,,,,,,,,,,,,,,,,,,,,,,,,,,,,,,,,,,,,,,,,,,,,,,,,,,,,,,,,0,0,0,,,,,1,,,,,,,,,,,,,,,,,,,,,,,,,,,Sub043,001,2022_Sep_26_1409,2_3_MRI_Rating_Play_Eyetracking,2021.2.3,59.89103425247582,
8,2,2,80,1,0,,,,,0,0,0,0,0,27,27,8,,,,,,,,,,,,,,,,,,,,,,,,,,,,,,,,,,,,,,,,,,,,,,,,,440.86999839999953,None,440.86999839999953,None,440.86999839999953,None,442.8853980999993,None,8,2,2,61.39361582047175,80,1,2,0,,,,,,,,,,,,,,,,,,,,,,,,,,,Sub043,001,2022_Sep_26_1409,2_3_MRI_Rating_Play_Eyetracking,2021.2.3,59.89103425247582,
6,2,0,20,1,0,,,,,0,0,0,0,0,28,28,6,,,,,,,,,,,,,,,,,,,,,,,,,,,,,,,,,,,,,,,,,,,,,,,,,443.98890429999847,None,443.98890429999847,None,443.98890429999847,None,445.97615249999944,None,6,2,0,61.39361582047175,20,1,2,0,,,,,,,,,,,,,,,,,,,,,,,,,,,Sub043,001,2022_Sep_26_1409,2_3_MRI_Rating_Play_Eyetracking,2021.2.3,59.89103425247582,
6,2,0,20,2,1,,,,,0,0,0,0,0,29,29,42,0,0,0,0,,,,,,,,,,,,,,,,,,,,,,,,,,,,,,,,,,,,,,,,,,,,,447.0668636999999,None,447.0668636999999,None,447.0668636999999,None,449.1012350000001,None,6,2,0,61.39361582047175,20,2,2,1,451.20756959999926,None,g,0.4813300000005256,451.20756959999926,None,Yes,2.5186699999994744,451.8090698999986,None,454.42254109999885,None,g,1.1163706000024831,454.42254109999885,None,1.4399410999999986,Bar,0.43994109999999864,454.42254109999885,None,455.66050319999886,None,,,,Sub043,001,2022_Sep_26_1409,2_3_MRI_Rating_Play_Eyetracking,2021.2.3,59.89103425247582,
6,2,0,20,2,1,,,,,0,0,0,0,0,29,29,42,,,,,,,,,,,,,,,,,,,,,,,,,,,,,,,,,,,,,,,,,,,,,,,,,,,,,,,,,6,2,0,,,,,1,,,,,,,,,,,,,,,,,,,,,,,,,,,Sub043,001,2022_Sep_26_1409,2_3_MRI_Rating_Play_Eyetracking,2021.2.3,59.89103425247582,
1,0,1,50,3,1,,,,,0,0,0,0,0,30,30,46,0,0,0,0,,,,,,,,,,,,,,,,,,,,,,,,,,,,,,,,,,,,,,,,,,,,,457.2058849999994,None,457.2058849999994,None,457.2058849999994,None,459.2219561999991,None,1,0,1,12.134053438924386,50,3,2,1,462.3266058999998,None,g,0.4072077000000718,462.3266058999998,None,Yes,2.592792299999928,462.8580428999994,None,465.5524250999988,None,y,0.582919700002094,465.5524250999988,None,1.9735524999999825,Card,0.9735524999999825,465.5524250999988,None,466.2562552999989,None,,,,Sub043,001,2022_Sep_26_1409,2_3_MRI_Rating_Play_Eyetracking,2021.2.3,59.89103425247582,
1,0,1,50,3,1,,,,,0,0,0,0,0,30,30,46,,,,,,,,,,,,,,,,,,,,,,,,,,,,,,,,,,,,,,,,,,,,,,,,,,,,,,,,,1,0,1,,,,,1,,,,,,,,,,,,,,,,,,,,,,,,,,,Sub043,001,2022_Sep_26_1409,2_3_MRI_Rating_Play_Eyetracking,2021.2.3,59.89103425247582,
4,1,1,50,3,0,,,,,0,0,0,0,0,31,31,22,,,,,,,,,,,,,,,,,,,,,,,,,,,,,,,,,,,,,,,,,,,,,,,,,468.3334613999996,None,468.3334613999996,None,468.3334613999996,None,470.3326935999994,None,4,1,1,32.311168750708646,50,3,2,0,,,,,,,,,,,,,,,,,,,,,,,,,,,Sub043,001,2022_Sep_26_1409,2_3_MRI_Rating_Play_Eyetracking,2021.2.3,59.89103425247582,
1,0,1,50,2,1,,,,,0,0,0,0,0,32,32,55,0,0,0,0,,,,,,,,,,,,,,,,,,,,,,,,,,,,,,,,,,,,,,,,,,,,,473.4306207999998,None,473.4306207999998,None,473.4306207999998,None,475.4552793999992,None,1,0,1,12.134053438924386,50,2,2,1,477.5580476999985,None,g,0.7142670000012004,477.5580476999985,None,Yes,2.2857329999987996,478.3914531999999,None,480.79705209999884,None,y,0.6020715000013297,480.79705209999884,None,1.9248808000000395,Card,0.9248808000000395,480.79705209999884,None,481.5055100999998,None,,,,Sub043,001,2022_Sep_26_1409,2_3_MRI_Rating_Play_Eyetracking,2021.2.3,59.89103425247582,
1,0,1,50,2,1,,,,,0,0,0,0,0,32,32,55,,,,,,,,,,,,,,,,,,,,,,,,,,,,,,,,,,,,,,,,,,,,,,,,,,,,,,,,,1,0,1,,,,,1,,,,,,,,,,,,,,,,,,,,,,,,,,,Sub043,001,2022_Sep_26_1409,2_3_MRI_Rating_Play_Eyetracking,2021.2.3,59.89103425247582,
3,1,0,20,1,1,,,,,0,0,0,0,0,33,33,30,0,0,0,0,,,,,,,,,,,,,,,,,,,,,,,,,,,,,,,,,,,,,,,,,,,,,483.53481509999983,None,483.53481509999983,None,483.53481509999983,None,485.5547544000001,None,3,1,0,32.311168750708646,20,1,2,1,486.6566337999993,None,g,0.7046995000000607,486.6566337999993,None,Yes,2.2953004999999393,487.491237799999,None,489.89666789999865,None,g,0.574648600002547,489.89666789999865,None,1.9729760999999826,Bar,0.9729760999999826,489.89666789999865,None,490.5907873999986,None,,,,Sub043,001,2022_Sep_26_1409,2_3_MRI_Rating_Play_Eyetracking,2021.2.3,59.89103425247582,
3,1,0,20,1,1,,,,,0,0,0,0,0,33,33,30,,,,,,,,,,,,,,,,,,,,,,,,,,,,,,,,,,,,,,,,,,,,,,,,,,,,,,,,,3,1,0,,,,,1,,,,,,,,,,,,,,,,,,,,,,,,,,,Sub043,001,2022_Sep_26_1409,2_3_MRI_Rating_Play_Eyetracking,2021.2.3,59.89103425247582,
8,2,2,80,2,1,,,,,0,0,0,0,0,34,34,44,0,0,0,0,,,,,,,,,,,,,,,,,,,,,,,,,,,,,,,,,,,,,,,,,,,,,492.66702689999875,None,492.66702689999875,None,492.66702689999875,None,494.68928589999996,None,8,2,2,61.39361582047175,80,2,2,1,496.7925082999991,None,r,0.377596900001663,496.7925082999991,None,Definitely Yes,2.622403099998337,497.2709827999988,None,500.0076451999994,None,r,0.4061546000011731,500.0076451999994,None,2.1577444999999784,Definitely Bar,1.1577444999999784,500.0076451999994,None,500.5331494999991,None,,,,Sub043,001,2022_Sep_26_1409,2_3_MRI_Rating_Play_Eyetracking,2021.2.3,59.89103425247582,
8,2,2,80,2,1,,,,,0,0,0,0,0,34,34,44,,,,,,,,,,,,,,,,,,,,,,,,,,,,,,,,,,,,,,,,,,,,,,,,,,,,,,,,,8,2,2,,,,,1,,,,,,,,,,,,,,,,,,,,,,,,,,,Sub043,001,2022_Sep_26_1409,2_3_MRI_Rating_Play_Eyetracking,2021.2.3,59.89103425247582,
7,2,1,50,2,1,,,,,0,0,0,0,0,35,35,70,0,0,0,0,,,,,,,,,,,,,,,,,,,,,,,,,,,,,,,,,,,,,,,,,,,,,502.76485649999995,None,502.76485649999995,None,502.76485649999995,None,504.7796849999995,None,7,2,1,61.39361582047175,50,2,2,1,506.8898543999985,None,g,0.4267702000015561,506.8898543999985,None,Yes,2.573229799998444,507.44171239999923,None,510.12637469999936,None,g,0.5131591000026674,510.12637469999936,None,2.0550352000000203,Bar,1.0550352000000203,510.12637469999936,None,510.753241299999,None,,,,Sub043,001,2022_Sep_26_1409,2_3_MRI_Rating_Play_Eyetracking,2021.2.3,59.89103425247582,
7,2,1,50,2,1,,,,,0,0,0,0,0,35,35,70,,,,,,,,,,,,,,,,,,,,,,,,,,,,,,,,,,,,,,,,,,,,,,,,,,,,,,,,,7,2,1,,,,,1,,,,,,,,,,,,,,,,,,,,,,,,,,,Sub043,001,2022_Sep_26_1409,2_3_MRI_Rating_Play_Eyetracking,2021.2.3,59.89103425247582,
7,2,1,50,1,1,,,,,0,0,0,0,0,36,36,61,0,0,0,0,,,,,,,,,,,,,,,,,,,,,,,,,,,,,,,,,,,,,,,,,,,,,512.9010355999999,None,512.9010355999999,None,512.9010355999999,None,514.9205371999997,None,7,2,1,61.39361582047175,50,1,2,1,516.0216464999994,None,g,0.557176200001777,516.0216464999994,None,Yes,2.442823799998223,516.6872987999996,None,519.2434736999985,None,g,0.9826513000007253,519.2434736999985,None,1.5719094000000382,Bar,0.5719094000000382,519.2434736999985,None,520.3578539999999,None,,,,Sub043,001,2022_Sep_26_1409,2_3_MRI_Rating_Play_Eyetracking,2021.2.3,59.89103425247582,
7,2,1,50,1,1,,,,,0,0,0,0,0,36,36,61,,,,,,,,,,,,,,,,,,,,,,,,,,,,,,,,,,,,,,,,,,,,,,,,,,,,,,,,,7,2,1,,,,,1,,,,,,,,,,,,,,,,,,,,,,,,,,,Sub043,001,2022_Sep_26_1409,2_3_MRI_Rating_Play_Eyetracking,2021.2.3,59.89103425247582,
5,1,2,80,2,1,,,,,0,0,0,0,0,37,37,41,0,0,0,0,,,,,,,,,,,,,,,,,,,,,,,,,,,,,,,,,,,,,,,,,,,,,522.0434531999999,None,522.0434531999999,None,522.0434531999999,None,524.0336790000001,None,5,1,2,32.311168750708646,80,2,2,1,526.1440518999989,None,g,0.40433910000137985,526.1440518999989,None,Yes,2.59566089999862,526.6703053000001,None,529.356252399999,None,y,0.6048522000019148,529.356252399999,None,1.9740553999999975,Card,0.9740553999999975,529.356252399999,None,530.0922543999986,None,,,,Sub043,001,2022_Sep_26_1409,2_3_MRI_Rating_Play_Eyetracking,2021.2.3,59.89103425247582,
5,1,2,80,2,1,,,,,0,0,0,0,0,37,37,41,,,,,,,,,,,,,,,,,,,,,,,,,,,,,,,,,,,,,,,,,,,,,,,,,,,,,,,,,5,1,2,,,,,1,,,,,,,,,,,,,,,,,,,,,,,,,,,Sub043,001,2022_Sep_26_1409,2_3_MRI_Rating_Play_Eyetracking,2021.2.3,59.89103425247582,
8,2,2,80,1,1,,,,,0,0,0,0,0,38,38,62,0,0,0,0,,,,,,,,,,,,,,,,,,,,,,,,,,,,,,,,,,,,,,,,,,,,,532.1504518000002,None,532.1504518000002,None,532.1504518000002,None,534.1892453,None,8,2,2,61.39361582047175,80,1,2,1,535.2911504999993,None,g,0.6840793000010308,535.2911504999993,None,Yes,2.315920699998969,536.0939294999989,None,538.5283989,None,g,0.439489100001083,538.5283989,None,2.1109950000000026,Bar,1.1109950000000026,538.5283989,None,539.0943594,None,,,,Sub043,001,2022_Sep_26_1409,2_3_MRI_Rating_Play_Eyetracking,2021.2.3,59.89103425247582,
8,2,2,80,1,1,,,,,0,0,0,0,0,38,38,62,,,,,,,,,,,,,,,,,,,,,,,,,,,,,,,,,,,,,,,,,,,,,,,,,,,,,,,,,8,2,2,,,,,1,,,,,,,,,,,,,,,,,,,,,,,,,,,Sub043,001,2022_Sep_26_1409,2_3_MRI_Rating_Play_Eyetracking,2021.2.3,59.89103425247582,
5,1,2,80,2,1,,,,,0,0,0,0,0,39,39,68,0,0,0,0,,,,,,,,,,,,,,,,,,,,,,,,,,,,,,,,,,,,,,,,,,,,,541.2986126999986,None,541.2986126999986,None,541.2986126999986,None,543.3239481,None,5,1,2,32.311168750708646,80,2,2,1,545.423370999999,None,g,0.33390260000123817,545.423370999999,None,Yes,2.666097399998762,545.8689153999985,None,548.6251218999987,None,y,0.772405500001696,548.6251218999987,None,1.8052873000000318,Card,0.8052873000000318,548.6251218999987,None,549.5276940999993,None,,,,Sub043,001,2022_Sep_26_1409,2_3_MRI_Rating_Play_Eyetracking,2021.2.3,59.89103425247582,
5,1,2,80,2,1,,,,,0,0,0,0,0,39,39,68,,,,,,,,,,,,,,,,,,,,,,,,,,,,,,,,,,,,,,,,,,,,,,,,,,,,,,,,,5,1,2,,,,,1,,,,,,,,,,,,,,,,,,,,,,,,,,,Sub043,001,2022_Sep_26_1409,2_3_MRI_Rating_Play_Eyetracking,2021.2.3,59.89103425247582,
3,1,0,20,3,1,,,,,0,0,0,0,0,40,40,66,0,0,0,0,,,,,,,,,,,,,,,,,,,,,,,,,,,,,,,,,,,,,,,,,,,,,551.4415347999984,None,551.4415347999984,None,551.4415347999984,None,553.4586614,None,3,1,0,32.311168750708646,20,3,2,1,556.5634248999995,None,g,0.6574616000016249,556.5634248999995,None,Yes,2.342538399998375,557.3351815999995,None,559.7883026,None,g,0.3825849000022572,559.7883026,None,2.1721032000000378,Bar,1.1721032000000378,559.7883026,None,560.2941698999985,None,,,,Sub043,001,2022_Sep_26_1409,2_3_MRI_Rating_Play_Eyetracking,2021.2.3,59.89103425247582,
3,1,0,20,3,1,,,,,0,0,0,0,0,40,40,66,,,,,,,,,,,,,,,,,,,,,,,,,,,,,,,,,,,,,,,,,,,,,,,,,,,,,,,,,3,1,0,,,,,1,,,,,,,,,,,,,,,,,,,,,,,,,,,Sub043,001,2022_Sep_26_1409,2_3_MRI_Rating_Play_Eyetracking,2021.2.3,59.89103425247582,
3,1,0,20,2,1,,,,,0,0,0,0,0,41,41,39,0,0,0,0,,,,,,,,,,,,,,,,,,,,,,,,,,,,,,,,,,,,,,,,,,,,,562.5698386999993,None,562.5698386999993,None,562.5698386999993,None,564.5913084999993,None,3,1,0,32.311168750708646,20,2,2,1,566.6959805999995,None,g,0.5463670000008278,566.6959805999995,None,Yes,2.453632999999172,567.3612102999996,None,569.9259920999993,None,g,0.6066112000007706,569.9259920999993,None,1.946108200000026,Bar,0.946108200000026,569.9259920999993,None,570.6413954999989,None,,,,Sub043,001,2022_Sep_26_1409,2_3_MRI_Rating_Play_Eyetracking,2021.2.3,59.89103425247582,
3,1,0,20,2,1,,,,,0,0,0,0,0,41,41,39,,,,,,,,,,,,,,,,,,,,,,,,,,,,,,,,,,,,,,,,,,,,,,,,,,,,,,,,,3,1,0,,,,,1,,,,,,,,,,,,,,,,,,,,,,,,,,,Sub043,001,2022_Sep_26_1409,2_3_MRI_Rating_Play_Eyetracking,2021.2.3,59.89103425247582,
1,0,1,50,3,0,,,,,0,0,0,0,0,42,42,19,,,,,,,,,,,,,,,,,,,,,,,,,,,,,,,,,,,,,,,,,,,,,,,,,572.6863666999998,None,572.6863666999998,None,572.6863666999998,None,574.7073756999998,None,1,0,1,12.134053438924386,50,3,2,0,,,,,,,,,,,,,,,,,,,,,,,,,,,Sub043,001,2022_Sep_26_1409,2_3_MRI_Rating_Play_Eyetracking,2021.2.3,59.89103425247582,
0,0,0,20,1,1,,,,,0,0,0,0,0,43,43,54,0,0,0,0,,,,,,,,,,,,,,,,,,,,,,,,,,,,,,,,,,,,,,,,,,,,,577.8102417999999,None,577.8102417999999,None,577.8102417999999,None,579.8259223999994,None,0,0,0,12.134053438924386,20,1,2,1,580.9063394999994,None,y,0.4782279000010021,580.9063394999994,None,No,2.521772099998998,581.5108177000002,None,584.1440920999994,None,g,0.4201033000008465,584.1440920999994,None,2.127166099999954,Bar,1.127166099999954,584.1440920999994,None,584.6960092999998,None,,,,Sub043,001,2022_Sep_26_1409,2_3_MRI_Rating_Play_Eyetracking,2021.2.3,59.89103425247582,
0,0,0,20,1,1,,,,,0,0,0,0,0,43,43,54,,,,,,,,,,,,,,,,,,,,,,,,,,,,,,,,,,,,,,,,,,,,,,,,,,,,,,,,,0,0,0,,,,,1,,,,,,,,,,,,,,,,,,,,,,,,,,,Sub043,001,2022_Sep_26_1409,2_3_MRI_Rating_Play_Eyetracking,2021.2.3,59.89103425247582,
1,0,1,50,1,0,,,,,0,0,0,0,0,44,44,1,,,,,,,,,,,,,,,,,,,,,,,,,,,,,,,,,,,,,,,,,,,,,,,,,586.9220069999992,None,586.9220069999992,None,586.9220069999992,None,588.9405494999992,None,1,0,1,12.134053438924386,50,1,2,0,,,,,,,,,,,,,,,,,,,,,,,,,,,Sub043,001,2022_Sep_26_1409,2_3_MRI_Rating_Play_Eyetracking,2021.2.3,59.89103425247582,
4,1,1,50,1,0,,,,,0,0,0,0,0,45,45,4,,,,,,,,,,,,,,,,,,,,,,,,,,,,,,,,,,,,,,,,,,,,,,,,,590.0216231999984,None,590.0216231999984,None,590.0216231999984,None,592.0591779999995,None,4,1,1,32.311168750708646,50,1,2,0,,,,,,,,,,,,,,,,,,,,,,,,,,,Sub043,001,2022_Sep_26_1409,2_3_MRI_Rating_Play_Eyetracking,2021.2.3,59.89103425247582,
5,1,2,80,1,1,,,,,0,0,0,0,0,46,46,59,0,0,0,0,,,,,,,,,,,,,,,,,,,,,,,,,,,,,,,,,,,,,,,,,,,,,593.1593349999985,None,593.1593349999985,None,593.1593349999985,None,595.1519124999995,None,5,1,2,32.311168750708646,80,1,2,1,596.2602754999989,None,g,0.3909942000009323,596.2602754999989,None,Yes,2.6090057999990677,596.7591541000002,None,599.4602771999998,None,b,0.4946144000023196,599.4602771999998,None,2.092036699999994,Definitely Card,1.0920366999999942,599.4602771999998,None,600.0796780000001,None,,,,Sub043,001,2022_Sep_26_1409,2_3_MRI_Rating_Play_Eyetracking,2021.2.3,59.89103425247582,
5,1,2,80,1,1,,,,,0,0,0,0,0,46,46,59,,,,,,,,,,,,,,,,,,,,,,,,,,,,,,,,,,,,,,,,,,,,,,,,,,,,,,,,,5,1,2,,,,,1,,,,,,,,,,,,,,,,,,,,,,,,,,,Sub043,001,2022_Sep_26_1409,2_3_MRI_Rating_Play_Eyetracking,2021.2.3,59.89103425247582,
5,1,2,80,1,0,,,,,0,0,0,0,0,47,47,5,,,,,,,,,,,,,,,,,,,,,,,,,,,,,,,,,,,,,,,,,,,,,,,,,602.2539490999989,None,602.2539490999989,None,602.2539490999989,None,604.2960718999984,None,5,1,2,32.311168750708646,80,1,2,0,,,,,,,,,,,,,,,,,,,,,,,,,,,Sub043,001,2022_Sep_26_1409,2_3_MRI_Rating_Play_Eyetracking,2021.2.3,59.89103425247582,
2,0,2,80,2,1,,,,,0,0,0,0,0,48,48,38,0,0,0,0,,,,,,,,,,,,,,,,,,,,,,,,,,,,,,,,,,,,,,,,,,,,,605.4021362999993,None,605.4021362999993,None,605.4021362999993,None,607.397473699999,None,2,0,2,12.134053438924386,80,2,2,1,609.5156860999996,None,g,0.6841119000018807,609.5156860999996,None,Yes,2.3158880999981193,610.3199341,None,612.7498538,None,b,0.5840732000015123,612.7498538,None,1.9588034999999309,Definitely Card,0.9588034999999309,612.7498538,None,613.4655913999995,None,,,,Sub043,001,2022_Sep_26_1409,2_3_MRI_Rating_Play_Eyetracking,2021.2.3,59.89103425247582,
2,0,2,80,2,1,,,,,0,0,0,0,0,48,48,38,,,,,,,,,,,,,,,,,,,,,,,,,,,,,,,,,,,,,,,,,,,,,,,,,,,,,,,,,2,0,2,,,,,1,,,,,,,,,,,,,,,,,,,,,,,,,,,Sub043,001,2022_Sep_26_1409,2_3_MRI_Rating_Play_Eyetracking,2021.2.3,59.89103425247582,
7,2,1,50,3,0,,,,,0,0,0,0,0,49,49,25,,,,,,,,,,,,,,,,,,,,,,,,,,,,,,,,,,,,,,,,,,,,,,,,,615.5256039999986,None,615.5256039999986,None,615.5256039999986,None,617.5458643999991,None,7,2,1,61.39361582047175,50,3,2,0,,,,,,,,,,,,,,,,,,,,,,,,,,,Sub043,001,2022_Sep_26_1409,2_3_MRI_Rating_Play_Eyetracking,2021.2.3,59.89103425247582,
8,2,2,80,3,1,,,,,0,0,0,0,0,50,50,53,0,0,0,0,,,,,,,,,,,,,,,,,,,,,,,,,,,,,,,,,,,,,,,,,,,,,620.6625124999991,None,620.6625124999991,None,620.6625124999991,None,622.6743545999998,None,8,2,2,61.39361582047175,80,3,2,1,625.7790960000002,None,r,0.5439433000010467,625.7790960000002,None,Definitely Yes,2.4560566999989533,626.4465638000001,None,629.0154669999993,None,b,1.2492767000021558,629.0154669999993,None,1.2751330999999482,Definitely Card,0.27513309999994817,629.0154669999993,None,630.3897929999985,None,,,,Sub043,001,2022_Sep_26_1409,2_3_MRI_Rating_Play_Eyetracking,2021.2.3,59.89103425247582,
8,2,2,80,3,1,,,,,0,0,0,0,0,50,50,53,,,,,,,,,,,,,,,,,,,,,,,,,,,,,,,,,,,,,,,,,,,,,,,,,,,,,,,,,8,2,2,,,,,1,,,,,,,,,,,,,,,,,,,,,,,,,,,Sub043,001,2022_Sep_26_1409,2_3_MRI_Rating_Play_Eyetracking,2021.2.3,59.89103425247582,
7,2,1,50,2,1,,,,,0,0,0,0,0,51,51,43,0,0,0,0,,,,,,,,,,,,,,,,,,,,,,,,,,,,,,,,,,,,,,,,,,,,,631.7781459999987,None,631.7781459999987,None,631.7781459999987,None,633.7919400999999,None,7,2,1,61.39361582047175,50,2,2,1,635.8998018999991,None,r,0.4813307000022178,635.8998018999991,None,Definitely Yes,2.518669299997782,636.5166723999992,None,639.1465848999997,None,g,0.5363988000008248,639.1465848999997,None,1.991325399999937,Bar,0.991325399999937,639.1465848999997,None,639.8108654999996,None,,,,Sub043,001,2022_Sep_26_1409,2_3_MRI_Rating_Play_Eyetracking,2021.2.3,59.89103425247582,
7,2,1,50,2,1,,,,,0,0,0,0,0,51,51,43,,,,,,,,,,,,,,,,,,,,,,,,,,,,,,,,,,,,,,,,,,,,,,,,,,,,,,,,,7,2,1,,,,,1,,,,,,,,,,,,,,,,,,,,,,,,,,,Sub043,001,2022_Sep_26_1409,2_3_MRI_Rating_Play_Eyetracking,2021.2.3,59.89103425247582,
3,1,0,20,3,1,,,,,0,0,0,0,0,52,52,48,0,0,0,0,,,,,,,,,,,,,,,,,,,,,,,,,,,,,,,,,,,,,,,,,,,,,641.8922169999987,None,641.8922169999987,None,641.8922169999987,None,643.9285818999997,None,3,1,0,32.311168750708646,20,3,2,1,647.0298434999986,None,g,0.4489039000018238,647.0298434999986,None,Yes,2.551096099998176,647.5762422999996,None,650.2325074,None,g,1.181220200001917,650.2325074,None,1.387222999999949,Bar,0.387222999999949,650.2325074,None,651.5463949999994,None,,,,Sub043,001,2022_Sep_26_1409,2_3_MRI_Rating_Play_Eyetracking,2021.2.3,59.89103425247582,
3,1,0,20,3,1,,,,,0,0,0,0,0,52,52,48,,,,,,,,,,,,,,,,,,,,,,,,,,,,,,,,,,,,,,,,,,,,,,,,,,,,,,,,,3,1,0,,,,,1,,,,,,,,,,,,,,,,,,,,,,,,,,,Sub043,001,2022_Sep_26_1409,2_3_MRI_Rating_Play_Eyetracking,2021.2.3,59.89103425247582,
4,1,1,50,1,1,,,,,0,0,0,0,0,53,53,31,0,0,0,0,,,,,,,,,,,,,,,,,,,,,,,,,,,,,,,,,,,,,,,,,,,,,653.0237397000001,None,653.0237397000001,None,653.0237397000001,None,655.0480985999984,None,4,1,1,32.311168750708646,50,1,2,1,656.166745999999,None,g,0.6358653000006598,656.166745999999,None,Yes,2.3641346999993402,656.9316994000001,None,659.3966369999998,None,y,1.8696333000007144,659.3966369999998,None,0.6715038999999479,Card,-0.32849610000005214,659.3966369999998,None,661.3698477999988,None,,,,Sub043,001,2022_Sep_26_1409,2_3_MRI_Rating_Play_Eyetracking,2021.2.3,59.89103425247582,
4,1,1,50,1,1,,,,,0,0,0,0,0,53,53,31,,,,,,,,,,,,,,,,,,,,,,,,,,,,,,,,,,,,,,,,,,,,,,,,,,,,,,,,,4,1,1,,,,,1,,,,,,,,,,,,,,,,,,,,,,,,,,,Sub043,001,2022_Sep_26_1409,2_3_MRI_Rating_Play_Eyetracking,2021.2.3,59.89103425247582,
5,1,2,80,3,0,,,,,0,0,0,0,0,54,54,23,,,,,,,,,,,,,,,,,,,,,,,,,,,,,,,,,,,,,,,,,,,,,,,,,662.1462699999993,None,662.1462699999993,None,662.1462699999993,None,664.1588226999993,None,5,1,2,32.311168750708646,80,3,2,0,,,,,,,,,,,,,,,,,,,,,,,,,,,Sub043,001,2022_Sep_26_1409,2_3_MRI_Rating_Play_Eyetracking,2021.2.3,59.89103425247582,
2,0,2,80,2,1,,,,,0,0,0,0,0,55,55,11,0,0,0,0,,,,,,,,,,,,,,,,,,,,,,,,,,,,,,,,,,,,,,,,,,,,,667.2664863999998,None,667.2664863999998,None,667.2664863999998,None,669.2788531999995,None,2,0,2,12.134053438924386,80,2,2,1,671.3834197999986,None,g,0.46216870000171184,671.3834197999986,None,Yes,2.537831299998288,671.9648542999985,None,674.6082823999986,None,b,0.6570289000010234,674.6082823999986,None,1.875422800000024,Definitely Card,0.8754228000000239,674.6082823999986,None,675.3751505,None,,,,Sub043,001,2022_Sep_26_1409,2_3_MRI_Rating_Play_Eyetracking,2021.2.3,59.89103425247582,
2,0,2,80,2,1,,,,,0,0,0,0,0,55,55,11,,,,,,,,,,,,,,,,,,,,,,,,,,,,,,,,,,,,,,,,,,,,,,,,,,,,,,,,,2,0,2,,,,,1,,,,,,,,,,,,,,,,,,,,,,,,,,,Sub043,001,2022_Sep_26_1409,2_3_MRI_Rating_Play_Eyetracking,2021.2.3,59.89103425247582,
0,0,0,20,1,0,,,,,0,0,0,0,0,56,56,0,,,,,,,,,,,,,,,,,,,,,,,,,,,,,,,,,,,,,,,,,,,,,,,,,677.3511229999986,None,677.3511229999986,None,677.3511229999986,None,679.3741890999991,None,0,0,0,12.134053438924386,20,1,2,0,,,,,,,,,,,,,,,,,,,,,,,,,,,Sub043,001,2022_Sep_26_1409,2_3_MRI_Rating_Play_Eyetracking,2021.2.3,59.89103425247582,
3,1,0,20,2,1,,,,,0,0,0,0,0,57,57,57,0,0,0,0,,,,,,,,,,,,,,,,,,,,,,,,,,,,,,,,,,,,,,,,,,,,,680.4892580999986,None,680.4892580999986,None,680.4892580999986,None,682.4910046999994,None,3,1,0,32.311168750708646,20,2,2,1,684.5953018,None,g,0.5904668000021047,684.5953018,None,Yes,2.4095331999978953,685.3124080999987,None,687.8177543999991,None,g,0.5053263999998308,687.8177543999991,None,2.042931199999998,Bar,1.0429311999999982,687.8177543999991,None,688.429347199999,None,,,,Sub043,001,2022_Sep_26_1409,2_3_MRI_Rating_Play_Eyetracking,2021.2.3,59.89103425247582,
3,1,0,20,2,1,,,,,0,0,0,0,0,57,57,57,,,,,,,,,,,,,,,,,,,,,,,,,,,,,,,,,,,,,,,,,,,,,,,,,,,,,,,,,3,1,0,,,,,1,,,,,,,,,,,,,,,,,,,,,,,,,,,Sub043,001,2022_Sep_26_1409,2_3_MRI_Rating_Play_Eyetracking,2021.2.3,59.89103425247582,
2,0,2,80,3,1,,,,,0,0,0,0,0,58,58,47,0,0,0,0,,,,,,,,,,,,,,,,,,,,,,,,,,,,,,,,,,,,,,,,,,,,,690.5742735999993,None,690.5742735999993,None,690.5742735999993,None,692.5988965999986,None,2,0,2,12.134053438924386,80,3,2,1,695.7169202999994,None,g,0.4636564000011276,695.7169202999994,None,Yes,2.5363435999988724,696.2936475999995,None,698.9385404999994,None,b,0.7475980000017444,698.9385404999994,None,1.7861462000000756,Definitely Card,0.7861462000000756,698.9385404999994,None,699.7931379000001,None,,,,Sub043,001,2022_Sep_26_1409,2_3_MRI_Rating_Play_Eyetracking,2021.2.3,59.89103425247582,
2,0,2,80,3,1,,,,,0,0,0,0,0,58,58,47,,,,,,,,,,,,,,,,,,,,,,,,,,,,,,,,,,,,,,,,,,,,,,,,,,,,,,,,,2,0,2,,,,,1,,,,,,,,,,,,,,,,,,,,,,,,,,,Sub043,001,2022_Sep_26_1409,2_3_MRI_Rating_Play_Eyetracking,2021.2.3,59.89103425247582,
8,2,2,80,3,0,,,,,0,0,0,0,0,59,59,26,,,,,,,,,,,,,,,,,,,,,,,,,,,,,,,,,,,,,,,,,,,,,,,,,701.6820372000002,None,701.6820372000002,None,701.6820372000002,None,703.6975634999999,None,8,2,2,61.39361582047175,80,3,2,0,,,,,,,,,,,,,,,,,,,,,,,,,,,Sub043,001,2022_Sep_26_1409,2_3_MRI_Rating_Play_Eyetracking,2021.2.3,59.89103425247582,
8,2,2,80,1,1,,,,,0,0,0,0,0,60,60,35,0,0,0,0,,,,,,,,,,,,,,,,,,,,,,,,,,,,,,,,,,,,,,,,,,,,,706.7788241999988,None,706.7788241999988,None,706.7788241999988,None,708.7907207999997,None,8,2,2,61.39361582047175,80,1,2,1,709.9044245999994,None,r,0.4772787000019889,709.9044245999994,None,Definitely Yes,2.522721299998011,710.4983190999992,None,713.1382020000001,None,g,1.115346700002192,713.1382020000001,None,1.4262830000000122,Bar,0.4262830000000122,713.1382020000001,None,714.3766522999995,None,,,,Sub043,001,2022_Sep_26_1409,2_3_MRI_Rating_Play_Eyetracking,2021.2.3,59.89103425247582,
8,2,2,80,1,1,,,,,0,0,0,0,0,60,60,35,,,,,,,,,,,,,,,,,,,,,,,,,,,,,,,,,,,,,,,,,,,,,,,,,,,,,,,,,8,2,2,,,,,1,,,,,,,,,,,,,,,,,,,,,,,,,,,Sub043,001,2022_Sep_26_1409,2_3_MRI_Rating_Play_Eyetracking,2021.2.3,59.89103425247582,
6,2,0,20,1,1,,,,,0,0,0,0,0,61,61,33,0,0,0,0,,,,,,,,,,,,,,,,,,,,,,,,,,,,,,,,,,,,,,,,,,,,,715.8930223999996,None,715.8930223999996,None,715.8930223999996,None,717.9267114999984,None,6,2,0,61.39361582047175,20,1,2,1,719.0327399999987,None,r,0.6073691000001418,719.0327399999987,None,Definitely Yes,2.3926308999998582,719.7655899000001,None,722.2681253999999,None,g,0.8939832000014576,722.2681253999999,None,1.6543124999999463,Bar,0.6543124999999463,722.2681253999999,None,723.2758870999987,None,,,,Sub043,001,2022_Sep_26_1409,2_3_MRI_Rating_Play_Eyetracking,2021.2.3,59.89103425247582,
6,2,0,20,1,1,,,,,0,0,0,0,0,61,61,33,,,,,,,,,,,,,,,,,,,,,,,,,,,,,,,,,,,,,,,,,,,,,,,,,,,,,,,,,6,2,0,,,,,1,,,,,,,,,,,,,,,,,,,,,,,,,,,Sub043,001,2022_Sep_26_1409,2_3_MRI_Rating_Play_Eyetracking,2021.2.3,59.89103425247582,
8,2,2,80,3,1,,,,,0,0,0,0,0,62,62,71,0,0,0,0,,,,,,,,,,,,,,,,,,,,,,,,,,,,,,,,,,,,,,,,,,,,,725.029735099999,None,725.029735099999,None,725.029735099999,None,727.0406113999998,None,8,2,2,61.39361582047175,80,3,2,1,730.1290625000001,None,r,0.6488416000011057,730.1290625000001,None,Definitely Yes,2.3511583999988943,730.8933808999991,None,733.3420544,None,g,1.0651603000023897,733.3420544,None,1.5184323999999378,Bar,0.5184323999999378,733.3420544,None,734.5332755,None,,,,Sub043,001,2022_Sep_26_1409,2_3_MRI_Rating_Play_Eyetracking,2021.2.3,59.89103425247582,
8,2,2,80,3,1,,,,,0,0,0,0,0,62,62,71,,,,,,,,,,,,,,,,,,,,,,,,,,,,,,,,,,,,,,,,,,,,,,,,,,,,,,,,,8,2,2,,,,,1,,,,,,,,,,,,,,,,,,,,,,,,,,,Sub043,001,2022_Sep_26_1409,2_3_MRI_Rating_Play_Eyetracking,2021.2.3,59.89103425247582,
6,2,0,20,3,1,,,,,0,0,0,0,0,63,63,51,0,0,0,0,,,,,,,,,,,,,,,,,,,,,,,,,,,,,,,,,,,,,,,,,,,,,736.1677129999989,None,736.1677129999989,None,736.1677129999989,None,738.1828506999991,None,6,2,0,61.39361582047175,20,3,2,1,741.2865641999997,None,r,0.5409307000008994,741.2865641999997,None,Definitely Yes,2.4590692999991006,741.9556280999986,None,744.5221621000001,None,g,0.6002876000020478,744.5221621000001,None,1.93811960000005,Bar,0.93811960000005,744.5221621000001,None,745.2292796000002,None,,,,Sub043,001,2022_Sep_26_1409,2_3_MRI_Rating_Play_Eyetracking,2021.2.3,59.89103425247582,
6,2,0,20,3,1,,,,,0,0,0,0,0,63,63,51,,,,,,,,,,,,,,,,,,,,,,,,,,,,,,,,,,,,,,,,,,,,,,,,,,,,,,,,,6,2,0,,,,,1,,,,,,,,,,,,,,,,,,,,,,,,,,,Sub043,001,2022_Sep_26_1409,2_3_MRI_Rating_Play_Eyetracking,2021.2.3,59.89103425247582,
7,2,1,50,1,0,,,,,0,0,0,0,0,64,64,7,,,,,,,,,,,,,,,,,,,,,,,,,,,,,,,,,,,,,,,,,,,,,,,,,747.2557722999991,None,747.2557722999991,None,747.2557722999991,None,749.3013443,None,7,2,1,61.39361582047175,50,1,2,0,,,,,,,,,,,,,,,,,,,,,,,,,,,Sub043,001,2022_Sep_26_1409,2_3_MRI_Rating_Play_Eyetracking,2021.2.3,59.89103425247582,
5,1,2,80,3,1,,,,,0,0,0,0,0,65,65,50,0,0,0,0,,,,,,,,,,,,,,,,,,,,,,,,,,,,,,,,,,,,,,,,,,,,,750.4120557999995,None,750.4120557999995,None,750.4120557999995,None,752.4339716999984,None,5,1,2,32.311168750708646,80,3,2,1,755.5532962999987,None,g,0.4969154000027629,755.5532962999987,None,Yes,2.503084599997237,756.172032299999,None,758.7693358999986,None,b,0.47441320000143605,758.7693358999986,None,2.060730700000022,Definitely Card,1.060730700000022,758.7693358999986,None,759.3581187999989,None,,,,Sub043,001,2022_Sep_26_1409,2_3_MRI_Rating_Play_Eyetracking,2021.2.3,59.89103425247582,
5,1,2,80,3,1,,,,,0,0,0,0,0,65,65,50,,,,,,,,,,,,,,,,,,,,,,,,,,,,,,,,,,,,,,,,,,,,,,,,,,,,,,,,,5,1,2,,,,,1,,,,,,,,,,,,,,,,,,,,,,,,,,,Sub043,001,2022_Sep_26_1409,2_3_MRI_Rating_Play_Eyetracking,2021.2.3,59.89103425247582,
1,0,1,50,2,1,,,,,0,0,0,0,0,66,66,37,0,0,0,0,,,,,,,,,,,,,,,,,,,,,,,,,,,,,,,,,,,,,,,,,,,,,761.5349191999994,None,761.5349191999994,None,761.5349191999994,None,763.527348399999,None,1,0,1,12.134053438924386,50,2,2,1,765.6416754999991,None,g,0.5500737000020308,765.6416754999991,None,Yes,2.449926299997969,766.3114091999996,None,768.869483299999,None,y,0.6049789000007877,768.869483299999,None,1.9526130000000421,Card,0.9526130000000421,768.869483299999,None,769.5804118999986,None,,,,Sub043,001,2022_Sep_26_1409,2_3_MRI_Rating_Play_Eyetracking,2021.2.3,59.89103425247582,
1,0,1,50,2,1,,,,,0,0,0,0,0,66,66,37,,,,,,,,,,,,,,,,,,,,,,,,,,,,,,,,,,,,,,,,,,,,,,,,,,,,,,,,,1,0,1,,,,,1,,,,,,,,,,,,,,,,,,,,,,,,,,,Sub043,001,2022_Sep_26_1409,2_3_MRI_Rating_Play_Eyetracking,2021.2.3,59.89103425247582,
5,1,2,80,2,1,,,,,0,0,0,0,0,67,67,14,0,0,0,0,,,,,,,,,,,,,,,,,,,,,,,,,,,,,,,,,,,,,,,,,,,,,771.6134021999987,None,771.6134021999987,None,771.6134021999987,None,773.6490990999991,None,5,1,2,32.311168750708646,80,2,2,1,775.7565837000002,None,g,0.4176045000021986,775.7565837000002,None,Yes,2.5823954999978014,776.3065226999988,None,779.0059845999986,None,b,0.4525500000017928,779.0059845999986,None,2.0715466000000333,Definitely Card,1.0715466000000333,779.0059845999986,None,779.5788228999991,None,,,,Sub043,001,2022_Sep_26_1409,2_3_MRI_Rating_Play_Eyetracking,2021.2.3,59.89103425247582,
5,1,2,80,2,1,,,,,0,0,0,0,0,67,67,14,,,,,,,,,,,,,,,,,,,,,,,,,,,,,,,,,,,,,,,,,,,,,,,,,,,,,,,,,5,1,2,,,,,1,,,,,,,,,,,,,,,,,,,,,,,,,,,Sub043,001,2022_Sep_26_1409,2_3_MRI_Rating_Play_Eyetracking,2021.2.3,59.89103425247582,
2,0,2,80,1,0,,,,,0,0,0,0,0,68,68,2,,,,,,,,,,,,,,,,,,,,,,,,,,,,,,,,,,,,,,,,,,,,,,,,,781.7464260999986,None,781.7464260999986,None,781.7464260999986,None,783.7651213999998,None,2,0,2,12.134053438924386,80,1,2,0,,,,,,,,,,,,,,,,,,,,,,,,,,,Sub043,001,2022_Sep_26_1409,2_3_MRI_Rating_Play_Eyetracking,2021.2.3,59.89103425247582,
4,1,1,50,1,1,,,,,0,0,0,0,0,69,69,58,0,0,0,0,,,,,,,,,,,,,,,,,,,,,,,,,,,,,,,,,,,,,,,,,,,,,784.8713950999991,None,784.8713950999991,None,784.8713950999991,None,786.8773130999998,None,4,1,1,32.311168750708646,50,1,2,1,787.9928792999999,None,g,0.6685653000022285,787.9928792999999,None,Yes,2.3314346999977715,788.7892570999993,None,791.2329996999997,None,g,0.8925221000026795,791.2329996999997,None,1.6298817000000554,Bar,0.6298817000000554,791.2329996999997,None,792.252323499999,None,,,,Sub043,001,2022_Sep_26_1409,2_3_MRI_Rating_Play_Eyetracking,2021.2.3,59.89103425247582,
4,1,1,50,1,1,,,,,0,0,0,0,0,69,69,58,,,,,,,,,,,,,,,,,,,,,,,,,,,,,,,,,,,,,,,,,,,,,,,,,,,,,,,,,4,1,1,,,,,1,,,,,,,,,,,,,,,,,,,,,,,,,,,Sub043,001,2022_Sep_26_1409,2_3_MRI_Rating_Play_Eyetracking,2021.2.3,59.89103425247582,
1,0,1,50,2,1,,,,,0,0,0,0,0,70,70,10,0,0,0,0,,,,,,,,,,,,,,,,,,,,,,,,,,,,,,,,,,,,,,,,,,,,,793.9885126999998,None,793.9885126999998,None,793.9885126999998,None,795.9931815999989,None,1,0,1,12.134053438924386,50,2,2,1,798.0992283999985,None,g,0.7073611000014353,798.0992283999985,None,Yes,2.2926388999985647,798.9261793999995,None,801.2937047999985,None,y,0.7114386000030208,801.2937047999985,None,1.869781699999976,Card,0.8697816999999759,801.2937047999985,None,802.1362672999985,None,,,,Sub043,001,2022_Sep_26_1409,2_3_MRI_Rating_Play_Eyetracking,2021.2.3,59.89103425247582,
1,0,1,50,2,1,,,,,0,0,0,0,0,70,70,10,,,,,,,,,,,,,,,,,,,,,,,,,,,,,,,,,,,,,,,,,,,,,,,,,,,,,,,,,1,0,1,,,,,1,,,,,,,,,,,,,,,,,,,,,,,,,,,Sub043,001,2022_Sep_26_1409,2_3_MRI_Rating_Play_Eyetracking,2021.2.3,59.89103425247582,
3,1,0,20,1,0,,,,,0,0,0,0,0,71,71,3,,,,,,,,,,,,,,,,,,,,,,,,,,,,,,,,,,,,,,,,,,,,,,,,,804.1229275999995,None,804.1229275999995,None,804.1229275999995,None,806.1362903999998,None,3,1,0,32.311168750708646,20,1,2,0,,,,,,,,,,,,,,,,,,,,,,,,,,,Sub043,001,2022_Sep_26_1409,2_3_MRI_Rating_Play_Eyetracking,2021.2.3,59.89103425247582,
,,,,,,,,,,0,0,0,0,,,,,,,,,,,,,,,,,,,,,,,,,,,,,,,,,,,,,,,,,,,,,,,,,,,,,,,,,,,,,,,,,,,,,,,,,,,,,,,,,,,,,,,,,,,,,,,Sub043,001,2022_Sep_26_1409,2_3_MRI_Rating_Play_Eyetracking,2021.2.3,59.89103425247582,
,,,,,,,,,,,,,,,,,,,,,,,,,,,,,,,,,,,,,,,,,,,,,,,,,,,,,,,,,,,,,,,,,,,,,,,,,,,,,,,,,,,,,,,,,,,,,,,,,,,,,,,,,807.2328768999996,None,None,Sub043,001,2022_Sep_26_1409,2_3_MRI_Rating_Play_Eyetracking,2021.2.3,59.89103425247582,
