﻿current_pair,current_pair_SE,current_pair_RE,current_card_prob,ITI_Play,Play_block_Q,start_MRI.thisRepN,start_MRI.thisTrialN,start_MRI.thisN,start_MRI.thisIndex,L_subjects.thisRepN,L_subjects.thisTrialN,L_subjects.thisN,L_subjects.thisIndex,fMRI_trials_Play_L.thisRepN,fMRI_trials_Play_L.thisTrialN,fMRI_trials_Play_L.thisN,fMRI_trials_Play_L.thisIndex,Q_Play_L.thisRepN,Q_Play_L.thisTrialN,Q_Play_L.thisN,Q_Play_L.thisIndex,R_subjects.thisRepN,R_subjects.thisTrialN,R_subjects.thisN,R_subjects.thisIndex,fMRI_center.started,fMRI_center.stopped,fMR_Instr1_text.started,fMR_Instr1_text.stopped,text_SE_7.started,text_SE_7.stopped,fMRI_center_2.started,fMRI_center_2.stopped,fMR_Instr2_text_2.started,fMR_Instr2_text_2.stopped,text_SE_8.started,text_SE_8.stopped,Slider_rating_Play_instr_L.response,Slider_rating_Play_instr_L.rt,Slider_rating_Play_instr_L.started,Slider_rating_Play_instr_L.stopped,fMRI_center_instrTimePlay_L.started,fMRI_center_instrTimePlay_L.stopped,fMR_Instr2_text_6.started,fMR_Instr2_text_6.stopped,fMRI_instr3_Q_play.started,fMRI_instr3_Q_play.stopped,text_SE_3.started,text_SE_3.stopped,PairQuestionONSET_attri_R_2.started,PairQuestionONSET_attri_R_2.stopped,key_resp_rating_Attri_R_2.keys,key_resp_rating_Attri_R_2.rt,key_resp_rating_Attri_R_2.started,key_resp_rating_Attri_R_2.stopped,text_SE_18.started,text_SE_18.stopped,fMR_Instr2_text_9.started,fMR_Instr2_text_9.stopped,Ready_text.started,Ready_text.stopped,trigger_2.keys,trigger_2.rt,trigger_2.started,trigger_2.stopped,center_OnsetTime.started,center_OnsetTime.stopped,PairONSET_card_prob.started,PairONSET_card_prob.stopped,text_SE_9.started,text_SE_9.stopped,fixOnset_text_5.started,fixOnset_text_5.stopped,current_pair,current_pair_SE,current_pair_RE,target_pair,card_pair,ISI1_Play,type_Q,Play_block_Q,PairQuestionONSET_text_2.started,PairQuestionONSET_text_2.stopped,key_resp_rating_play_L.keys,key_resp_rating_play_L.rt,key_resp_rating_play_L.started,key_resp_rating_play_L.stopped,Rating_pair_Play,ISI2_Play,fixOnset_text.started,fixOnset_text.stopped,PairQuestionONSET_attri_2.started,PairQuestionONSET_attri_2.stopped,key_resp_rating_Attri_L2.keys,key_resp_rating_Attri_L2.rt,key_resp_rating_Attri_L2.started,key_resp_rating_Attri_L2.stopped,ITI_actual_Play,Attri_Ans,lagTime,text_SE_19.started,text_SE_19.stopped,fixOnset_text_ITI.started,fixOnset_text_ITI.stopped,Final_text_Q.started,Final_text_Q.stopped,key_resp_3.keys,participant,session,date,expName,psychopyVersion,frameRate,
,,,,,,0,0,0,0,,,,,,,,,,,,,,,,,12.221607900224626,None,12.221607900224626,None,12.221607900224626,None,,,,,,,,,,,,,,,,,,,,,,,,,,,,,,,,,,,,,,,,,,,,,,,,,,,,,,,,,,,,,,,,,,,,,,,,,,,,,Sub038,001,2022_Sep_22_1222,2_3_MRI_Rating_Play_Eyetracking,2021.2.3,60.356695921089,
4,1,1,50,3,1,,,,,0,0,0,0,0,0,0,49,0,0,0,0,,,,,,,,,,,20.141659200191498,None,20.141659200191498,None,20.141659200191498,None,None,None,97.75540410075337,None,97.75540410075337,None,97.75540410075337,None,97.75540410075337,None,97.75540410075337,None,102.09617380052805,None,g,1.8390005007386208,102.09617380052805,None,102.09617380052805,None,102.09617380052805,None,103.95657640043646,None,t,16.53327720053494,103.95657640043646,None,120.57603910006583,None,120.57603910006583,None,120.57603910006583,None,122.62347310036421,None,4,1,1,31.76705644274252,50,3,2,1,125.73047170042992,None,g,0.8499474003911018,125.73047170042992,None,Yes,2.150052599608898,126.70977810025215,None,128.98477680049837,None,r,0.9090132005512714,128.98477680049837,None,1.5982256999999862,Definitely Bar,0.5982256999999862,128.98477680049837,None,130.02327190060169,None,,,,Sub038,001,2022_Sep_22_1222,2_3_MRI_Rating_Play_Eyetracking,2021.2.3,60.356695921089,
4,1,1,50,3,1,,,,,0,0,0,0,0,0,0,49,,,,,,,,,,,,,,,,,,,,,,,,,,,,,,,,,,,,,,,,,,,,,,,,,,,,,,,,,4,1,1,,,,,1,,,,,,,,,,,,,,,,,,,,,,,,,,,Sub038,001,2022_Sep_22_1222,2_3_MRI_Rating_Play_Eyetracking,2021.2.3,60.356695921089,
8,2,2,80,1,1,,,,,0,0,0,0,0,1,1,62,0,0,0,0,,,,,,,,,,,,,,,,,,,,,,,,,,,,,,,,,,,,,,,,,,,,,131.72808490041643,None,131.72808490041643,None,131.72808490041643,None,133.74453270062804,None,8,2,2,60.35976210084331,80,1,2,1,134.85911050066352,None,r,0.6680741999298334,134.85911050066352,None,Definitely Yes,2.3319258000701666,135.6581140998751,None,138.09610769990832,None,g,0.6471704998984933,138.09610769990832,None,1.8793769999999768,Bar,0.8793769999999768,138.09610769990832,None,138.87005260027945,None,,,,Sub038,001,2022_Sep_22_1222,2_3_MRI_Rating_Play_Eyetracking,2021.2.3,60.356695921089,
8,2,2,80,1,1,,,,,0,0,0,0,0,1,1,62,,,,,,,,,,,,,,,,,,,,,,,,,,,,,,,,,,,,,,,,,,,,,,,,,,,,,,,,,8,2,2,,,,,1,,,,,,,,,,,,,,,,,,,,,,,,,,,Sub038,001,2022_Sep_22_1222,2_3_MRI_Rating_Play_Eyetracking,2021.2.3,60.356695921089,
2,0,2,80,3,0,,,,,0,0,0,0,0,2,2,20,,,,,,,,,,,,,,,,,,,,,,,,,,,,,,,,,,,,,,,,,,,,,,,,,140.8588300999254,None,140.8588300999254,None,140.8588300999254,None,142.86423330008984,None,2,0,2,11.929718898364241,80,3,2,0,,,,,,,,,,,,,,,,,,,,,,,,,,,Sub038,001,2022_Sep_22_1222,2_3_MRI_Rating_Play_Eyetracking,2021.2.3,60.356695921089,
2,0,2,80,2,1,,,,,0,0,0,0,0,3,3,65,0,0,0,0,,,,,,,,,,,,,,,,,,,,,,,,,,,,,,,,,,,,,,,,,,,,,145.94667490012944,None,145.94667490012944,None,145.94667490012944,None,147.99024610035121,None,2,0,2,11.929718898364241,80,2,2,1,150.09363980032504,None,g,0.46826000045984983,150.09363980032504,None,Yes,2.53173999954015,150.69140090048313,None,153.30638410057873,None,y,0.5345353009179235,153.30638410057873,None,2.0256134999999915,Card,1.0256134999999915,153.30638410057873,None,153.9375200001523,None,,,,Sub038,001,2022_Sep_22_1222,2_3_MRI_Rating_Play_Eyetracking,2021.2.3,60.356695921089,
2,0,2,80,2,1,,,,,0,0,0,0,0,3,3,65,,,,,,,,,,,,,,,,,,,,,,,,,,,,,,,,,,,,,,,,,,,,,,,,,,,,,,,,,2,0,2,,,,,1,,,,,,,,,,,,,,,,,,,,,,,,,,,Sub038,001,2022_Sep_22_1222,2_3_MRI_Rating_Play_Eyetracking,2021.2.3,60.356695921089,
1,0,1,50,1,0,,,,,0,0,0,0,0,4,4,1,,,,,,,,,,,,,,,,,,,,,,,,,,,,,,,,,,,,,,,,,,,,,,,,,156.0764832003042,None,156.0764832003042,None,156.0764832003042,None,158.09358630049974,None,1,0,1,11.929718898364241,50,1,2,0,,,,,,,,,,,,,,,,,,,,,,,,,,,Sub038,001,2022_Sep_22_1222,2_3_MRI_Rating_Play_Eyetracking,2021.2.3,60.356695921089,
8,2,2,80,3,0,,,,,0,0,0,0,0,5,5,26,,,,,,,,,,,,,,,,,,,,,,,,,,,,,,,,,,,,,,,,,,,,,,,,,159.2081285007298,None,159.2081285007298,None,159.2081285007298,None,161.22642430011183,None,8,2,2,60.35976210084331,80,3,2,0,,,,,,,,,,,,,,,,,,,,,,,,,,,Sub038,001,2022_Sep_22_1222,2_3_MRI_Rating_Play_Eyetracking,2021.2.3,60.356695921089,
8,2,2,80,1,1,,,,,0,0,0,0,0,6,6,35,0,0,0,0,,,,,,,,,,,,,,,,,,,,,,,,,,,,,,,,,,,,,,,,,,,,,164.3280330998823,None,164.3280330998823,None,164.3280330998823,None,166.3390021007508,None,8,2,2,60.35976210084331,80,1,2,1,167.44407290033996,None,r,0.5531701995059848,167.44407290033996,None,Definitely Yes,2.446829800494015,168.12069960031658,None,170.67109470069408,None,g,0.544548699632287,170.67109470069408,None,1.993121699999989,Bar,0.993121699999989,170.67109470069408,None,171.3467704001814,None,,,,Sub038,001,2022_Sep_22_1222,2_3_MRI_Rating_Play_Eyetracking,2021.2.3,60.356695921089,
8,2,2,80,1,1,,,,,0,0,0,0,0,6,6,35,,,,,,,,,,,,,,,,,,,,,,,,,,,,,,,,,,,,,,,,,,,,,,,,,,,,,,,,,8,2,2,,,,,1,,,,,,,,,,,,,,,,,,,,,,,,,,,Sub038,001,2022_Sep_22_1222,2_3_MRI_Rating_Play_Eyetracking,2021.2.3,60.356695921089,
1,0,1,50,1,1,,,,,0,0,0,0,0,7,7,28,0,0,0,0,,,,,,,,,,,,,,,,,,,,,,,,,,,,,,,,,,,,,,,,,,,,,173.44443930033594,None,173.44443930033594,None,173.44443930033594,None,175.4611856006086,None,1,0,1,11.929718898364241,50,1,2,1,176.58110740035772,None,g,0.9247310003265738,176.58110740035772,None,Yes,2.075268999673426,177.61995139997452,None,179.8151572002098,None,y,1.3388397004455328,179.8151572002098,None,1.1871110000000158,Card,0.1871110000000158,179.8151572002098,None,181.28078000061214,None,,,,Sub038,001,2022_Sep_22_1222,2_3_MRI_Rating_Play_Eyetracking,2021.2.3,60.356695921089,
1,0,1,50,1,1,,,,,0,0,0,0,0,7,7,28,,,,,,,,,,,,,,,,,,,,,,,,,,,,,,,,,,,,,,,,,,,,,,,,,,,,,,,,,1,0,1,,,,,1,,,,,,,,,,,,,,,,,,,,,,,,,,,Sub038,001,2022_Sep_22_1222,2_3_MRI_Rating_Play_Eyetracking,2021.2.3,60.356695921089,
6,2,0,20,2,1,,,,,0,0,0,0,0,8,8,15,0,0,0,0,,,,,,,,,,,,,,,,,,,,,,,,,,,,,,,,,,,,,,,,,,,,,182.559017800726,None,182.559017800726,None,182.559017800726,None,184.59235540032387,None,6,2,0,60.35976210084331,20,2,2,1,186.6722034001723,None,g,0.542102100327611,186.6722034001723,None,Yes,2.457897899672389,187.34351950045675,None,189.9145492007956,None,r,0.5064899995923042,189.9145492007956,None,2.0571932000000004,Definitely Bar,1.0571932000000004,189.9145492007956,None,190.54666789993644,None,,,,Sub038,001,2022_Sep_22_1222,2_3_MRI_Rating_Play_Eyetracking,2021.2.3,60.356695921089,
6,2,0,20,2,1,,,,,0,0,0,0,0,8,8,15,,,,,,,,,,,,,,,,,,,,,,,,,,,,,,,,,,,,,,,,,,,,,,,,,,,,,,,,,6,2,0,,,,,1,,,,,,,,,,,,,,,,,,,,,,,,,,,Sub038,001,2022_Sep_22_1222,2_3_MRI_Rating_Play_Eyetracking,2021.2.3,60.356695921089,
6,2,0,20,2,1,,,,,0,0,0,0,0,9,9,60,0,0,0,0,,,,,,,,,,,,,,,,,,,,,,,,,,,,,,,,,,,,,,,,,,,,,192.7120168004185,None,192.7120168004185,None,192.7120168004185,None,194.7240866003558,None,6,2,0,60.35976210084331,20,2,2,1,196.8323738006875,None,r,0.6095679001882672,196.8323738006875,None,Definitely Yes,2.3904320998117328,197.53394820075482,None,200.02973200008273,None,g,0.6024003997445107,200.02973200008273,None,1.9721197000000075,Bar,0.9721197000000075,200.02973200008273,None,200.75570069998503,None,,,,Sub038,001,2022_Sep_22_1222,2_3_MRI_Rating_Play_Eyetracking,2021.2.3,60.356695921089,
6,2,0,20,2,1,,,,,0,0,0,0,0,9,9,60,,,,,,,,,,,,,,,,,,,,,,,,,,,,,,,,,,,,,,,,,,,,,,,,,,,,,,,,,6,2,0,,,,,1,,,,,,,,,,,,,,,,,,,,,,,,,,,Sub038,001,2022_Sep_22_1222,2_3_MRI_Rating_Play_Eyetracking,2021.2.3,60.356695921089,
2,0,2,80,1,1,,,,,0,0,0,0,0,10,10,56,0,0,0,0,,,,,,,,,,,,,,,,,,,,,,,,,,,,,,,,,,,,,,,,,,,,,202.82876820024103,None,202.82876820024103,None,202.82876820024103,None,204.82135860063136,None,2,0,2,11.929718898364241,80,1,2,1,205.9295629002154,None,g,1.2113391002640128,205.9295629002154,None,Yes,1.7886608997359872,207.2408394999802,None,209.12101360037923,None,b,0.46417670045048,209.12101360037923,None,2.1385917000000063,Definitely Card,1.1385917000000063,209.12101360037923,None,209.712367400527,None,,,,Sub038,001,2022_Sep_22_1222,2_3_MRI_Rating_Play_Eyetracking,2021.2.3,60.356695921089,
2,0,2,80,1,1,,,,,0,0,0,0,0,10,10,56,,,,,,,,,,,,,,,,,,,,,,,,,,,,,,,,,,,,,,,,,,,,,,,,,,,,,,,,,2,0,2,,,,,1,,,,,,,,,,,,,,,,,,,,,,,,,,,Sub038,001,2022_Sep_22_1222,2_3_MRI_Rating_Play_Eyetracking,2021.2.3,60.356695921089,
2,0,2,80,2,1,,,,,0,0,0,0,0,11,11,38,0,0,0,0,,,,,,,,,,,,,,,,,,,,,,,,,,,,,,,,,,,,,,,,,,,,,211.94102240074426,None,211.94102240074426,None,211.94102240074426,None,213.94674770068377,None,2,0,2,11.929718898364241,80,2,2,1,216.0643273005262,None,g,0.47383860033005476,216.0643273005262,None,Yes,2.5261613996699452,216.6592319002375,None,219.30450840014964,None,b,0.41247810050845146,219.30450840014964,None,2.1387617000000034,Definitely Card,1.1387617000000034,219.30450840014964,None,219.84722239989787,None,,,,Sub038,001,2022_Sep_22_1222,2_3_MRI_Rating_Play_Eyetracking,2021.2.3,60.356695921089,
2,0,2,80,2,1,,,,,0,0,0,0,0,11,11,38,,,,,,,,,,,,,,,,,,,,,,,,,,,,,,,,,,,,,,,,,,,,,,,,,,,,,,,,,2,0,2,,,,,1,,,,,,,,,,,,,,,,,,,,,,,,,,,Sub038,001,2022_Sep_22_1222,2_3_MRI_Rating_Play_Eyetracking,2021.2.3,60.356695921089,
7,2,1,50,2,1,,,,,0,0,0,0,0,12,12,16,0,0,0,0,,,,,,,,,,,,,,,,,,,,,,,,,,,,,,,,,,,,,,,,,,,,,222.09470830019563,None,222.09470830019563,None,222.09470830019563,None,224.10853559989482,None,7,2,1,60.35976210084331,50,2,2,1,226.1943856999278,None,g,0.4697301993146539,226.1943856999278,None,Yes,2.530269800685346,226.79656150005758,None,229.4350596005097,None,g,0.3940529003739357,229.4350596005097,None,2.1547941999999978,Bar,1.1547941999999978,229.4350596005097,None,229.93359770067036,None,,,,Sub038,001,2022_Sep_22_1222,2_3_MRI_Rating_Play_Eyetracking,2021.2.3,60.356695921089,
7,2,1,50,2,1,,,,,0,0,0,0,0,12,12,16,,,,,,,,,,,,,,,,,,,,,,,,,,,,,,,,,,,,,,,,,,,,,,,,,,,,,,,,,7,2,1,,,,,1,,,,,,,,,,,,,,,,,,,,,,,,,,,Sub038,001,2022_Sep_22_1222,2_3_MRI_Rating_Play_Eyetracking,2021.2.3,60.356695921089,
8,2,2,80,1,0,,,,,0,0,0,0,0,13,13,8,,,,,,,,,,,,,,,,,,,,,,,,,,,,,,,,,,,,,,,,,,,,,,,,,232.17277760058641,None,232.17277760058641,None,232.17277760058641,None,234.20005680061877,None,8,2,2,60.35976210084331,80,1,2,0,,,,,,,,,,,,,,,,,,,,,,,,,,,Sub038,001,2022_Sep_22_1222,2_3_MRI_Rating_Play_Eyetracking,2021.2.3,60.356695921089,
0,0,0,20,2,1,,,,,0,0,0,0,0,14,14,9,0,0,0,0,,,,,,,,,,,,,,,,,,,,,,,,,,,,,,,,,,,,,,,,,,,,,235.30819450039417,None,235.30819450039417,None,235.30819450039417,None,237.32878459990025,None,0,0,0,11.929718898364241,20,2,2,1,239.41292850021273,None,b,0.5748934000730515,239.41292850021273,None,Definitely No,2.4251065999269485,240.11328760068864,None,242.6488369004801,None,g,0.9225885001942515,242.6488369004801,None,1.6279552999999964,Bar,0.6279552999999964,242.6488369004801,None,243.6756070004776,None,,,,Sub038,001,2022_Sep_22_1222,2_3_MRI_Rating_Play_Eyetracking,2021.2.3,60.356695921089,
0,0,0,20,2,1,,,,,0,0,0,0,0,14,14,9,,,,,,,,,,,,,,,,,,,,,,,,,,,,,,,,,,,,,,,,,,,,,,,,,,,,,,,,,0,0,0,,,,,1,,,,,,,,,,,,,,,,,,,,,,,,,,,Sub038,001,2022_Sep_22_1222,2_3_MRI_Rating_Play_Eyetracking,2021.2.3,60.356695921089,
0,0,0,20,3,1,,,,,0,0,0,0,0,15,15,63,0,0,0,0,,,,,,,,,,,,,,,,,,,,,,,,,,,,,,,,,,,,,,,,,,,,,245.39326560031623,None,245.39326560031623,None,245.39326560031623,None,247.40531970001757,None,0,0,0,11.929718898364241,20,3,2,1,250.51604800019413,None,b,0.5865026004612446,250.51604800019413,None,Definitely No,2.4134973995387554,251.23408780060709,None,253.7659400003031,None,y,0.6038615005090833,253.7659400003031,None,1.939421699999997,Card,0.9394216999999969,253.7659400003031,None,254.48931400012225,None,,,,Sub038,001,2022_Sep_22_1222,2_3_MRI_Rating_Play_Eyetracking,2021.2.3,60.356695921089,
0,0,0,20,3,1,,,,,0,0,0,0,0,15,15,63,,,,,,,,,,,,,,,,,,,,,,,,,,,,,,,,,,,,,,,,,,,,,,,,,,,,,,,,,0,0,0,,,,,1,,,,,,,,,,,,,,,,,,,,,,,,,,,Sub038,001,2022_Sep_22_1222,2_3_MRI_Rating_Play_Eyetracking,2021.2.3,60.356695921089,
6,2,0,20,3,0,,,,,0,0,0,0,0,16,16,24,,,,,,,,,,,,,,,,,,,,,,,,,,,,,,,,,,,,,,,,,,,,,,,,,256.53244360070676,None,256.53244360070676,None,256.53244360070676,None,258.53864270076156,None,6,2,0,60.35976210084331,20,3,2,0,,,,,,,,,,,,,,,,,,,,,,,,,,,Sub038,001,2022_Sep_22_1222,2_3_MRI_Rating_Play_Eyetracking,2021.2.3,60.356695921089,
3,1,0,20,3,0,,,,,0,0,0,0,0,17,17,21,,,,,,,,,,,,,,,,,,,,,,,,,,,,,,,,,,,,,,,,,,,,,,,,,261.6259590005502,None,261.6259590005502,None,261.6259590005502,None,263.6615043003112,None,3,1,0,31.76705644274252,20,3,2,0,,,,,,,,,,,,,,,,,,,,,,,,,,,Sub038,001,2022_Sep_22_1222,2_3_MRI_Rating_Play_Eyetracking,2021.2.3,60.356695921089,
1,0,1,50,3,1,,,,,0,0,0,0,0,18,18,64,0,0,0,0,,,,,,,,,,,,,,,,,,,,,,,,,,,,,,,,,,,,,,,,,,,,,266.7439860999584,None,266.7439860999584,None,266.7439860999584,None,268.770938500762,None,1,0,1,11.929718898364241,50,3,2,1,271.8802159000188,None,g,0.5169943999499083,271.8802159000188,None,Yes,2.4830056000500917,272.5353677999228,None,275.1393985003233,None,y,0.4831940997391939,275.1393985003233,None,2.0281655,Card,1.0281655,275.1393985003233,None,275.7474128007889,None,,,,Sub038,001,2022_Sep_22_1222,2_3_MRI_Rating_Play_Eyetracking,2021.2.3,60.356695921089,
1,0,1,50,3,1,,,,,0,0,0,0,0,18,18,64,,,,,,,,,,,,,,,,,,,,,,,,,,,,,,,,,,,,,,,,,,,,,,,,,,,,,,,,,1,0,1,,,,,1,,,,,,,,,,,,,,,,,,,,,,,,,,,Sub038,001,2022_Sep_22_1222,2_3_MRI_Rating_Play_Eyetracking,2021.2.3,60.356695921089,
2,0,2,80,1,1,,,,,0,0,0,0,0,19,19,29,0,0,0,0,,,,,,,,,,,,,,,,,,,,,,,,,,,,,,,,,,,,,,,,,,,,,277.8764070002362,None,277.8764070002362,None,277.8764070002362,None,279.89653730019927,None,2,0,2,11.929718898364241,80,1,2,1,280.998341800645,None,g,0.5578014999628067,280.998341800645,None,Yes,2.4421985000371933,281.65956970024854,None,284.21705070044845,None,y,0.5584857994690537,284.21705070044845,None,2.005066999999997,Card,1.0050669999999968,284.21705070044845,None,284.8929217001423,None,,,,Sub038,001,2022_Sep_22_1222,2_3_MRI_Rating_Play_Eyetracking,2021.2.3,60.356695921089,
2,0,2,80,1,1,,,,,0,0,0,0,0,19,19,29,,,,,,,,,,,,,,,,,,,,,,,,,,,,,,,,,,,,,,,,,,,,,,,,,,,,,,,,,2,0,2,,,,,1,,,,,,,,,,,,,,,,,,,,,,,,,,,Sub038,001,2022_Sep_22_1222,2_3_MRI_Rating_Play_Eyetracking,2021.2.3,60.356695921089,
6,2,0,20,2,1,,,,,0,0,0,0,0,20,20,42,0,0,0,0,,,,,,,,,,,,,,,,,,,,,,,,,,,,,,,,,,,,,,,,,,,,,286.98755050078034,None,286.98755050078034,None,286.98755050078034,None,289.02636100072414,None,6,2,0,60.35976210084331,20,2,2,1,291.13256580010056,None,g,0.8884715000167489,291.13256580010056,None,Yes,2.111528499983251,292.143672500737,None,294.36378070060164,None,r,0.6724514998495579,294.36378070060164,None,1.8720696999999973,Definitely Bar,0.8720696999999973,294.36378070060164,None,295.14197160024196,None,,,,Sub038,001,2022_Sep_22_1222,2_3_MRI_Rating_Play_Eyetracking,2021.2.3,60.356695921089,
6,2,0,20,2,1,,,,,0,0,0,0,0,20,20,42,,,,,,,,,,,,,,,,,,,,,,,,,,,,,,,,,,,,,,,,,,,,,,,,,,,,,,,,,6,2,0,,,,,1,,,,,,,,,,,,,,,,,,,,,,,,,,,Sub038,001,2022_Sep_22_1222,2_3_MRI_Rating_Play_Eyetracking,2021.2.3,60.356695921089,
0,0,0,20,3,1,,,,,0,0,0,0,0,21,21,45,0,0,0,0,,,,,,,,,,,,,,,,,,,,,,,,,,,,,,,,,,,,,,,,,,,,,297.1142056006938,None,297.1142056006938,None,297.1142056006938,None,299.12354100029916,None,0,0,0,11.929718898364241,20,3,2,1,302.2356047006324,None,b,0.43552529998123646,302.2356047006324,None,Definitely No,2.5644747000187635,302.76701960060745,None,305.4168552001938,None,y,0.5607821997255087,305.4168552001938,None,2.038695700000005,Card,1.0386957000000052,305.4168552001938,None,306.09317140001804,None,,,,Sub038,001,2022_Sep_22_1222,2_3_MRI_Rating_Play_Eyetracking,2021.2.3,60.356695921089,
0,0,0,20,3,1,,,,,0,0,0,0,0,21,21,45,,,,,,,,,,,,,,,,,,,,,,,,,,,,,,,,,,,,,,,,,,,,,,,,,,,,,,,,,0,0,0,,,,,1,,,,,,,,,,,,,,,,,,,,,,,,,,,Sub038,001,2022_Sep_22_1222,2_3_MRI_Rating_Play_Eyetracking,2021.2.3,60.356695921089,
7,2,1,50,1,1,,,,,0,0,0,0,0,22,22,61,0,0,0,0,,,,,,,,,,,,,,,,,,,,,,,,,,,,,,,,,,,,,,,,,,,,,308.2109374003485,None,308.2109374003485,None,308.2109374003485,None,310.2389192003757,None,7,2,1,60.35976210084331,50,1,2,1,311.32793590053916,None,g,0.5244188997894526,311.32793590053916,None,Yes,2.4755811002105474,311.9816965004429,None,314.55258910078555,None,g,1.1941458005458117,314.55258910078555,None,1.386903200000006,Bar,0.3869032000000061,314.55258910078555,None,315.83806640002877,None,,,,Sub038,001,2022_Sep_22_1222,2_3_MRI_Rating_Play_Eyetracking,2021.2.3,60.356695921089,
7,2,1,50,1,1,,,,,0,0,0,0,0,22,22,61,,,,,,,,,,,,,,,,,,,,,,,,,,,,,,,,,,,,,,,,,,,,,,,,,,,,,,,,,7,2,1,,,,,1,,,,,,,,,,,,,,,,,,,,,,,,,,,Sub038,001,2022_Sep_22_1222,2_3_MRI_Rating_Play_Eyetracking,2021.2.3,60.356695921089,
3,1,0,20,3,1,,,,,0,0,0,0,0,23,23,66,0,0,0,0,,,,,,,,,,,,,,,,,,,,,,,,,,,,,,,,,,,,,,,,,,,,,317.3122864998877,None,317.3122864998877,None,317.3122864998877,None,319.34727700054646,None,3,1,0,31.76705644274252,20,3,2,1,322.44028110057116,None,None,,322.44028110057116,None,,1,324.46756129991263,None,325.5821855003014,None,y,1.1539558004587889,325.5821855003014,None,1.4908925999999951,Card,0.4908925999999951,325.5821855003014,None,326.8644595006481,None,,,,Sub038,001,2022_Sep_22_1222,2_3_MRI_Rating_Play_Eyetracking,2021.2.3,60.356695921089,
3,1,0,20,3,1,,,,,0,0,0,0,0,23,23,66,,,,,,,,,,,,,,,,,,,,,,,,,,,,,,,,,,,,,,,,,,,,,,,,,,,,,,,,,3,1,0,,,,,1,,,,,,,,,,,,,,,,,,,,,,,,,,,Sub038,001,2022_Sep_22_1222,2_3_MRI_Rating_Play_Eyetracking,2021.2.3,60.356695921089,
8,2,2,80,3,1,,,,,0,0,0,0,0,24,24,53,0,0,0,0,,,,,,,,,,,,,,,,,,,,,,,,,,,,,,,,,,,,,,,,,,,,,328.4716199999675,None,328.4716199999675,None,328.4716199999675,None,330.4806567002088,None,8,2,2,60.35976210084331,80,3,2,1,333.5635338006541,None,r,0.5313585996627808,333.5635338006541,None,Definitely Yes,2.4686414003372192,334.2142516002059,None,336.79105550050735,None,r,0.8711155001074076,336.79105550050735,None,1.7065294000000222,Definitely Bar,0.7065294000000222,336.79105550050735,None,337.7824504999444,None,,,,Sub038,001,2022_Sep_22_1222,2_3_MRI_Rating_Play_Eyetracking,2021.2.3,60.356695921089,
8,2,2,80,3,1,,,,,0,0,0,0,0,24,24,53,,,,,,,,,,,,,,,,,,,,,,,,,,,,,,,,,,,,,,,,,,,,,,,,,,,,,,,,,8,2,2,,,,,1,,,,,,,,,,,,,,,,,,,,,,,,,,,Sub038,001,2022_Sep_22_1222,2_3_MRI_Rating_Play_Eyetracking,2021.2.3,60.356695921089,
7,2,1,50,2,1,,,,,0,0,0,0,0,25,25,43,0,0,0,0,,,,,,,,,,,,,,,,,,,,,,,,,,,,,,,,,,,,,,,,,,,,,339.60026480071247,None,339.60026480071247,None,339.60026480071247,None,341.614909700118,None,7,2,1,60.35976210084331,50,2,2,1,343.7179923001677,None,g,0.6062277005985379,343.7179923001677,None,Yes,2.393772299401462,344.4262174004689,None,346.9326702002436,None,r,0.6191767994314432,346.9326702002436,None,1.941462700000045,Definitely Bar,0.9414627000000451,346.9326702002436,None,347.6621999004856,None,,,,Sub038,001,2022_Sep_22_1222,2_3_MRI_Rating_Play_Eyetracking,2021.2.3,60.356695921089,
7,2,1,50,2,1,,,,,0,0,0,0,0,25,25,43,,,,,,,,,,,,,,,,,,,,,,,,,,,,,,,,,,,,,,,,,,,,,,,,,,,,,,,,,7,2,1,,,,,1,,,,,,,,,,,,,,,,,,,,,,,,,,,Sub038,001,2022_Sep_22_1222,2_3_MRI_Rating_Play_Eyetracking,2021.2.3,60.356695921089,
5,1,2,80,1,0,,,,,0,0,0,0,0,26,26,5,,,,,,,,,,,,,,,,,,,,,,,,,,,,,,,,,,,,,,,,,,,,,,,,,349.71010780055076,None,349.71010780055076,None,349.71010780055076,None,351.7330612000078,None,5,1,2,31.76705644274252,80,1,2,0,,,,,,,,,,,,,,,,,,,,,,,,,,,Sub038,001,2022_Sep_22_1222,2_3_MRI_Rating_Play_Eyetracking,2021.2.3,60.356695921089,
3,1,0,20,3,1,,,,,0,0,0,0,0,27,27,48,0,0,0,0,,,,,,,,,,,,,,,,,,,,,,,,,,,,,,,,,,,,,,,,,,,,,352.83609150070697,None,352.83609150070697,None,352.83609150070697,None,354.8514948002994,None,3,1,0,31.76705644274252,20,3,2,1,357.9659871002659,None,y,0.9522084007039666,357.9659871002659,None,No,2.0477915992960334,359.05064730066806,None,361.20756630040705,None,b,0.6493427995592356,361.20756630040705,None,1.8606519999999591,Definitely Card,0.8606519999999591,361.20756630040705,None,361.96220710035414,None,,,,Sub038,001,2022_Sep_22_1222,2_3_MRI_Rating_Play_Eyetracking,2021.2.3,60.356695921089,
3,1,0,20,3,1,,,,,0,0,0,0,0,27,27,48,,,,,,,,,,,,,,,,,,,,,,,,,,,,,,,,,,,,,,,,,,,,,,,,,,,,,,,,,3,1,0,,,,,1,,,,,,,,,,,,,,,,,,,,,,,,,,,Sub038,001,2022_Sep_22_1222,2_3_MRI_Rating_Play_Eyetracking,2021.2.3,60.356695921089,
4,1,1,50,2,1,,,,,0,0,0,0,0,28,28,13,0,0,0,0,,,,,,,,,,,,,,,,,,,,,,,,,,,,,,,,,,,,,,,,,,,,,363.93186940066516,None,363.93186940066516,None,363.93186940066516,None,365.9487761007622,None,4,1,1,31.76705644274252,50,2,2,1,368.0524555006996,None,g,0.6594353001564741,368.0524555006996,None,Yes,2.340564699843526,368.8385107005015,None,371.28498460073024,None,y,1.0192996999248862,371.28498460073024,None,1.5206638999999882,Card,0.5206638999999882,371.28498460073024,None,372.4279148001224,None,,,,Sub038,001,2022_Sep_22_1222,2_3_MRI_Rating_Play_Eyetracking,2021.2.3,60.356695921089,
4,1,1,50,2,1,,,,,0,0,0,0,0,28,28,13,,,,,,,,,,,,,,,,,,,,,,,,,,,,,,,,,,,,,,,,,,,,,,,,,,,,,,,,,4,1,1,,,,,1,,,,,,,,,,,,,,,,,,,,,,,,,,,Sub038,001,2022_Sep_22_1222,2_3_MRI_Rating_Play_Eyetracking,2021.2.3,60.356695921089,
7,2,1,50,1,1,,,,,0,0,0,0,0,29,29,34,0,0,0,0,,,,,,,,,,,,,,,,,,,,,,,,,,,,,,,,,,,,,,,,,,,,,374.05190839990973,None,374.05190839990973,None,374.05190839990973,None,376.0695842001587,None,7,2,1,60.35976210084331,50,1,2,1,377.1831968007609,None,r,0.6503560999408364,377.1831968007609,None,Definitely Yes,2.3496439000591636,377.94284099992365,None,380.4047330999747,None,g,0.4845543000847101,380.4047330999747,None,2.0551063999999997,Bar,1.0551063999999997,380.4047330999747,None,381.0204834006727,None,,,,Sub038,001,2022_Sep_22_1222,2_3_MRI_Rating_Play_Eyetracking,2021.2.3,60.356695921089,
7,2,1,50,1,1,,,,,0,0,0,0,0,29,29,34,,,,,,,,,,,,,,,,,,,,,,,,,,,,,,,,,,,,,,,,,,,,,,,,,,,,,,,,,7,2,1,,,,,1,,,,,,,,,,,,,,,,,,,,,,,,,,,Sub038,001,2022_Sep_22_1222,2_3_MRI_Rating_Play_Eyetracking,2021.2.3,60.356695921089,
0,0,0,20,3,0,,,,,0,0,0,0,0,30,30,18,,,,,,,,,,,,,,,,,,,,,,,,,,,,,,,,,,,,,,,,,,,,,,,,,383.1801859000698,None,383.1801859000698,None,383.1801859000698,None,385.1985418004915,None,0,0,0,11.929718898364241,20,3,2,0,,,,,,,,,,,,,,,,,,,,,,,,,,,Sub038,001,2022_Sep_22_1222,2_3_MRI_Rating_Play_Eyetracking,2021.2.3,60.356695921089,
3,1,0,20,2,1,,,,,0,0,0,0,0,31,31,12,0,0,0,0,,,,,,,,,,,,,,,,,,,,,,,,,,,,,,,,,,,,,,,,,,,,,388.30124370008707,None,388.30124370008707,None,388.30124370008707,None,390.3153816005215,None,3,1,0,31.76705644274252,20,2,2,1,392.417636600323,None,b,0.5877221999689937,392.417636600323,None,Definitely No,2.4122778000310063,393.1358095007017,None,395.6569391004741,None,b,0.5760395005345345,395.6569391004741,None,1.9597132000000101,Definitely Card,0.9597132000000101,395.6569391004741,None,396.3511872002855,None,,,,Sub038,001,2022_Sep_22_1222,2_3_MRI_Rating_Play_Eyetracking,2021.2.3,60.356695921089,
3,1,0,20,2,1,,,,,0,0,0,0,0,31,31,12,,,,,,,,,,,,,,,,,,,,,,,,,,,,,,,,,,,,,,,,,,,,,,,,,,,,,,,,,3,1,0,,,,,1,,,,,,,,,,,,,,,,,,,,,,,,,,,Sub038,001,2022_Sep_22_1222,2_3_MRI_Rating_Play_Eyetracking,2021.2.3,60.356695921089,
3,1,0,20,2,1,,,,,0,0,0,0,0,32,32,39,0,0,0,0,,,,,,,,,,,,,,,,,,,,,,,,,,,,,,,,,,,,,,,,,,,,,398.4203398004174,None,398.4203398004174,None,398.4203398004174,None,400.43500170018524,None,3,1,0,31.76705644274252,20,2,2,1,402.5385410003364,None,g,0.973080599680543,402.5385410003364,None,Yes,2.026919400319457,403.60717840027064,None,405.71766380034387,None,g,1.519192200154066,405.71766380034387,None,1.0739533999999935,Bar,0.07395339999999351,405.71766380034387,None,407.3720907000825,None,,,,Sub038,001,2022_Sep_22_1222,2_3_MRI_Rating_Play_Eyetracking,2021.2.3,60.356695921089,
3,1,0,20,2,1,,,,,0,0,0,0,0,32,32,39,,,,,,,,,,,,,,,,,,,,,,,,,,,,,,,,,,,,,,,,,,,,,,,,,,,,,,,,,3,1,0,,,,,1,,,,,,,,,,,,,,,,,,,,,,,,,,,Sub038,001,2022_Sep_22_1222,2_3_MRI_Rating_Play_Eyetracking,2021.2.3,60.356695921089,
5,1,2,80,3,0,,,,,0,0,0,0,0,33,33,23,,,,,,,,,,,,,,,,,,,,,,,,,,,,,,,,,,,,,,,,,,,,,,,,,408.5550455003977,None,408.5550455003977,None,408.5550455003977,None,410.5650313999504,None,5,1,2,31.76705644274252,80,3,2,0,,,,,,,,,,,,,,,,,,,,,,,,,,,Sub038,001,2022_Sep_22_1222,2_3_MRI_Rating_Play_Eyetracking,2021.2.3,60.356695921089,
5,1,2,80,2,1,,,,,0,0,0,0,0,34,34,41,0,0,0,0,,,,,,,,,,,,,,,,,,,,,,,,,,,,,,,,,,,,,,,,,,,,,413.6722844000906,None,413.6722844000906,None,413.6722844000906,None,415.6819581007585,None,5,1,2,31.76705644274252,80,2,2,1,417.7872206000611,None,r,0.6200898997485638,417.7872206000611,None,Definitely Yes,2.3799101002514362,418.53647350054234,None,421.0295839998871,None,y,0.5856415005400777,421.0295839998871,None,1.9435424999999782,Card,0.9435424999999782,421.0295839998871,None,421.737316400744,None,,,,Sub038,001,2022_Sep_22_1222,2_3_MRI_Rating_Play_Eyetracking,2021.2.3,60.356695921089,
5,1,2,80,2,1,,,,,0,0,0,0,0,34,34,41,,,,,,,,,,,,,,,,,,,,,,,,,,,,,,,,,,,,,,,,,,,,,,,,,,,,,,,,,5,1,2,,,,,1,,,,,,,,,,,,,,,,,,,,,,,,,,,Sub038,001,2022_Sep_22_1222,2_3_MRI_Rating_Play_Eyetracking,2021.2.3,60.356695921089,
6,2,0,20,1,1,,,,,0,0,0,0,0,35,35,33,0,0,0,0,,,,,,,,,,,,,,,,,,,,,,,,,,,,,,,,,,,,,,,,,,,,,423.7923937998712,None,423.7923937998712,None,423.7923937998712,None,425.79983079992235,None,6,2,0,60.35976210084331,20,1,2,1,426.90292020048946,None,g,0.6246031001210213,426.90292020048946,None,Yes,2.3753968998789787,427.6545493006706,None,430.1393509004265,None,r,0.5834633000195026,430.1393509004265,None,1.954714499999966,Definitely Bar,0.9547144999999659,430.1393509004265,None,430.83327660057694,None,,,,Sub038,001,2022_Sep_22_1222,2_3_MRI_Rating_Play_Eyetracking,2021.2.3,60.356695921089,
6,2,0,20,1,1,,,,,0,0,0,0,0,35,35,33,,,,,,,,,,,,,,,,,,,,,,,,,,,,,,,,,,,,,,,,,,,,,,,,,,,,,,,,,6,2,0,,,,,1,,,,,,,,,,,,,,,,,,,,,,,,,,,Sub038,001,2022_Sep_22_1222,2_3_MRI_Rating_Play_Eyetracking,2021.2.3,60.356695921089,
2,0,2,80,1,0,,,,,0,0,0,0,0,36,36,2,,,,,,,,,,,,,,,,,,,,,,,,,,,,,,,,,,,,,,,,,,,,,,,,,432.90570780076087,None,432.90570780076087,None,432.90570780076087,None,434.9138102000579,None,2,0,2,11.929718898364241,80,1,2,0,,,,,,,,,,,,,,,,,,,,,,,,,,,Sub038,001,2022_Sep_22_1222,2_3_MRI_Rating_Play_Eyetracking,2021.2.3,60.356695921089,
5,1,2,80,1,1,,,,,0,0,0,0,0,37,37,32,0,0,0,0,,,,,,,,,,,,,,,,,,,,,,,,,,,,,,,,,,,,,,,,,,,,,436.0251293005422,None,436.0251293005422,None,436.0251293005422,None,438.03757099993527,None,5,1,2,31.76705644274252,80,1,2,1,439.1518740002066,None,g,0.5626814998686314,439.1518740002066,None,Yes,2.4373185001313686,439.8284109001979,None,442.3742390004918,None,b,0.7348143002018332,442.3742390004918,None,1.7967957000000183,Definitely Card,0.7967957000000183,442.3742390004918,None,443.2359307007864,None,,,,Sub038,001,2022_Sep_22_1222,2_3_MRI_Rating_Play_Eyetracking,2021.2.3,60.356695921089,
5,1,2,80,1,1,,,,,0,0,0,0,0,37,37,32,,,,,,,,,,,,,,,,,,,,,,,,,,,,,,,,,,,,,,,,,,,,,,,,,,,,,,,,,5,1,2,,,,,1,,,,,,,,,,,,,,,,,,,,,,,,,,,Sub038,001,2022_Sep_22_1222,2_3_MRI_Rating_Play_Eyetracking,2021.2.3,60.356695921089,
1,0,1,50,2,1,,,,,0,0,0,0,0,38,38,55,0,0,0,0,,,,,,,,,,,,,,,,,,,,,,,,,,,,,,,,,,,,,,,,,,,,,445.13924740068614,None,445.13924740068614,None,445.13924740068614,None,447.12981870025396,None,1,0,1,11.929718898364241,50,2,2,1,449.23820040002465,None,g,0.43271709978580475,449.23820040002465,None,Yes,2.5672829002141953,449.789074100554,None,452.47842010017484,None,y,0.4605697002261877,452.47842010017484,None,2.087978700000008,Card,1.0879787000000078,452.47842010017484,None,453.0712456004694,None,,,,Sub038,001,2022_Sep_22_1222,2_3_MRI_Rating_Play_Eyetracking,2021.2.3,60.356695921089,
1,0,1,50,2,1,,,,,0,0,0,0,0,38,38,55,,,,,,,,,,,,,,,,,,,,,,,,,,,,,,,,,,,,,,,,,,,,,,,,,,,,,,,,,1,0,1,,,,,1,,,,,,,,,,,,,,,,,,,,,,,,,,,Sub038,001,2022_Sep_22_1222,2_3_MRI_Rating_Play_Eyetracking,2021.2.3,60.356695921089,
2,0,2,80,2,1,,,,,0,0,0,0,0,39,39,11,0,0,0,0,,,,,,,,,,,,,,,,,,,,,,,,,,,,,,,,,,,,,,,,,,,,,455.2511529000476,None,455.2511529000476,None,455.2511529000476,None,457.2876337999478,None,2,0,2,11.929718898364241,80,2,2,1,459.39242530055344,None,r,1.1046988004818559,459.39242530055344,None,Definitely Yes,1.8953011995181441,460.6206688005477,None,462.62343730032444,None,y,1.2042503003031015,462.62343730032444,None,1.3389380000000415,Card,0.3389380000000415,462.62343730032444,None,463.9347337000072,None,,,,Sub038,001,2022_Sep_22_1222,2_3_MRI_Rating_Play_Eyetracking,2021.2.3,60.356695921089,
2,0,2,80,2,1,,,,,0,0,0,0,0,39,39,11,,,,,,,,,,,,,,,,,,,,,,,,,,,,,,,,,,,,,,,,,,,,,,,,,,,,,,,,,2,0,2,,,,,1,,,,,,,,,,,,,,,,,,,,,,,,,,,Sub038,001,2022_Sep_22_1222,2_3_MRI_Rating_Play_Eyetracking,2021.2.3,60.356695921089,
1,0,1,50,3,0,,,,,0,0,0,0,0,40,40,19,,,,,,,,,,,,,,,,,,,,,,,,,,,,,,,,,,,,,,,,,,,,,,,,,465.38078930042684,None,465.38078930042684,None,465.38078930042684,None,467.39960059989244,None,1,0,1,11.929718898364241,50,3,2,0,,,,,,,,,,,,,,,,,,,,,,,,,,,Sub038,001,2022_Sep_22_1222,2_3_MRI_Rating_Play_Eyetracking,2021.2.3,60.356695921089,
5,1,2,80,3,1,,,,,0,0,0,0,0,41,41,50,0,0,0,0,,,,,,,,,,,,,,,,,,,,,,,,,,,,,,,,,,,,,,,,,,,,,470.51146320067346,None,470.51146320067346,None,470.51146320067346,None,472.5198255004361,None,5,1,2,31.76705644274252,80,3,2,1,475.62194130010903,None,r,1.175967900082469,475.62194130010903,None,Definitely Yes,1.824032099917531,476.92472709994763,None,478.8637192007154,None,g,1.3036254001781344,478.8637192007154,None,1.2258522999999855,Bar,0.22585229999998546,478.8637192007154,None,480.2866836003959,None,,,,Sub038,001,2022_Sep_22_1222,2_3_MRI_Rating_Play_Eyetracking,2021.2.3,60.356695921089,
5,1,2,80,3,1,,,,,0,0,0,0,0,41,41,50,,,,,,,,,,,,,,,,,,,,,,,,,,,,,,,,,,,,,,,,,,,,,,,,,,,,,,,,,5,1,2,,,,,1,,,,,,,,,,,,,,,,,,,,,,,,,,,Sub038,001,2022_Sep_22_1222,2_3_MRI_Rating_Play_Eyetracking,2021.2.3,60.356695921089,
4,1,1,50,3,1,,,,,0,0,0,0,0,42,42,67,0,0,0,0,,,,,,,,,,,,,,,,,,,,,,,,,,,,,,,,,,,,,,,,,,,,,481.62588940002024,None,481.62588940002024,None,481.62588940002024,None,483.61620109993964,None,4,1,1,31.76705644274252,50,3,2,1,486.72131550032645,None,g,0.8439897997304797,486.72131550032645,None,Yes,2.1560102002695203,487.6834750007838,None,489.9334082007408,None,g,1.6276010004803538,489.9334082007408,None,0.9564960000000156,Bar,-0.043503999999984444,489.9334082007408,None,491.68222500011325,None,,,,Sub038,001,2022_Sep_22_1222,2_3_MRI_Rating_Play_Eyetracking,2021.2.3,60.356695921089,
4,1,1,50,3,1,,,,,0,0,0,0,0,42,42,67,,,,,,,,,,,,,,,,,,,,,,,,,,,,,,,,,,,,,,,,,,,,,,,,,,,,,,,,,4,1,1,,,,,1,,,,,,,,,,,,,,,,,,,,,,,,,,,Sub038,001,2022_Sep_22_1222,2_3_MRI_Rating_Play_Eyetracking,2021.2.3,60.356695921089,
3,1,0,20,1,1,,,,,0,0,0,0,0,43,43,30,0,0,0,0,,,,,,,,,,,,,,,,,,,,,,,,,,,,,,,,,,,,,,,,,,,,,492.73861820064485,None,492.73861820064485,None,492.73861820064485,None,494.73248929996043,None,3,1,0,31.76705644274252,20,1,2,1,495.8405527006835,None,b,0.9296436002478004,495.8405527006835,None,Definitely No,2.0703563997521996,496.8864877000451,None,499.075112500228,None,b,0.43812189996242523,499.075112500228,None,2.1206367999999998,Definitely Card,1.1206367999999998,499.075112500228,None,499.63324800040573,None,,,,Sub038,001,2022_Sep_22_1222,2_3_MRI_Rating_Play_Eyetracking,2021.2.3,60.356695921089,
3,1,0,20,1,1,,,,,0,0,0,0,0,43,43,30,,,,,,,,,,,,,,,,,,,,,,,,,,,,,,,,,,,,,,,,,,,,,,,,,,,,,,,,,3,1,0,,,,,1,,,,,,,,,,,,,,,,,,,,,,,,,,,Sub038,001,2022_Sep_22_1222,2_3_MRI_Rating_Play_Eyetracking,2021.2.3,60.356695921089,
6,2,0,20,3,1,,,,,0,0,0,0,0,44,44,51,0,0,0,0,,,,,,,,,,,,,,,,,,,,,,,,,,,,,,,,,,,,,,,,,,,,,501.83482620026916,None,501.83482620026916,None,501.83482620026916,None,503.86677480023354,None,6,2,0,60.35976210084331,20,3,2,1,506.9755273004994,None,g,0.5345903001725674,506.9755273004994,None,Yes,2.4654096998274326,507.6191481007263,None,510.185117200017,None,r,0.9718131003901362,510.185117200017,None,1.5897186999999917,Definitely Bar,0.5897186999999917,510.185117200017,None,511.29301320016384,None,,,,Sub038,001,2022_Sep_22_1222,2_3_MRI_Rating_Play_Eyetracking,2021.2.3,60.356695921089,
6,2,0,20,3,1,,,,,0,0,0,0,0,44,44,51,,,,,,,,,,,,,,,,,,,,,,,,,,,,,,,,,,,,,,,,,,,,,,,,,,,,,,,,,6,2,0,,,,,1,,,,,,,,,,,,,,,,,,,,,,,,,,,Sub038,001,2022_Sep_22_1222,2_3_MRI_Rating_Play_Eyetracking,2021.2.3,60.356695921089,
3,1,0,20,1,0,,,,,0,0,0,0,0,45,45,3,,,,,,,,,,,,,,,,,,,,,,,,,,,,,,,,,,,,,,,,,,,,,,,,,512.992322999984,None,512.992322999984,None,512.992322999984,None,515.0027735000476,None,3,1,0,31.76705644274252,20,1,2,0,,,,,,,,,,,,,,,,,,,,,,,,,,,Sub038,001,2022_Sep_22_1222,2_3_MRI_Rating_Play_Eyetracking,2021.2.3,60.356695921089,
4,1,1,50,3,0,,,,,0,0,0,0,0,46,46,22,,,,,,,,,,,,,,,,,,,,,,,,,,,,,,,,,,,,,,,,,,,,,,,,,516.1080998005345,None,516.1080998005345,None,516.1080998005345,None,518.1161497998983,None,4,1,1,31.76705644274252,50,3,2,0,,,,,,,,,,,,,,,,,,,,,,,,,,,Sub038,001,2022_Sep_22_1222,2_3_MRI_Rating_Play_Eyetracking,2021.2.3,60.356695921089,
8,2,2,80,2,1,,,,,0,0,0,0,0,47,47,17,0,0,0,0,,,,,,,,,,,,,,,,,,,,,,,,,,,,,,,,,,,,,,,,,,,,,521.2291216002777,None,521.2291216002777,None,521.2291216002777,None,523.2320709004998,None,8,2,2,60.35976210084331,80,2,2,1,525.3361395001411,None,r,0.42746669985353947,525.3361395001411,None,Definitely Yes,2.5725333001464605,525.8891871999949,None,528.5805684002116,None,r,0.7883114004507661,528.5805684002116,None,1.742865199999983,Definitely Bar,0.7428651999999829,528.5805684002116,None,529.4906438998878,None,,,,Sub038,001,2022_Sep_22_1222,2_3_MRI_Rating_Play_Eyetracking,2021.2.3,60.356695921089,
8,2,2,80,2,1,,,,,0,0,0,0,0,47,47,17,,,,,,,,,,,,,,,,,,,,,,,,,,,,,,,,,,,,,,,,,,,,,,,,,,,,,,,,,8,2,2,,,,,1,,,,,,,,,,,,,,,,,,,,,,,,,,,Sub038,001,2022_Sep_22_1222,2_3_MRI_Rating_Play_Eyetracking,2021.2.3,60.356695921089,
0,0,0,20,2,1,,,,,0,0,0,0,0,48,48,36,0,0,0,0,,,,,,,,,,,,,,,,,,,,,,,,,,,,,,,,,,,,,,,,,,,,,531.345522900112,None,531.345522900112,None,531.345522900112,None,533.3545903004706,None,0,0,0,11.929718898364241,20,2,2,1,535.4563060998917,None,b,0.5057939998805523,535.4563060998917,None,Definitely No,2.4942060001194477,536.0911250999197,None,538.6910497006029,None,b,1.225246099755168,538.6910497006029,None,1.3240471000000298,Definitely Card,0.3240471000000298,538.6910497006029,None,540.0419572005048,None,,,,Sub038,001,2022_Sep_22_1222,2_3_MRI_Rating_Play_Eyetracking,2021.2.3,60.356695921089,
0,0,0,20,2,1,,,,,0,0,0,0,0,48,48,36,,,,,,,,,,,,,,,,,,,,,,,,,,,,,,,,,,,,,,,,,,,,,,,,,,,,,,,,,0,0,0,,,,,1,,,,,,,,,,,,,,,,,,,,,,,,,,,Sub038,001,2022_Sep_22_1222,2_3_MRI_Rating_Play_Eyetracking,2021.2.3,60.356695921089,
1,0,1,50,3,1,,,,,0,0,0,0,0,49,49,46,0,0,0,0,,,,,,,,,,,,,,,,,,,,,,,,,,,,,,,,,,,,,,,,,,,,,541.473938700743,None,541.473938700743,None,541.473938700743,None,543.4912315001711,None,1,0,1,11.929718898364241,50,3,2,1,546.5961857000366,None,g,0.38869709987193346,546.5961857000366,None,Yes,2.6113029001280665,547.1086476007476,None,549.8318678000942,None,y,0.6213881000876427,549.8318678000942,None,1.920842900000025,Card,0.9208429000000251,549.8318678000942,None,550.5553072001785,None,,,,Sub038,001,2022_Sep_22_1222,2_3_MRI_Rating_Play_Eyetracking,2021.2.3,60.356695921089,
1,0,1,50,3,1,,,,,0,0,0,0,0,49,49,46,,,,,,,,,,,,,,,,,,,,,,,,,,,,,,,,,,,,,,,,,,,,,,,,,,,,,,,,,1,0,1,,,,,1,,,,,,,,,,,,,,,,,,,,,,,,,,,Sub038,001,2022_Sep_22_1222,2_3_MRI_Rating_Play_Eyetracking,2021.2.3,60.356695921089,
0,0,0,20,1,0,,,,,0,0,0,0,0,50,50,0,,,,,,,,,,,,,,,,,,,,,,,,,,,,,,,,,,,,,,,,,,,,,,,,,552.5709680002183,None,552.5709680002183,None,552.5709680002183,None,554.5858410000801,None,0,0,0,11.929718898364241,20,1,2,0,,,,,,,,,,,,,,,,,,,,,,,,,,,Sub038,001,2022_Sep_22_1222,2_3_MRI_Rating_Play_Eyetracking,2021.2.3,60.356695921089,
0,0,0,20,1,1,,,,,0,0,0,0,0,51,51,27,0,0,0,0,,,,,,,,,,,,,,,,,,,,,,,,,,,,,,,,,,,,,,,,,,,,,555.6714371005073,None,555.6714371005073,None,555.6714371005073,None,557.7040940001607,None,0,0,0,11.929718898364241,20,1,2,1,558.8141485005617,None,y,0.8487090999260545,558.8141485005617,None,No,2.1512909000739455,559.7963284002617,None,562.0608597006649,None,b,0.5663900002837181,562.0608597006649,None,1.9446034000000054,Definitely Card,0.9446034000000054,562.0608597006649,None,562.7614743001759,None,,,,Sub038,001,2022_Sep_22_1222,2_3_MRI_Rating_Play_Eyetracking,2021.2.3,60.356695921089,
0,0,0,20,1,1,,,,,0,0,0,0,0,51,51,27,,,,,,,,,,,,,,,,,,,,,,,,,,,,,,,,,,,,,,,,,,,,,,,,,,,,,,,,,0,0,0,,,,,1,,,,,,,,,,,,,,,,,,,,,,,,,,,Sub038,001,2022_Sep_22_1222,2_3_MRI_Rating_Play_Eyetracking,2021.2.3,60.356695921089,
0,0,0,20,1,1,,,,,0,0,0,0,0,52,52,54,0,0,0,0,,,,,,,,,,,,,,,,,,,,,,,,,,,,,,,,,,,,,,,,,,,,,564.8087420007214,None,564.8087420007214,None,564.8087420007214,None,566.8190345000476,None,0,0,0,11.929718898364241,20,1,2,1,567.9253713004291,None,b,0.6133147003129125,567.9253713004291,None,Definitely No,2.3866852996870875,568.6603139005601,None,571.143678500317,None,y,0.4877917002886534,571.143678500317,None,2.071561200000019,Card,1.0715612000000192,571.143678500317,None,571.7648800006136,None,,,,Sub038,001,2022_Sep_22_1222,2_3_MRI_Rating_Play_Eyetracking,2021.2.3,60.356695921089,
0,0,0,20,1,1,,,,,0,0,0,0,0,52,52,54,,,,,,,,,,,,,,,,,,,,,,,,,,,,,,,,,,,,,,,,,,,,,,,,,,,,,,,,,0,0,0,,,,,1,,,,,,,,,,,,,,,,,,,,,,,,,,,Sub038,001,2022_Sep_22_1222,2_3_MRI_Rating_Play_Eyetracking,2021.2.3,60.356695921089,
2,0,2,80,3,1,,,,,0,0,0,0,0,53,53,47,0,0,0,0,,,,,,,,,,,,,,,,,,,,,,,,,,,,,,,,,,,,,,,,,,,,,573.9440159006044,None,573.9440159006044,None,573.9440159006044,None,575.9461114006117,None,2,0,2,11.929718898364241,80,3,2,1,579.0409102002159,None,g,0.40589689929038286,579.0409102002159,None,Yes,2.594103100709617,579.579572699964,None,582.2549464004114,None,y,1.1331995008513331,582.2549464004114,None,1.4558955999999625,Card,0.45589559999996254,582.2549464004114,None,583.5122651001438,None,,,,Sub038,001,2022_Sep_22_1222,2_3_MRI_Rating_Play_Eyetracking,2021.2.3,60.356695921089,
2,0,2,80,3,1,,,,,0,0,0,0,0,53,53,47,,,,,,,,,,,,,,,,,,,,,,,,,,,,,,,,,,,,,,,,,,,,,,,,,,,,,,,,,2,0,2,,,,,1,,,,,,,,,,,,,,,,,,,,,,,,,,,Sub038,001,2022_Sep_22_1222,2_3_MRI_Rating_Play_Eyetracking,2021.2.3,60.356695921089,
7,2,1,50,3,0,,,,,0,0,0,0,0,54,54,25,,,,,,,,,,,,,,,,,,,,,,,,,,,,,,,,,,,,,,,,,,,,,,,,,585.0537544004619,None,585.0537544004619,None,585.0537544004619,None,587.0873284004629,None,7,2,1,60.35976210084331,50,3,2,0,,,,,,,,,,,,,,,,,,,,,,,,,,,Sub038,001,2022_Sep_22_1222,2_3_MRI_Rating_Play_Eyetracking,2021.2.3,60.356695921089,
6,2,0,20,3,1,,,,,0,0,0,0,0,55,55,69,0,0,0,0,,,,,,,,,,,,,,,,,,,,,,,,,,,,,,,,,,,,,,,,,,,,,590.1923138005659,None,590.1923138005659,None,590.1923138005659,None,592.1980667999014,None,6,2,0,60.35976210084331,20,3,2,1,595.2922314004973,None,g,0.5073378002271056,595.2922314004973,None,Yes,2.4926621997728944,595.9244752004743,None,598.534668000415,None,r,0.5684057995676994,598.534668000415,None,1.9780173999999988,Definitely Bar,0.9780173999999988,598.534668000415,None,599.2285077003762,None,,,,Sub038,001,2022_Sep_22_1222,2_3_MRI_Rating_Play_Eyetracking,2021.2.3,60.356695921089,
6,2,0,20,3,1,,,,,0,0,0,0,0,55,55,69,,,,,,,,,,,,,,,,,,,,,,,,,,,,,,,,,,,,,,,,,,,,,,,,,,,,,,,,,6,2,0,,,,,1,,,,,,,,,,,,,,,,,,,,,,,,,,,Sub038,001,2022_Sep_22_1222,2_3_MRI_Rating_Play_Eyetracking,2021.2.3,60.356695921089,
8,2,2,80,2,1,,,,,0,0,0,0,0,56,56,44,0,0,0,0,,,,,,,,,,,,,,,,,,,,,,,,,,,,,,,,,,,,,,,,,,,,,601.2830596007407,None,601.2830596007407,None,601.2830596007407,None,603.3186586005613,None,8,2,2,60.35976210084331,80,2,2,1,605.4329746002331,None,g,0.8626600001007318,605.4329746002331,None,Yes,2.137339999899268,606.4246169002727,None,608.6616122005507,None,r,0.48173770029097795,608.6616122005507,None,2.073124699999994,Definitely Bar,1.073124699999994,608.6616122005507,None,609.2591214999557,None,,,,Sub038,001,2022_Sep_22_1222,2_3_MRI_Rating_Play_Eyetracking,2021.2.3,60.356695921089,
8,2,2,80,2,1,,,,,0,0,0,0,0,56,56,44,,,,,,,,,,,,,,,,,,,,,,,,,,,,,,,,,,,,,,,,,,,,,,,,,,,,,,,,,8,2,2,,,,,1,,,,,,,,,,,,,,,,,,,,,,,,,,,Sub038,001,2022_Sep_22_1222,2_3_MRI_Rating_Play_Eyetracking,2021.2.3,60.356695921089,
7,2,1,50,1,0,,,,,0,0,0,0,0,57,57,7,,,,,,,,,,,,,,,,,,,,,,,,,,,,,,,,,,,,,,,,,,,,,,,,,611.4230848001316,None,611.4230848001316,None,611.4230848001316,None,613.4628785001114,None,7,2,1,60.35976210084331,50,1,2,0,,,,,,,,,,,,,,,,,,,,,,,,,,,Sub038,001,2022_Sep_22_1222,2_3_MRI_Rating_Play_Eyetracking,2021.2.3,60.356695921089,
1,0,1,50,2,1,,,,,0,0,0,0,0,58,58,37,0,0,0,0,,,,,,,,,,,,,,,,,,,,,,,,,,,,,,,,,,,,,,,,,,,,,614.5515820002183,None,614.5515820002183,None,614.5515820002183,None,616.5931060006842,None,1,0,1,11.929718898364241,50,2,2,1,618.6758902007714,None,g,0.46385509986430407,618.6758902007714,None,Yes,2.536144900135696,619.2525871004909,None,621.8997356006876,None,y,0.5227989004924893,621.8997356006876,None,2.042442700000038,Card,1.0424427000000378,621.8997356006876,None,622.5463605001569,None,,,,Sub038,001,2022_Sep_22_1222,2_3_MRI_Rating_Play_Eyetracking,2021.2.3,60.356695921089,
1,0,1,50,2,1,,,,,0,0,0,0,0,58,58,37,,,,,,,,,,,,,,,,,,,,,,,,,,,,,,,,,,,,,,,,,,,,,,,,,,,,,,,,,1,0,1,,,,,1,,,,,,,,,,,,,,,,,,,,,,,,,,,Sub038,001,2022_Sep_22_1222,2_3_MRI_Rating_Play_Eyetracking,2021.2.3,60.356695921089,
4,1,1,50,1,1,,,,,0,0,0,0,0,59,59,58,0,0,0,0,,,,,,,,,,,,,,,,,,,,,,,,,,,,,,,,,,,,,,,,,,,,,624.6928425999358,None,624.6928425999358,None,624.6928425999358,None,626.7085310006514,None,4,1,1,31.76705644274252,50,1,2,1,627.8134810999036,None,g,1.0236637005582452,627.8134810999036,None,Yes,1.9763362994417548,628.9334036000073,None,631.0065697999671,None,y,1.4430597005411983,631.0065697999671,None,1.137918099999979,Card,0.13791809999997895,631.0065697999671,None,632.5579392006621,None,,,,Sub038,001,2022_Sep_22_1222,2_3_MRI_Rating_Play_Eyetracking,2021.2.3,60.356695921089,
4,1,1,50,1,1,,,,,0,0,0,0,0,59,59,58,,,,,,,,,,,,,,,,,,,,,,,,,,,,,,,,,,,,,,,,,,,,,,,,,,,,,,,,,4,1,1,,,,,1,,,,,,,,,,,,,,,,,,,,,,,,,,,Sub038,001,2022_Sep_22_1222,2_3_MRI_Rating_Play_Eyetracking,2021.2.3,60.356695921089,
4,1,1,50,1,1,,,,,0,0,0,0,0,60,60,31,0,0,0,0,,,,,,,,,,,,,,,,,,,,,,,,,,,,,,,,,,,,,,,,,,,,,633.8037752006203,None,633.8037752006203,None,633.8037752006203,None,635.8233527000993,None,4,1,1,31.76705644274252,50,1,2,1,636.9292132006958,None,g,1.0245605008676648,636.9292132006958,None,Yes,1.9754394991323352,638.0803685002029,None,640.1686510005966,None,y,0.4673554999753833,640.1686510005966,None,2.0746090000000095,Card,1.0746090000000095,640.1686510005966,None,640.7405270002782,None,,,,Sub038,001,2022_Sep_22_1222,2_3_MRI_Rating_Play_Eyetracking,2021.2.3,60.356695921089,
4,1,1,50,1,1,,,,,0,0,0,0,0,60,60,31,,,,,,,,,,,,,,,,,,,,,,,,,,,,,,,,,,,,,,,,,,,,,,,,,,,,,,,,,4,1,1,,,,,1,,,,,,,,,,,,,,,,,,,,,,,,,,,Sub038,001,2022_Sep_22_1222,2_3_MRI_Rating_Play_Eyetracking,2021.2.3,60.356695921089,
5,1,2,80,1,1,,,,,0,0,0,0,0,61,61,59,0,0,0,0,,,,,,,,,,,,,,,,,,,,,,,,,,,,,,,,,,,,,,,,,,,,,642.9325716001913,None,642.9325716001913,None,642.9325716001913,None,644.9474665001035,None,5,1,2,31.76705644274252,80,1,2,1,646.0645274007693,None,r,0.47907810006290674,646.0645274007693,None,Definitely Yes,2.5209218999370933,646.6639042999595,None,649.2969239000231,None,b,0.4027628004550934,649.2969239000231,None,2.120386100000019,Definitely Card,1.1203861000000188,649.2969239000231,None,649.8312715999782,None,,,,Sub038,001,2022_Sep_22_1222,2_3_MRI_Rating_Play_Eyetracking,2021.2.3,60.356695921089,
5,1,2,80,1,1,,,,,0,0,0,0,0,61,61,59,,,,,,,,,,,,,,,,,,,,,,,,,,,,,,,,,,,,,,,,,,,,,,,,,,,,,,,,,5,1,2,,,,,1,,,,,,,,,,,,,,,,,,,,,,,,,,,Sub038,001,2022_Sep_22_1222,2_3_MRI_Rating_Play_Eyetracking,2021.2.3,60.356695921089,
5,1,2,80,2,1,,,,,0,0,0,0,0,62,62,14,0,0,0,0,,,,,,,,,,,,,,,,,,,,,,,,,,,,,,,,,,,,,,,,,,,,,652.0611645001918,None,652.0611645001918,None,652.0611645001918,None,654.0786024006084,None,5,1,2,31.76705644274252,80,2,2,1,656.1792806005105,None,r,0.49315360002219677,656.1792806005105,None,Definitely Yes,2.5068463999778032,656.7747293999419,None,659.399207400158,None,b,0.46643069945275784,659.399207400158,None,2.0910217000000557,Definitely Card,1.0910217000000557,659.399207400158,None,659.9731809003279,None,,,,Sub038,001,2022_Sep_22_1222,2_3_MRI_Rating_Play_Eyetracking,2021.2.3,60.356695921089,
5,1,2,80,2,1,,,,,0,0,0,0,0,62,62,14,,,,,,,,,,,,,,,,,,,,,,,,,,,,,,,,,,,,,,,,,,,,,,,,,,,,,,,,,5,1,2,,,,,1,,,,,,,,,,,,,,,,,,,,,,,,,,,Sub038,001,2022_Sep_22_1222,2_3_MRI_Rating_Play_Eyetracking,2021.2.3,60.356695921089,
7,2,1,50,3,1,,,,,0,0,0,0,0,63,63,52,0,0,0,0,,,,,,,,,,,,,,,,,,,,,,,,,,,,,,,,,,,,,,,,,,,,,662.179435800761,None,662.179435800761,None,662.179435800761,None,664.1928413007408,None,7,2,1,60.35976210084331,50,3,2,1,667.2972041005269,None,g,0.5263133002445102,667.2972041005269,None,Yes,2.47368669975549,667.9488275004551,None,670.536479100585,None,y,1.060899100266397,670.536479100585,None,1.470272600000044,Card,0.4702726000000439,670.536479100585,None,671.7202902007848,None,,,,Sub038,001,2022_Sep_22_1222,2_3_MRI_Rating_Play_Eyetracking,2021.2.3,60.356695921089,
7,2,1,50,3,1,,,,,0,0,0,0,0,63,63,52,,,,,,,,,,,,,,,,,,,,,,,,,,,,,,,,,,,,,,,,,,,,,,,,,,,,,,,,,7,2,1,,,,,1,,,,,,,,,,,,,,,,,,,,,,,,,,,Sub038,001,2022_Sep_22_1222,2_3_MRI_Rating_Play_Eyetracking,2021.2.3,60.356695921089,
7,2,1,50,2,1,,,,,0,0,0,0,0,64,64,70,0,0,0,0,,,,,,,,,,,,,,,,,,,,,,,,,,,,,,,,,,,,,,,,,,,,,673.2974236002192,None,673.2974236002192,None,673.2974236002192,None,675.3079868005589,None,7,2,1,60.35976210084331,50,2,2,1,677.3933281004429,None,g,0.7710405997931957,677.3933281004429,None,Yes,2.2289594002068043,678.296733500436,None,680.6344526000321,None,y,0.33083759993314743,680.6344526000321,None,2.22482059999993,Card,1.22482059999993,680.6344526000321,None,681.0960697000846,None,,,,Sub038,001,2022_Sep_22_1222,2_3_MRI_Rating_Play_Eyetracking,2021.2.3,60.356695921089,
7,2,1,50,2,1,,,,,0,0,0,0,0,64,64,70,,,,,,,,,,,,,,,,,,,,,,,,,,,,,,,,,,,,,,,,,,,,,,,,,,,,,,,,,7,2,1,,,,,1,,,,,,,,,,,,,,,,,,,,,,,,,,,Sub038,001,2022_Sep_22_1222,2_3_MRI_Rating_Play_Eyetracking,2021.2.3,60.356695921089,
1,0,1,50,2,1,,,,,0,0,0,0,0,65,65,10,0,0,0,0,,,,,,,,,,,,,,,,,,,,,,,,,,,,,,,,,,,,,,,,,,,,,683.4286181004718,None,683.4286181004718,None,683.4286181004718,None,685.4390246002004,None,1,0,1,11.929718898364241,50,2,2,1,687.5495666004717,None,g,0.6333513995632529,687.5495666004717,None,Yes,2.366648600436747,688.3143693003803,None,690.7814711006358,None,y,1.3093218998983502,690.7814711006358,None,1.240330399999948,Card,0.24033039999994799,690.7814711006358,None,692.2107660006732,None,,,,Sub038,001,2022_Sep_22_1222,2_3_MRI_Rating_Play_Eyetracking,2021.2.3,60.356695921089,
1,0,1,50,2,1,,,,,0,0,0,0,0,65,65,10,,,,,,,,,,,,,,,,,,,,,,,,,,,,,,,,,,,,,,,,,,,,,,,,,,,,,,,,,1,0,1,,,,,1,,,,,,,,,,,,,,,,,,,,,,,,,,,Sub038,001,2022_Sep_22_1222,2_3_MRI_Rating_Play_Eyetracking,2021.2.3,60.356695921089,
6,2,0,20,1,0,,,,,0,0,0,0,0,66,66,6,,,,,,,,,,,,,,,,,,,,,,,,,,,,,,,,,,,,,,,,,,,,,,,,,693.5574913006276,None,693.5574913006276,None,693.5574913006276,None,695.558323699981,None,6,2,0,60.35976210084331,20,1,2,0,,,,,,,,,,,,,,,,,,,,,,,,,,,Sub038,001,2022_Sep_22_1222,2_3_MRI_Rating_Play_Eyetracking,2021.2.3,60.356695921089,
5,1,2,80,2,1,,,,,0,0,0,0,0,67,67,68,0,0,0,0,,,,,,,,,,,,,,,,,,,,,,,,,,,,,,,,,,,,,,,,,,,,,696.6614647004753,None,696.6614647004753,None,696.6614647004753,None,698.6723024006933,None,5,1,2,31.76705644274252,80,2,2,1,700.7757510999218,None,g,0.4047423005104065,700.7757510999218,None,Yes,2.5952576994895935,701.3083593007177,None,704.012408000417,None,y,0.42751230020076036,704.012408000417,None,2.110310800000093,Card,1.110310800000093,704.012408000417,None,704.564398500137,None,,,,Sub038,001,2022_Sep_22_1222,2_3_MRI_Rating_Play_Eyetracking,2021.2.3,60.356695921089,
5,1,2,80,2,1,,,,,0,0,0,0,0,67,67,68,,,,,,,,,,,,,,,,,,,,,,,,,,,,,,,,,,,,,,,,,,,,,,,,,,,,,,,,,5,1,2,,,,,1,,,,,,,,,,,,,,,,,,,,,,,,,,,Sub038,001,2022_Sep_22_1222,2_3_MRI_Rating_Play_Eyetracking,2021.2.3,60.356695921089,
4,1,1,50,1,0,,,,,0,0,0,0,0,68,68,4,,,,,,,,,,,,,,,,,,,,,,,,,,,,,,,,,,,,,,,,,,,,,,,,,706.7722855005413,None,706.7722855005413,None,706.7722855005413,None,708.7744721006602,None,4,1,1,31.76705644274252,50,1,2,0,,,,,,,,,,,,,,,,,,,,,,,,,,,Sub038,001,2022_Sep_22_1222,2_3_MRI_Rating_Play_Eyetracking,2021.2.3,60.356695921089,
8,2,2,80,3,1,,,,,0,0,0,0,0,69,69,71,0,0,0,0,,,,,,,,,,,,,,,,,,,,,,,,,,,,,,,,,,,,,,,,,,,,,709.8838190007955,None,709.8838190007955,None,709.8838190007955,None,711.8947566002607,None,8,2,2,60.35976210084331,80,3,2,1,714.9983638003469,None,g,0.8119969004765153,714.9983638003469,None,Yes,2.1880030995234847,715.9099059998989,None,718.2156229000539,None,g,1.436606900766492,718.2156229000539,None,1.112386000000015,Bar,0.11238600000001497,718.2156229000539,None,719.7830816004425,None,,,,Sub038,001,2022_Sep_22_1222,2_3_MRI_Rating_Play_Eyetracking,2021.2.3,60.356695921089,
8,2,2,80,3,1,,,,,0,0,0,0,0,69,69,71,,,,,,,,,,,,,,,,,,,,,,,,,,,,,,,,,,,,,,,,,,,,,,,,,,,,,,,,,8,2,2,,,,,1,,,,,,,,,,,,,,,,,,,,,,,,,,,Sub038,001,2022_Sep_22_1222,2_3_MRI_Rating_Play_Eyetracking,2021.2.3,60.356695921089,
3,1,0,20,2,1,,,,,0,0,0,0,0,70,70,57,0,0,0,0,,,,,,,,,,,,,,,,,,,,,,,,,,,,,,,,,,,,,,,,,,,,,721.0015558004379,None,721.0015558004379,None,721.0015558004379,None,723.0112672001123,None,3,1,0,31.76705644274252,20,2,2,1,725.1135415006429,None,b,0.9561459999531507,725.1135415006429,None,Definitely No,2.0438540000468493,726.1999612003565,None,728.3535136999562,None,b,0.8473369004204869,728.3535136999562,None,1.69013039999993,Definitely Card,0.69013039999993,728.3535136999562,None,729.3089195005596,None,,,,Sub038,001,2022_Sep_22_1222,2_3_MRI_Rating_Play_Eyetracking,2021.2.3,60.356695921089,
3,1,0,20,2,1,,,,,0,0,0,0,0,70,70,57,,,,,,,,,,,,,,,,,,,,,,,,,,,,,,,,,,,,,,,,,,,,,,,,,,,,,,,,,3,1,0,,,,,1,,,,,,,,,,,,,,,,,,,,,,,,,,,Sub038,001,2022_Sep_22_1222,2_3_MRI_Rating_Play_Eyetracking,2021.2.3,60.356695921089,
4,1,1,50,2,1,,,,,0,0,0,0,0,71,71,40,0,0,0,0,,,,,,,,,,,,,,,,,,,,,,,,,,,,,,,,,,,,,,,,,,,,,731.0869109006599,None,731.0869109006599,None,731.0869109006599,None,733.1298782005906,None,4,1,1,31.76705644274252,50,2,2,1,735.2316111000255,None,g,0.5892912000417709,735.2316111000255,None,Yes,2.410708799958229,735.9497281005606,None,738.438034100458,None,g,1.2803464997559786,738.438034100458,None,1.2892511000000013,Bar,0.2892511000000013,738.438034100458,None,739.8268283000216,None,,,,Sub038,001,2022_Sep_22_1222,2_3_MRI_Rating_Play_Eyetracking,2021.2.3,60.356695921089,
4,1,1,50,2,1,,,,,0,0,0,0,0,71,71,40,,,,,,,,,,,,,,,,,,,,,,,,,,,,,,,,,,,,,,,,,,,,,,,,,,,,,,,,,4,1,1,,,,,1,,,,,,,,,,,,,,,,,,,,,,,,,,,Sub038,001,2022_Sep_22_1222,2_3_MRI_Rating_Play_Eyetracking,2021.2.3,60.356695921089,
,,,,,,,,,,0,0,0,0,,,,,,,,,,,,,,,,,,,,,,,,,,,,,,,,,,,,,,,,,,,,,,,,,,,,,,,,,,,,,,,,,,,,,,,,,,,,,,,,,,,,,,,,,,,,,,,Sub038,001,2022_Sep_22_1222,2_3_MRI_Rating_Play_Eyetracking,2021.2.3,60.356695921089,
,,,,,,,,,,,,,,,,,,,,,,,,,,,,,,,,,,,,,,,,,,,,,,,,,,,,,,,,,,,,,,,,,,,,,,,,,,,,,,,,,,,,,,,,,,,,,,,,,,,,,,,,,741.214104000479,None,None,Sub038,001,2022_Sep_22_1222,2_3_MRI_Rating_Play_Eyetracking,2021.2.3,60.356695921089,
