﻿Current_Run_SE,Current_Run_RE,current_pair_SE,current_pair_RE,current_card_prob,ITI_SE,ITI_RE,Q_bar,Q_card,start_MRI.thisRepN,start_MRI.thisTrialN,start_MRI.thisN,start_MRI.thisIndex,L_subjects.thisRepN,L_subjects.thisTrialN,L_subjects.thisN,L_subjects.thisIndex,R_subjects.thisRepN,R_subjects.thisTrialN,R_subjects.thisN,R_subjects.thisIndex,Bar_Card_R.thisRepN,Bar_Card_R.thisTrialN,Bar_Card_R.thisN,Bar_Card_R.thisIndex,trials_bar_R.thisRepN,trials_bar_R.thisTrialN,trials_bar_R.thisN,trials_bar_R.thisIndex,Q_bar_R.thisRepN,Q_bar_R.thisTrialN,Q_bar_R.thisN,Q_bar_R.thisIndex,trials_card_R.thisRepN,trials_card_R.thisTrialN,trials_card_R.thisN,trials_card_R.thisIndex,Q_card_R.thisRepN,Q_card_R.thisTrialN,Q_card_R.thisN,Q_card_R.thisIndex,fMR_Instr1_text.started,fMR_Instr1_text.stopped,Ready_text.started,Ready_text.stopped,trigger_2.keys,trigger_2.rt,trigger_2.started,trigger_2.stopped,center_OnsetTime.started,center_OnsetTime.stopped,text_SE_9.started,text_SE_9.stopped,fixOnset_text_ISI_SE.started,fixOnset_text_ISI_SE.stopped,current_pair_SE,current_pair_RE,target_pair,ISI_SE,Q_bar,PairQuestionONSET.started,PairQuestionONSET.stopped,key_resp_rating_SE_R.keys,key_resp_rating_SE_R.rt,key_resp_rating_SE_R.started,key_resp_rating_SE_R.stopped,Rating_pair,current_ITI,lagTime,fixOnset_text_ITI.started,fixOnset_text_ITI.stopped,PairONSET_card_prob_2.started,PairONSET_card_prob_2.stopped,fixOnset_text_ISI_RE.started,fixOnset_text_ISI_RE.stopped,card_pair,ISI_RE,Q_card,PairQuestionONSET_RE_R.started,PairQuestionONSET_RE_R.stopped,key_resp_rating_RE_R.keys,key_resp_rating_RE_R.rt,key_resp_rating_RE_R.started,key_resp_rating_RE_R.stopped,participant,session,date,expName,psychopyVersion,frameRate,
,,,,,,,,,0,0,0,0,,,,,,,,,,,,,,,,,,,,,,,,,,,,,9.181016999995336,None,,,,,,,,,,,,,,,,,,,,,,,,,,,,,,,,,,,,,,,,,,Sub040,001,2022_Sep_28_1342,2_1_MRI_Rating_SE_RE,2021.2.3,59.91023050358771,
1,0,2,-1,-1,2,-1,1,0,,,,,,,,,0,0,0,0,0,0,0,34,0,0,0,0,0,0,0,0,,,,,,,,,,,42.12952580000274,None,t,10.25850709999213,42.12952580000274,None,52.432282800000394,None,52.432282800000394,None,54.42140120000113,None,2,-1,55.86918594769035,2,1,56.447186000004876,None,b,0.734062300005462,56.447186000004876,None,Extremely Likely,2.227558700000003,1.227558700000003,57.205129500012845,None,,,,,,,0,,,,,,,Sub040,001,2022_Sep_28_1342,2_1_MRI_Rating_SE_RE,2021.2.3,59.91023050358771,
1,0,2,-1,-1,2,-1,1,0,,,,,,,,,0,0,0,0,0,0,0,34,0,0,0,0,,,,,,,,,,,,,,,,,,,,,,,,,,,2,-1,,,1,,,,,,,,,,,,,,,,,,0,,,,,,,Sub040,001,2022_Sep_28_1342,2_1_MRI_Rating_SE_RE,2021.2.3,59.91023050358771,
1,0,2,-1,-1,2,-1,1,0,,,,,,,,,0,0,0,0,0,0,0,34,,,,,,,,,,,,,,,,,,,,,,,,,,,,,,,2,-1,,,1,,,,,,,,,,,,,,,,,,0,,,,,,,Sub040,001,2022_Sep_28_1342,2_1_MRI_Rating_SE_RE,2021.2.3,59.91023050358771,
1,0,0,-1,-1,2,-1,1,0,,,,,,,,,0,0,0,0,0,1,1,28,0,0,0,0,0,0,0,0,,,,,,,,,,,,,,,,,59.46545730001526,None,59.46545730001526,None,61.45526489999611,None,0,-1,11.042185393687552,2,1,63.45516380001209,None,g,0.554994899983285,63.45516380001209,None,Slightly Unlikely,2.4273853999999986,1.4273853999999986,64.03834210001514,None,,,,,,,0,,,,,,,Sub040,001,2022_Sep_28_1342,2_1_MRI_Rating_SE_RE,2021.2.3,59.91023050358771,
1,0,0,-1,-1,2,-1,1,0,,,,,,,,,0,0,0,0,0,1,1,28,0,0,0,0,,,,,,,,,,,,,,,,,,,,,,,,,,,0,-1,,,1,,,,,,,,,,,,,,,,,,0,,,,,,,Sub040,001,2022_Sep_28_1342,2_1_MRI_Rating_SE_RE,2021.2.3,59.91023050358771,
1,0,0,-1,-1,2,-1,1,0,,,,,,,,,0,0,0,0,0,1,1,28,,,,,,,,,,,,,,,,,,,,,,,,,,,,,,,0,-1,,,1,,,,,,,,,,,,,,,,,,0,,,,,,,Sub040,001,2022_Sep_28_1342,2_1_MRI_Rating_SE_RE,2021.2.3,59.91023050358771,
0,1,-1,1,50,-1,1,0,0,,,,,,,,,0,0,0,0,0,2,2,55,,,,,,,,,0,0,0,0,,,,,,,,,,,,,,,,,,,-1,1,,,0,,,,,,,,,,,,66.48304610000923,None,68.48880960000679,None,50,1,0,,,,,,,Sub040,001,2022_Sep_28_1342,2_1_MRI_Rating_SE_RE,2021.2.3,59.91023050358771,
0,1,-1,1,50,-1,1,0,0,,,,,,,,,0,0,0,0,0,2,2,55,,,,,,,,,,,,,,,,,,,,,,,,,,,,,,,-1,1,,,0,,,,,,,,,,,,,,,,,,0,,,,,,,Sub040,001,2022_Sep_28_1342,2_1_MRI_Rating_SE_RE,2021.2.3,59.91023050358771,
0,1,-1,2,80,-1,3,0,0,,,,,,,,,0,0,0,0,0,3,3,62,,,,,,,,,0,0,0,0,,,,,,,,,,,,,,,,,,,-1,2,,,0,,,,,,,,,,,,69.4984616000147,None,71.50602369999979,None,80,3,0,,,,,,,Sub040,001,2022_Sep_28_1342,2_1_MRI_Rating_SE_RE,2021.2.3,59.91023050358771,
0,1,-1,2,80,-1,3,0,0,,,,,,,,,0,0,0,0,0,3,3,62,,,,,,,,,,,,,,,,,,,,,,,,,,,,,,,-1,2,,,0,,,,,,,,,,,,,,,,,,0,,,,,,,Sub040,001,2022_Sep_28_1342,2_1_MRI_Rating_SE_RE,2021.2.3,59.91023050358771,
1,0,2,-1,-1,3,-1,0,0,,,,,,,,,0,0,0,0,0,4,4,17,0,0,0,0,,,,,,,,,,,,,,,,,,,,,74.50907160001225,None,74.50907160001225,None,76.52268580000964,None,2,-1,55.86918594769035,3,0,,,,,,,,,,,,,,,,,,0,,,,,,,Sub040,001,2022_Sep_28_1342,2_1_MRI_Rating_SE_RE,2021.2.3,59.91023050358771,
1,0,2,-1,-1,3,-1,0,0,,,,,,,,,0,0,0,0,0,4,4,17,,,,,,,,,,,,,,,,,,,,,,,,,,,,,,,2,-1,,,0,,,,,,,,,,,,,,,,,,0,,,,,,,Sub040,001,2022_Sep_28_1342,2_1_MRI_Rating_SE_RE,2021.2.3,59.91023050358771,
0,1,-1,0,20,-1,3,0,1,,,,,,,,,0,0,0,0,0,5,5,60,,,,,,,,,0,0,0,0,0,0,0,0,,,,,,,,,,,,,,,-1,0,,,0,,,,,,,Extremely Unlikely,1.6862622000000016,0.6862622000000016,85.839123200014,None,79.52420690000872,None,81.53914159999113,None,20,3,1,84.54350309999427,None,r,1.2717411999765318,84.54350309999427,None,Sub040,001,2022_Sep_28_1342,2_1_MRI_Rating_SE_RE,2021.2.3,59.91023050358771,
0,1,-1,0,20,-1,3,0,1,,,,,,,,,0,0,0,0,0,5,5,60,,,,,,,,,0,0,0,0,,,,,,,,,,,,,,,,,,,-1,0,,,0,,,,,,,,,,,,,,,,,,1,,,,,,,Sub040,001,2022_Sep_28_1342,2_1_MRI_Rating_SE_RE,2021.2.3,59.91023050358771,
0,1,-1,0,20,-1,3,0,1,,,,,,,,,0,0,0,0,0,5,5,60,,,,,,,,,,,,,,,,,,,,,,,,,,,,,,,-1,0,,,0,,,,,,,,,,,,,,,,,,1,,,,,,,Sub040,001,2022_Sep_28_1342,2_1_MRI_Rating_SE_RE,2021.2.3,59.91023050358771,
0,1,-1,2,80,-1,2,0,0,,,,,,,,,0,0,0,0,0,6,6,59,,,,,,,,,0,0,0,0,,,,,,,,,,,,,,,,,,,-1,2,,,0,,,,,,,,,,,,87.55204599999706,None,89.55664280001656,None,80,2,0,,,,,,,Sub040,001,2022_Sep_28_1342,2_1_MRI_Rating_SE_RE,2021.2.3,59.91023050358771,
0,1,-1,2,80,-1,2,0,0,,,,,,,,,0,0,0,0,0,6,6,59,,,,,,,,,,,,,,,,,,,,,,,,,,,,,,,-1,2,,,0,,,,,,,,,,,,,,,,,,0,,,,,,,Sub040,001,2022_Sep_28_1342,2_1_MRI_Rating_SE_RE,2021.2.3,59.91023050358771,
1,0,0,-1,-1,2,-1,0,0,,,,,,,,,0,0,0,0,0,7,7,10,0,0,0,0,,,,,,,,,,,,,,,,,,,,,91.55656930000987,None,91.55656930000987,None,93.55594389999169,None,0,-1,11.042185393687552,2,0,,,,,,,,,,,,,,,,,,0,,,,,,,Sub040,001,2022_Sep_28_1342,2_1_MRI_Rating_SE_RE,2021.2.3,59.91023050358771,
1,0,0,-1,-1,2,-1,0,0,,,,,,,,,0,0,0,0,0,7,7,10,,,,,,,,,,,,,,,,,,,,,,,,,,,,,,,0,-1,,,0,,,,,,,,,,,,,,,,,,0,,,,,,,Sub040,001,2022_Sep_28_1342,2_1_MRI_Rating_SE_RE,2021.2.3,59.91023050358771,
0,1,-1,0,20,-1,1,0,0,,,,,,,,,0,0,0,0,0,8,8,54,,,,,,,,,0,0,0,0,,,,,,,,,,,,,,,,,,,-1,0,,,0,,,,,,,,,,,,95.55893100000685,None,97.57319080000161,None,20,1,0,,,,,,,Sub040,001,2022_Sep_28_1342,2_1_MRI_Rating_SE_RE,2021.2.3,59.91023050358771,
0,1,-1,0,20,-1,1,0,0,,,,,,,,,0,0,0,0,0,8,8,54,,,,,,,,,,,,,,,,,,,,,,,,,,,,,,,-1,0,,,0,,,,,,,,,,,,,,,,,,0,,,,,,,Sub040,001,2022_Sep_28_1342,2_1_MRI_Rating_SE_RE,2021.2.3,59.91023050358771,
0,1,-1,0,20,-1,1,0,1,,,,,,,,,0,0,0,0,0,9,9,72,,,,,,,,,0,0,0,0,0,0,0,0,,,,,,,,,,,,,,,-1,0,,,0,,,,,,,Slightly Unlikely,1.621063399999997,0.621063399999997,102.95606580001186,None,98.57391460001236,None,100.57301190000726,None,20,1,1,101.57329400000162,None,g,1.355870400002459,101.57329400000162,None,Sub040,001,2022_Sep_28_1342,2_1_MRI_Rating_SE_RE,2021.2.3,59.91023050358771,
0,1,-1,0,20,-1,1,0,1,,,,,,,,,0,0,0,0,0,9,9,72,,,,,,,,,0,0,0,0,,,,,,,,,,,,,,,,,,,-1,0,,,0,,,,,,,,,,,,,,,,,,1,,,,,,,Sub040,001,2022_Sep_28_1342,2_1_MRI_Rating_SE_RE,2021.2.3,59.91023050358771,
0,1,-1,0,20,-1,1,0,1,,,,,,,,,0,0,0,0,0,9,9,72,,,,,,,,,,,,,,,,,,,,,,,,,,,,,,,-1,0,,,0,,,,,,,,,,,,,,,,,,1,,,,,,,Sub040,001,2022_Sep_28_1342,2_1_MRI_Rating_SE_RE,2021.2.3,59.91023050358771,
1,0,1,-1,-1,2,-1,1,0,,,,,,,,,0,0,0,0,0,10,10,40,0,0,0,0,0,0,0,0,,,,,,,,,,,,,,,,,104.59944270001142,None,104.59944270001142,None,106.60649120001472,None,1,-1,29.40368751694533,2,1,108.60777020000387,None,y,0.7904825999867171,108.60777020000387,None,Slightly Likely,2.1770381999999984,1.1770381999999984,109.42393950000405,None,,,,,,,0,,,,,,,Sub040,001,2022_Sep_28_1342,2_1_MRI_Rating_SE_RE,2021.2.3,59.91023050358771,
1,0,1,-1,-1,2,-1,1,0,,,,,,,,,0,0,0,0,0,10,10,40,0,0,0,0,,,,,,,,,,,,,,,,,,,,,,,,,,,1,-1,,,1,,,,,,,,,,,,,,,,,,0,,,,,,,Sub040,001,2022_Sep_28_1342,2_1_MRI_Rating_SE_RE,2021.2.3,59.91023050358771,
1,0,1,-1,-1,2,-1,1,0,,,,,,,,,0,0,0,0,0,10,10,40,,,,,,,,,,,,,,,,,,,,,,,,,,,,,,,1,-1,,,1,,,,,,,,,,,,,,,,,,0,,,,,,,Sub040,001,2022_Sep_28_1342,2_1_MRI_Rating_SE_RE,2021.2.3,59.91023050358771,
1,0,2,-1,-1,2,-1,0,0,,,,,,,,,0,0,0,0,0,11,11,7,0,0,0,0,,,,,,,,,,,,,,,,,,,,,111.61661369999638,None,111.61661369999638,None,113.62351080001099,None,2,-1,55.86918594769035,2,0,,,,,,,,,,,,,,,,,,0,,,,,,,Sub040,001,2022_Sep_28_1342,2_1_MRI_Rating_SE_RE,2021.2.3,59.91023050358771,
1,0,2,-1,-1,2,-1,0,0,,,,,,,,,0,0,0,0,0,11,11,7,,,,,,,,,,,,,,,,,,,,,,,,,,,,,,,2,-1,,,0,,,,,,,,,,,,,,,,,,0,,,,,,,Sub040,001,2022_Sep_28_1342,2_1_MRI_Rating_SE_RE,2021.2.3,59.91023050358771,
0,1,-1,1,50,-1,3,0,1,,,,,,,,,0,0,0,0,0,12,12,79,,,,,,,,,0,0,0,0,0,0,0,0,,,,,,,,,,,,,,,-1,1,,,0,,,,,,,Extremely Likely,2.289697200000006,1.2896972000000062,121.34054950001882,None,115.62520380000933,None,117.6245987000002,None,50,3,1,120.62377410000772,None,b,0.700283699989086,120.62377410000772,None,Sub040,001,2022_Sep_28_1342,2_1_MRI_Rating_SE_RE,2021.2.3,59.91023050358771,
0,1,-1,1,50,-1,3,0,1,,,,,,,,,0,0,0,0,0,12,12,79,,,,,,,,,0,0,0,0,,,,,,,,,,,,,,,,,,,-1,1,,,0,,,,,,,,,,,,,,,,,,1,,,,,,,Sub040,001,2022_Sep_28_1342,2_1_MRI_Rating_SE_RE,2021.2.3,59.91023050358771,
0,1,-1,1,50,-1,3,0,1,,,,,,,,,0,0,0,0,0,12,12,79,,,,,,,,,,,,,,,,,,,,,,,,,,,,,,,-1,1,,,0,,,,,,,,,,,,,,,,,,1,,,,,,,Sub040,001,2022_Sep_28_1342,2_1_MRI_Rating_SE_RE,2021.2.3,59.91023050358771,
1,0,1,-1,-1,2,-1,0,0,,,,,,,,,0,0,0,0,0,13,13,4,0,0,0,0,,,,,,,,,,,,,,,,,,,,,123.64627900000778,None,123.64627900000778,None,125.65731460001552,None,1,-1,29.40368751694533,2,0,,,,,,,,,,,,,,,,,,0,,,,,,,Sub040,001,2022_Sep_28_1342,2_1_MRI_Rating_SE_RE,2021.2.3,59.91023050358771,
1,0,1,-1,-1,2,-1,0,0,,,,,,,,,0,0,0,0,0,13,13,4,,,,,,,,,,,,,,,,,,,,,,,,,,,,,,,1,-1,,,0,,,,,,,,,,,,,,,,,,0,,,,,,,Sub040,001,2022_Sep_28_1342,2_1_MRI_Rating_SE_RE,2021.2.3,59.91023050358771,
1,0,2,-1,-1,1,-1,1,0,,,,,,,,,0,0,0,0,0,14,14,42,0,0,0,0,0,0,0,0,,,,,,,,,,,,,,,,,127.661577699997,None,127.661577699997,None,129.6744345999905,None,2,-1,55.86918594769035,1,1,130.67471230000956,None,b,0.8615076999994926,130.67471230000956,None,Extremely Likely,2.1052549999999997,1.1052549999999997,131.55780919999233,None,,,,,,,0,,,,,,,Sub040,001,2022_Sep_28_1342,2_1_MRI_Rating_SE_RE,2021.2.3,59.91023050358771,
1,0,2,-1,-1,1,-1,1,0,,,,,,,,,0,0,0,0,0,14,14,42,0,0,0,0,,,,,,,,,,,,,,,,,,,,,,,,,,,2,-1,,,1,,,,,,,,,,,,,,,,,,0,,,,,,,Sub040,001,2022_Sep_28_1342,2_1_MRI_Rating_SE_RE,2021.2.3,59.91023050358771,
1,0,2,-1,-1,1,-1,1,0,,,,,,,,,0,0,0,0,0,14,14,42,,,,,,,,,,,,,,,,,,,,,,,,,,,,,,,2,-1,,,1,,,,,,,,,,,,,,,,,,0,,,,,,,Sub040,001,2022_Sep_28_1342,2_1_MRI_Rating_SE_RE,2021.2.3,59.91023050358771,
1,0,0,-1,-1,3,-1,0,0,,,,,,,,,0,0,0,0,0,15,15,2,0,0,0,0,,,,,,,,,,,,,,,,,,,,,133.68180759999086,None,133.68180759999086,None,135.69137740001315,None,0,-1,11.042185393687552,3,0,,,,,,,,,,,,,,,,,,0,,,,,,,Sub040,001,2022_Sep_28_1342,2_1_MRI_Rating_SE_RE,2021.2.3,59.91023050358771,
1,0,0,-1,-1,3,-1,0,0,,,,,,,,,0,0,0,0,0,15,15,2,,,,,,,,,,,,,,,,,,,,,,,,,,,,,,,0,-1,,,0,,,,,,,,,,,,,,,,,,0,,,,,,,Sub040,001,2022_Sep_28_1342,2_1_MRI_Rating_SE_RE,2021.2.3,59.91023050358771,
1,0,2,-1,-1,2,-1,1,0,,,,,,,,,0,0,0,0,0,16,16,25,0,0,0,0,0,0,0,0,,,,,,,,,,,,,,,,,138.6930137000163,None,138.6930137000163,None,140.70789940000395,None,2,-1,55.86918594769035,2,1,142.71006090001902,None,g,1.1020473999960814,142.71006090001902,None,Slightly Unlikely,1.856316899999996,0.8563168999999959,143.84151890000794,None,,,,,,,0,,,,,,,Sub040,001,2022_Sep_28_1342,2_1_MRI_Rating_SE_RE,2021.2.3,59.91023050358771,
1,0,2,-1,-1,2,-1,1,0,,,,,,,,,0,0,0,0,0,16,16,25,0,0,0,0,,,,,,,,,,,,,,,,,,,,,,,,,,,2,-1,,,1,,,,,,,,,,,,,,,,,,0,,,,,,,Sub040,001,2022_Sep_28_1342,2_1_MRI_Rating_SE_RE,2021.2.3,59.91023050358771,
1,0,2,-1,-1,2,-1,1,0,,,,,,,,,0,0,0,0,0,16,16,25,,,,,,,,,,,,,,,,,,,,,,,,,,,,,,,2,-1,,,1,,,,,,,,,,,,,,,,,,0,,,,,,,Sub040,001,2022_Sep_28_1342,2_1_MRI_Rating_SE_RE,2021.2.3,59.91023050358771,
1,0,1,-1,-1,1,-1,1,0,,,,,,,,,0,0,0,0,0,17,17,30,0,0,0,0,0,0,0,0,,,,,,,,,,,,,,,,,145.71240700001363,None,145.71240700001363,None,147.72513700000127,None,1,-1,29.40368751694533,1,1,148.72575290000532,None,y,1.024344999983441,148.72575290000532,None,Slightly Likely,1.939634500000011,0.939634500000011,149.77492809999967,None,,,,,,,0,,,,,,,Sub040,001,2022_Sep_28_1342,2_1_MRI_Rating_SE_RE,2021.2.3,59.91023050358771,
1,0,1,-1,-1,1,-1,1,0,,,,,,,,,0,0,0,0,0,17,17,30,0,0,0,0,,,,,,,,,,,,,,,,,,,,,,,,,,,1,-1,,,1,,,,,,,,,,,,,,,,,,0,,,,,,,Sub040,001,2022_Sep_28_1342,2_1_MRI_Rating_SE_RE,2021.2.3,59.91023050358771,
1,0,1,-1,-1,1,-1,1,0,,,,,,,,,0,0,0,0,0,17,17,30,,,,,,,,,,,,,,,,,,,,,,,,,,,,,,,1,-1,,,1,,,,,,,,,,,,,,,,,,0,,,,,,,Sub040,001,2022_Sep_28_1342,2_1_MRI_Rating_SE_RE,2021.2.3,59.91023050358771,
1,0,2,-1,-1,1,-1,1,0,,,,,,,,,0,0,0,0,0,18,18,15,0,0,0,0,0,0,0,0,,,,,,,,,,,,,,,,,151.73336990000098,None,151.73336990000098,None,153.74256310000783,None,2,-1,55.86918594769035,1,1,154.7420756999927,None,b,0.5579858999990392,154.7420756999927,None,Extremely Likely,2.4123195999999894,1.4123195999999894,155.32525630001328,None,,,,,,,0,,,,,,,Sub040,001,2022_Sep_28_1342,2_1_MRI_Rating_SE_RE,2021.2.3,59.91023050358771,
1,0,2,-1,-1,1,-1,1,0,,,,,,,,,0,0,0,0,0,18,18,15,0,0,0,0,,,,,,,,,,,,,,,,,,,,,,,,,,,2,-1,,,1,,,,,,,,,,,,,,,,,,0,,,,,,,Sub040,001,2022_Sep_28_1342,2_1_MRI_Rating_SE_RE,2021.2.3,59.91023050358771,
1,0,2,-1,-1,1,-1,1,0,,,,,,,,,0,0,0,0,0,18,18,15,,,,,,,,,,,,,,,,,,,,,,,,,,,,,,,2,-1,,,1,,,,,,,,,,,,,,,,,,0,,,,,,,Sub040,001,2022_Sep_28_1342,2_1_MRI_Rating_SE_RE,2021.2.3,59.91023050358771,
1,0,1,-1,-1,1,-1,0,0,,,,,,,,,0,0,0,0,0,19,19,3,0,0,0,0,,,,,,,,,,,,,,,,,,,,,157.75217449999764,None,157.75217449999764,None,159.75920530001167,None,1,-1,29.40368751694533,1,0,,,,,,,,,,,,,,,,,,0,,,,,,,Sub040,001,2022_Sep_28_1342,2_1_MRI_Rating_SE_RE,2021.2.3,59.91023050358771,
1,0,1,-1,-1,1,-1,0,0,,,,,,,,,0,0,0,0,0,19,19,3,,,,,,,,,,,,,,,,,,,,,,,,,,,,,,,1,-1,,,0,,,,,,,,,,,,,,,,,,0,,,,,,,Sub040,001,2022_Sep_28_1342,2_1_MRI_Rating_SE_RE,2021.2.3,59.91023050358771,
0,1,-1,0,20,-1,1,0,1,,,,,,,,,0,0,0,0,0,20,20,63,,,,,,,,,0,0,0,0,0,0,0,0,,,,,,,,,,,,,,,-1,0,,,0,,,,,,,Slightly Unlikely,2.1722268999999983,1.1722268999999983,164.5923555000045,None,160.76133290000143,None,162.77561790001346,None,20,1,1,163.7761126999976,None,g,0.7960722999996506,163.7761126999976,None,Sub040,001,2022_Sep_28_1342,2_1_MRI_Rating_SE_RE,2021.2.3,59.91023050358771,
0,1,-1,0,20,-1,1,0,1,,,,,,,,,0,0,0,0,0,20,20,63,,,,,,,,,0,0,0,0,,,,,,,,,,,,,,,,,,,-1,0,,,0,,,,,,,,,,,,,,,,,,1,,,,,,,Sub040,001,2022_Sep_28_1342,2_1_MRI_Rating_SE_RE,2021.2.3,59.91023050358771,
0,1,-1,0,20,-1,1,0,1,,,,,,,,,0,0,0,0,0,20,20,63,,,,,,,,,,,,,,,,,,,,,,,,,,,,,,,-1,0,,,0,,,,,,,,,,,,,,,,,,1,,,,,,,Sub040,001,2022_Sep_28_1342,2_1_MRI_Rating_SE_RE,2021.2.3,59.91023050358771,
0,1,-1,0,20,-1,3,0,1,,,,,,,,,0,0,0,0,0,21,21,87,,,,,,,,,0,0,0,0,0,0,0,0,,,,,,,,,,,,,,,-1,0,,,0,,,,,,,Slightly Unlikely,1.7119730000000004,0.7119730000000004,173.07536630000686,None,166.7826911000011,None,168.79254170000786,None,20,3,1,171.79439530000673,None,g,1.2655716000008397,171.79439530000673,None,Sub040,001,2022_Sep_28_1342,2_1_MRI_Rating_SE_RE,2021.2.3,59.91023050358771,
0,1,-1,0,20,-1,3,0,1,,,,,,,,,0,0,0,0,0,21,21,87,,,,,,,,,0,0,0,0,,,,,,,,,,,,,,,,,,,-1,0,,,0,,,,,,,,,,,,,,,,,,1,,,,,,,Sub040,001,2022_Sep_28_1342,2_1_MRI_Rating_SE_RE,2021.2.3,59.91023050358771,
0,1,-1,0,20,-1,3,0,1,,,,,,,,,0,0,0,0,0,21,21,87,,,,,,,,,,,,,,,,,,,,,,,,,,,,,,,-1,0,,,0,,,,,,,,,,,,,,,,,,1,,,,,,,Sub040,001,2022_Sep_28_1342,2_1_MRI_Rating_SE_RE,2021.2.3,59.91023050358771,
1,0,2,-1,-1,3,-1,1,0,,,,,,,,,0,0,0,0,0,22,22,44,0,0,0,0,0,0,0,0,,,,,,,,,,,,,,,,,174.79854799999157,None,174.79854799999157,None,176.8099107000162,None,2,-1,55.86918594769035,3,1,179.80989040000713,None,b,0.4782554999983404,179.80989040000713,None,Extremely Likely,2.493084300000021,1.493084300000021,180.30908569999156,None,,,,,,,0,,,,,,,Sub040,001,2022_Sep_28_1342,2_1_MRI_Rating_SE_RE,2021.2.3,59.91023050358771,
1,0,2,-1,-1,3,-1,1,0,,,,,,,,,0,0,0,0,0,22,22,44,0,0,0,0,,,,,,,,,,,,,,,,,,,,,,,,,,,2,-1,,,1,,,,,,,,,,,,,,,,,,0,,,,,,,Sub040,001,2022_Sep_28_1342,2_1_MRI_Rating_SE_RE,2021.2.3,59.91023050358771,
1,0,2,-1,-1,3,-1,1,0,,,,,,,,,0,0,0,0,0,22,22,44,,,,,,,,,,,,,,,,,,,,,,,,,,,,,,,2,-1,,,1,,,,,,,,,,,,,,,,,,0,,,,,,,Sub040,001,2022_Sep_28_1342,2_1_MRI_Rating_SE_RE,2021.2.3,59.91023050358771,
1,0,2,-1,-1,3,-1,1,0,,,,,,,,,0,0,0,0,0,23,23,26,0,0,0,0,0,0,0,0,,,,,,,,,,,,,,,,,182.81727940001292,None,182.81727940001292,None,184.82595500000753,None,2,-1,55.86918594769035,3,1,187.82702709999285,None,b,0.5080048000090756,187.82702709999285,None,Extremely Likely,2.4621371000000067,1.4621371000000067,188.3592842000071,None,,,,,,,0,,,,,,,Sub040,001,2022_Sep_28_1342,2_1_MRI_Rating_SE_RE,2021.2.3,59.91023050358771,
1,0,2,-1,-1,3,-1,1,0,,,,,,,,,0,0,0,0,0,23,23,26,0,0,0,0,,,,,,,,,,,,,,,,,,,,,,,,,,,2,-1,,,1,,,,,,,,,,,,,,,,,,0,,,,,,,Sub040,001,2022_Sep_28_1342,2_1_MRI_Rating_SE_RE,2021.2.3,59.91023050358771,
1,0,2,-1,-1,3,-1,1,0,,,,,,,,,0,0,0,0,0,23,23,26,,,,,,,,,,,,,,,,,,,,,,,,,,,,,,,2,-1,,,1,,,,,,,,,,,,,,,,,,0,,,,,,,Sub040,001,2022_Sep_28_1342,2_1_MRI_Rating_SE_RE,2021.2.3,59.91023050358771,
1,0,0,-1,-1,3,-1,1,0,,,,,,,,,0,0,0,0,0,24,24,20,0,0,0,0,0,0,0,0,,,,,,,,,,,,,,,,,190.83248260000255,None,190.83248260000255,None,192.8434711000009,None,0,-1,11.042185393687552,3,1,195.84485100000165,None,r,0.5571867000253405,195.84485100000165,None,Extremely Unlikely,2.4095607000000143,1.4095607000000143,196.4262651000172,None,,,,,,,0,,,,,,,Sub040,001,2022_Sep_28_1342,2_1_MRI_Rating_SE_RE,2021.2.3,59.91023050358771,
1,0,0,-1,-1,3,-1,1,0,,,,,,,,,0,0,0,0,0,24,24,20,0,0,0,0,,,,,,,,,,,,,,,,,,,,,,,,,,,0,-1,,,1,,,,,,,,,,,,,,,,,,0,,,,,,,Sub040,001,2022_Sep_28_1342,2_1_MRI_Rating_SE_RE,2021.2.3,59.91023050358771,
1,0,0,-1,-1,3,-1,1,0,,,,,,,,,0,0,0,0,0,24,24,20,,,,,,,,,,,,,,,,,,,,,,,,,,,,,,,0,-1,,,1,,,,,,,,,,,,,,,,,,0,,,,,,,Sub040,001,2022_Sep_28_1342,2_1_MRI_Rating_SE_RE,2021.2.3,59.91023050358771,
0,1,-1,2,80,-1,2,0,0,,,,,,,,,0,0,0,0,0,25,25,50,,,,,,,,,0,0,0,0,,,,,,,,,,,,,,,,,,,-1,2,,,0,,,,,,,,,,,,198.85007149999728,None,200.86030840000603,None,80,2,0,,,,,,,Sub040,001,2022_Sep_28_1342,2_1_MRI_Rating_SE_RE,2021.2.3,59.91023050358771,
0,1,-1,2,80,-1,2,0,0,,,,,,,,,0,0,0,0,0,25,25,50,,,,,,,,,,,,,,,,,,,,,,,,,,,,,,,-1,2,,,0,,,,,,,,,,,,,,,,,,0,,,,,,,Sub040,001,2022_Sep_28_1342,2_1_MRI_Rating_SE_RE,2021.2.3,59.91023050358771,
0,1,-1,2,80,-1,3,0,1,,,,,,,,,0,0,0,0,0,26,26,89,,,,,,,,,0,0,0,0,0,0,0,0,,,,,,,,,,,,,,,-1,2,,,0,,,,,,,Extremely Likely,2.2894416999999976,1.2894416999999976,208.57695020001847,None,202.86316670000087,None,204.8767565000162,None,80,3,1,207.87735860000248,None,b,0.6715373000188265,207.87735860000248,None,Sub040,001,2022_Sep_28_1342,2_1_MRI_Rating_SE_RE,2021.2.3,59.91023050358771,
0,1,-1,2,80,-1,3,0,1,,,,,,,,,0,0,0,0,0,26,26,89,,,,,,,,,0,0,0,0,,,,,,,,,,,,,,,,,,,-1,2,,,0,,,,,,,,,,,,,,,,,,1,,,,,,,Sub040,001,2022_Sep_28_1342,2_1_MRI_Rating_SE_RE,2021.2.3,59.91023050358771,
0,1,-1,2,80,-1,3,0,1,,,,,,,,,0,0,0,0,0,26,26,89,,,,,,,,,,,,,,,,,,,,,,,,,,,,,,,-1,2,,,0,,,,,,,,,,,,,,,,,,1,,,,,,,Sub040,001,2022_Sep_28_1342,2_1_MRI_Rating_SE_RE,2021.2.3,59.91023050358771,
1,0,2,-1,-1,1,-1,0,0,,,,,,,,,0,0,0,0,0,27,27,6,0,0,0,0,,,,,,,,,,,,,,,,,,,,,210.88544869999168,None,210.88544869999168,None,212.89413530001184,None,2,-1,55.86918594769035,1,0,,,,,,,,,,,,,,,,,,0,,,,,,,Sub040,001,2022_Sep_28_1342,2_1_MRI_Rating_SE_RE,2021.2.3,59.91023050358771,
1,0,2,-1,-1,1,-1,0,0,,,,,,,,,0,0,0,0,0,27,27,6,,,,,,,,,,,,,,,,,,,,,,,,,,,,,,,2,-1,,,0,,,,,,,,,,,,,,,,,,0,,,,,,,Sub040,001,2022_Sep_28_1342,2_1_MRI_Rating_SE_RE,2021.2.3,59.91023050358771,
1,0,0,-1,-1,1,-1,1,0,,,,,,,,,0,0,0,0,0,28,28,36,0,0,0,0,0,0,0,0,,,,,,,,,,,,,,,,,213.89798750000773,None,213.89798750000773,None,215.91038899999694,None,0,-1,11.042185393687552,1,1,216.91236200000276,None,r,0.637626999989152,216.91236200000276,None,Extremely Unlikely,2.323108899999994,1.323108899999994,217.5770140000095,None,,,,,,,0,,,,,,,Sub040,001,2022_Sep_28_1342,2_1_MRI_Rating_SE_RE,2021.2.3,59.91023050358771,
1,0,0,-1,-1,1,-1,1,0,,,,,,,,,0,0,0,0,0,28,28,36,0,0,0,0,,,,,,,,,,,,,,,,,,,,,,,,,,,0,-1,,,1,,,,,,,,,,,,,,,,,,0,,,,,,,Sub040,001,2022_Sep_28_1342,2_1_MRI_Rating_SE_RE,2021.2.3,59.91023050358771,
1,0,0,-1,-1,1,-1,1,0,,,,,,,,,0,0,0,0,0,28,28,36,,,,,,,,,,,,,,,,,,,,,,,,,,,,,,,0,-1,,,1,,,,,,,,,,,,,,,,,,0,,,,,,,Sub040,001,2022_Sep_28_1342,2_1_MRI_Rating_SE_RE,2021.2.3,59.91023050358771,
1,0,0,-1,-1,2,-1,1,0,,,,,,,,,0,0,0,0,0,29,29,37,0,0,0,0,0,0,0,0,,,,,,,,,,,,,,,,,219.91657620001934,None,219.91657620001934,None,221.9279863999982,None,0,-1,11.042185393687552,2,1,223.92797640000936,None,r,0.5440305999945849,223.92797640000936,None,Extremely Unlikely,2.4279180999999994,1.4279180999999994,224.49476709999726,None,,,,,,,0,,,,,,,Sub040,001,2022_Sep_28_1342,2_1_MRI_Rating_SE_RE,2021.2.3,59.91023050358771,
1,0,0,-1,-1,2,-1,1,0,,,,,,,,,0,0,0,0,0,29,29,37,0,0,0,0,,,,,,,,,,,,,,,,,,,,,,,,,,,0,-1,,,1,,,,,,,,,,,,,,,,,,0,,,,,,,Sub040,001,2022_Sep_28_1342,2_1_MRI_Rating_SE_RE,2021.2.3,59.91023050358771,
1,0,0,-1,-1,2,-1,1,0,,,,,,,,,0,0,0,0,0,29,29,37,,,,,,,,,,,,,,,,,,,,,,,,,,,,,,,0,-1,,,1,,,,,,,,,,,,,,,,,,0,,,,,,,Sub040,001,2022_Sep_28_1342,2_1_MRI_Rating_SE_RE,2021.2.3,59.91023050358771,
0,1,-1,1,50,-1,3,0,0,,,,,,,,,0,0,0,0,0,30,30,52,,,,,,,,,0,0,0,0,,,,,,,,,,,,,,,,,,,-1,1,,,0,,,,,,,,,,,,226.93542719999095,None,228.94524629999069,None,50,3,0,,,,,,,Sub040,001,2022_Sep_28_1342,2_1_MRI_Rating_SE_RE,2021.2.3,59.91023050358771,
0,1,-1,1,50,-1,3,0,0,,,,,,,,,0,0,0,0,0,30,30,52,,,,,,,,,,,,,,,,,,,,,,,,,,,,,,,-1,1,,,0,,,,,,,,,,,,,,,,,,0,,,,,,,Sub040,001,2022_Sep_28_1342,2_1_MRI_Rating_SE_RE,2021.2.3,59.91023050358771,
1,0,2,-1,-1,3,-1,0,0,,,,,,,,,0,0,0,0,0,31,31,8,0,0,0,0,,,,,,,,,,,,,,,,,,,,,231.9470879000146,None,231.9470879000146,None,233.96145070000784,None,2,-1,55.86918594769035,3,0,,,,,,,,,,,,,,,,,,0,,,,,,,Sub040,001,2022_Sep_28_1342,2_1_MRI_Rating_SE_RE,2021.2.3,59.91023050358771,
1,0,2,-1,-1,3,-1,0,0,,,,,,,,,0,0,0,0,0,31,31,8,,,,,,,,,,,,,,,,,,,,,,,,,,,,,,,2,-1,,,0,,,,,,,,,,,,,,,,,,0,,,,,,,Sub040,001,2022_Sep_28_1342,2_1_MRI_Rating_SE_RE,2021.2.3,59.91023050358771,
0,1,-1,1,50,-1,1,0,0,,,,,,,,,0,0,0,0,0,32,32,46,,,,,,,,,0,0,0,0,,,,,,,,,,,,,,,,,,,-1,1,,,0,,,,,,,,,,,,236.96211120000225,None,238.9621936000185,None,50,1,0,,,,,,,Sub040,001,2022_Sep_28_1342,2_1_MRI_Rating_SE_RE,2021.2.3,59.91023050358771,
0,1,-1,1,50,-1,1,0,0,,,,,,,,,0,0,0,0,0,32,32,46,,,,,,,,,,,,,,,,,,,,,,,,,,,,,,,-1,1,,,0,,,,,,,,,,,,,,,,,,0,,,,,,,Sub040,001,2022_Sep_28_1342,2_1_MRI_Rating_SE_RE,2021.2.3,59.91023050358771,
1,0,1,-1,-1,2,-1,1,0,,,,,,,,,0,0,0,0,0,33,33,13,0,0,0,0,0,0,0,0,,,,,,,,,,,,,,,,,239.96356130001368,None,239.96356130001368,None,241.97837910000817,None,1,-1,29.40368751694533,2,1,243.97862239999813,None,y,0.4790954999916721,243.97862239999813,None,Slightly Likely,2.4898787999999854,1.4898787999999854,244.47807410001406,None,,,,,,,0,,,,,,,Sub040,001,2022_Sep_28_1342,2_1_MRI_Rating_SE_RE,2021.2.3,59.91023050358771,
1,0,1,-1,-1,2,-1,1,0,,,,,,,,,0,0,0,0,0,33,33,13,0,0,0,0,,,,,,,,,,,,,,,,,,,,,,,,,,,1,-1,,,1,,,,,,,,,,,,,,,,,,0,,,,,,,Sub040,001,2022_Sep_28_1342,2_1_MRI_Rating_SE_RE,2021.2.3,59.91023050358771,
1,0,1,-1,-1,2,-1,1,0,,,,,,,,,0,0,0,0,0,33,33,13,,,,,,,,,,,,,,,,,,,,,,,,,,,,,,,1,-1,,,1,,,,,,,,,,,,,,,,,,0,,,,,,,Sub040,001,2022_Sep_28_1342,2_1_MRI_Rating_SE_RE,2021.2.3,59.91023050358771,
0,1,-1,0,20,-1,2,0,1,,,,,,,,,0,0,0,0,0,34,34,66,,,,,,,,,0,0,0,0,0,0,0,0,,,,,,,,,,,,,,,-1,0,,,0,,,,,,,Extremely Unlikely,2.1963930000000005,1.1963930000000005,251.7951350999938,None,246.98579740000423,None,248.99548610000056,None,20,2,1,250.99605990000418,None,r,0.7839495000080206,250.99605990000418,None,Sub040,001,2022_Sep_28_1342,2_1_MRI_Rating_SE_RE,2021.2.3,59.91023050358771,
0,1,-1,0,20,-1,2,0,1,,,,,,,,,0,0,0,0,0,34,34,66,,,,,,,,,0,0,0,0,,,,,,,,,,,,,,,,,,,-1,0,,,0,,,,,,,,,,,,,,,,,,1,,,,,,,Sub040,001,2022_Sep_28_1342,2_1_MRI_Rating_SE_RE,2021.2.3,59.91023050358771,
0,1,-1,0,20,-1,2,0,1,,,,,,,,,0,0,0,0,0,34,34,66,,,,,,,,,,,,,,,,,,,,,,,,,,,,,,,-1,0,,,0,,,,,,,,,,,,,,,,,,1,,,,,,,Sub040,001,2022_Sep_28_1342,2_1_MRI_Rating_SE_RE,2021.2.3,59.91023050358771,
1,0,1,-1,-1,1,-1,1,0,,,,,,,,,0,0,0,0,0,35,35,21,0,0,0,0,0,0,0,0,,,,,,,,,,,,,,,,,254.00145750000956,None,254.00145750000956,None,256.012112299999,None,1,-1,29.40368751694533,1,1,257.0274694999971,None,y,0.5704855999792926,257.0274694999971,None,Slightly Likely,2.3770386999999857,1.3770386999999857,257.62861760001397,None,,,,,,,0,,,,,,,Sub040,001,2022_Sep_28_1342,2_1_MRI_Rating_SE_RE,2021.2.3,59.91023050358771,
1,0,1,-1,-1,1,-1,1,0,,,,,,,,,0,0,0,0,0,35,35,21,0,0,0,0,,,,,,,,,,,,,,,,,,,,,,,,,,,1,-1,,,1,,,,,,,,,,,,,,,,,,0,,,,,,,Sub040,001,2022_Sep_28_1342,2_1_MRI_Rating_SE_RE,2021.2.3,59.91023050358771,
1,0,1,-1,-1,1,-1,1,0,,,,,,,,,0,0,0,0,0,35,35,21,,,,,,,,,,,,,,,,,,,,,,,,,,,,,,,1,-1,,,1,,,,,,,,,,,,,,,,,,0,,,,,,,Sub040,001,2022_Sep_28_1342,2_1_MRI_Rating_SE_RE,2021.2.3,59.91023050358771,
0,1,-1,1,50,-1,1,0,1,,,,,,,,,0,0,0,0,0,36,36,64,,,,,,,,,0,0,0,0,0,0,0,0,,,,,,,,,,,,,,,-1,1,,,0,,,,,,,Slightly Likely,2.2612400999999522,1.2612400999999522,263.7621771999984,None,260.01903670001775,None,262.02952360000927,None,50,1,1,263.0317115999933,None,y,0.7024697000160813,263.0317115999933,None,Sub040,001,2022_Sep_28_1342,2_1_MRI_Rating_SE_RE,2021.2.3,59.91023050358771,
0,1,-1,1,50,-1,1,0,1,,,,,,,,,0,0,0,0,0,36,36,64,,,,,,,,,0,0,0,0,,,,,,,,,,,,,,,,,,,-1,1,,,0,,,,,,,,,,,,,,,,,,1,,,,,,,Sub040,001,2022_Sep_28_1342,2_1_MRI_Rating_SE_RE,2021.2.3,59.91023050358771,
0,1,-1,1,50,-1,1,0,1,,,,,,,,,0,0,0,0,0,36,36,64,,,,,,,,,,,,,,,,,,,,,,,,,,,,,,,-1,1,,,0,,,,,,,,,,,,,,,,,,1,,,,,,,Sub040,001,2022_Sep_28_1342,2_1_MRI_Rating_SE_RE,2021.2.3,59.91023050358771,
0,1,-1,1,50,-1,2,0,1,,,,,,,,,0,0,0,0,0,37,37,67,,,,,,,,,0,0,0,0,0,0,0,0,,,,,,,,,,,,,,,-1,1,,,0,,,,,,,Slightly Likely,1.5310488999999734,0.5310488999999734,271.51236130000325,None,266.0372103000118,None,268.0461764000065,None,50,2,1,270.0485481999931,None,y,1.4464105000079144,270.0485481999931,None,Sub040,001,2022_Sep_28_1342,2_1_MRI_Rating_SE_RE,2021.2.3,59.91023050358771,
0,1,-1,1,50,-1,2,0,1,,,,,,,,,0,0,0,0,0,37,37,67,,,,,,,,,0,0,0,0,,,,,,,,,,,,,,,,,,,-1,1,,,0,,,,,,,,,,,,,,,,,,1,,,,,,,Sub040,001,2022_Sep_28_1342,2_1_MRI_Rating_SE_RE,2021.2.3,59.91023050358771,
0,1,-1,1,50,-1,2,0,1,,,,,,,,,0,0,0,0,0,37,37,67,,,,,,,,,,,,,,,,,,,,,,,,,,,,,,,-1,1,,,0,,,,,,,,,,,,,,,,,,1,,,,,,,Sub040,001,2022_Sep_28_1342,2_1_MRI_Rating_SE_RE,2021.2.3,59.91023050358771,
0,1,-1,2,80,-1,1,0,0,,,,,,,,,0,0,0,0,0,38,38,47,,,,,,,,,0,0,0,0,,,,,,,,,,,,,,,,,,,-1,2,,,0,,,,,,,,,,,,273.052024500008,None,275.06280179999885,None,80,1,0,,,,,,,Sub040,001,2022_Sep_28_1342,2_1_MRI_Rating_SE_RE,2021.2.3,59.91023050358771,
0,1,-1,2,80,-1,1,0,0,,,,,,,,,0,0,0,0,0,38,38,47,,,,,,,,,,,,,,,,,,,,,,,,,,,,,,,-1,2,,,0,,,,,,,,,,,,,,,,,,0,,,,,,,Sub040,001,2022_Sep_28_1342,2_1_MRI_Rating_SE_RE,2021.2.3,59.91023050358771,
1,0,1,-1,-1,3,-1,1,0,,,,,,,,,0,0,0,0,0,39,39,23,0,0,0,0,0,0,0,0,,,,,,,,,,,,,,,,,276.06342839999706,None,276.06342839999706,None,278.06282399999327,None,1,-1,29.40368751694533,3,1,281.0783680000168,None,b,0.5054869999876246,281.0783680000168,None,Extremely Likely,2.45326510000001,1.45326510000001,281.61281340001733,None,,,,,,,0,,,,,,,Sub040,001,2022_Sep_28_1342,2_1_MRI_Rating_SE_RE,2021.2.3,59.91023050358771,
1,0,1,-1,-1,3,-1,1,0,,,,,,,,,0,0,0,0,0,39,39,23,0,0,0,0,,,,,,,,,,,,,,,,,,,,,,,,,,,1,-1,,,1,,,,,,,,,,,,,,,,,,0,,,,,,,Sub040,001,2022_Sep_28_1342,2_1_MRI_Rating_SE_RE,2021.2.3,59.91023050358771,
1,0,1,-1,-1,3,-1,1,0,,,,,,,,,0,0,0,0,0,39,39,23,,,,,,,,,,,,,,,,,,,,,,,,,,,,,,,1,-1,,,1,,,,,,,,,,,,,,,,,,0,,,,,,,Sub040,001,2022_Sep_28_1342,2_1_MRI_Rating_SE_RE,2021.2.3,59.91023050358771,
0,1,-1,1,50,-1,2,0,1,,,,,,,,,0,0,0,0,0,40,40,58,,,,,,,,,0,0,0,0,0,0,0,0,,,,,,,,,,,,,,,-1,1,,,0,,,,,,,Slightly Likely,1.9430917999999906,0.9430917999999906,289.14674399999785,None,284.08720199999516,None,286.0972613999911,None,50,2,1,288.0982287999941,None,y,1.0256231999956071,288.0982287999941,None,Sub040,001,2022_Sep_28_1342,2_1_MRI_Rating_SE_RE,2021.2.3,59.91023050358771,
0,1,-1,1,50,-1,2,0,1,,,,,,,,,0,0,0,0,0,40,40,58,,,,,,,,,0,0,0,0,,,,,,,,,,,,,,,,,,,-1,1,,,0,,,,,,,,,,,,,,,,,,1,,,,,,,Sub040,001,2022_Sep_28_1342,2_1_MRI_Rating_SE_RE,2021.2.3,59.91023050358771,
0,1,-1,1,50,-1,2,0,1,,,,,,,,,0,0,0,0,0,40,40,58,,,,,,,,,,,,,,,,,,,,,,,,,,,,,,,-1,1,,,0,,,,,,,,,,,,,,,,,,1,,,,,,,Sub040,001,2022_Sep_28_1342,2_1_MRI_Rating_SE_RE,2021.2.3,59.91023050358771,
0,1,-1,1,50,-1,1,0,1,,,,,,,,,0,0,0,0,0,41,41,82,,,,,,,,,0,0,0,0,0,0,0,0,,,,,,,,,,,,,,,-1,1,,,0,,,,,,,Slightly Likely,2.161650199999997,1.1616501999999969,294.9465928999998,None,291.1028836000187,None,293.1143831000081,None,50,1,1,294.1137782000005,None,y,0.8081781000073534,294.1137782000005,None,Sub040,001,2022_Sep_28_1342,2_1_MRI_Rating_SE_RE,2021.2.3,59.91023050358771,
0,1,-1,1,50,-1,1,0,1,,,,,,,,,0,0,0,0,0,41,41,82,,,,,,,,,0,0,0,0,,,,,,,,,,,,,,,,,,,-1,1,,,0,,,,,,,,,,,,,,,,,,1,,,,,,,Sub040,001,2022_Sep_28_1342,2_1_MRI_Rating_SE_RE,2021.2.3,59.91023050358771,
0,1,-1,1,50,-1,1,0,1,,,,,,,,,0,0,0,0,0,41,41,82,,,,,,,,,,,,,,,,,,,,,,,,,,,,,,,-1,1,,,0,,,,,,,,,,,,,,,,,,1,,,,,,,Sub040,001,2022_Sep_28_1342,2_1_MRI_Rating_SE_RE,2021.2.3,59.91023050358771,
1,0,1,-1,-1,3,-1,1,0,,,,,,,,,0,0,0,0,0,42,42,41,0,0,0,0,0,0,0,0,,,,,,,,,,,,,,,,,297.12075880001066,None,297.12075880001066,None,299.1300176999939,None,1,-1,29.40368751694533,3,1,302.1454856999917,None,y,0.45641530002467334,302.1454856999917,None,Slightly Likely,2.4961771000000113,1.4961771000000113,302.63087680001627,None,,,,,,,0,,,,,,,Sub040,001,2022_Sep_28_1342,2_1_MRI_Rating_SE_RE,2021.2.3,59.91023050358771,
1,0,1,-1,-1,3,-1,1,0,,,,,,,,,0,0,0,0,0,42,42,41,0,0,0,0,,,,,,,,,,,,,,,,,,,,,,,,,,,1,-1,,,1,,,,,,,,,,,,,,,,,,0,,,,,,,Sub040,001,2022_Sep_28_1342,2_1_MRI_Rating_SE_RE,2021.2.3,59.91023050358771,
1,0,1,-1,-1,3,-1,1,0,,,,,,,,,0,0,0,0,0,42,42,41,,,,,,,,,,,,,,,,,,,,,,,,,,,,,,,1,-1,,,1,,,,,,,,,,,,,,,,,,0,,,,,,,Sub040,001,2022_Sep_28_1342,2_1_MRI_Rating_SE_RE,2021.2.3,59.91023050358771,
1,0,0,-1,-1,3,-1,1,0,,,,,,,,,0,0,0,0,0,43,43,29,0,0,0,0,0,0,0,0,,,,,,,,,,,,,,,,,305.14059180000913,None,305.14059180000913,None,307.1472616000101,None,0,-1,11.042185393687552,3,1,310.1482355000044,None,r,0.7906427999841981,310.1482355000044,None,Extremely Unlikely,2.1798402999999666,1.1798402999999666,310.96372180001345,None,,,,,,,0,,,,,,,Sub040,001,2022_Sep_28_1342,2_1_MRI_Rating_SE_RE,2021.2.3,59.91023050358771,
1,0,0,-1,-1,3,-1,1,0,,,,,,,,,0,0,0,0,0,43,43,29,0,0,0,0,,,,,,,,,,,,,,,,,,,,,,,,,,,0,-1,,,1,,,,,,,,,,,,,,,,,,0,,,,,,,Sub040,001,2022_Sep_28_1342,2_1_MRI_Rating_SE_RE,2021.2.3,59.91023050358771,
1,0,0,-1,-1,3,-1,1,0,,,,,,,,,0,0,0,0,0,43,43,29,,,,,,,,,,,,,,,,,,,,,,,,,,,,,,,0,-1,,,1,,,,,,,,,,,,,,,,,,0,,,,,,,Sub040,001,2022_Sep_28_1342,2_1_MRI_Rating_SE_RE,2021.2.3,59.91023050358771,
1,0,1,-1,-1,1,-1,0,0,,,,,,,,,0,0,0,0,0,44,44,12,0,0,0,0,,,,,,,,,,,,,,,,,,,,,313.1548053000006,None,313.1548053000006,None,315.164485300018,None,1,-1,29.40368751694533,1,0,,,,,,,,,,,,,,,,,,0,,,,,,,Sub040,001,2022_Sep_28_1342,2_1_MRI_Rating_SE_RE,2021.2.3,59.91023050358771,
1,0,1,-1,-1,1,-1,0,0,,,,,,,,,0,0,0,0,0,44,44,12,,,,,,,,,,,,,,,,,,,,,,,,,,,,,,,1,-1,,,0,,,,,,,,,,,,,,,,,,0,,,,,,,Sub040,001,2022_Sep_28_1342,2_1_MRI_Rating_SE_RE,2021.2.3,59.91023050358771,
0,1,-1,2,80,-1,3,0,1,,,,,,,,,0,0,0,0,0,45,45,71,,,,,,,,,0,0,0,0,0,0,0,0,,,,,,,,,,,,,,,-1,2,,,0,,,,,,,Extremely Likely,2.523477200000002,1.523477200000002,321.6483045000059,None,316.16743750000023,None,318.1812315999996,None,80,3,1,321.1821367999946,None,b,0.4390747999714222,321.1821367999946,None,Sub040,001,2022_Sep_28_1342,2_1_MRI_Rating_SE_RE,2021.2.3,59.91023050358771,
0,1,-1,2,80,-1,3,0,1,,,,,,,,,0,0,0,0,0,45,45,71,,,,,,,,,0,0,0,0,,,,,,,,,,,,,,,,,,,-1,2,,,0,,,,,,,,,,,,,,,,,,1,,,,,,,Sub040,001,2022_Sep_28_1342,2_1_MRI_Rating_SE_RE,2021.2.3,59.91023050358771,
0,1,-1,2,80,-1,3,0,1,,,,,,,,,0,0,0,0,0,45,45,71,,,,,,,,,,,,,,,,,,,,,,,,,,,,,,,-1,2,,,0,,,,,,,,,,,,,,,,,,1,,,,,,,Sub040,001,2022_Sep_28_1342,2_1_MRI_Rating_SE_RE,2021.2.3,59.91023050358771,
1,0,0,-1,-1,1,-1,0,0,,,,,,,,,0,0,0,0,0,46,46,0,0,0,0,0,,,,,,,,,,,,,,,,,,,,,324.18772909999825,None,324.18772909999825,None,326.198186499998,None,0,-1,11.042185393687552,1,0,,,,,,,,,,,,,,,,,,0,,,,,,,Sub040,001,2022_Sep_28_1342,2_1_MRI_Rating_SE_RE,2021.2.3,59.91023050358771,
1,0,0,-1,-1,1,-1,0,0,,,,,,,,,0,0,0,0,0,46,46,0,,,,,,,,,,,,,,,,,,,,,,,,,,,,,,,0,-1,,,0,,,,,,,,,,,,,,,,,,0,,,,,,,Sub040,001,2022_Sep_28_1342,2_1_MRI_Rating_SE_RE,2021.2.3,59.91023050358771,
1,0,0,-1,-1,1,-1,0,0,,,,,,,,,0,0,0,0,0,47,47,9,0,0,0,0,,,,,,,,,,,,,,,,,,,,,327.19986980000976,None,327.19986980000976,None,329.21539309999207,None,0,-1,11.042185393687552,1,0,,,,,,,,,,,,,,,,,,0,,,,,,,Sub040,001,2022_Sep_28_1342,2_1_MRI_Rating_SE_RE,2021.2.3,59.91023050358771,
1,0,0,-1,-1,1,-1,0,0,,,,,,,,,0,0,0,0,0,47,47,9,,,,,,,,,,,,,,,,,,,,,,,,,,,,,,,0,-1,,,0,,,,,,,,,,,,,,,,,,0,,,,,,,Sub040,001,2022_Sep_28_1342,2_1_MRI_Rating_SE_RE,2021.2.3,59.91023050358771,
1,0,0,-1,-1,2,-1,1,0,,,,,,,,,0,0,0,0,0,48,48,19,0,0,0,0,0,0,0,0,,,,,,,,,,,,,,,,,330.2148909000098,None,330.2148909000098,None,332.21491480001714,None,0,-1,11.042185393687552,2,1,334.2153620000172,None,r,1.6822304999805056,334.2153620000172,None,Extremely Unlikely,1.3042756000000395,0.3042756000000395,335.91454280001926,None,,,,,,,0,,,,,,,Sub040,001,2022_Sep_28_1342,2_1_MRI_Rating_SE_RE,2021.2.3,59.91023050358771,
1,0,0,-1,-1,2,-1,1,0,,,,,,,,,0,0,0,0,0,48,48,19,0,0,0,0,,,,,,,,,,,,,,,,,,,,,,,,,,,0,-1,,,1,,,,,,,,,,,,,,,,,,0,,,,,,,Sub040,001,2022_Sep_28_1342,2_1_MRI_Rating_SE_RE,2021.2.3,59.91023050358771,
1,0,0,-1,-1,2,-1,1,0,,,,,,,,,0,0,0,0,0,48,48,19,,,,,,,,,,,,,,,,,,,,,,,,,,,,,,,0,-1,,,1,,,,,,,,,,,,,,,,,,0,,,,,,,Sub040,001,2022_Sep_28_1342,2_1_MRI_Rating_SE_RE,2021.2.3,59.91023050358771,
1,0,1,-1,-1,2,-1,1,0,,,,,,,,,0,0,0,0,0,49,49,22,0,0,0,0,0,0,0,0,,,,,,,,,,,,,,,,,337.23398760001874,None,337.23398760001874,None,339.24970440001925,None,1,-1,29.40368751694533,2,1,341.2521027000039,None,y,0.5526939000119455,341.2521027000039,None,Slightly Likely,2.405813799999976,1.4058137999999758,341.83179620001465,None,,,,,,,0,,,,,,,Sub040,001,2022_Sep_28_1342,2_1_MRI_Rating_SE_RE,2021.2.3,59.91023050358771,
1,0,1,-1,-1,2,-1,1,0,,,,,,,,,0,0,0,0,0,49,49,22,0,0,0,0,,,,,,,,,,,,,,,,,,,,,,,,,,,1,-1,,,1,,,,,,,,,,,,,,,,,,0,,,,,,,Sub040,001,2022_Sep_28_1342,2_1_MRI_Rating_SE_RE,2021.2.3,59.91023050358771,
1,0,1,-1,-1,2,-1,1,0,,,,,,,,,0,0,0,0,0,49,49,22,,,,,,,,,,,,,,,,,,,,,,,,,,,,,,,1,-1,,,1,,,,,,,,,,,,,,,,,,0,,,,,,,Sub040,001,2022_Sep_28_1342,2_1_MRI_Rating_SE_RE,2021.2.3,59.91023050358771,
0,1,-1,1,50,-1,1,0,1,,,,,,,,,0,0,0,0,0,50,50,73,,,,,,,,,0,0,0,0,0,0,0,0,,,,,,,,,,,,,,,-1,1,,,0,,,,,,,Slightly Likely,2.3787591000000248,1.3787591000000248,347.8818969000131,None,344.25490070000524,None,346.26592599999276,None,50,1,1,347.2671002999996,None,y,0.5936726000218187,347.2671002999996,None,Sub040,001,2022_Sep_28_1342,2_1_MRI_Rating_SE_RE,2021.2.3,59.91023050358771,
0,1,-1,1,50,-1,1,0,1,,,,,,,,,0,0,0,0,0,50,50,73,,,,,,,,,0,0,0,0,,,,,,,,,,,,,,,,,,,-1,1,,,0,,,,,,,,,,,,,,,,,,1,,,,,,,Sub040,001,2022_Sep_28_1342,2_1_MRI_Rating_SE_RE,2021.2.3,59.91023050358771,
0,1,-1,1,50,-1,1,0,1,,,,,,,,,0,0,0,0,0,50,50,73,,,,,,,,,,,,,,,,,,,,,,,,,,,,,,,-1,1,,,0,,,,,,,,,,,,,,,,,,1,,,,,,,Sub040,001,2022_Sep_28_1342,2_1_MRI_Rating_SE_RE,2021.2.3,59.91023050358771,
0,1,-1,2,80,-1,2,0,1,,,,,,,,,0,0,0,0,0,51,51,77,,,,,,,,,0,0,0,0,0,0,0,0,,,,,,,,,,,,,,,-1,2,,,0,,,,,,,Extremely Likely,2.348501200000044,1.3485012000000438,354.9324797000154,None,350.2759476999927,None,352.2825232000032,None,80,2,1,354.29731680001714,None,b,0.6044889000186231,354.29731680001714,None,Sub040,001,2022_Sep_28_1342,2_1_MRI_Rating_SE_RE,2021.2.3,59.91023050358771,
0,1,-1,2,80,-1,2,0,1,,,,,,,,,0,0,0,0,0,51,51,77,,,,,,,,,0,0,0,0,,,,,,,,,,,,,,,,,,,-1,2,,,0,,,,,,,,,,,,,,,,,,1,,,,,,,Sub040,001,2022_Sep_28_1342,2_1_MRI_Rating_SE_RE,2021.2.3,59.91023050358771,
0,1,-1,2,80,-1,2,0,1,,,,,,,,,0,0,0,0,0,51,51,77,,,,,,,,,,,,,,,,,,,,,,,,,,,,,,,-1,2,,,0,,,,,,,,,,,,,,,,,,1,,,,,,,Sub040,001,2022_Sep_28_1342,2_1_MRI_Rating_SE_RE,2021.2.3,59.91023050358771,
0,1,-1,0,20,-1,2,0,1,,,,,,,,,0,0,0,0,0,52,52,75,,,,,,,,,0,0,0,0,0,0,0,0,,,,,,,,,,,,,,,-1,0,,,0,,,,,,,Extremely Unlikely,2.277250200000026,1.2772502000000259,362.0158433000033,None,357.2877829000063,None,359.2994423999917,None,20,2,1,361.30038860000786,None,r,0.6882553000177722,361.30038860000786,None,Sub040,001,2022_Sep_28_1342,2_1_MRI_Rating_SE_RE,2021.2.3,59.91023050358771,
0,1,-1,0,20,-1,2,0,1,,,,,,,,,0,0,0,0,0,52,52,75,,,,,,,,,0,0,0,0,,,,,,,,,,,,,,,,,,,-1,0,,,0,,,,,,,,,,,,,,,,,,1,,,,,,,Sub040,001,2022_Sep_28_1342,2_1_MRI_Rating_SE_RE,2021.2.3,59.91023050358771,
0,1,-1,0,20,-1,2,0,1,,,,,,,,,0,0,0,0,0,52,52,75,,,,,,,,,,,,,,,,,,,,,,,,,,,,,,,-1,0,,,0,,,,,,,,,,,,,,,,,,1,,,,,,,Sub040,001,2022_Sep_28_1342,2_1_MRI_Rating_SE_RE,2021.2.3,59.91023050358771,
1,0,2,-1,-1,1,-1,1,0,,,,,,,,,0,0,0,0,0,53,53,33,0,0,0,0,0,0,0,0,,,,,,,,,,,,,,,,,364.30826320001506,None,364.30826320001506,None,366.31601000000956,None,2,-1,55.86918594769035,1,1,367.3169953000033,None,b,0.54069699998945,367.3169953000033,None,Extremely Likely,2.4304994000000306,1.4304994000000306,367.8827470999968,None,,,,,,,0,,,,,,,Sub040,001,2022_Sep_28_1342,2_1_MRI_Rating_SE_RE,2021.2.3,59.91023050358771,
1,0,2,-1,-1,1,-1,1,0,,,,,,,,,0,0,0,0,0,53,53,33,0,0,0,0,,,,,,,,,,,,,,,,,,,,,,,,,,,2,-1,,,1,,,,,,,,,,,,,,,,,,0,,,,,,,Sub040,001,2022_Sep_28_1342,2_1_MRI_Rating_SE_RE,2021.2.3,59.91023050358771,
1,0,2,-1,-1,1,-1,1,0,,,,,,,,,0,0,0,0,0,53,53,33,,,,,,,,,,,,,,,,,,,,,,,,,,,,,,,2,-1,,,1,,,,,,,,,,,,,,,,,,0,,,,,,,Sub040,001,2022_Sep_28_1342,2_1_MRI_Rating_SE_RE,2021.2.3,59.91023050358771,
0,1,-1,0,20,-1,2,0,1,,,,,,,,,0,0,0,0,0,54,54,84,,,,,,,,,0,0,0,0,0,0,0,0,,,,,,,,,,,,,,,-1,0,,,0,,,,,,,Extremely Unlikely,2.4591053999999986,1.4591053999999986,374.8660926000157,None,370.31986429999233,None,372.33284119999735,None,20,2,1,374.33333459999994,None,r,0.5157402000040747,374.33333459999994,None,Sub040,001,2022_Sep_28_1342,2_1_MRI_Rating_SE_RE,2021.2.3,59.91023050358771,
0,1,-1,0,20,-1,2,0,1,,,,,,,,,0,0,0,0,0,54,54,84,,,,,,,,,0,0,0,0,,,,,,,,,,,,,,,,,,,-1,0,,,0,,,,,,,,,,,,,,,,,,1,,,,,,,Sub040,001,2022_Sep_28_1342,2_1_MRI_Rating_SE_RE,2021.2.3,59.91023050358771,
0,1,-1,0,20,-1,2,0,1,,,,,,,,,0,0,0,0,0,54,54,84,,,,,,,,,,,,,,,,,,,,,,,,,,,,,,,-1,0,,,0,,,,,,,,,,,,,,,,,,1,,,,,,,Sub040,001,2022_Sep_28_1342,2_1_MRI_Rating_SE_RE,2021.2.3,59.91023050358771,
1,0,1,-1,-1,3,-1,0,0,,,,,,,,,0,0,0,0,0,55,55,5,0,0,0,0,,,,,,,,,,,,,,,,,,,,,377.33965040001203,None,377.33965040001203,None,379.3497551000037,None,1,-1,29.40368751694533,3,0,,,,,,,,,,,,,,,,,,0,,,,,,,Sub040,001,2022_Sep_28_1342,2_1_MRI_Rating_SE_RE,2021.2.3,59.91023050358771,
1,0,1,-1,-1,3,-1,0,0,,,,,,,,,0,0,0,0,0,55,55,5,,,,,,,,,,,,,,,,,,,,,,,,,,,,,,,1,-1,,,0,,,,,,,,,,,,,,,,,,0,,,,,,,Sub040,001,2022_Sep_28_1342,2_1_MRI_Rating_SE_RE,2021.2.3,59.91023050358771,
1,0,2,-1,-1,2,-1,0,0,,,,,,,,,0,0,0,0,0,56,56,16,0,0,0,0,,,,,,,,,,,,,,,,,,,,,382.3559690999973,None,382.3559690999973,None,384.36652630000026,None,2,-1,55.86918594769035,2,0,,,,,,,,,,,,,,,,,,0,,,,,,,Sub040,001,2022_Sep_28_1342,2_1_MRI_Rating_SE_RE,2021.2.3,59.91023050358771,
1,0,2,-1,-1,2,-1,0,0,,,,,,,,,0,0,0,0,0,56,56,16,,,,,,,,,,,,,,,,,,,,,,,,,,,,,,,2,-1,,,0,,,,,,,,,,,,,,,,,,0,,,,,,,Sub040,001,2022_Sep_28_1342,2_1_MRI_Rating_SE_RE,2021.2.3,59.91023050358771,
0,1,-1,0,20,-1,1,0,0,,,,,,,,,0,0,0,0,0,57,57,45,,,,,,,,,0,0,0,0,,,,,,,,,,,,,,,,,,,-1,0,,,0,,,,,,,,,,,,386.3675460999948,None,388.36734210001305,None,20,1,0,,,,,,,Sub040,001,2022_Sep_28_1342,2_1_MRI_Rating_SE_RE,2021.2.3,59.91023050358771,
0,1,-1,0,20,-1,1,0,0,,,,,,,,,0,0,0,0,0,57,57,45,,,,,,,,,,,,,,,,,,,,,,,,,,,,,,,-1,0,,,0,,,,,,,,,,,,,,,,,,0,,,,,,,Sub040,001,2022_Sep_28_1342,2_1_MRI_Rating_SE_RE,2021.2.3,59.91023050358771,
0,1,-1,0,20,-1,2,0,0,,,,,,,,,0,0,0,0,0,58,58,57,,,,,,,,,0,0,0,0,,,,,,,,,,,,,,,,,,,-1,0,,,0,,,,,,,,,,,,389.36765359999845,None,391.36753429999226,None,20,2,0,,,,,,,Sub040,001,2022_Sep_28_1342,2_1_MRI_Rating_SE_RE,2021.2.3,59.91023050358771,
0,1,-1,0,20,-1,2,0,0,,,,,,,,,0,0,0,0,0,58,58,57,,,,,,,,,,,,,,,,,,,,,,,,,,,,,,,-1,0,,,0,,,,,,,,,,,,,,,,,,0,,,,,,,Sub040,001,2022_Sep_28_1342,2_1_MRI_Rating_SE_RE,2021.2.3,59.91023050358771,
0,1,-1,2,80,-1,1,0,1,,,,,,,,,0,0,0,0,0,59,59,74,,,,,,,,,0,0,0,0,0,0,0,0,,,,,,,,,,,,,,,-1,2,,,0,,,,,,,Slightly Likely,2.322084299999972,1.3220842999999718,397.0504609000054,None,393.3680993000162,None,395.3671761000005,None,80,1,1,396.382130700018,None,y,0.645550799992634,396.382130700018,None,Sub040,001,2022_Sep_28_1342,2_1_MRI_Rating_SE_RE,2021.2.3,59.91023050358771,
0,1,-1,2,80,-1,1,0,1,,,,,,,,,0,0,0,0,0,59,59,74,,,,,,,,,0,0,0,0,,,,,,,,,,,,,,,,,,,-1,2,,,0,,,,,,,,,,,,,,,,,,1,,,,,,,Sub040,001,2022_Sep_28_1342,2_1_MRI_Rating_SE_RE,2021.2.3,59.91023050358771,
0,1,-1,2,80,-1,1,0,1,,,,,,,,,0,0,0,0,0,59,59,74,,,,,,,,,,,,,,,,,,,,,,,,,,,,,,,-1,2,,,0,,,,,,,,,,,,,,,,,,1,,,,,,,Sub040,001,2022_Sep_28_1342,2_1_MRI_Rating_SE_RE,2021.2.3,59.91023050358771,
0,1,-1,1,50,-1,2,0,1,,,,,,,,,0,0,0,0,0,60,60,85,,,,,,,,,0,0,0,0,0,0,0,0,,,,,,,,,,,,,,,-1,1,,,0,,,,,,,Slightly Likely,1.6115674999999783,0.6115674999999783,404.78371139999945,None,399.39050169999246,None,401.40062440000474,None,50,2,1,403.4017082999926,None,y,1.3568649000080768,403.4017082999926,None,Sub040,001,2022_Sep_28_1342,2_1_MRI_Rating_SE_RE,2021.2.3,59.91023050358771,
0,1,-1,1,50,-1,2,0,1,,,,,,,,,0,0,0,0,0,60,60,85,,,,,,,,,0,0,0,0,,,,,,,,,,,,,,,,,,,-1,1,,,0,,,,,,,,,,,,,,,,,,1,,,,,,,Sub040,001,2022_Sep_28_1342,2_1_MRI_Rating_SE_RE,2021.2.3,59.91023050358771,
0,1,-1,1,50,-1,2,0,1,,,,,,,,,0,0,0,0,0,60,60,85,,,,,,,,,,,,,,,,,,,,,,,,,,,,,,,-1,1,,,0,,,,,,,,,,,,,,,,,,1,,,,,,,Sub040,001,2022_Sep_28_1342,2_1_MRI_Rating_SE_RE,2021.2.3,59.91023050358771,
0,1,-1,1,50,-1,3,0,1,,,,,,,,,0,0,0,0,0,61,61,70,,,,,,,,,0,0,0,0,0,0,0,0,,,,,,,,,,,,,,,-1,1,,,0,,,,,,,Slightly Likely,2.4101301000000035,1.4101301000000035,412.0011679000163,None,406.40532700001495,None,408.41791139999987,None,50,3,1,411.41935949999606,None,y,0.5661607999936678,411.41935949999606,None,Sub040,001,2022_Sep_28_1342,2_1_MRI_Rating_SE_RE,2021.2.3,59.91023050358771,
0,1,-1,1,50,-1,3,0,1,,,,,,,,,0,0,0,0,0,61,61,70,,,,,,,,,0,0,0,0,,,,,,,,,,,,,,,,,,,-1,1,,,0,,,,,,,,,,,,,,,,,,1,,,,,,,Sub040,001,2022_Sep_28_1342,2_1_MRI_Rating_SE_RE,2021.2.3,59.91023050358771,
0,1,-1,1,50,-1,3,0,1,,,,,,,,,0,0,0,0,0,61,61,70,,,,,,,,,,,,,,,,,,,,,,,,,,,,,,,-1,1,,,0,,,,,,,,,,,,,,,,,,1,,,,,,,Sub040,001,2022_Sep_28_1342,2_1_MRI_Rating_SE_RE,2021.2.3,59.91023050358771,
1,0,2,-1,-1,3,-1,1,0,,,,,,,,,0,0,0,0,0,62,62,35,0,0,0,0,0,0,0,0,,,,,,,,,,,,,,,,,414.4261628999957,None,414.4261628999957,None,416.4344812000054,None,2,-1,55.86918594769035,3,1,419.43557729999884,None,b,0.5441400000127032,419.43557729999884,None,Extremely Likely,2.430519000000004,1.4305190000000039,420.00134469999466,None,,,,,,,0,,,,,,,Sub040,001,2022_Sep_28_1342,2_1_MRI_Rating_SE_RE,2021.2.3,59.91023050358771,
1,0,2,-1,-1,3,-1,1,0,,,,,,,,,0,0,0,0,0,62,62,35,0,0,0,0,,,,,,,,,,,,,,,,,,,,,,,,,,,2,-1,,,1,,,,,,,,,,,,,,,,,,0,,,,,,,Sub040,001,2022_Sep_28_1342,2_1_MRI_Rating_SE_RE,2021.2.3,59.91023050358771,
1,0,2,-1,-1,3,-1,1,0,,,,,,,,,0,0,0,0,0,62,62,35,,,,,,,,,,,,,,,,,,,,,,,,,,,,,,,2,-1,,,1,,,,,,,,,,,,,,,,,,0,,,,,,,Sub040,001,2022_Sep_28_1342,2_1_MRI_Rating_SE_RE,2021.2.3,59.91023050358771,
0,1,-1,2,80,-1,2,0,1,,,,,,,,,0,0,0,0,0,63,63,68,,,,,,,,,0,0,0,0,0,0,0,0,,,,,,,,,,,,,,,-1,2,,,0,,,,,,,Extremely Likely,2.4785790000000247,1.4785790000000247,426.9681053000095,None,422.44271010000375,None,424.4518526000029,None,80,2,1,426.45169129999704,None,b,0.4899474999983795,426.45169129999704,None,Sub040,001,2022_Sep_28_1342,2_1_MRI_Rating_SE_RE,2021.2.3,59.91023050358771,
0,1,-1,2,80,-1,2,0,1,,,,,,,,,0,0,0,0,0,63,63,68,,,,,,,,,0,0,0,0,,,,,,,,,,,,,,,,,,,-1,2,,,0,,,,,,,,,,,,,,,,,,1,,,,,,,Sub040,001,2022_Sep_28_1342,2_1_MRI_Rating_SE_RE,2021.2.3,59.91023050358771,
0,1,-1,2,80,-1,2,0,1,,,,,,,,,0,0,0,0,0,63,63,68,,,,,,,,,,,,,,,,,,,,,,,,,,,,,,,-1,2,,,0,,,,,,,,,,,,,,,,,,1,,,,,,,Sub040,001,2022_Sep_28_1342,2_1_MRI_Rating_SE_RE,2021.2.3,59.91023050358771,
0,1,-1,1,50,-1,3,0,1,,,,,,,,,0,0,0,0,0,64,64,88,,,,,,,,,0,0,0,0,0,0,0,0,,,,,,,,,,,,,,,-1,1,,,0,,,,,,,Extremely Likely,2.344241899999986,1.344241899999986,435.11875090000103,None,429.4585854000179,None,431.4690683000081,None,50,3,1,434.4689850000141,None,b,0.6207340999972075,434.4689850000141,None,Sub040,001,2022_Sep_28_1342,2_1_MRI_Rating_SE_RE,2021.2.3,59.91023050358771,
0,1,-1,1,50,-1,3,0,1,,,,,,,,,0,0,0,0,0,64,64,88,,,,,,,,,0,0,0,0,,,,,,,,,,,,,,,,,,,-1,1,,,0,,,,,,,,,,,,,,,,,,1,,,,,,,Sub040,001,2022_Sep_28_1342,2_1_MRI_Rating_SE_RE,2021.2.3,59.91023050358771,
0,1,-1,1,50,-1,3,0,1,,,,,,,,,0,0,0,0,0,64,64,88,,,,,,,,,,,,,,,,,,,,,,,,,,,,,,,-1,1,,,0,,,,,,,,,,,,,,,,,,1,,,,,,,Sub040,001,2022_Sep_28_1342,2_1_MRI_Rating_SE_RE,2021.2.3,59.91023050358771,
1,0,0,-1,-1,3,-1,1,0,,,,,,,,,0,0,0,0,0,65,65,38,0,0,0,0,0,0,0,0,,,,,,,,,,,,,,,,,437.4753983000119,None,437.4753983000119,None,439.48596530000214,None,0,-1,11.042185393687552,3,1,442.4874184000073,None,r,0.8282809999946039,442.4874184000073,None,Extremely Unlikely,2.143689399999971,1.143689399999971,443.33528140001,None,,,,,,,0,,,,,,,Sub040,001,2022_Sep_28_1342,2_1_MRI_Rating_SE_RE,2021.2.3,59.91023050358771,
1,0,0,-1,-1,3,-1,1,0,,,,,,,,,0,0,0,0,0,65,65,38,0,0,0,0,,,,,,,,,,,,,,,,,,,,,,,,,,,0,-1,,,1,,,,,,,,,,,,,,,,,,0,,,,,,,Sub040,001,2022_Sep_28_1342,2_1_MRI_Rating_SE_RE,2021.2.3,59.91023050358771,
1,0,0,-1,-1,3,-1,1,0,,,,,,,,,0,0,0,0,0,65,65,38,,,,,,,,,,,,,,,,,,,,,,,,,,,,,,,0,-1,,,1,,,,,,,,,,,,,,,,,,0,,,,,,,Sub040,001,2022_Sep_28_1342,2_1_MRI_Rating_SE_RE,2021.2.3,59.91023050358771,
1,0,2,-1,-1,1,-1,1,0,,,,,,,,,0,0,0,0,0,66,66,24,0,0,0,0,0,0,0,0,,,,,,,,,,,,,,,,,445.4974499999953,None,445.4974499999953,None,447.5025636999926,None,2,-1,55.86918594769035,1,1,448.5174452000065,None,b,0.5103697000013199,448.5174452000065,None,Extremely Likely,2.448363200000017,1.448363200000017,449.0520322000084,None,,,,,,,0,,,,,,,Sub040,001,2022_Sep_28_1342,2_1_MRI_Rating_SE_RE,2021.2.3,59.91023050358771,
1,0,2,-1,-1,1,-1,1,0,,,,,,,,,0,0,0,0,0,66,66,24,0,0,0,0,,,,,,,,,,,,,,,,,,,,,,,,,,,2,-1,,,1,,,,,,,,,,,,,,,,,,0,,,,,,,Sub040,001,2022_Sep_28_1342,2_1_MRI_Rating_SE_RE,2021.2.3,59.91023050358771,
1,0,2,-1,-1,1,-1,1,0,,,,,,,,,0,0,0,0,0,66,66,24,,,,,,,,,,,,,,,,,,,,,,,,,,,,,,,2,-1,,,1,,,,,,,,,,,,,,,,,,0,,,,,,,Sub040,001,2022_Sep_28_1342,2_1_MRI_Rating_SE_RE,2021.2.3,59.91023050358771,
1,0,1,-1,-1,3,-1,1,0,,,,,,,,,0,0,0,0,0,67,67,32,0,0,0,0,0,0,0,0,,,,,,,,,,,,,,,,,451.50525770001695,None,451.50525770001695,None,453.5190302999981,None,1,-1,29.40368751694533,3,1,456.5205428999907,None,y,0.5100513000215869,456.5205428999907,None,Slightly Likely,2.4557101999999986,1.4557101999999986,457.05294019999565,None,,,,,,,0,,,,,,,Sub040,001,2022_Sep_28_1342,2_1_MRI_Rating_SE_RE,2021.2.3,59.91023050358771,
1,0,1,-1,-1,3,-1,1,0,,,,,,,,,0,0,0,0,0,67,67,32,0,0,0,0,,,,,,,,,,,,,,,,,,,,,,,,,,,1,-1,,,1,,,,,,,,,,,,,,,,,,0,,,,,,,Sub040,001,2022_Sep_28_1342,2_1_MRI_Rating_SE_RE,2021.2.3,59.91023050358771,
1,0,1,-1,-1,3,-1,1,0,,,,,,,,,0,0,0,0,0,67,67,32,,,,,,,,,,,,,,,,,,,,,,,,,,,,,,,1,-1,,,1,,,,,,,,,,,,,,,,,,0,,,,,,,Sub040,001,2022_Sep_28_1342,2_1_MRI_Rating_SE_RE,2021.2.3,59.91023050358771,
0,1,-1,2,80,-1,3,0,0,,,,,,,,,0,0,0,0,0,68,68,53,,,,,,,,,0,0,0,0,,,,,,,,,,,,,,,,,,,-1,2,,,0,,,,,,,,,,,,459.53009590000147,None,461.53636930001085,None,80,3,0,,,,,,,Sub040,001,2022_Sep_28_1342,2_1_MRI_Rating_SE_RE,2021.2.3,59.91023050358771,
0,1,-1,2,80,-1,3,0,0,,,,,,,,,0,0,0,0,0,68,68,53,,,,,,,,,,,,,,,,,,,,,,,,,,,,,,,-1,2,,,0,,,,,,,,,,,,,,,,,,0,,,,,,,Sub040,001,2022_Sep_28_1342,2_1_MRI_Rating_SE_RE,2021.2.3,59.91023050358771,
0,1,-1,1,50,-1,2,0,0,,,,,,,,,0,0,0,0,0,69,69,49,,,,,,,,,0,0,0,0,,,,,,,,,,,,,,,,,,,-1,1,,,0,,,,,,,,,,,,464.5375556999934,None,466.53666529999464,None,50,2,0,,,,,,,Sub040,001,2022_Sep_28_1342,2_1_MRI_Rating_SE_RE,2021.2.3,59.91023050358771,
0,1,-1,1,50,-1,2,0,0,,,,,,,,,0,0,0,0,0,69,69,49,,,,,,,,,,,,,,,,,,,,,,,,,,,,,,,-1,1,,,0,,,,,,,,,,,,,,,,,,0,,,,,,,Sub040,001,2022_Sep_28_1342,2_1_MRI_Rating_SE_RE,2021.2.3,59.91023050358771,
0,1,-1,2,80,-1,1,0,1,,,,,,,,,0,0,0,0,0,70,70,65,,,,,,,,,0,0,0,0,0,0,0,0,,,,,,,,,,,,,,,-1,2,,,0,,,,,,,Extremely Likely,2.4224069999999642,1.4224069999999642,472.11976560001494,None,468.53818450000836,None,470.5537961999944,None,80,1,1,471.55417839999427,None,b,0.5495155000244267,471.55417839999427,None,Sub040,001,2022_Sep_28_1342,2_1_MRI_Rating_SE_RE,2021.2.3,59.91023050358771,
0,1,-1,2,80,-1,1,0,1,,,,,,,,,0,0,0,0,0,70,70,65,,,,,,,,,0,0,0,0,,,,,,,,,,,,,,,,,,,-1,2,,,0,,,,,,,,,,,,,,,,,,1,,,,,,,Sub040,001,2022_Sep_28_1342,2_1_MRI_Rating_SE_RE,2021.2.3,59.91023050358771,
0,1,-1,2,80,-1,1,0,1,,,,,,,,,0,0,0,0,0,70,70,65,,,,,,,,,,,,,,,,,,,,,,,,,,,,,,,-1,2,,,0,,,,,,,,,,,,,,,,,,1,,,,,,,Sub040,001,2022_Sep_28_1342,2_1_MRI_Rating_SE_RE,2021.2.3,59.91023050358771,
0,1,-1,0,20,-1,3,0,1,,,,,,,,,0,0,0,0,0,71,71,69,,,,,,,,,0,0,0,0,0,0,0,0,,,,,,,,,,,,,,,-1,0,,,0,,,,,,,Slightly Unlikely,2.0890024999999923,1.0890024999999923,480.46991700000945,None,474.5551884000015,None,476.5699630000163,None,20,3,1,479.5855969999975,None,g,0.8672856999910437,479.5855969999975,None,Sub040,001,2022_Sep_28_1342,2_1_MRI_Rating_SE_RE,2021.2.3,59.91023050358771,
0,1,-1,0,20,-1,3,0,1,,,,,,,,,0,0,0,0,0,71,71,69,,,,,,,,,0,0,0,0,,,,,,,,,,,,,,,,,,,-1,0,,,0,,,,,,,,,,,,,,,,,,1,,,,,,,Sub040,001,2022_Sep_28_1342,2_1_MRI_Rating_SE_RE,2021.2.3,59.91023050358771,
0,1,-1,0,20,-1,3,0,1,,,,,,,,,0,0,0,0,0,71,71,69,,,,,,,,,,,,,,,,,,,,,,,,,,,,,,,-1,0,,,0,,,,,,,,,,,,,,,,,,1,,,,,,,Sub040,001,2022_Sep_28_1342,2_1_MRI_Rating_SE_RE,2021.2.3,59.91023050358771,
1,0,2,-1,-1,2,-1,1,0,,,,,,,,,0,0,0,0,0,72,72,43,0,0,0,0,0,0,0,0,,,,,,,,,,,,,,,,,482.5783841999946,None,482.5783841999946,None,484.587130800006,None,2,-1,55.86918594769035,2,1,486.58801289999974,None,b,0.5354486999858636,486.58801289999974,None,Extremely Likely,2.4295736999999917,1.4295736999999917,487.15390299999854,None,,,,,,,0,,,,,,,Sub040,001,2022_Sep_28_1342,2_1_MRI_Rating_SE_RE,2021.2.3,59.91023050358771,
1,0,2,-1,-1,2,-1,1,0,,,,,,,,,0,0,0,0,0,72,72,43,0,0,0,0,,,,,,,,,,,,,,,,,,,,,,,,,,,2,-1,,,1,,,,,,,,,,,,,,,,,,0,,,,,,,Sub040,001,2022_Sep_28_1342,2_1_MRI_Rating_SE_RE,2021.2.3,59.91023050358771,
1,0,2,-1,-1,2,-1,1,0,,,,,,,,,0,0,0,0,0,72,72,43,,,,,,,,,,,,,,,,,,,,,,,,,,,,,,,2,-1,,,1,,,,,,,,,,,,,,,,,,0,,,,,,,Sub040,001,2022_Sep_28_1342,2_1_MRI_Rating_SE_RE,2021.2.3,59.91023050358771,
1,0,0,-1,-1,1,-1,1,0,,,,,,,,,0,0,0,0,0,73,73,27,0,0,0,0,0,0,0,0,,,,,,,,,,,,,,,,,489.593411800015,None,489.593411800015,None,491.60367149999365,None,0,-1,11.042185393687552,1,1,492.6046386999951,None,r,0.4699677999888081,492.6046386999951,None,Extremely Unlikely,2.49471520000003,1.49471520000003,493.10395119999885,None,,,,,,,0,,,,,,,Sub040,001,2022_Sep_28_1342,2_1_MRI_Rating_SE_RE,2021.2.3,59.91023050358771,
1,0,0,-1,-1,1,-1,1,0,,,,,,,,,0,0,0,0,0,73,73,27,0,0,0,0,,,,,,,,,,,,,,,,,,,,,,,,,,,0,-1,,,1,,,,,,,,,,,,,,,,,,0,,,,,,,Sub040,001,2022_Sep_28_1342,2_1_MRI_Rating_SE_RE,2021.2.3,59.91023050358771,
1,0,0,-1,-1,1,-1,1,0,,,,,,,,,0,0,0,0,0,73,73,27,,,,,,,,,,,,,,,,,,,,,,,,,,,,,,,0,-1,,,1,,,,,,,,,,,,,,,,,,0,,,,,,,Sub040,001,2022_Sep_28_1342,2_1_MRI_Rating_SE_RE,2021.2.3,59.91023050358771,
0,1,-1,1,50,-1,2,0,1,,,,,,,,,0,0,0,0,0,74,74,76,,,,,,,,,0,0,0,0,0,0,0,0,,,,,,,,,,,,,,,-1,1,,,0,,,,,,,Slightly Likely,2.512596799999983,1.512596799999983,500.10454990001745,None,495.61172489999444,None,497.6216034000099,None,50,2,1,499.6243407000147,None,y,0.4491222999931779,499.6243407000147,None,Sub040,001,2022_Sep_28_1342,2_1_MRI_Rating_SE_RE,2021.2.3,59.91023050358771,
0,1,-1,1,50,-1,2,0,1,,,,,,,,,0,0,0,0,0,74,74,76,,,,,,,,,0,0,0,0,,,,,,,,,,,,,,,,,,,-1,1,,,0,,,,,,,,,,,,,,,,,,1,,,,,,,Sub040,001,2022_Sep_28_1342,2_1_MRI_Rating_SE_RE,2021.2.3,59.91023050358771,
0,1,-1,1,50,-1,2,0,1,,,,,,,,,0,0,0,0,0,74,74,76,,,,,,,,,,,,,,,,,,,,,,,,,,,,,,,-1,1,,,0,,,,,,,,,,,,,,,,,,1,,,,,,,Sub040,001,2022_Sep_28_1342,2_1_MRI_Rating_SE_RE,2021.2.3,59.91023050358771,
1,0,1,-1,-1,2,-1,1,0,,,,,,,,,0,0,0,0,0,75,75,31,0,0,0,0,0,0,0,0,,,,,,,,,,,,,,,,,502.62963700000546,None,502.62963700000546,None,504.63795249999384,None,1,-1,29.40368751694533,2,1,506.65322820001165,None,y,0.43529839999973774,506.65322820001165,None,Slightly Likely,2.530094599999984,1.530094599999984,507.10438870001235,None,,,,,,,0,,,,,,,Sub040,001,2022_Sep_28_1342,2_1_MRI_Rating_SE_RE,2021.2.3,59.91023050358771,
1,0,1,-1,-1,2,-1,1,0,,,,,,,,,0,0,0,0,0,75,75,31,0,0,0,0,,,,,,,,,,,,,,,,,,,,,,,,,,,1,-1,,,1,,,,,,,,,,,,,,,,,,0,,,,,,,Sub040,001,2022_Sep_28_1342,2_1_MRI_Rating_SE_RE,2021.2.3,59.91023050358771,
1,0,1,-1,-1,2,-1,1,0,,,,,,,,,0,0,0,0,0,75,75,31,,,,,,,,,,,,,,,,,,,,,,,,,,,,,,,1,-1,,,1,,,,,,,,,,,,,,,,,,0,,,,,,,Sub040,001,2022_Sep_28_1342,2_1_MRI_Rating_SE_RE,2021.2.3,59.91023050358771,
0,1,-1,2,80,-1,1,0,1,,,,,,,,,0,0,0,0,0,76,76,83,,,,,,,,,0,0,0,0,0,0,0,0,,,,,,,,,,,,,,,-1,2,,,0,,,,,,,Extremely Likely,2.2456367999999998,1.2456367999999998,513.4050348000019,None,509.64502990001347,None,511.65479580001556,None,80,1,1,512.6556177000166,None,b,0.7211356000043452,512.6556177000166,None,Sub040,001,2022_Sep_28_1342,2_1_MRI_Rating_SE_RE,2021.2.3,59.91023050358771,
0,1,-1,2,80,-1,1,0,1,,,,,,,,,0,0,0,0,0,76,76,83,,,,,,,,,0,0,0,0,,,,,,,,,,,,,,,,,,,-1,2,,,0,,,,,,,,,,,,,,,,,,1,,,,,,,Sub040,001,2022_Sep_28_1342,2_1_MRI_Rating_SE_RE,2021.2.3,59.91023050358771,
0,1,-1,2,80,-1,1,0,1,,,,,,,,,0,0,0,0,0,76,76,83,,,,,,,,,,,,,,,,,,,,,,,,,,,,,,,-1,2,,,0,,,,,,,,,,,,,,,,,,1,,,,,,,Sub040,001,2022_Sep_28_1342,2_1_MRI_Rating_SE_RE,2021.2.3,59.91023050358771,
1,0,0,-1,-1,3,-1,1,0,,,,,,,,,0,0,0,0,0,77,77,11,0,0,0,0,0,0,0,0,,,,,,,,,,,,,,,,,515.6620165999921,None,515.6620165999921,None,517.6725483000046,None,0,-1,11.042185393687552,3,1,520.672655900009,None,r,0.42887360000167973,520.672655900009,None,Extremely Unlikely,2.5436090000000604,1.5436090000000604,521.1216702999955,None,,,,,,,0,,,,,,,Sub040,001,2022_Sep_28_1342,2_1_MRI_Rating_SE_RE,2021.2.3,59.91023050358771,
1,0,0,-1,-1,3,-1,1,0,,,,,,,,,0,0,0,0,0,77,77,11,0,0,0,0,,,,,,,,,,,,,,,,,,,,,,,,,,,0,-1,,,1,,,,,,,,,,,,,,,,,,0,,,,,,,Sub040,001,2022_Sep_28_1342,2_1_MRI_Rating_SE_RE,2021.2.3,59.91023050358771,
1,0,0,-1,-1,3,-1,1,0,,,,,,,,,0,0,0,0,0,77,77,11,,,,,,,,,,,,,,,,,,,,,,,,,,,,,,,0,-1,,,1,,,,,,,,,,,,,,,,,,0,,,,,,,Sub040,001,2022_Sep_28_1342,2_1_MRI_Rating_SE_RE,2021.2.3,59.91023050358771,
0,1,-1,0,20,-1,1,0,1,,,,,,,,,0,0,0,0,0,78,78,81,,,,,,,,,0,0,0,0,0,0,0,0,,,,,,,,,,,,,,,-1,0,,,0,,,,,,,Extremely Unlikely,2.4119852000000037,1.4119852000000037,527.2717198000173,None,523.6790074000019,None,525.6894324000168,None,20,1,1,526.7039073999913,None,r,0.5436560999951325,526.7039073999913,None,Sub040,001,2022_Sep_28_1342,2_1_MRI_Rating_SE_RE,2021.2.3,59.91023050358771,
0,1,-1,0,20,-1,1,0,1,,,,,,,,,0,0,0,0,0,78,78,81,,,,,,,,,0,0,0,0,,,,,,,,,,,,,,,,,,,-1,0,,,0,,,,,,,,,,,,,,,,,,1,,,,,,,Sub040,001,2022_Sep_28_1342,2_1_MRI_Rating_SE_RE,2021.2.3,59.91023050358771,
0,1,-1,0,20,-1,1,0,1,,,,,,,,,0,0,0,0,0,78,78,81,,,,,,,,,,,,,,,,,,,,,,,,,,,,,,,-1,0,,,0,,,,,,,,,,,,,,,,,,1,,,,,,,Sub040,001,2022_Sep_28_1342,2_1_MRI_Rating_SE_RE,2021.2.3,59.91023050358771,
0,1,-1,0,20,-1,3,0,0,,,,,,,,,0,0,0,0,0,79,79,51,,,,,,,,,0,0,0,0,,,,,,,,,,,,,,,,,,,-1,0,,,0,,,,,,,,,,,,529.6928260000132,None,531.7058263999934,None,20,3,0,,,,,,,Sub040,001,2022_Sep_28_1342,2_1_MRI_Rating_SE_RE,2021.2.3,59.91023050358771,
0,1,-1,0,20,-1,3,0,0,,,,,,,,,0,0,0,0,0,79,79,51,,,,,,,,,,,,,,,,,,,,,,,,,,,,,,,-1,0,,,0,,,,,,,,,,,,,,,,,,0,,,,,,,Sub040,001,2022_Sep_28_1342,2_1_MRI_Rating_SE_RE,2021.2.3,59.91023050358771,
0,1,-1,1,50,-1,3,0,0,,,,,,,,,0,0,0,0,0,80,80,61,,,,,,,,,0,0,0,0,,,,,,,,,,,,,,,,,,,-1,1,,,0,,,,,,,,,,,,534.7060232000076,None,536.7058317000046,None,50,3,0,,,,,,,Sub040,001,2022_Sep_28_1342,2_1_MRI_Rating_SE_RE,2021.2.3,59.91023050358771,
0,1,-1,1,50,-1,3,0,0,,,,,,,,,0,0,0,0,0,80,80,61,,,,,,,,,,,,,,,,,,,,,,,,,,,,,,,-1,1,,,0,,,,,,,,,,,,,,,,,,0,,,,,,,Sub040,001,2022_Sep_28_1342,2_1_MRI_Rating_SE_RE,2021.2.3,59.91023050358771,
0,1,-1,0,20,-1,3,0,1,,,,,,,,,0,0,0,0,0,81,81,78,,,,,,,,,0,0,0,0,0,0,0,0,,,,,,,,,,,,,,,-1,0,,,0,,,,,,,Extremely Unlikely,2.357095099999924,1.357095099999924,545.3561154000054,None,539.7079617000127,None,541.7230006000027,None,20,3,1,544.7238351000124,None,r,0.604667999985395,544.7238351000124,None,Sub040,001,2022_Sep_28_1342,2_1_MRI_Rating_SE_RE,2021.2.3,59.91023050358771,
0,1,-1,0,20,-1,3,0,1,,,,,,,,,0,0,0,0,0,81,81,78,,,,,,,,,0,0,0,0,,,,,,,,,,,,,,,,,,,-1,0,,,0,,,,,,,,,,,,,,,,,,1,,,,,,,Sub040,001,2022_Sep_28_1342,2_1_MRI_Rating_SE_RE,2021.2.3,59.91023050358771,
0,1,-1,0,20,-1,3,0,1,,,,,,,,,0,0,0,0,0,81,81,78,,,,,,,,,,,,,,,,,,,,,,,,,,,,,,,-1,0,,,0,,,,,,,,,,,,,,,,,,1,,,,,,,Sub040,001,2022_Sep_28_1342,2_1_MRI_Rating_SE_RE,2021.2.3,59.91023050358771,
0,1,-1,2,80,-1,3,0,1,,,,,,,,,0,0,0,0,0,82,82,80,,,,,,,,,0,0,0,0,0,0,0,0,,,,,,,,,,,,,,,-1,2,,,0,,,,,,,Extremely Likely,2.1930350999999746,1.1930350999999746,553.5396154000191,None,547.7299920000078,None,549.7400732999959,None,80,3,1,552.7411241999944,None,b,0.7753432000172324,552.7411241999944,None,Sub040,001,2022_Sep_28_1342,2_1_MRI_Rating_SE_RE,2021.2.3,59.91023050358771,
0,1,-1,2,80,-1,3,0,1,,,,,,,,,0,0,0,0,0,82,82,80,,,,,,,,,0,0,0,0,,,,,,,,,,,,,,,,,,,-1,2,,,0,,,,,,,,,,,,,,,,,,1,,,,,,,Sub040,001,2022_Sep_28_1342,2_1_MRI_Rating_SE_RE,2021.2.3,59.91023050358771,
0,1,-1,2,80,-1,3,0,1,,,,,,,,,0,0,0,0,0,82,82,80,,,,,,,,,,,,,,,,,,,,,,,,,,,,,,,-1,2,,,0,,,,,,,,,,,,,,,,,,1,,,,,,,Sub040,001,2022_Sep_28_1342,2_1_MRI_Rating_SE_RE,2021.2.3,59.91023050358771,
0,1,-1,2,80,-1,1,0,1,,,,,,,,,0,0,0,0,0,83,83,56,,,,,,,,,0,0,0,0,0,0,0,0,,,,,,,,,,,,,,,-1,2,,,0,,,,,,,Extremely Likely,2.514155199999891,1.514155199999891,559.2396786000172,None,555.7469252000155,None,557.757030400011,None,80,1,1,558.7717832000053,None,b,0.4397054000000935,558.7717832000053,None,Sub040,001,2022_Sep_28_1342,2_1_MRI_Rating_SE_RE,2021.2.3,59.91023050358771,
0,1,-1,2,80,-1,1,0,1,,,,,,,,,0,0,0,0,0,83,83,56,,,,,,,,,0,0,0,0,,,,,,,,,,,,,,,,,,,-1,2,,,0,,,,,,,,,,,,,,,,,,1,,,,,,,Sub040,001,2022_Sep_28_1342,2_1_MRI_Rating_SE_RE,2021.2.3,59.91023050358771,
0,1,-1,2,80,-1,1,0,1,,,,,,,,,0,0,0,0,0,83,83,56,,,,,,,,,,,,,,,,,,,,,,,,,,,,,,,-1,2,,,0,,,,,,,,,,,,,,,,,,1,,,,,,,Sub040,001,2022_Sep_28_1342,2_1_MRI_Rating_SE_RE,2021.2.3,59.91023050358771,
0,1,-1,2,80,-1,2,0,1,,,,,,,,,0,0,0,0,0,84,84,86,,,,,,,,,0,0,0,0,0,0,0,0,,,,,,,,,,,,,,,-1,2,,,0,,,,,,,Extremely Likely,2.5955580999999484,1.5955580999999484,566.173326499993,None,561.7626886999933,None,563.7739147999964,None,80,2,1,565.7751279000076,None,b,0.3733308000082616,565.7751279000076,None,Sub040,001,2022_Sep_28_1342,2_1_MRI_Rating_SE_RE,2021.2.3,59.91023050358771,
0,1,-1,2,80,-1,2,0,1,,,,,,,,,0,0,0,0,0,84,84,86,,,,,,,,,0,0,0,0,,,,,,,,,,,,,,,,,,,-1,2,,,0,,,,,,,,,,,,,,,,,,1,,,,,,,Sub040,001,2022_Sep_28_1342,2_1_MRI_Rating_SE_RE,2021.2.3,59.91023050358771,
0,1,-1,2,80,-1,2,0,1,,,,,,,,,0,0,0,0,0,84,84,86,,,,,,,,,,,,,,,,,,,,,,,,,,,,,,,-1,2,,,0,,,,,,,,,,,,,,,,,,1,,,,,,,Sub040,001,2022_Sep_28_1342,2_1_MRI_Rating_SE_RE,2021.2.3,59.91023050358771,
1,0,1,-1,-1,3,-1,0,0,,,,,,,,,0,0,0,0,0,85,85,14,0,0,0,0,,,,,,,,,,,,,,,,,,,,,568.7806527999928,None,568.7806527999928,None,570.7900924000132,None,1,-1,29.40368751694533,3,0,,,,,,,,,,,,,,,,,,0,,,,,,,Sub040,001,2022_Sep_28_1342,2_1_MRI_Rating_SE_RE,2021.2.3,59.91023050358771,
1,0,1,-1,-1,3,-1,0,0,,,,,,,,,0,0,0,0,0,85,85,14,,,,,,,,,,,,,,,,,,,,,,,,,,,,,,,1,-1,,,0,,,,,,,,,,,,,,,,,,0,,,,,,,Sub040,001,2022_Sep_28_1342,2_1_MRI_Rating_SE_RE,2021.2.3,59.91023050358771,
1,0,0,-1,-1,2,-1,0,0,,,,,,,,,0,0,0,0,0,86,86,1,0,0,0,0,,,,,,,,,,,,,,,,,,,,,573.7924446999968,None,573.7924446999968,None,575.8073661999952,None,0,-1,11.042185393687552,2,0,,,,,,,,,,,,,,,,,,0,,,,,,,Sub040,001,2022_Sep_28_1342,2_1_MRI_Rating_SE_RE,2021.2.3,59.91023050358771,
1,0,0,-1,-1,2,-1,0,0,,,,,,,,,0,0,0,0,0,86,86,1,,,,,,,,,,,,,,,,,,,,,,,,,,,,,,,0,-1,,,0,,,,,,,,,,,,,,,,,,0,,,,,,,Sub040,001,2022_Sep_28_1342,2_1_MRI_Rating_SE_RE,2021.2.3,59.91023050358771,
0,1,-1,0,20,-1,2,0,0,,,,,,,,,0,0,0,0,0,87,87,48,,,,,,,,,0,0,0,0,,,,,,,,,,,,,,,,,,,-1,0,,,0,,,,,,,,,,,,577.8123977000068,None,579.8244627999957,None,20,2,0,,,,,,,Sub040,001,2022_Sep_28_1342,2_1_MRI_Rating_SE_RE,2021.2.3,59.91023050358771,
0,1,-1,0,20,-1,2,0,0,,,,,,,,,0,0,0,0,0,87,87,48,,,,,,,,,,,,,,,,,,,,,,,,,,,,,,,-1,0,,,0,,,,,,,,,,,,,,,,,,0,,,,,,,Sub040,001,2022_Sep_28_1342,2_1_MRI_Rating_SE_RE,2021.2.3,59.91023050358771,
1,0,1,-1,-1,1,-1,1,0,,,,,,,,,0,0,0,0,0,88,88,39,0,0,0,0,0,0,0,0,,,,,,,,,,,,,,,,,581.8258387999958,None,581.8258387999958,None,583.8411651999922,None,1,-1,29.40368751694533,1,1,584.8409967999905,None,g,0.4673878999892622,584.8409967999905,None,Slightly Unlikely,2.505847900000049,1.5058479000000489,585.3246412000153,None,,,,,,,0,,,,,,,Sub040,001,2022_Sep_28_1342,2_1_MRI_Rating_SE_RE,2021.2.3,59.91023050358771,
1,0,1,-1,-1,1,-1,1,0,,,,,,,,,0,0,0,0,0,88,88,39,0,0,0,0,,,,,,,,,,,,,,,,,,,,,,,,,,,1,-1,,,1,,,,,,,,,,,,,,,,,,0,,,,,,,Sub040,001,2022_Sep_28_1342,2_1_MRI_Rating_SE_RE,2021.2.3,59.91023050358771,
1,0,1,-1,-1,1,-1,1,0,,,,,,,,,0,0,0,0,0,88,88,39,,,,,,,,,,,,,,,,,,,,,,,,,,,,,,,1,-1,,,1,,,,,,,,,,,,,,,,,,0,,,,,,,Sub040,001,2022_Sep_28_1342,2_1_MRI_Rating_SE_RE,2021.2.3,59.91023050358771,
1,0,0,-1,-1,1,-1,1,0,,,,,,,,,0,0,0,0,0,89,89,18,0,0,0,0,0,0,0,0,,,,,,,,,,,,,,,,,587.8432097000186,None,587.8432097000186,None,589.8574352000142,None,0,-1,11.042185393687552,1,1,590.8587031000061,None,r,0.5346725999843329,590.8587031000061,None,Extremely Unlikely,2.4230115000000296,1.4230115000000296,591.4238672000065,None,,,,,,,0,,,,,,,Sub040,001,2022_Sep_28_1342,2_1_MRI_Rating_SE_RE,2021.2.3,59.91023050358771,
1,0,0,-1,-1,1,-1,1,0,,,,,,,,,0,0,0,0,0,89,89,18,0,0,0,0,,,,,,,,,,,,,,,,,,,,,,,,,,,0,-1,,,1,,,,,,,,,,,,,,,,,,0,,,,,,,Sub040,001,2022_Sep_28_1342,2_1_MRI_Rating_SE_RE,2021.2.3,59.91023050358771,
1,0,0,-1,-1,1,-1,1,0,,,,,,,,,0,0,0,0,0,89,89,18,,,,,,,,,,,,,,,,,,,,,,,,,,,,,,,0,-1,,,1,,,,,,,,,,,,,,,,,,0,,,,,,,Sub040,001,2022_Sep_28_1342,2_1_MRI_Rating_SE_RE,2021.2.3,59.91023050358771,
,,,,,,,,,,,,,,,,,0,0,0,0,,,,,,,,,,,,,,,,,,,,,,,,,,,,,,,,,,,,,,,,,,,,,,,,,,,,,,,,,,,,,,,,Sub040,001,2022_Sep_28_1342,2_1_MRI_Rating_SE_RE,2021.2.3,59.91023050358771,
