﻿Target_Size,start_position,Run_Files,current_card_prob,current_WinLoss,start.thisRepN,start.thisTrialN,start.thisN,start.thisIndex,trials.thisRepN,trials.thisTrialN,trials.thisN,trials.thisIndex,Indi_Info.thisRepN,Indi_Info.thisTrialN,Indi_Info.thisN,Indi_Info.thisIndex,trials_bar_Q.thisRepN,trials_bar_Q.thisTrialN,trials_bar_Q.thisN,trials_bar_Q.thisIndex,Confi_bar_L.thisRepN,Confi_bar_L.thisTrialN,Confi_bar_L.thisN,Confi_bar_L.thisIndex,Confi_bar_R.thisRepN,Confi_bar_R.thisTrialN,Confi_bar_R.thisN,Confi_bar_R.thisIndex,StopGame.thisRepN,StopGame.thisTrialN,StopGame.thisN,StopGame.thisIndex,ContinuePlay.thisRepN,ContinuePlay.thisTrialN,ContinuePlay.thisN,ContinuePlay.thisIndex,Run_card.thisRepN,Run_card.thisTrialN,Run_card.thisN,Run_card.thisIndex,trials_card.thisRepN,trials_card.thisTrialN,trials_card.thisN,trials_card.thisIndex,Qlikely_card_L.thisRepN,Qlikely_card_L.thisTrialN,Qlikely_card_L.thisN,Qlikely_card_L.thisIndex,Qlikely_card_R.thisRepN,Qlikely_card_R.thisTrialN,Qlikely_card_R.thisN,Qlikely_card_R.thisIndex,run_L,run_R,instr.started,instr.stopped,key_resp_bar.keys,key_resp_bar.rt,key_resp_bar.started,key_resp_bar.stopped,Current_Target_Size,Start_position,key_resp_bar.position,key_resp_bar.hit,trial_speed,center.started,center.stopped,center2.started,center2.stopped,instr_4.started,instr_4.stopped,sigma_indi,targetSize_20,targetSize_50,targetSize_80,targetSize_indi,center_2.started,center_2.stopped,Slider_LikelyBar_L.response,Slider_LikelyBar_L.rt,Slider_LikelyBar_L.started,Slider_LikelyBar_L.stopped,key_resp_LikeQ_bar_L.keys,key_resp_LikeQ_bar_L.rt,key_resp_LikeQ_bar_L.started,key_resp_LikeQ_bar_L.stopped,bar_final_text.started,bar_final_text.stopped,card_instr_text.started,card_instr_text.stopped,instr_5.started,instr_5.stopped,current_card_prob,current_WinLoss,Q_card_prob,Slider_LikelyCard_L.response,Slider_LikelyCard_L.rt,Slider_LikelyCard_L.started,Slider_LikelyCard_L.stopped,key_resp_LikeQ_card_L.keys,key_resp_LikeQ_card_L.rt,key_resp_LikeQ_card_L.started,key_resp_LikeQ_card_L.stopped,bar_final_text_2.started,bar_final_text_2.stopped,participant,session,date,expName,psychopyVersion,frameRate,
,,,,,0,0,0,0,,,,,,,,,,,,,,,,,,,,,,,,,,,,,,,,,,,,,,,,,,,,,1,0,11.107414199970663,None,,,,,,,,,,,,,,,,,,,,,,,,,,,,,,,,,,,,,,,,,,,,,,,,,,Sub042,001,2022_Sep_23_1435,1trainingbehavior_beforeMRI,2021.2.3,60.10901347328255,
20,0,,,,,,,,0,0,0,21,,,,,,,,,,,,,,,,,,,,,,,,,,,,,,,,,,,,,,,,,,,,,space,5.404668300412595,94.03391219954938,None,20,0,23,0,7,94.03391219954938,None,99.46608829963952,None,,,,,,,,,,,,,,,,,,,,,,,,,,,,,,,,,,,,,Sub042,001,2022_Sep_23_1435,1trainingbehavior_beforeMRI,2021.2.3,60.10901347328255,
30,1,,,,,,,,0,1,1,51,,,,,,,,,,,,,,,,,,,,,,,,,,,,,,,,,,,,,,,,,,,,,space,0.6027161004021764,99.96648029983044,None,30,1,-23,0,7,99.96648029983044,None,100.599917399697,None,,,,,,,,,,,,,,,,,,,,,,,,,,,,,,,,,,,,,Sub042,001,2022_Sep_23_1435,1trainingbehavior_beforeMRI,2021.2.3,60.10901347328255,
30,1,,,,,,,,0,2,2,57,,,,,,,,,,,,,,,,,,,,,,,,,,,,,,,,,,,,,,,,,,,,,space,0.6358755994588137,101.09972929954529,None,30,1,-37,0,7,101.09972929954529,None,101.76674610003829,None,,,,,,,,,,,,,,,,,,,,,,,,,,,,,,,,,,,,,Sub042,001,2022_Sep_23_1435,1trainingbehavior_beforeMRI,2021.2.3,60.10901347328255,
10,1,,,,,,,,0,3,3,12,,,,,,,,,,,,,,,,,,,,,,,,,,,,,,,,,,,,,,,,,,,,,space,0.5948449997231364,102.26633339934051,None,10,1,-16,0,7,102.26633339934051,None,102.88299539964646,None,,,,,,,,,,,,,,,,,,,,,,,,,,,,,,,,,,,,,Sub042,001,2022_Sep_23_1435,1trainingbehavior_beforeMRI,2021.2.3,60.10901347328255,
30,1,,,,,,,,0,4,4,55,,,,,,,,,,,,,,,,,,,,,,,,,,,,,,,,,,,,,,,,,,,,,space,0.4498601006343961,103.3829800998792,None,30,1,47,0,7,103.3829800998792,None,103.85003199987113,None,,,,,,,,,,,,,,,,,,,,,,,,,,,,,,,,,,,,,Sub042,001,2022_Sep_23_1435,1trainingbehavior_beforeMRI,2021.2.3,60.10901347328255,
10,0,,,,,,,,0,5,5,1,,,,,,,,,,,,,,,,,,,,,,,,,,,,,,,,,,,,,,,,,,,,,space,0.6368099991232157,104.35010819975287,None,10,0,37,0,7,104.35010819975287,None,105.01645599957556,None,,,,,,,,,,,,,,,,,,,,,,,,,,,,,,,,,,,,,Sub042,001,2022_Sep_23_1435,1trainingbehavior_beforeMRI,2021.2.3,60.10901347328255,
10,1,,,,,,,,0,6,6,13,,,,,,,,,,,,,,,,,,,,,,,,,,,,,,,,,,,,,,,,,,,,,space,0.5289668003097177,105.5165522992611,None,10,1,12,0,7,105.5165522992611,None,106.0667309993878,None,,,,,,,,,,,,,,,,,,,,,,,,,,,,,,,,,,,,,Sub042,001,2022_Sep_23_1435,1trainingbehavior_beforeMRI,2021.2.3,60.10901347328255,
10,1,,,,,,,,0,7,7,19,,,,,,,,,,,,,,,,,,,,,,,,,,,,,,,,,,,,,,,,,,,,,space,0.6461519999429584,106.56665879953653,None,10,1,-37,0,7,106.56665879953653,None,107.23320659995079,None,,,,,,,,,,,,,,,,,,,,,,,,,,,,,,,,,,,,,Sub042,001,2022_Sep_23_1435,1trainingbehavior_beforeMRI,2021.2.3,60.10901347328255,
30,1,,,,,,,,0,8,8,50,,,,,,,,,,,,,,,,,,,,,,,,,,,,,,,,,,,,,,,,,,,,,space,0.5878159999847412,107.73322529997677,None,30,1,-16,0,7,107.73322529997677,None,108.34996140003204,None,,,,,,,,,,,,,,,,,,,,,,,,,,,,,,,,,,,,,Sub042,001,2022_Sep_23_1435,1trainingbehavior_beforeMRI,2021.2.3,60.10901347328255,
20,1,,,,,,,,0,9,9,35,,,,,,,,,,,,,,,,,,,,,,,,,,,,,,,,,,,,,,,,,,,,,space,0.5623555993661284,108.85035459976643,None,20,1,-2,1,7,108.85035459976643,None,109.43573899939656,None,,,,,,,,,,,,,,,,,,,,,,,,,,,,,,,,,,,,,Sub042,001,2022_Sep_23_1435,1trainingbehavior_beforeMRI,2021.2.3,60.10901347328255,
20,1,,,,,,,,0,10,10,38,,,,,,,,,,,,,,,,,,,,,,,,,,,,,,,,,,,,,,,,,,,,,space,0.5802343999966979,109.95011879969388,None,20,1,-9,1,7,109.95011879969388,None,110.5499751996249,None,,,,,,,,,,,,,,,,,,,,,,,,,,,,,,,,,,,,,Sub042,001,2022_Sep_23_1435,1trainingbehavior_beforeMRI,2021.2.3,60.10901347328255,
10,0,,,,,,,,0,11,11,6,,,,,,,,,,,,,,,,,,,,,,,,,,,,,,,,,,,,,,,,,,,,,space,0.6350206006318331,111.05029299948364,None,10,0,30,0,7,111.05029299948364,None,111.69976249989122,None,,,,,,,,,,,,,,,,,,,,,,,,,,,,,,,,,,,,,Sub042,001,2022_Sep_23_1435,1trainingbehavior_beforeMRI,2021.2.3,60.10901347328255,
20,0,,,,,,,,0,12,12,28,,,,,,,,,,,,,,,,,,,,,,,,,,,,,,,,,,,,,,,,,,,,,space,0.533475199714303,112.20022859983146,None,20,0,-12,0,7,112.20022859983146,None,112.75005099922419,None,,,,,,,,,,,,,,,,,,,,,,,,,,,,,,,,,,,,,Sub042,001,2022_Sep_23_1435,1trainingbehavior_beforeMRI,2021.2.3,60.10901347328255,
30,1,,,,,,,,0,13,13,54,,,,,,,,,,,,,,,,,,,,,,,,,,,,,,,,,,,,,,,,,,,,,space,0.5939346002414823,113.25033399928361,None,30,1,-16,0,7,113.25033399928361,None,113.8668402992189,None,,,,,,,,,,,,,,,,,,,,,,,,,,,,,,,,,,,,,Sub042,001,2022_Sep_23_1435,1trainingbehavior_beforeMRI,2021.2.3,60.10901347328255,
20,1,,,,,,,,0,14,14,30,,,,,,,,,,,,,,,,,,,,,,,,,,,,,,,,,,,,,,,,,,,,,space,0.5539295999333262,114.3667554995045,None,20,1,-2,1,7,114.3667554995045,None,114.94995029922575,None,,,,,,,,,,,,,,,,,,,,,,,,,,,,,,,,,,,,,Sub042,001,2022_Sep_23_1435,1trainingbehavior_beforeMRI,2021.2.3,60.10901347328255,
30,0,,,,,,,,0,15,15,40,,,,,,,,,,,,,,,,,,,,,,,,,,,,,,,,,,,,,,,,,,,,,space,0.6435364000499249,115.45061499997973,None,30,0,37,0,7,115.45061499997973,None,116.11686179973185,None,,,,,,,,,,,,,,,,,,,,,,,,,,,,,,,,,,,,,Sub042,001,2022_Sep_23_1435,1trainingbehavior_beforeMRI,2021.2.3,60.10901347328255,
30,0,,,,,,,,0,16,16,48,,,,,,,,,,,,,,,,,,,,,,,,,,,,,,,,,,,,,,,,,,,,,space,0.4805629998445511,116.61736089922488,None,30,0,-33,0,7,116.61736089922488,None,117.11732909921557,None,,,,,,,,,,,,,,,,,,,,,,,,,,,,,,,,,,,,,Sub042,001,2022_Sep_23_1435,1trainingbehavior_beforeMRI,2021.2.3,60.10901347328255,
10,1,,,,,,,,0,17,17,18,,,,,,,,,,,,,,,,,,,,,,,,,,,,,,,,,,,,,,,,,,,,,space,0.5953164994716644,117.61710379924625,None,10,1,-16,0,7,117.61710379924625,None,118.233737799339,None,,,,,,,,,,,,,,,,,,,,,,,,,,,,,,,,,,,,,Sub042,001,2022_Sep_23_1435,1trainingbehavior_beforeMRI,2021.2.3,60.10901347328255,
20,1,,,,,,,,0,18,18,33,,,,,,,,,,,,,,,,,,,,,,,,,,,,,,,,,,,,,,,,,,,,,space,0.6061928998678923,118.73378809913993,None,20,1,-23,0,7,118.73378809913993,None,119.36738279927522,None,,,,,,,,,,,,,,,,,,,,,,,,,,,,,,,,,,,,,Sub042,001,2022_Sep_23_1435,1trainingbehavior_beforeMRI,2021.2.3,60.10901347328255,
30,0,,,,,,,,0,19,19,41,,,,,,,,,,,,,,,,,,,,,,,,,,,,,,,,,,,,,,,,,,,,,space,0.6496615000069141,119.86729799956083,None,30,0,37,0,7,119.86729799956083,None,120.53354989923537,None,,,,,,,,,,,,,,,,,,,,,,,,,,,,,,,,,,,,,Sub042,001,2022_Sep_23_1435,1trainingbehavior_beforeMRI,2021.2.3,60.10901347328255,
10,1,,,,,,,,0,20,20,14,,,,,,,,,,,,,,,,,,,,,,,,,,,,,,,,,,,,,,,,,,,,,space,0.5798346996307373,121.03408689983189,None,10,1,-9,0,7,121.03408689983189,None,121.63362829945982,None,,,,,,,,,,,,,,,,,,,,,,,,,,,,,,,,,,,,,Sub042,001,2022_Sep_23_1435,1trainingbehavior_beforeMRI,2021.2.3,60.10901347328255,
10,0,,,,,,,,0,21,21,2,,,,,,,,,,,,,,,,,,,,,,,,,,,,,,,,,,,,,,,,,,,,,space,0.6181189995259047,122.13377139996737,None,10,0,23,0,7,122.13377139996737,None,122.76709419954568,None,,,,,,,,,,,,,,,,,,,,,,,,,,,,,,,,,,,,,Sub042,001,2022_Sep_23_1435,1trainingbehavior_beforeMRI,2021.2.3,60.10901347328255,
30,0,,,,,,,,0,22,22,47,,,,,,,,,,,,,,,,,,,,,,,,,,,,,,,,,,,,,,,,,,,,,space,0.5435001999139786,123.26717939972878,None,30,0,-5,1,7,123.26717939972878,None,123.8336383998394,None,,,,,,,,,,,,,,,,,,,,,,,,,,,,,,,,,,,,,Sub042,001,2022_Sep_23_1435,1trainingbehavior_beforeMRI,2021.2.3,60.10901347328255,
10,1,,,,,,,,0,23,23,17,,,,,,,,,,,,,,,,,,,,,,,,,,,,,,,,,,,,,,,,,,,,,space,0.6562426006421447,124.33368030004203,None,10,1,-44,0,7,124.33368030004203,None,125.01717399992049,None,,,,,,,,,,,,,,,,,,,,,,,,,,,,,,,,,,,,,Sub042,001,2022_Sep_23_1435,1trainingbehavior_beforeMRI,2021.2.3,60.10901347328255,
20,0,,,,,,,,0,24,24,25,,,,,,,,,,,,,,,,,,,,,,,,,,,,,,,,,,,,,,,,,,,,,space,0.5339717995375395,125.51724669989198,None,20,0,-12,0,7,125.51724669989198,None,126.06704049929976,None,,,,,,,,,,,,,,,,,,,,,,,,,,,,,,,,,,,,,Sub042,001,2022_Sep_23_1435,1trainingbehavior_beforeMRI,2021.2.3,60.10901347328255,
20,0,,,,,,,,0,25,25,24,,,,,,,,,,,,,,,,,,,,,,,,,,,,,,,,,,,,,,,,,,,,,space,0.5325394002720714,126.56770139932632,None,20,0,-12,0,7,126.56770139932632,None,127.1174148991704,None,,,,,,,,,,,,,,,,,,,,,,,,,,,,,,,,,,,,,Sub042,001,2022_Sep_23_1435,1trainingbehavior_beforeMRI,2021.2.3,60.10901347328255,
30,0,,,,,,,,0,26,26,43,,,,,,,,,,,,,,,,,,,,,,,,,,,,,,,,,,,,,,,,,,,,,space,0.6435727002099156,127.61729269940406,None,30,0,37,0,7,127.61729269940406,None,128.28399479947984,None,,,,,,,,,,,,,,,,,,,,,,,,,,,,,,,,,,,,,Sub042,001,2022_Sep_23_1435,1trainingbehavior_beforeMRI,2021.2.3,60.10901347328255,
30,1,,,,,,,,0,27,27,53,,,,,,,,,,,,,,,,,,,,,,,,,,,,,,,,,,,,,,,,,,,,,space,0.5932612996548414,128.78409589920193,None,30,1,-16,0,7,128.78409589920193,None,129.40076979994774,None,,,,,,,,,,,,,,,,,,,,,,,,,,,,,,,,,,,,,Sub042,001,2022_Sep_23_1435,1trainingbehavior_beforeMRI,2021.2.3,60.10901347328255,
10,0,,,,,,,,0,28,28,9,,,,,,,,,,,,,,,,,,,,,,,,,,,,,,,,,,,,,,,,,,,,,space,0.5434878002852201,129.90065289940685,None,10,0,-5,1,7,129.90065289940685,None,130.46725829970092,None,,,,,,,,,,,,,,,,,,,,,,,,,,,,,,,,,,,,,Sub042,001,2022_Sep_23_1435,1trainingbehavior_beforeMRI,2021.2.3,60.10901347328255,
20,0,,,,,,,,0,29,29,20,,,,,,,,,,,,,,,,,,,,,,,,,,,,,,,,,,,,,,,,,,,,,space,0.6108154999092221,130.96745479945093,None,20,0,23,0,7,130.96745479945093,None,131.60061169974506,None,,,,,,,,,,,,,,,,,,,,,,,,,,,,,,,,,,,,,Sub042,001,2022_Sep_23_1435,1trainingbehavior_beforeMRI,2021.2.3,60.10901347328255,
30,1,,,,,,,,0,30,30,59,,,,,,,,,,,,,,,,,,,,,,,,,,,,,,,,,,,,,,,,,,,,,space,0.5177002996206284,132.1008688993752,None,30,1,19,0,7,132.1008688993752,None,132.63421939965338,None,,,,,,,,,,,,,,,,,,,,,,,,,,,,,,,,,,,,,Sub042,001,2022_Sep_23_1435,1trainingbehavior_beforeMRI,2021.2.3,60.10901347328255,
10,1,,,,,,,,0,31,31,15,,,,,,,,,,,,,,,,,,,,,,,,,,,,,,,,,,,,,,,,,,,,,space,0.6455939002335072,133.13409069925547,None,10,1,-37,0,7,133.13409069925547,None,133.80077929981053,None,,,,,,,,,,,,,,,,,,,,,,,,,,,,,,,,,,,,,Sub042,001,2022_Sep_23_1435,1trainingbehavior_beforeMRI,2021.2.3,60.10901347328255,
20,0,,,,,,,,0,32,32,29,,,,,,,,,,,,,,,,,,,,,,,,,,,,,,,,,,,,,,,,,,,,,space,0.5269122002646327,134.30085279978812,None,20,0,-12,0,7,134.30085279978812,None,134.8510163994506,None,,,,,,,,,,,,,,,,,,,,,,,,,,,,,,,,,,,,,Sub042,001,2022_Sep_23_1435,1trainingbehavior_beforeMRI,2021.2.3,60.10901347328255,
30,0,,,,,,,,0,33,33,45,,,,,,,,,,,,,,,,,,,,,,,,,,,,,,,,,,,,,,,,,,,,,space,0.5649579996243119,135.35119389928877,None,30,0,2,1,7,135.35119389928877,None,135.9341649999842,None,,,,,,,,,,,,,,,,,,,,,,,,,,,,,,,,,,,,,Sub042,001,2022_Sep_23_1435,1trainingbehavior_beforeMRI,2021.2.3,60.10901347328255,
20,1,,,,,,,,0,34,34,34,,,,,,,,,,,,,,,,,,,,,,,,,,,,,,,,,,,,,,,,,,,,,space,0.6716801999136806,136.43420669995248,None,20,1,-51,0,7,136.43420669995248,None,137.13411219976842,None,,,,,,,,,,,,,,,,,,,,,,,,,,,,,,,,,,,,,Sub042,001,2022_Sep_23_1435,1trainingbehavior_beforeMRI,2021.2.3,60.10901347328255,
10,0,,,,,,,,0,35,35,4,,,,,,,,,,,,,,,,,,,,,,,,,,,,,,,,,,,,,,,,,,,,,space,0.5310137001797557,137.63463119976223,None,10,0,-12,0,7,137.63463119976223,None,138.1843973994255,None,,,,,,,,,,,,,,,,,,,,,,,,,,,,,,,,,,,,,Sub042,001,2022_Sep_23_1435,1trainingbehavior_beforeMRI,2021.2.3,60.10901347328255,
10,0,,,,,,,,0,36,36,7,,,,,,,,,,,,,,,,,,,,,,,,,,,,,,,,,,,,,,,,,,,,,space,0.5786035005003214,138.6846505999565,None,10,0,9,0,7,138.6846505999565,None,139.28473680000752,None,,,,,,,,,,,,,,,,,,,,,,,,,,,,,,,,,,,,,Sub042,001,2022_Sep_23_1435,1trainingbehavior_beforeMRI,2021.2.3,60.10901347328255,
10,0,,,,,,,,0,37,37,0,,,,,,,,,,,,,,,,,,,,,,,,,,,,,,,,,,,,,,,,,,,,,space,0.5660708993673325,139.78468809928745,None,10,0,2,1,7,139.78468809928745,None,140.36778579931706,None,,,,,,,,,,,,,,,,,,,,,,,,,,,,,,,,,,,,,Sub042,001,2022_Sep_23_1435,1trainingbehavior_beforeMRI,2021.2.3,60.10901347328255,
30,1,,,,,,,,0,38,38,58,,,,,,,,,,,,,,,,,,,,,,,,,,,,,,,,,,,,,,,,,,,,,space,0.5418677004054189,140.86811719927937,None,30,1,5,1,7,140.86811719927937,None,141.4347182996571,None,,,,,,,,,,,,,,,,,,,,,,,,,,,,,,,,,,,,,Sub042,001,2022_Sep_23_1435,1trainingbehavior_beforeMRI,2021.2.3,60.10901347328255,
10,0,,,,,,,,0,39,39,3,,,,,,,,,,,,,,,,,,,,,,,,,,,,,,,,,,,,,,,,,,,,,space,0.5741755999624729,141.93490539956838,None,10,0,9,0,7,141.93490539956838,None,142.5345737999305,None,,,,,,,,,,,,,,,,,,,,,,,,,,,,,,,,,,,,,Sub042,001,2022_Sep_23_1435,1trainingbehavior_beforeMRI,2021.2.3,60.10901347328255,
20,0,,,,,,,,0,40,40,27,,,,,,,,,,,,,,,,,,,,,,,,,,,,,,,,,,,,,,,,,,,,,space,0.5379812000319362,143.03447650000453,None,20,0,-5,1,7,143.03447650000453,None,143.6014847997576,None,,,,,,,,,,,,,,,,,,,,,,,,,,,,,,,,,,,,,Sub042,001,2022_Sep_23_1435,1trainingbehavior_beforeMRI,2021.2.3,60.10901347328255,
30,0,,,,,,,,0,41,41,49,,,,,,,,,,,,,,,,,,,,,,,,,,,,,,,,,,,,,,,,,,,,,space,0.5286835003644228,144.10157999955118,None,30,0,-12,1,7,144.10157999955118,None,144.65128969959915,None,,,,,,,,,,,,,,,,,,,,,,,,,,,,,,,,,,,,,Sub042,001,2022_Sep_23_1435,1trainingbehavior_beforeMRI,2021.2.3,60.10901347328255,
30,0,,,,,,,,0,42,42,42,,,,,,,,,,,,,,,,,,,,,,,,,,,,,,,,,,,,,,,,,,,,,space,0.6443038992583752,145.15141369961202,None,30,0,37,0,7,145.15141369961202,None,145.81878179963678,None,,,,,,,,,,,,,,,,,,,,,,,,,,,,,,,,,,,,,Sub042,001,2022_Sep_23_1435,1trainingbehavior_beforeMRI,2021.2.3,60.10901347328255,
10,1,,,,,,,,0,43,43,10,,,,,,,,,,,,,,,,,,,,,,,,,,,,,,,,,,,,,,,,,,,,,space,0.6793251996859908,146.31822129990906,None,10,1,-51,0,7,146.31822129990906,None,147.0179600995034,None,,,,,,,,,,,,,,,,,,,,,,,,,,,,,,,,,,,,,Sub042,001,2022_Sep_23_1435,1trainingbehavior_beforeMRI,2021.2.3,60.10901347328255,
20,1,,,,,,,,0,44,44,36,,,,,,,,,,,,,,,,,,,,,,,,,,,,,,,,,,,,,,,,,,,,,space,0.573033900000155,147.51818549912423,None,20,1,-9,1,7,147.51818549912423,None,148.11791549995542,None,,,,,,,,,,,,,,,,,,,,,,,,,,,,,,,,,,,,,Sub042,001,2022_Sep_23_1435,1trainingbehavior_beforeMRI,2021.2.3,60.10901347328255,
20,1,,,,,,,,0,45,45,32,,,,,,,,,,,,,,,,,,,,,,,,,,,,,,,,,,,,,,,,,,,,,space,0.63092349935323,148.61823409982026,None,20,1,-30,0,7,148.61823409982026,None,149.26817169971764,None,,,,,,,,,,,,,,,,,,,,,,,,,,,,,,,,,,,,,Sub042,001,2022_Sep_23_1435,1trainingbehavior_beforeMRI,2021.2.3,60.10901347328255,
30,1,,,,,,,,0,46,46,52,,,,,,,,,,,,,,,,,,,,,,,,,,,,,,,,,,,,,,,,,,,,,space,0.5032932991161942,149.76840249914676,None,30,1,19,0,7,149.76840249914676,None,150.30161639954895,None,,,,,,,,,,,,,,,,,,,,,,,,,,,,,,,,,,,,,Sub042,001,2022_Sep_23_1435,1trainingbehavior_beforeMRI,2021.2.3,60.10901347328255,
20,0,,,,,,,,0,47,47,22,,,,,,,,,,,,,,,,,,,,,,,,,,,,,,,,,,,,,,,,,,,,,space,0.6087045995518565,150.80159639939666,None,20,0,23,0,7,150.80159639939666,None,151.43486469984055,None,,,,,,,,,,,,,,,,,,,,,,,,,,,,,,,,,,,,,Sub042,001,2022_Sep_23_1435,1trainingbehavior_beforeMRI,2021.2.3,60.10901347328255,
30,1,,,,,,,,0,48,48,56,,,,,,,,,,,,,,,,,,,,,,,,,,,,,,,,,,,,,,,,,,,,,space,0.48915089946240187,151.93490740004927,None,30,1,26,0,7,151.93490740004927,None,152.4518359992653,None,,,,,,,,,,,,,,,,,,,,,,,,,,,,,,,,,,,,,Sub042,001,2022_Sep_23_1435,1trainingbehavior_beforeMRI,2021.2.3,60.10901347328255,
20,0,,,,,,,,0,49,49,23,,,,,,,,,,,,,,,,,,,,,,,,,,,,,,,,,,,,,,,,,,,,,space,0.5704129002988338,152.95166299957782,None,20,0,9,1,7,152.95166299957782,None,153.55155819933861,None,,,,,,,,,,,,,,,,,,,,,,,,,,,,,,,,,,,,,Sub042,001,2022_Sep_23_1435,1trainingbehavior_beforeMRI,2021.2.3,60.10901347328255,
30,0,,,,,,,,0,50,50,44,,,,,,,,,,,,,,,,,,,,,,,,,,,,,,,,,,,,,,,,,,,,,space,0.5151853999122977,154.0519985994324,None,30,0,-19,0,7,154.0519985994324,None,154.5851924996823,None,,,,,,,,,,,,,,,,,,,,,,,,,,,,,,,,,,,,,Sub042,001,2022_Sep_23_1435,1trainingbehavior_beforeMRI,2021.2.3,60.10901347328255,
10,0,,,,,,,,0,51,51,8,,,,,,,,,,,,,,,,,,,,,,,,,,,,,,,,,,,,,,,,,,,,,space,0.6028172001242638,155.08491359930485,None,10,0,23,0,7,155.08491359930485,None,155.71871689986438,None,,,,,,,,,,,,,,,,,,,,,,,,,,,,,,,,,,,,,Sub042,001,2022_Sep_23_1435,1trainingbehavior_beforeMRI,2021.2.3,60.10901347328255,
10,1,,,,,,,,0,52,52,11,,,,,,,,,,,,,,,,,,,,,,,,,,,,,,,,,,,,,,,,,,,,,space,0.5325103998184204,156.21866719983518,None,10,1,12,0,7,156.21866719983518,None,156.7684565000236,None,,,,,,,,,,,,,,,,,,,,,,,,,,,,,,,,,,,,,Sub042,001,2022_Sep_23_1435,1trainingbehavior_beforeMRI,2021.2.3,60.10901347328255,
20,1,,,,,,,,0,53,53,37,,,,,,,,,,,,,,,,,,,,,,,,,,,,,,,,,,,,,,,,,,,,,space,0.5750808008015156,157.26857699919492,None,20,1,-9,1,7,157.26857699919492,None,157.86852999962866,None,,,,,,,,,,,,,,,,,,,,,,,,,,,,,,,,,,,,,Sub042,001,2022_Sep_23_1435,1trainingbehavior_beforeMRI,2021.2.3,60.10901347328255,
10,1,,,,,,,,0,54,54,16,,,,,,,,,,,,,,,,,,,,,,,,,,,,,,,,,,,,,,,,,,,,,space,0.5888537997379899,158.3689797995612,None,10,1,-16,0,7,158.3689797995612,None,158.98523989971727,None,,,,,,,,,,,,,,,,,,,,,,,,,,,,,,,,,,,,,Sub042,001,2022_Sep_23_1435,1trainingbehavior_beforeMRI,2021.2.3,60.10901347328255,
20,1,,,,,,,,0,55,55,31,,,,,,,,,,,,,,,,,,,,,,,,,,,,,,,,,,,,,,,,,,,,,space,0.686213499866426,159.48537050001323,None,20,1,-58,0,7,159.48537050001323,None,160.20168709941208,None,,,,,,,,,,,,,,,,,,,,,,,,,,,,,,,,,,,,,Sub042,001,2022_Sep_23_1435,1trainingbehavior_beforeMRI,2021.2.3,60.10901347328255,
10,0,,,,,,,,0,56,56,5,,,,,,,,,,,,,,,,,,,,,,,,,,,,,,,,,,,,,,,,,,,,,space,0.5344651993364096,160.7021287996322,None,10,0,-12,0,7,160.7021287996322,None,161.2522064000368,None,,,,,,,,,,,,,,,,,,,,,,,,,,,,,,,,,,,,,Sub042,001,2022_Sep_23_1435,1trainingbehavior_beforeMRI,2021.2.3,60.10901347328255,
20,0,,,,,,,,0,57,57,26,,,,,,,,,,,,,,,,,,,,,,,,,,,,,,,,,,,,,,,,,,,,,space,0.5786167997866869,161.75200810004026,None,20,0,9,1,7,161.75200810004026,None,162.35261989943683,None,,,,,,,,,,,,,,,,,,,,,,,,,,,,,,,,,,,,,Sub042,001,2022_Sep_23_1435,1trainingbehavior_beforeMRI,2021.2.3,60.10901347328255,
20,1,,,,,,,,0,58,58,39,,,,,,,,,,,,,,,,,,,,,,,,,,,,,,,,,,,,,,,,,,,,,space,0.6388173997402191,162.85207519959658,None,20,1,-37,0,7,162.85207519959658,None,163.51867499947548,None,,,,,,,,,,,,,,,,,,,,,,,,,,,,,,,,,,,,,Sub042,001,2022_Sep_23_1435,1trainingbehavior_beforeMRI,2021.2.3,60.10901347328255,
30,0,,,,,,,,0,59,59,46,,,,,,,,,,,,,,,,,,,,,,,,,,,,,,,,,,,,,,,,,,,,,space,0.5161236999556422,164.01882659923285,None,30,0,-19,0,7,164.01882659923285,None,164.5522822998464,None,,,,,,,,,,,,,,,,,,,,,,,,,,,,,,,,,,,,,Sub042,001,2022_Sep_23_1435,1trainingbehavior_beforeMRI,2021.2.3,60.10901347328255,
,,,,,,,,,,,,,0,0,0,0,,,,,,,,,,,,,,,,,,,,,,,,,,,,,,,,,,,,,,,,,,,,,,,,,,,,,,165.0521288998425,None,24.66567565576819,12.495631287212166,33.273996459631284,63.22305984086503,[12.49563129 33.27399646 63.22305984],,,,,,,,,,,,,,,,,,,,,,,,,,,,,,Sub042,001,2022_Sep_23_1435,1trainingbehavior_beforeMRI,2021.2.3,60.10901347328255,
10,,,,,,,,,,,,,,,,,0,0,0,0,0,0,0,0,,,,,,,,,,,,,,,,,,,,,,,,,,,,,,,,,,,,,,,,,,,,,,,,,,,,,174.26687259972095,None,3.022222222222222,9.174441299401224,174.26687259972095,None,3,33.52187329996377,174.26687259972095,None,,,,,,,,,,,,,,,,,,,,Sub042,001,2022_Sep_23_1435,1trainingbehavior_beforeMRI,2021.2.3,60.10901347328255,
10,,,,,,,,,,,,,,,,,0,0,0,0,,,,,,,,,,,,,,,,,,,,,,,,,,,,,,,,,,,,,,,,,,,,,,,,,,,,,,,,,,,,,,,,,,,,,,,,,,,,,,,,,,,,,,Sub042,001,2022_Sep_23_1435,1trainingbehavior_beforeMRI,2021.2.3,60.10901347328255,
20,,,,,,,,,,,,,,,,,0,1,1,1,0,0,0,0,,,,,,,,,,,,,,,,,,,,,,,,,,,,,,,,,,,,,,,,,,,,,,,,,,,,,207.805728899315,None,None,None,207.805728899315,None,4,5.018302699550986,207.805728899315,None,,,,,,,,,,,,,,,,,,,,Sub042,001,2022_Sep_23_1435,1trainingbehavior_beforeMRI,2021.2.3,60.10901347328255,
20,,,,,,,,,,,,,,,,,0,1,1,1,,,,,,,,,,,,,,,,,,,,,,,,,,,,,,,,,,,,,,,,,,,,,,,,,,,,,,,,,,,,,,,,,,,,,,,,,,,,,,,,,,,,,,Sub042,001,2022_Sep_23_1435,1trainingbehavior_beforeMRI,2021.2.3,60.10901347328255,
30,,,,,,,,,,,,,,,,,0,2,2,2,0,0,0,0,,,,,,,,,,,,,,,,,,,,,,,,,,,,,,,,,,,,,,,,,,,,,,,,,,,,,212.85915759950876,None,None,None,212.85915759950876,None,4,2.9162024995312095,212.85915759950876,None,,,,,,,,,,,,,,,,,,,,Sub042,001,2022_Sep_23_1435,1trainingbehavior_beforeMRI,2021.2.3,60.10901347328255,
30,,,,,,,,,,,,,,,,,0,2,2,2,,,,,,,,,,,,,,,,,,,,,,,,,,,,,,,,,,,,,,,,,,,,,,,,,,,,,,,,,,,,,,,,,,,,,,,,,,,,,,,,,,,,,,Sub042,001,2022_Sep_23_1435,1trainingbehavior_beforeMRI,2021.2.3,60.10901347328255,
,,Card_20.xlsx,20,0,,,,,,,,,,,,,,,,,,,,,,,,,,,,,0,0,0,0,0,0,0,0,0,0,0,3,,,,,,,,,,,,,,,,,,,,,,,,,,,,,,,,,,,,,,,,,,,215.80392299965024,None,220.37091729976237,None,262.8227001996711,None,20,0,,,,,,,,,,,,Sub042,001,2022_Sep_23_1435,1trainingbehavior_beforeMRI,2021.2.3,60.10901347328255,
,,Card_20.xlsx,20,1,,,,,,,,,,,,,,,,,,,,,,,,,,,,,0,0,0,0,0,0,0,0,0,1,1,8,,,,,,,,,,,,,,,,,,,,,,,,,,,,,,,,,,,,,,,,,,,,,,,,,20,1,,,,,,,,,,,,Sub042,001,2022_Sep_23_1435,1trainingbehavior_beforeMRI,2021.2.3,60.10901347328255,
,,Card_20.xlsx,20,1,,,,,,,,,,,,,,,,,,,,,,,,,,,,,0,0,0,0,0,0,0,0,0,2,2,9,,,,,,,,,,,,,,,,,,,,,,,,,,,,,,,,,,,,,,,,,,,,,,,,,20,1,,,,,,,,,,,,Sub042,001,2022_Sep_23_1435,1trainingbehavior_beforeMRI,2021.2.3,60.10901347328255,
,,Card_20.xlsx,20,0,,,,,,,,,,,,,,,,,,,,,,,,,,,,,0,0,0,0,0,0,0,0,0,3,3,2,,,,,,,,,,,,,,,,,,,,,,,,,,,,,,,,,,,,,,,,,,,,,,,,,20,0,,,,,,,,,,,,Sub042,001,2022_Sep_23_1435,1trainingbehavior_beforeMRI,2021.2.3,60.10901347328255,
,,Card_20.xlsx,20,0,,,,,,,,,,,,,,,,,,,,,,,,,,,,,0,0,0,0,0,0,0,0,0,4,4,7,,,,,,,,,,,,,,,,,,,,,,,,,,,,,,,,,,,,,,,,,,,,,,,,,20,0,,,,,,,,,,,,Sub042,001,2022_Sep_23_1435,1trainingbehavior_beforeMRI,2021.2.3,60.10901347328255,
,,Card_20.xlsx,20,0,,,,,,,,,,,,,,,,,,,,,,,,,,,,,0,0,0,0,0,0,0,0,0,5,5,5,,,,,,,,,,,,,,,,,,,,,,,,,,,,,,,,,,,,,,,,,,,,,,,,,20,0,,,,,,,,,,,,Sub042,001,2022_Sep_23_1435,1trainingbehavior_beforeMRI,2021.2.3,60.10901347328255,
,,Card_20.xlsx,20,0,,,,,,,,,,,,,,,,,,,,,,,,,,,,,0,0,0,0,0,0,0,0,0,6,6,4,,,,,,,,,,,,,,,,,,,,,,,,,,,,,,,,,,,,,,,,,,,,,,,,,20,0,,,,,,,,,,,,Sub042,001,2022_Sep_23_1435,1trainingbehavior_beforeMRI,2021.2.3,60.10901347328255,
,,Card_20.xlsx,20,0,,,,,,,,,,,,,,,,,,,,,,,,,,,,,0,0,0,0,0,0,0,0,0,7,7,1,,,,,,,,,,,,,,,,,,,,,,,,,,,,,,,,,,,,,,,,,,,,,,,,,20,0,,,,,,,,,,,,Sub042,001,2022_Sep_23_1435,1trainingbehavior_beforeMRI,2021.2.3,60.10901347328255,
,,Card_20.xlsx,20,0,,,,,,,,,,,,,,,,,,,,,,,,,,,,,0,0,0,0,0,0,0,0,0,8,8,0,,,,,,,,,,,,,,,,,,,,,,,,,,,,,,,,,,,,,,,,,,,,,,,,,20,0,,,,,,,,,,,,Sub042,001,2022_Sep_23_1435,1trainingbehavior_beforeMRI,2021.2.3,60.10901347328255,
,,Card_20.xlsx,20,0,,,,,,,,,,,,,,,,,,,,,,,,,,,,,0,0,0,0,0,0,0,0,0,9,9,6,,,,,,,,,,,,,,,,,,,,,,,,,,,,,,,,,,,,,,,,,,,,,,,,,20,0,,,,,,,,,,,,Sub042,001,2022_Sep_23_1435,1trainingbehavior_beforeMRI,2021.2.3,60.10901347328255,
,,Card_20.xlsx,,,,,,,,,,,,,,,,,,,,,,,,,,,,,,,0,0,0,0,0,0,0,0,,,,,0,0,0,0,,,,,,,,,,,,,,,,,,,,,,,,,,,,,,,,,,,,,,,,,,,,,,,20,None,None,304.57718240004033,None,2,6.303903999738395,304.57718240004033,None,,,Sub042,001,2022_Sep_23_1435,1trainingbehavior_beforeMRI,2021.2.3,60.10901347328255,
,,Card_20.xlsx,,,,,,,,,,,,,,,,,,,,,,,,,,,,,,,0,0,0,0,0,0,0,0,,,,,,,,,,,,,,,,,,,,,,,,,,,,,,,,,,,,,,,,,,,,,,,,,,,,,,,,,,,,,,,,,,Sub042,001,2022_Sep_23_1435,1trainingbehavior_beforeMRI,2021.2.3,60.10901347328255,
,,Card_80.xlsx,80,0,,,,,,,,,,,,,,,,,,,,,,,,,,,,,0,0,0,0,0,1,1,2,0,0,0,0,,,,,,,,,,,,,,,,,,,,,,,,,,,,,,,,,,,,,,,,,,,,,,,,,80,0,,,,,,,,,,,,Sub042,001,2022_Sep_23_1435,1trainingbehavior_beforeMRI,2021.2.3,60.10901347328255,
,,Card_80.xlsx,80,1,,,,,,,,,,,,,,,,,,,,,,,,,,,,,0,0,0,0,0,1,1,2,0,1,1,7,,,,,,,,,,,,,,,,,,,,,,,,,,,,,,,,,,,,,,,,,,,,,,,,,80,1,,,,,,,,,,,,Sub042,001,2022_Sep_23_1435,1trainingbehavior_beforeMRI,2021.2.3,60.10901347328255,
,,Card_80.xlsx,80,1,,,,,,,,,,,,,,,,,,,,,,,,,,,,,0,0,0,0,0,1,1,2,0,2,2,6,,,,,,,,,,,,,,,,,,,,,,,,,,,,,,,,,,,,,,,,,,,,,,,,,80,1,,,,,,,,,,,,Sub042,001,2022_Sep_23_1435,1trainingbehavior_beforeMRI,2021.2.3,60.10901347328255,
,,Card_80.xlsx,80,1,,,,,,,,,,,,,,,,,,,,,,,,,,,,,0,0,0,0,0,1,1,2,0,3,3,3,,,,,,,,,,,,,,,,,,,,,,,,,,,,,,,,,,,,,,,,,,,,,,,,,80,1,,,,,,,,,,,,Sub042,001,2022_Sep_23_1435,1trainingbehavior_beforeMRI,2021.2.3,60.10901347328255,
,,Card_80.xlsx,80,1,,,,,,,,,,,,,,,,,,,,,,,,,,,,,0,0,0,0,0,1,1,2,0,4,4,4,,,,,,,,,,,,,,,,,,,,,,,,,,,,,,,,,,,,,,,,,,,,,,,,,80,1,,,,,,,,,,,,Sub042,001,2022_Sep_23_1435,1trainingbehavior_beforeMRI,2021.2.3,60.10901347328255,
,,Card_80.xlsx,80,1,,,,,,,,,,,,,,,,,,,,,,,,,,,,,0,0,0,0,0,1,1,2,0,5,5,2,,,,,,,,,,,,,,,,,,,,,,,,,,,,,,,,,,,,,,,,,,,,,,,,,80,1,,,,,,,,,,,,Sub042,001,2022_Sep_23_1435,1trainingbehavior_beforeMRI,2021.2.3,60.10901347328255,
,,Card_80.xlsx,80,1,,,,,,,,,,,,,,,,,,,,,,,,,,,,,0,0,0,0,0,1,1,2,0,6,6,5,,,,,,,,,,,,,,,,,,,,,,,,,,,,,,,,,,,,,,,,,,,,,,,,,80,1,,,,,,,,,,,,Sub042,001,2022_Sep_23_1435,1trainingbehavior_beforeMRI,2021.2.3,60.10901347328255,
,,Card_80.xlsx,80,0,,,,,,,,,,,,,,,,,,,,,,,,,,,,,0,0,0,0,0,1,1,2,0,7,7,1,,,,,,,,,,,,,,,,,,,,,,,,,,,,,,,,,,,,,,,,,,,,,,,,,80,0,,,,,,,,,,,,Sub042,001,2022_Sep_23_1435,1trainingbehavior_beforeMRI,2021.2.3,60.10901347328255,
,,Card_80.xlsx,80,1,,,,,,,,,,,,,,,,,,,,,,,,,,,,,0,0,0,0,0,1,1,2,0,8,8,8,,,,,,,,,,,,,,,,,,,,,,,,,,,,,,,,,,,,,,,,,,,,,,,,,80,1,,,,,,,,,,,,Sub042,001,2022_Sep_23_1435,1trainingbehavior_beforeMRI,2021.2.3,60.10901347328255,
,,Card_80.xlsx,80,1,,,,,,,,,,,,,,,,,,,,,,,,,,,,,0,0,0,0,0,1,1,2,0,9,9,9,,,,,,,,,,,,,,,,,,,,,,,,,,,,,,,,,,,,,,,,,,,,,,,,,80,1,,,,,,,,,,,,Sub042,001,2022_Sep_23_1435,1trainingbehavior_beforeMRI,2021.2.3,60.10901347328255,
,,Card_80.xlsx,,,,,,,,,,,,,,,,,,,,,,,,,,,,,,,0,0,0,0,0,1,1,2,,,,,0,0,0,0,,,,,,,,,,,,,,,,,,,,,,,,,,,,,,,,,,,,,,,,,,,,,,,80,None,None,345.91192450001836,None,5,5.603474900126457,345.91192450001836,None,,,Sub042,001,2022_Sep_23_1435,1trainingbehavior_beforeMRI,2021.2.3,60.10901347328255,
,,Card_80.xlsx,,,,,,,,,,,,,,,,,,,,,,,,,,,,,,,0,0,0,0,0,1,1,2,,,,,,,,,,,,,,,,,,,,,,,,,,,,,,,,,,,,,,,,,,,,,,,,,,,,,,,,,,,,,,,,,,Sub042,001,2022_Sep_23_1435,1trainingbehavior_beforeMRI,2021.2.3,60.10901347328255,
,,Card_50.xlsx,50,1,,,,,,,,,,,,,,,,,,,,,,,,,,,,,0,0,0,0,0,2,2,1,0,0,0,7,,,,,,,,,,,,,,,,,,,,,,,,,,,,,,,,,,,,,,,,,,,,,,,,,50,1,,,,,,,,,,,,Sub042,001,2022_Sep_23_1435,1trainingbehavior_beforeMRI,2021.2.3,60.10901347328255,
,,Card_50.xlsx,50,0,,,,,,,,,,,,,,,,,,,,,,,,,,,,,0,0,0,0,0,2,2,1,0,1,1,3,,,,,,,,,,,,,,,,,,,,,,,,,,,,,,,,,,,,,,,,,,,,,,,,,50,0,,,,,,,,,,,,Sub042,001,2022_Sep_23_1435,1trainingbehavior_beforeMRI,2021.2.3,60.10901347328255,
,,Card_50.xlsx,50,1,,,,,,,,,,,,,,,,,,,,,,,,,,,,,0,0,0,0,0,2,2,1,0,2,2,9,,,,,,,,,,,,,,,,,,,,,,,,,,,,,,,,,,,,,,,,,,,,,,,,,50,1,,,,,,,,,,,,Sub042,001,2022_Sep_23_1435,1trainingbehavior_beforeMRI,2021.2.3,60.10901347328255,
,,Card_50.xlsx,50,1,,,,,,,,,,,,,,,,,,,,,,,,,,,,,0,0,0,0,0,2,2,1,0,3,3,6,,,,,,,,,,,,,,,,,,,,,,,,,,,,,,,,,,,,,,,,,,,,,,,,,50,1,,,,,,,,,,,,Sub042,001,2022_Sep_23_1435,1trainingbehavior_beforeMRI,2021.2.3,60.10901347328255,
,,Card_50.xlsx,50,0,,,,,,,,,,,,,,,,,,,,,,,,,,,,,0,0,0,0,0,2,2,1,0,4,4,1,,,,,,,,,,,,,,,,,,,,,,,,,,,,,,,,,,,,,,,,,,,,,,,,,50,0,,,,,,,,,,,,Sub042,001,2022_Sep_23_1435,1trainingbehavior_beforeMRI,2021.2.3,60.10901347328255,
,,Card_50.xlsx,50,0,,,,,,,,,,,,,,,,,,,,,,,,,,,,,0,0,0,0,0,2,2,1,0,5,5,4,,,,,,,,,,,,,,,,,,,,,,,,,,,,,,,,,,,,,,,,,,,,,,,,,50,0,,,,,,,,,,,,Sub042,001,2022_Sep_23_1435,1trainingbehavior_beforeMRI,2021.2.3,60.10901347328255,
,,Card_50.xlsx,50,0,,,,,,,,,,,,,,,,,,,,,,,,,,,,,0,0,0,0,0,2,2,1,0,6,6,0,,,,,,,,,,,,,,,,,,,,,,,,,,,,,,,,,,,,,,,,,,,,,,,,,50,0,,,,,,,,,,,,Sub042,001,2022_Sep_23_1435,1trainingbehavior_beforeMRI,2021.2.3,60.10901347328255,
,,Card_50.xlsx,50,0,,,,,,,,,,,,,,,,,,,,,,,,,,,,,0,0,0,0,0,2,2,1,0,7,7,2,,,,,,,,,,,,,,,,,,,,,,,,,,,,,,,,,,,,,,,,,,,,,,,,,50,0,,,,,,,,,,,,Sub042,001,2022_Sep_23_1435,1trainingbehavior_beforeMRI,2021.2.3,60.10901347328255,
,,Card_50.xlsx,50,1,,,,,,,,,,,,,,,,,,,,,,,,,,,,,0,0,0,0,0,2,2,1,0,8,8,5,,,,,,,,,,,,,,,,,,,,,,,,,,,,,,,,,,,,,,,,,,,,,,,,,50,1,,,,,,,,,,,,Sub042,001,2022_Sep_23_1435,1trainingbehavior_beforeMRI,2021.2.3,60.10901347328255,
,,Card_50.xlsx,50,1,,,,,,,,,,,,,,,,,,,,,,,,,,,,,0,0,0,0,0,2,2,1,0,9,9,8,,,,,,,,,,,,,,,,,,,,,,,,,,,,,,,,,,,,,,,,,,,,,,,,,50,1,,,,,,,,,,,,Sub042,001,2022_Sep_23_1435,1trainingbehavior_beforeMRI,2021.2.3,60.10901347328255,
,,Card_50.xlsx,,,,,,,,,,,,,,,,,,,,,,,,,,,,,,,0,0,0,0,0,2,2,1,,,,,0,0,0,0,,,,,,,,,,,,,,,,,,,,,,,,,,,,,,,,,,,,,,,,,,,,,,,50,None,None,386.5471582999453,None,4,2.8716810001060367,386.5471582999453,None,,,Sub042,001,2022_Sep_23_1435,1trainingbehavior_beforeMRI,2021.2.3,60.10901347328255,
,,Card_50.xlsx,,,,,,,,,,,,,,,,,,,,,,,,,,,,,,,0,0,0,0,0,2,2,1,,,,,,,,,,,,,,,,,,,,,,,,,,,,,,,,,,,,,,,,,,,,,,,,,,,,,,,,,,,,,,,,,,Sub042,001,2022_Sep_23_1435,1trainingbehavior_beforeMRI,2021.2.3,60.10901347328255,
,,,,,,,,,,,,,,,,,,,,,,,,,,,,,,,,,0,0,0,0,,,,,,,,,,,,,,,,,,,,,,,,,,,,,,,,,,,,,,,,,,,,,,,,,,,,,,,,,,,,,,,,,,,,389.4439874999225,None,Sub042,001,2022_Sep_23_1435,1trainingbehavior_beforeMRI,2021.2.3,60.10901347328255,
