﻿Run_Files,current_card_prob,current_WinLoss,Target_Size,start_position,start.thisRepN,start.thisTrialN,start.thisN,start.thisIndex,Run_card.thisRepN,Run_card.thisTrialN,Run_card.thisN,Run_card.thisIndex,trials_card.thisRepN,trials_card.thisTrialN,trials_card.thisN,trials_card.thisIndex,Qlikely_card_L.thisRepN,Qlikely_card_L.thisTrialN,Qlikely_card_L.thisN,Qlikely_card_L.thisIndex,Qlikely_card_R.thisRepN,Qlikely_card_R.thisTrialN,Qlikely_card_R.thisN,Qlikely_card_R.thisIndex,trials.thisRepN,trials.thisTrialN,trials.thisN,trials.thisIndex,trials_bar_Q.thisRepN,trials_bar_Q.thisTrialN,trials_bar_Q.thisN,trials_bar_Q.thisIndex,Qlikely_bar_L.thisRepN,Qlikely_bar_L.thisTrialN,Qlikely_bar_L.thisN,Qlikely_bar_L.thisIndex,Qlikely_bar_R.thisRepN,Qlikely_bar_R.thisTrialN,Qlikely_bar_R.thisN,Qlikely_bar_R.thisIndex,instr.started,instr.stopped,instr_5.started,instr_5.stopped,current_card_prob,current_WinLoss,Q_card_prob,Rating_Likely_card,key_resp_likely_card_R.keys,key_resp_likely_card_R.rt,key_resp_likely_card_R.started,key_resp_likely_card_R.stopped,bar_final_text_2.started,bar_final_text_2.stopped,key_resp_bar.keys,key_resp_bar.rt,key_resp_bar.started,key_resp_bar.stopped,Current_Target_Size,Start_position,key_resp_bar.position,key_resp_bar.hit,trial_speed,center.started,center.stopped,center2.started,center2.stopped,Rating_Likely_bar,center_11.started,center_11.stopped,key_resp_likely_bar_R.keys,key_resp_likely_bar_R.rt,key_resp_likely_bar_R.started,key_resp_likely_bar_R.stopped,instr_4.started,instr_4.stopped,participant,session,date,expName,psychopyVersion,frameRate,
,,,,,0,0,0,0,,,,,,,,,,,,,,,,,,,,,,,,,,,,,,,,,13.612285300012445,None,,,,,,,,,,,,,,,,,,,,,,,,,,,,,,,,,,,Sub040,001,2022_Sep_28_1337,1trainingbehavior_inMRI,2021.2.3,59.9945884853263,
Card_80.xlsx,80,1,,,,,,,0,0,0,2,0,0,0,7,,,,,,,,,,,,,,,,,,,,,,,,,,,17.907088000007207,None,80,1,,,,,,,,,,,,,,,,,,,,,,,,,,,,,,,Sub040,001,2022_Sep_28_1337,1trainingbehavior_inMRI,2021.2.3,59.9945884853263,
Card_80.xlsx,80,1,,,,,,,0,0,0,2,0,1,1,6,,,,,,,,,,,,,,,,,,,,,,,,,,,,,80,1,,,,,,,,,,,,,,,,,,,,,,,,,,,,,,,Sub040,001,2022_Sep_28_1337,1trainingbehavior_inMRI,2021.2.3,59.9945884853263,
Card_80.xlsx,80,1,,,,,,,0,0,0,2,0,2,2,5,,,,,,,,,,,,,,,,,,,,,,,,,,,,,80,1,,,,,,,,,,,,,,,,,,,,,,,,,,,,,,,Sub040,001,2022_Sep_28_1337,1trainingbehavior_inMRI,2021.2.3,59.9945884853263,
Card_80.xlsx,80,1,,,,,,,0,0,0,2,0,3,3,9,,,,,,,,,,,,,,,,,,,,,,,,,,,,,80,1,,,,,,,,,,,,,,,,,,,,,,,,,,,,,,,Sub040,001,2022_Sep_28_1337,1trainingbehavior_inMRI,2021.2.3,59.9945884853263,
Card_80.xlsx,80,0,,,,,,,0,0,0,2,0,4,4,0,,,,,,,,,,,,,,,,,,,,,,,,,,,,,80,0,,,,,,,,,,,,,,,,,,,,,,,,,,,,,,,Sub040,001,2022_Sep_28_1337,1trainingbehavior_inMRI,2021.2.3,59.9945884853263,
Card_80.xlsx,80,1,,,,,,,0,0,0,2,0,5,5,3,,,,,,,,,,,,,,,,,,,,,,,,,,,,,80,1,,,,,,,,,,,,,,,,,,,,,,,,,,,,,,,Sub040,001,2022_Sep_28_1337,1trainingbehavior_inMRI,2021.2.3,59.9945884853263,
Card_80.xlsx,80,0,,,,,,,0,0,0,2,0,6,6,1,,,,,,,,,,,,,,,,,,,,,,,,,,,,,80,0,,,,,,,,,,,,,,,,,,,,,,,,,,,,,,,Sub040,001,2022_Sep_28_1337,1trainingbehavior_inMRI,2021.2.3,59.9945884853263,
Card_80.xlsx,80,1,,,,,,,0,0,0,2,0,7,7,2,,,,,,,,,,,,,,,,,,,,,,,,,,,,,80,1,,,,,,,,,,,,,,,,,,,,,,,,,,,,,,,Sub040,001,2022_Sep_28_1337,1trainingbehavior_inMRI,2021.2.3,59.9945884853263,
Card_80.xlsx,80,1,,,,,,,0,0,0,2,0,8,8,4,,,,,,,,,,,,,,,,,,,,,,,,,,,,,80,1,,,,,,,,,,,,,,,,,,,,,,,,,,,,,,,Sub040,001,2022_Sep_28_1337,1trainingbehavior_inMRI,2021.2.3,59.9945884853263,
Card_80.xlsx,80,1,,,,,,,0,0,0,2,0,9,9,8,,,,,,,,,,,,,,,,,,,,,,,,,,,,,80,1,,,,,,,,,,,,,,,,,,,,,,,,,,,,,,,Sub040,001,2022_Sep_28_1337,1trainingbehavior_inMRI,2021.2.3,59.9945884853263,
Card_80.xlsx,,,,,,,,,0,0,0,2,,,,,,,,,0,0,0,0,,,,,,,,,,,,,,,,,,,,,,,80,Extremely Likely,b,0.9197741999814752,58.128888100007316,None,,,,,,,,,,,,,,,,,,,,,,,,,Sub040,001,2022_Sep_28_1337,1trainingbehavior_inMRI,2021.2.3,59.9945884853263,
Card_80.xlsx,,,,,,,,,0,0,0,2,,,,,,,,,,,,,,,,,,,,,,,,,,,,,,,,,,,,,,,,,,,,,,,,,,,,,,,,,,,,,,,,,Sub040,001,2022_Sep_28_1337,1trainingbehavior_inMRI,2021.2.3,59.9945884853263,
Card_20.xlsx,20,0,,,,,,,0,1,1,0,0,0,0,6,,,,,,,,,,,,,,,,,,,,,,,,,,,,,20,0,,,,,,,,,,,,,,,,,,,,,,,,,,,,,,,Sub040,001,2022_Sep_28_1337,1trainingbehavior_inMRI,2021.2.3,59.9945884853263,
Card_20.xlsx,20,0,,,,,,,0,1,1,0,0,1,1,0,,,,,,,,,,,,,,,,,,,,,,,,,,,,,20,0,,,,,,,,,,,,,,,,,,,,,,,,,,,,,,,Sub040,001,2022_Sep_28_1337,1trainingbehavior_inMRI,2021.2.3,59.9945884853263,
Card_20.xlsx,20,1,,,,,,,0,1,1,0,0,2,2,8,,,,,,,,,,,,,,,,,,,,,,,,,,,,,20,1,,,,,,,,,,,,,,,,,,,,,,,,,,,,,,,Sub040,001,2022_Sep_28_1337,1trainingbehavior_inMRI,2021.2.3,59.9945884853263,
Card_20.xlsx,20,0,,,,,,,0,1,1,0,0,3,3,2,,,,,,,,,,,,,,,,,,,,,,,,,,,,,20,0,,,,,,,,,,,,,,,,,,,,,,,,,,,,,,,Sub040,001,2022_Sep_28_1337,1trainingbehavior_inMRI,2021.2.3,59.9945884853263,
Card_20.xlsx,20,0,,,,,,,0,1,1,0,0,4,4,3,,,,,,,,,,,,,,,,,,,,,,,,,,,,,20,0,,,,,,,,,,,,,,,,,,,,,,,,,,,,,,,Sub040,001,2022_Sep_28_1337,1trainingbehavior_inMRI,2021.2.3,59.9945884853263,
Card_20.xlsx,20,1,,,,,,,0,1,1,0,0,5,5,9,,,,,,,,,,,,,,,,,,,,,,,,,,,,,20,1,,,,,,,,,,,,,,,,,,,,,,,,,,,,,,,Sub040,001,2022_Sep_28_1337,1trainingbehavior_inMRI,2021.2.3,59.9945884853263,
Card_20.xlsx,20,0,,,,,,,0,1,1,0,0,6,6,4,,,,,,,,,,,,,,,,,,,,,,,,,,,,,20,0,,,,,,,,,,,,,,,,,,,,,,,,,,,,,,,Sub040,001,2022_Sep_28_1337,1trainingbehavior_inMRI,2021.2.3,59.9945884853263,
Card_20.xlsx,20,0,,,,,,,0,1,1,0,0,7,7,1,,,,,,,,,,,,,,,,,,,,,,,,,,,,,20,0,,,,,,,,,,,,,,,,,,,,,,,,,,,,,,,Sub040,001,2022_Sep_28_1337,1trainingbehavior_inMRI,2021.2.3,59.9945884853263,
Card_20.xlsx,20,0,,,,,,,0,1,1,0,0,8,8,7,,,,,,,,,,,,,,,,,,,,,,,,,,,,,20,0,,,,,,,,,,,,,,,,,,,,,,,,,,,,,,,Sub040,001,2022_Sep_28_1337,1trainingbehavior_inMRI,2021.2.3,59.9945884853263,
Card_20.xlsx,20,0,,,,,,,0,1,1,0,0,9,9,5,,,,,,,,,,,,,,,,,,,,,,,,,,,,,20,0,,,,,,,,,,,,,,,,,,,,,,,,,,,,,,,Sub040,001,2022_Sep_28_1337,1trainingbehavior_inMRI,2021.2.3,59.9945884853263,
Card_20.xlsx,,,,,,,,,0,1,1,0,,,,,,,,,0,0,0,0,,,,,,,,,,,,,,,,,,,,,,,20,Extremely Unlikely,r,0.9883692000003066,94.09582069999306,None,,,,,,,,,,,,,,,,,,,,,,,,,Sub040,001,2022_Sep_28_1337,1trainingbehavior_inMRI,2021.2.3,59.9945884853263,
Card_20.xlsx,,,,,,,,,0,1,1,0,,,,,,,,,,,,,,,,,,,,,,,,,,,,,,,,,,,,,,,,,,,,,,,,,,,,,,,,,,,,,,,,,Sub040,001,2022_Sep_28_1337,1trainingbehavior_inMRI,2021.2.3,59.9945884853263,
Card_50.xlsx,50,1,,,,,,,0,2,2,1,0,0,0,5,,,,,,,,,,,,,,,,,,,,,,,,,,,,,50,1,,,,,,,,,,,,,,,,,,,,,,,,,,,,,,,Sub040,001,2022_Sep_28_1337,1trainingbehavior_inMRI,2021.2.3,59.9945884853263,
Card_50.xlsx,50,0,,,,,,,0,2,2,1,0,1,1,3,,,,,,,,,,,,,,,,,,,,,,,,,,,,,50,0,,,,,,,,,,,,,,,,,,,,,,,,,,,,,,,Sub040,001,2022_Sep_28_1337,1trainingbehavior_inMRI,2021.2.3,59.9945884853263,
Card_50.xlsx,50,0,,,,,,,0,2,2,1,0,2,2,0,,,,,,,,,,,,,,,,,,,,,,,,,,,,,50,0,,,,,,,,,,,,,,,,,,,,,,,,,,,,,,,Sub040,001,2022_Sep_28_1337,1trainingbehavior_inMRI,2021.2.3,59.9945884853263,
Card_50.xlsx,50,1,,,,,,,0,2,2,1,0,3,3,6,,,,,,,,,,,,,,,,,,,,,,,,,,,,,50,1,,,,,,,,,,,,,,,,,,,,,,,,,,,,,,,Sub040,001,2022_Sep_28_1337,1trainingbehavior_inMRI,2021.2.3,59.9945884853263,
Card_50.xlsx,50,1,,,,,,,0,2,2,1,0,4,4,7,,,,,,,,,,,,,,,,,,,,,,,,,,,,,50,1,,,,,,,,,,,,,,,,,,,,,,,,,,,,,,,Sub040,001,2022_Sep_28_1337,1trainingbehavior_inMRI,2021.2.3,59.9945884853263,
Card_50.xlsx,50,1,,,,,,,0,2,2,1,0,5,5,9,,,,,,,,,,,,,,,,,,,,,,,,,,,,,50,1,,,,,,,,,,,,,,,,,,,,,,,,,,,,,,,Sub040,001,2022_Sep_28_1337,1trainingbehavior_inMRI,2021.2.3,59.9945884853263,
Card_50.xlsx,50,0,,,,,,,0,2,2,1,0,6,6,1,,,,,,,,,,,,,,,,,,,,,,,,,,,,,50,0,,,,,,,,,,,,,,,,,,,,,,,,,,,,,,,Sub040,001,2022_Sep_28_1337,1trainingbehavior_inMRI,2021.2.3,59.9945884853263,
Card_50.xlsx,50,0,,,,,,,0,2,2,1,0,7,7,2,,,,,,,,,,,,,,,,,,,,,,,,,,,,,50,0,,,,,,,,,,,,,,,,,,,,,,,,,,,,,,,Sub040,001,2022_Sep_28_1337,1trainingbehavior_inMRI,2021.2.3,59.9945884853263,
Card_50.xlsx,50,0,,,,,,,0,2,2,1,0,8,8,4,,,,,,,,,,,,,,,,,,,,,,,,,,,,,50,0,,,,,,,,,,,,,,,,,,,,,,,,,,,,,,,Sub040,001,2022_Sep_28_1337,1trainingbehavior_inMRI,2021.2.3,59.9945884853263,
Card_50.xlsx,50,1,,,,,,,0,2,2,1,0,9,9,8,,,,,,,,,,,,,,,,,,,,,,,,,,,,,50,1,,,,,,,,,,,,,,,,,,,,,,,,,,,,,,,Sub040,001,2022_Sep_28_1337,1trainingbehavior_inMRI,2021.2.3,59.9945884853263,
Card_50.xlsx,,,,,,,,,0,2,2,1,,,,,,,,,0,0,0,0,,,,,,,,,,,,,,,,,,,,,,,50,Slightly Likely,y,2.113153800019063,130.11367439999594,None,,,,,,,,,,,,,,,,,,,,,,,,,Sub040,001,2022_Sep_28_1337,1trainingbehavior_inMRI,2021.2.3,59.9945884853263,
Card_50.xlsx,,,,,,,,,0,2,2,1,,,,,,,,,,,,,,,,,,,,,,,,,,,,,,,,,,,,,,,,,,,,,,,,,,,,,,,,,,,,,,,,,Sub040,001,2022_Sep_28_1337,1trainingbehavior_inMRI,2021.2.3,59.9945884853263,
,,,10,1,,,,,,,,,,,,,,,,,,,,,0,0,0,11,,,,,,,,,,,,,,,,,,,,,,,,,132.24480590000167,None,y,2.98855349997757,146.01555499999085,None,11.042185393687552,1,-16,0,7,146.01555499999085,None,149.03159480000613,None,,,,,,,,,,Sub040,001,2022_Sep_28_1337,1trainingbehavior_inMRI,2021.2.3,59.9945884853263,
,,,10,0,,,,,,,,,,,,,,,,,,,,,0,1,1,2,,,,,,,,,,,,,,,,,,,,,,,,,,,y,1.7919671999989077,149.5457371000084,None,11.042185393687552,0,-12,0,7,149.5457371000084,None,151.36176729999715,None,,,,,,,,,,Sub040,001,2022_Sep_28_1337,1trainingbehavior_inMRI,2021.2.3,59.9945884853263,
,,,20,0,,,,,,,,,,,,,,,,,,,,,0,2,2,22,,,,,,,,,,,,,,,,,,,,,,,,,,,y,1.747289599996293,151.86197590001393,None,29.40368751694533,0,9,1,7,151.86197590001393,None,153.62841239999398,None,,,,,,,,,,Sub040,001,2022_Sep_28_1337,1trainingbehavior_inMRI,2021.2.3,59.9945884853263,
,,,10,0,,,,,,,,,,,,,,,,,,,,,0,3,3,1,,,,,,,,,,,,,,,,,,,,,,,,,,,y,1.7536669000110123,154.12871499999892,None,11.042185393687552,0,2,1,7,154.12871499999892,None,155.91198330000043,None,,,,,,,,,,Sub040,001,2022_Sep_28_1337,1trainingbehavior_inMRI,2021.2.3,59.9945884853263,
,,,30,0,,,,,,,,,,,,,,,,,,,,,0,4,4,49,,,,,,,,,,,,,,,,,,,,,,,,,,,y,1.7731458999915048,156.41205489999265,None,55.86918594769035,0,-5,1,7,156.41205489999265,None,158.2126627000107,None,,,,,,,,,,Sub040,001,2022_Sep_28_1337,1trainingbehavior_inMRI,2021.2.3,59.9945884853263,
,,,20,1,,,,,,,,,,,,,,,,,,,,,0,5,5,33,,,,,,,,,,,,,,,,,,,,,,,,,,,y,1.6009293000097387,158.71218390000286,None,29.40368751694533,1,-72,0,7,158.71218390000286,None,160.32888109999476,None,,,,,,,,,,Sub040,001,2022_Sep_28_1337,1trainingbehavior_inMRI,2021.2.3,59.9945884853263,
,,,10,1,,,,,,,,,,,,,,,,,,,,,0,6,6,19,,,,,,,,,,,,,,,,,,,,,,,,,,,y,1.8681515000062063,160.82910289999563,None,11.042185393687552,1,40,0,7,160.82910289999563,None,162.7121882000065,None,,,,,,,,,,Sub040,001,2022_Sep_28_1337,1trainingbehavior_inMRI,2021.2.3,59.9945884853263,
,,,20,1,,,,,,,,,,,,,,,,,,,,,0,7,7,31,,,,,,,,,,,,,,,,,,,,,,,,,,,y,1.7169938999868464,163.21232069999678,None,29.40368751694533,1,-23,0,7,163.21232069999678,None,164.9457160999882,None,,,,,,,,,,Sub040,001,2022_Sep_28_1337,1trainingbehavior_inMRI,2021.2.3,59.9945884853263,
,,,20,0,,,,,,,,,,,,,,,,,,,,,0,8,8,28,,,,,,,,,,,,,,,,,,,,,,,,,,,y,1.7894526000018232,165.44569449999835,None,29.40368751694533,0,-12,1,7,165.44569449999835,None,167.2624429000134,None,,,,,,,,,,Sub040,001,2022_Sep_28_1337,1trainingbehavior_inMRI,2021.2.3,59.9945884853263,
,,,10,1,,,,,,,,,,,,,,,,,,,,,0,9,9,14,,,,,,,,,,,,,,,,,,,,,,,,,,,y,1.8296398000093177,167.76266690000193,None,11.042185393687552,1,26,0,7,167.76266690000193,None,169.61245390001568,None,,,,,,,,,,Sub040,001,2022_Sep_28_1337,1trainingbehavior_inMRI,2021.2.3,59.9945884853263,
,,,10,1,,,,,,,,,,,,,,,,,,,,,0,10,10,10,,,,,,,,,,,,,,,,,,,,,,,,,,,y,1.769494999985909,170.11275950001436,None,11.042185393687552,1,5,1,7,170.11275950001436,None,171.9124920000031,None,,,,,,,,,,Sub040,001,2022_Sep_28_1337,1trainingbehavior_inMRI,2021.2.3,59.9945884853263,
,,,30,1,,,,,,,,,,,,,,,,,,,,,0,11,11,55,,,,,,,,,,,,,,,,,,,,,,,,,,,y,2.9596286000160035,172.41269739999552,None,55.86918594769035,1,-2,1,7,172.41269739999552,None,175.39610579999862,None,,,,,,,,,,Sub040,001,2022_Sep_28_1337,1trainingbehavior_inMRI,2021.2.3,59.9945884853263,
,,,30,0,,,,,,,,,,,,,,,,,,,,,0,12,12,41,,,,,,,,,,,,,,,,,,,,,,,,,,,y,3.043277999997372,175.89603490001173,None,55.86918594769035,0,37,0,7,175.89603490001173,None,178.96270619999268,None,,,,,,,,,,Sub040,001,2022_Sep_28_1337,1trainingbehavior_inMRI,2021.2.3,59.9945884853263,
,,,20,0,,,,,,,,,,,,,,,,,,,,,0,13,13,20,,,,,,,,,,,,,,,,,,,,,,,,,,,y,3.0557432000059634,179.4633490999986,None,29.40368751694533,0,44,0,7,179.4633490999986,None,182.5466327999893,None,,,,,,,,,,Sub040,001,2022_Sep_28_1337,1trainingbehavior_inMRI,2021.2.3,59.9945884853263,
,,,20,0,,,,,,,,,,,,,,,,,,,,,0,14,14,24,,,,,,,,,,,,,,,,,,,,,,,,,,,y,2.875843999994686,183.0464529999881,None,29.40368751694533,0,-33,0,7,183.0464529999881,None,185.9468338000006,None,,,,,,,,,,Sub040,001,2022_Sep_28_1337,1trainingbehavior_inMRI,2021.2.3,59.9945884853263,
,,,30,0,,,,,,,,,,,,,,,,,,,,,0,15,15,43,,,,,,,,,,,,,,,,,,,,,,,,,,,y,2.934302799985744,186.44682360001025,None,55.86918594769035,0,-12,1,7,186.44682360001025,None,189.39659580000443,None,,,,,,,,,,Sub040,001,2022_Sep_28_1337,1trainingbehavior_inMRI,2021.2.3,59.9945884853263,
,,,30,1,,,,,,,,,,,,,,,,,,,,,0,16,16,58,,,,,,,,,,,,,,,,,,,,,,,,,,,y,1.7949967999884393,189.89665090001654,None,55.86918594769035,1,12,1,7,189.89665090001654,None,191.71321590000298,None,,,,,,,,,,Sub040,001,2022_Sep_28_1337,1trainingbehavior_inMRI,2021.2.3,59.9945884853263,
,,,20,0,,,,,,,,,,,,,,,,,,,,,0,17,17,29,,,,,,,,,,,,,,,,,,,,,,,,,,,y,1.7447253999998793,192.2137505999999,None,29.40368751694533,0,9,1,7,192.2137505999999,None,193.9801315999939,None,,,,,,,,,,Sub040,001,2022_Sep_28_1337,1trainingbehavior_inMRI,2021.2.3,59.9945884853263,
,,,30,0,,,,,,,,,,,,,,,,,,,,,0,18,18,40,,,,,,,,,,,,,,,,,,,,,,,,,,,y,1.7930977000214625,194.4804250000161,None,55.86918594769035,0,-12,1,7,194.4804250000161,None,196.29663689999143,None,,,,,,,,,,Sub040,001,2022_Sep_28_1337,1trainingbehavior_inMRI,2021.2.3,59.9945884853263,
,,,10,0,,,,,,,,,,,,,,,,,,,,,0,19,19,9,,,,,,,,,,,,,,,,,,,,,,,,,,,y,3.0561421000165865,196.7970600000117,None,11.042185393687552,0,44,0,7,196.7970600000117,None,199.88016629999038,None,,,,,,,,,,Sub040,001,2022_Sep_28_1337,1trainingbehavior_inMRI,2021.2.3,59.9945884853263,
,,,20,0,,,,,,,,,,,,,,,,,,,,,0,20,20,23,,,,,,,,,,,,,,,,,,,,,,,,,,,y,1.7508075000077952,200.38017019999097,None,29.40368751694533,0,9,1,7,200.38017019999097,None,202.14702530001523,None,,,,,,,,,,Sub040,001,2022_Sep_28_1337,1trainingbehavior_inMRI,2021.2.3,59.9945884853263,
,,,20,0,,,,,,,,,,,,,,,,,,,,,0,21,21,27,,,,,,,,,,,,,,,,,,,,,,,,,,,y,1.7518788000161294,202.64768660001573,None,29.40368751694533,0,2,1,7,202.64768660001573,None,204.4304502000159,None,,,,,,,,,,Sub040,001,2022_Sep_28_1337,1trainingbehavior_inMRI,2021.2.3,59.9945884853263,
,,,10,0,,,,,,,,,,,,,,,,,,,,,0,22,22,7,,,,,,,,,,,,,,,,,,,,,,,,,,,y,1.7918020999932196,204.93050059999223,None,11.042185393687552,0,-12,0,7,204.93050059999223,None,206.74701339998865,None,,,,,,,,,,Sub040,001,2022_Sep_28_1337,1trainingbehavior_inMRI,2021.2.3,59.9945884853263,
,,,30,1,,,,,,,,,,,,,,,,,,,,,0,23,23,57,,,,,,,,,,,,,,,,,,,,,,,,,,,y,1.7741024999995716,207.2478673000005,None,55.86918594769035,1,5,1,7,207.2478673000005,None,209.04734369998914,None,,,,,,,,,,Sub040,001,2022_Sep_28_1337,1trainingbehavior_inMRI,2021.2.3,59.9945884853263,
,,,20,0,,,,,,,,,,,,,,,,,,,,,0,24,24,21,,,,,,,,,,,,,,,,,,,,,,,,,,,y,1.7097475999908056,209.5475957999879,None,29.40368751694533,0,23,0,7,209.5475957999879,None,211.28061720001278,None,,,,,,,,,,Sub040,001,2022_Sep_28_1337,1trainingbehavior_inMRI,2021.2.3,59.9945884853263,
,,,10,1,,,,,,,,,,,,,,,,,,,,,0,25,25,12,,,,,,,,,,,,,,,,,,,,,,,,,,,y,1.8024552999995649,211.7806500000006,None,11.042185393687552,1,12,0,7,211.7806500000006,None,213.59741210000357,None,,,,,,,,,,Sub040,001,2022_Sep_28_1337,1trainingbehavior_inMRI,2021.2.3,59.9945884853263,
,,,10,1,,,,,,,,,,,,,,,,,,,,,0,26,26,16,,,,,,,,,,,,,,,,,,,,,,,,,,,y,1.7993285999982618,214.09805900001084,None,11.042185393687552,1,12,0,7,214.09805900001084,None,215.91418089999934,None,,,,,,,,,,Sub040,001,2022_Sep_28_1337,1trainingbehavior_inMRI,2021.2.3,59.9945884853263,
,,,30,1,,,,,,,,,,,,,,,,,,,,,0,27,27,53,,,,,,,,,,,,,,,,,,,,,,,,,,,y,1.7548787000123411,216.4141302999924,None,55.86918594769035,1,-2,1,7,216.4141302999924,None,218.19794650000404,None,,,,,,,,,,Sub040,001,2022_Sep_28_1337,1trainingbehavior_inMRI,2021.2.3,59.9945884853263,
,,,10,0,,,,,,,,,,,,,,,,,,,,,0,28,28,4,,,,,,,,,,,,,,,,,,,,,,,,,,,y,1.7561688999994658,218.6977986000129,None,11.042185393687552,0,2,1,7,218.6977986000129,None,220.4810521999898,None,,,,,,,,,,Sub040,001,2022_Sep_28_1337,1trainingbehavior_inMRI,2021.2.3,59.9945884853263,
,,,30,1,,,,,,,,,,,,,,,,,,,,,0,29,29,56,,,,,,,,,,,,,,,,,,,,,,,,,,,y,1.7884562999824993,220.9807746000006,None,55.86918594769035,1,12,1,7,220.9807746000006,None,222.7980011999898,None,,,,,,,,,,Sub040,001,2022_Sep_28_1337,1trainingbehavior_inMRI,2021.2.3,59.9945884853263,
,,,10,0,,,,,,,,,,,,,,,,,,,,,0,30,30,6,,,,,,,,,,,,,,,,,,,,,,,,,,,y,1.7764793000242207,223.2981565000082,None,11.042185393687552,0,-5,1,7,223.2981565000082,None,225.0978648000164,None,,,,,,,,,,Sub040,001,2022_Sep_28_1337,1trainingbehavior_inMRI,2021.2.3,59.9945884853263,
,,,20,0,,,,,,,,,,,,,,,,,,,,,0,31,31,25,,,,,,,,,,,,,,,,,,,,,,,,,,,y,1.821730399999069,225.598292700015,None,29.40368751694533,0,-26,0,7,225.598292700015,None,227.44786270000623,None,,,,,,,,,,Sub040,001,2022_Sep_28_1337,1trainingbehavior_inMRI,2021.2.3,59.9945884853263,
,,,20,1,,,,,,,,,,,,,,,,,,,,,0,32,32,34,,,,,,,,,,,,,,,,,,,,,,,,,,,y,1.7680449000035878,227.94798739999533,None,29.40368751694533,1,-2,1,7,227.94798739999533,None,229.73135220000404,None,,,,,,,,,,Sub040,001,2022_Sep_28_1337,1trainingbehavior_inMRI,2021.2.3,59.9945884853263,
,,,30,0,,,,,,,,,,,,,,,,,,,,,0,33,33,44,,,,,,,,,,,,,,,,,,,,,,,,,,,y,1.7644284000271,230.23161499999696,None,55.86918594769035,0,2,1,7,230.23161499999696,None,232.01472159998957,None,,,,,,,,,,Sub040,001,2022_Sep_28_1337,1trainingbehavior_inMRI,2021.2.3,59.9945884853263,
,,,30,0,,,,,,,,,,,,,,,,,,,,,0,34,34,42,,,,,,,,,,,,,,,,,,,,,,,,,,,y,1.823283400008222,232.5157337000128,None,55.86918594769035,0,-26,1,7,232.5157337000128,None,234.36507030000212,None,,,,,,,,,,Sub040,001,2022_Sep_28_1337,1trainingbehavior_inMRI,2021.2.3,59.9945884853263,
,,,20,1,,,,,,,,,,,,,,,,,,,,,0,35,35,35,,,,,,,,,,,,,,,,,,,,,,,,,,,y,1.732819800003199,234.86534650000976,None,29.40368751694533,1,-16,0,7,234.86534650000976,None,236.61647760000778,None,,,,,,,,,,Sub040,001,2022_Sep_28_1337,1trainingbehavior_inMRI,2021.2.3,59.9945884853263,
,,,20,1,,,,,,,,,,,,,,,,,,,,,0,36,36,39,,,,,,,,,,,,,,,,,,,,,,,,,,,y,1.7965564999904018,237.1324803000025,None,29.40368751694533,1,12,1,7,237.1324803000025,None,238.94882970000617,None,,,,,,,,,,Sub040,001,2022_Sep_28_1337,1trainingbehavior_inMRI,2021.2.3,59.9945884853263,
,,,10,0,,,,,,,,,,,,,,,,,,,,,0,37,37,5,,,,,,,,,,,,,,,,,,,,,,,,,,,y,1.7466885999892838,239.44868770000176,None,11.042185393687552,0,9,0,7,239.44868770000176,None,241.21509179999703,None,,,,,,,,,,Sub040,001,2022_Sep_28_1337,1trainingbehavior_inMRI,2021.2.3,59.9945884853263,
,,,30,1,,,,,,,,,,,,,,,,,,,,,0,38,38,51,,,,,,,,,,,,,,,,,,,,,,,,,,,y,1.7284990999905858,241.71513799999957,None,55.86918594769035,1,-16,1,7,241.71513799999957,None,243.46537890000036,None,,,,,,,,,,Sub040,001,2022_Sep_28_1337,1trainingbehavior_inMRI,2021.2.3,59.9945884853263,
,,,30,1,,,,,,,,,,,,,,,,,,,,,0,39,39,54,,,,,,,,,,,,,,,,,,,,,,,,,,,y,1.7589066999789793,243.96527310000965,None,55.86918594769035,1,-2,1,7,243.96527310000965,None,245.74873700001626,None,,,,,,,,,,Sub040,001,2022_Sep_28_1337,1trainingbehavior_inMRI,2021.2.3,59.9945884853263,
,,,20,1,,,,,,,,,,,,,,,,,,,,,0,40,40,32,,,,,,,,,,,,,,,,,,,,,,,,,,,y,1.7543643999961205,246.2491568000114,None,29.40368751694533,1,-2,1,7,246.2491568000114,None,248.03228059998946,None,,,,,,,,,,Sub040,001,2022_Sep_28_1337,1trainingbehavior_inMRI,2021.2.3,59.9945884853263,
,,,30,1,,,,,,,,,,,,,,,,,,,,,0,41,41,50,,,,,,,,,,,,,,,,,,,,,,,,,,,y,1.8103483000013512,248.53238690001308,None,55.86918594769035,1,19,1,7,248.53238690001308,None,250.3657622000028,None,,,,,,,,,,Sub040,001,2022_Sep_28_1337,1trainingbehavior_inMRI,2021.2.3,59.9945884853263,
,,,10,0,,,,,,,,,,,,,,,,,,,,,0,42,42,8,,,,,,,,,,,,,,,,,,,,,,,,,,,y,1.762234299996635,250.86588980001397,None,11.042185393687552,0,2,1,7,250.86588980001397,None,252.6488413999905,None,,,,,,,,,,Sub040,001,2022_Sep_28_1337,1trainingbehavior_inMRI,2021.2.3,59.9945884853263,
,,,10,1,,,,,,,,,,,,,,,,,,,,,0,43,43,15,,,,,,,,,,,,,,,,,,,,,,,,,,,y,1.839375299983658,253.14980780001497,None,11.042185393687552,1,33,0,7,253.14980780001497,None,255.01560059998883,None,,,,,,,,,,Sub040,001,2022_Sep_28_1337,1trainingbehavior_inMRI,2021.2.3,59.9945884853263,
,,,10,1,,,,,,,,,,,,,,,,,,,,,0,44,44,17,,,,,,,,,,,,,,,,,,,,,,,,,,,y,1.785110500000883,255.51583499999833,None,11.042185393687552,1,5,1,7,255.51583499999833,None,257.31548119999934,None,,,,,,,,,,Sub040,001,2022_Sep_28_1337,1trainingbehavior_inMRI,2021.2.3,59.9945884853263,
,,,30,0,,,,,,,,,,,,,,,,,,,,,0,45,45,45,,,,,,,,,,,,,,,,,,,,,,,,,,,y,1.6805889999959618,257.8157581000123,None,55.86918594769035,0,37,0,7,257.8157581000123,None,259.51583260000916,None,,,,,,,,,,Sub040,001,2022_Sep_28_1337,1trainingbehavior_inMRI,2021.2.3,59.9945884853263,
,,,30,0,,,,,,,,,,,,,,,,,,,,,0,46,46,48,,,,,,,,,,,,,,,,,,,,,,,,,,,y,1.7858505999902263,260.01609520000056,None,55.86918594769035,0,-12,1,7,260.01609520000056,None,261.8326597000123,None,,,,,,,,,,Sub040,001,2022_Sep_28_1337,1trainingbehavior_inMRI,2021.2.3,59.9945884853263,
,,,10,1,,,,,,,,,,,,,,,,,,,,,0,47,47,13,,,,,,,,,,,,,,,,,,,,,,,,,,,y,1.768247900006827,262.3330249999999,None,11.042185393687552,1,-2,1,7,262.3330249999999,None,264.11663080001017,None,,,,,,,,,,Sub040,001,2022_Sep_28_1337,1trainingbehavior_inMRI,2021.2.3,59.9945884853263,
,,,30,0,,,,,,,,,,,,,,,,,,,,,0,48,48,46,,,,,,,,,,,,,,,,,,,,,,,,,,,y,1.7373852000164334,264.6165946999972,None,55.86918594769035,0,9,1,7,264.6165946999972,None,266.3827275999938,None,,,,,,,,,,Sub040,001,2022_Sep_28_1337,1trainingbehavior_inMRI,2021.2.3,59.9945884853263,
,,,20,1,,,,,,,,,,,,,,,,,,,,,0,49,49,36,,,,,,,,,,,,,,,,,,,,,,,,,,,y,1.792565099982312,266.883066600014,None,29.40368751694533,1,12,1,7,266.883066600014,None,268.6994524000038,None,,,,,,,,,,Sub040,001,2022_Sep_28_1337,1trainingbehavior_inMRI,2021.2.3,59.9945884853263,
,,,30,1,,,,,,,,,,,,,,,,,,,,,0,50,50,59,,,,,,,,,,,,,,,,,,,,,,,,,,,y,1.7335099000192713,269.19949910001014,None,55.86918594769035,1,-16,1,7,269.19949910001014,None,270.94954979998874,None,,,,,,,,,,Sub040,001,2022_Sep_28_1337,1trainingbehavior_inMRI,2021.2.3,59.9945884853263,
,,,30,0,,,,,,,,,,,,,,,,,,,,,0,51,51,47,,,,,,,,,,,,,,,,,,,,,,,,,,,y,1.7969283999991603,271.44968950000475,None,55.86918594769035,0,-12,1,7,271.44968950000475,None,273.26670320000267,None,,,,,,,,,,Sub040,001,2022_Sep_28_1337,1trainingbehavior_inMRI,2021.2.3,59.9945884853263,
,,,10,0,,,,,,,,,,,,,,,,,,,,,0,52,52,3,,,,,,,,,,,,,,,,,,,,,,,,,,,y,1.8086545999976806,273.7663460999902,None,11.042185393687552,0,-19,0,7,273.7663460999902,None,275.6012585000135,None,,,,,,,,,,Sub040,001,2022_Sep_28_1337,1trainingbehavior_inMRI,2021.2.3,59.9945884853263,
,,,20,1,,,,,,,,,,,,,,,,,,,,,0,53,53,30,,,,,,,,,,,,,,,,,,,,,,,,,,,y,1.8571292999840807,276.11693540000124,None,29.40368751694533,1,40,0,7,276.11693540000124,None,277.99963140001637,None,,,,,,,,,,Sub040,001,2022_Sep_28_1337,1trainingbehavior_inMRI,2021.2.3,59.9945884853263,
,,,20,0,,,,,,,,,,,,,,,,,,,,,0,54,54,26,,,,,,,,,,,,,,,,,,,,,,,,,,,y,1.7529027000127826,278.50018949998775,None,29.40368751694533,0,2,1,7,278.50018949998775,None,280.28306019998854,None,,,,,,,,,,Sub040,001,2022_Sep_28_1337,1trainingbehavior_inMRI,2021.2.3,59.9945884853263,
,,,20,1,,,,,,,,,,,,,,,,,,,,,0,55,55,38,,,,,,,,,,,,,,,,,,,,,,,,,,,y,1.7824039999977686,280.78325040001073,None,29.40368751694533,1,5,1,7,280.78325040001073,None,282.58342589999666,None,,,,,,,,,,Sub040,001,2022_Sep_28_1337,1trainingbehavior_inMRI,2021.2.3,59.9945884853263,
,,,10,0,,,,,,,,,,,,,,,,,,,,,0,56,56,0,,,,,,,,,,,,,,,,,,,,,,,,,,,y,1.76783619998605,283.0831176000065,None,11.042185393687552,0,2,1,7,283.0831176000065,None,284.86723239999264,None,,,,,,,,,,Sub040,001,2022_Sep_28_1337,1trainingbehavior_inMRI,2021.2.3,59.9945884853263,
,,,30,1,,,,,,,,,,,,,,,,,,,,,0,57,57,52,,,,,,,,,,,,,,,,,,,,,,,,,,,y,1.7542664000065997,285.3667521000025,None,55.86918594769035,1,-2,1,7,285.3667521000025,None,287.14994910001406,None,,,,,,,,,,Sub040,001,2022_Sep_28_1337,1trainingbehavior_inMRI,2021.2.3,59.9945884853263,
,,,10,1,,,,,,,,,,,,,,,,,,,,,0,58,58,18,,,,,,,,,,,,,,,,,,,,,,,,,,,y,1.7636648000043351,287.6505130000005,None,11.042185393687552,1,-2,1,7,287.6505130000005,None,289.43396460000076,None,,,,,,,,,,Sub040,001,2022_Sep_28_1337,1trainingbehavior_inMRI,2021.2.3,59.9945884853263,
,,,20,1,,,,,,,,,,,,,,,,,,,,,0,59,59,37,,,,,,,,,,,,,,,,,,,,,,,,,,,y,1.8435060000047088,289.9337296000158,None,29.40368751694533,1,33,0,7,289.9337296000158,None,291.8005561000027,None,,,,,,,,,,Sub040,001,2022_Sep_28_1337,1trainingbehavior_inMRI,2021.2.3,59.9945884853263,
,,,10,,,,,,,,,,,,,,,,,,,,,,,,,,0,0,0,0,,,,,0,0,0,0,,,,,,,,,,,,,,,,,,,,,,,,,,,,Slightly Unlikely,292.3081436000066,None,g,5.392007399990689,292.3081436000066,None,,,Sub040,001,2022_Sep_28_1337,1trainingbehavior_inMRI,2021.2.3,59.9945884853263,
,,,10,,,,,,,,,,,,,,,,,,,,,,,,,,0,0,0,0,,,,,,,,,,,,,,,,,,,,,,,,,,,,,,,,,,,,,,,,,,,,,Sub040,001,2022_Sep_28_1337,1trainingbehavior_inMRI,2021.2.3,59.9945884853263,
,,,20,,,,,,,,,,,,,,,,,,,,,,,,,,0,1,1,1,,,,,0,0,0,0,,,,,,,,,,,,,,,,,,,,,,,,,,,,Slightly likely,297.71835790001205,None,y,2.726697400008561,297.71835790001205,None,,,Sub040,001,2022_Sep_28_1337,1trainingbehavior_inMRI,2021.2.3,59.9945884853263,
,,,20,,,,,,,,,,,,,,,,,,,,,,,,,,0,1,1,1,,,,,,,,,,,,,,,,,,,,,,,,,,,,,,,,,,,,,,,,,,,,,Sub040,001,2022_Sep_28_1337,1trainingbehavior_inMRI,2021.2.3,59.9945884853263,
,,,30,,,,,,,,,,,,,,,,,,,,,,,,,,0,2,2,2,,,,,0,0,0,0,,,,,,,,,,,,,,,,,,,,,,,,,,,,Extremely Likely,300.4675142999913,None,b,1.9273818999936339,300.4675142999913,None,,,Sub040,001,2022_Sep_28_1337,1trainingbehavior_inMRI,2021.2.3,59.9945884853263,
,,,30,,,,,,,,,,,,,,,,,,,,,,,,,,0,2,2,2,,,,,,,,,,,,,,,,,,,,,,,,,,,,,,,,,,,,,,,,,,,,,Sub040,001,2022_Sep_28_1337,1trainingbehavior_inMRI,2021.2.3,59.9945884853263,
,,,,,,,,,,,,,,,,,,,,,,,,,,,,,,,,,,,,,,,,,,,,,,,,,,,,,,,,,,,,,,,,,,,,,,,,,,,302.417274300009,None,,,,,,,
