﻿current_pair,current_pair_SE,current_pair_RE,current_card_prob,ITI_Play,Play_block_Q,start_MRI.thisRepN,start_MRI.thisTrialN,start_MRI.thisN,start_MRI.thisIndex,L_subjects.thisRepN,L_subjects.thisTrialN,L_subjects.thisN,L_subjects.thisIndex,R_subjects.thisRepN,R_subjects.thisTrialN,R_subjects.thisN,R_subjects.thisIndex,fMRI_trials_Play_R.thisRepN,fMRI_trials_Play_R.thisTrialN,fMRI_trials_Play_R.thisN,fMRI_trials_Play_R.thisIndex,Q_Play_R.thisRepN,Q_Play_R.thisTrialN,Q_Play_R.thisN,Q_Play_R.thisIndex,fMRI_center.started,fMRI_center.stopped,fMR_Instr1_text.started,fMR_Instr1_text.stopped,text_SE_7.started,text_SE_7.stopped,fMRI_center_2.started,fMRI_center_2.stopped,fMR_Instr2_text_2.started,fMR_Instr2_text_2.stopped,text_SE_8.started,text_SE_8.stopped,Slider_rating_Play_instr_R_2.response,Slider_rating_Play_instr_R_2.rt,Slider_rating_Play_instr_R_2.started,Slider_rating_Play_instr_R_2.stopped,fMRI_center_instrTimePlay_R.started,fMRI_center_instrTimePlay_R.stopped,fMR_Instr2_text_8.started,fMR_Instr2_text_8.stopped,fMRI_instr3_Q_play_R.started,fMRI_instr3_Q_play_R.stopped,text_SE_6.started,text_SE_6.stopped,PairQuestionONSET_attri_R_2.started,PairQuestionONSET_attri_R_2.stopped,key_resp_rating_Attri_R_2.keys,key_resp_rating_Attri_R_2.rt,key_resp_rating_Attri_R_2.started,key_resp_rating_Attri_R_2.stopped,text_SE_18.started,text_SE_18.stopped,fMR_Instr2_text_9.started,fMR_Instr2_text_9.stopped,Ready_text.started,Ready_text.stopped,trigger_2.keys,trigger_2.rt,trigger_2.started,trigger_2.stopped,center_OnsetTime.started,center_OnsetTime.stopped,PairONSET_card_prob.started,PairONSET_card_prob.stopped,text_SE_9.started,text_SE_9.stopped,fixOnset_text_4.started,fixOnset_text_4.stopped,current_pair,current_pair_SE,current_pair_RE,target_pair,card_pair,type_Q,ISI1_Play,Play_block_Q,PairQuestionONSET_text_4.started,PairQuestionONSET_text_4.stopped,key_resp_rating_play_R.keys,key_resp_rating_play_R.rt,key_resp_rating_play_R.started,key_resp_rating_play_R.stopped,Rating_pair_Play,ISI2_Play,fixOnset_text.started,fixOnset_text.stopped,PairQuestionONSET_attri.started,PairQuestionONSET_attri.stopped,key_resp_rating_Attri_R.keys,key_resp_rating_Attri_R.rt,key_resp_rating_Attri_R.started,key_resp_rating_Attri_R.stopped,ITI_actual_Play,Attri_Ans,lagTime,text_SE_17.started,text_SE_17.stopped,fixOnset_text_ITI.started,fixOnset_text_ITI.stopped,Final_text_Q.started,Final_text_Q.stopped,key_resp_3.keys,participant,session,date,expName,psychopyVersion,frameRate,
,,,,,,0,0,0,0,,,,,,,,,,,,,,,,,11.41653130017221,None,11.41653130017221,None,11.41653130017221,None,,,,,,,,,,,,,,,,,,,,,,,,,,,,,,,,,,,,,,,,,,,,,,,,,,,,,,,,,,,,,,,,,,,,,,,,,,,,,Sub011,001,2022_May_20_1250,2_3_MRI_Rating_Play_Eyetracking,2021.2.3,60.017056879627766,
2,0,2,80,3,1,,,,,,,,,0,0,0,0,0,0,0,47,0,0,0,0,,,,,,,12.404559900052845,None,12.404559900052845,None,12.404559900052845,None,None,None,92.80175499990582,None,92.80175499990582,None,92.80175499990582,None,92.80175499990582,None,92.80175499990582,None,95.06092969980091,None,y,3.3258200995624065,95.06092969980091,None,95.06092969980091,None,95.06092969980091,None,98.40409940015525,None,t,16.839434899389744,98.40409940015525,None,115.33754399977624,None,115.33754399977624,None,115.33754399977624,None,117.38873909972608,None,2,0,2,7.138116312169986,80,2,3,1,120.49137719999999,None,r,0.6857666997238994,120.49137719999999,None,Definitely No,2.3142333002761006,121.3095720000565,None,123.74193350039423,None,r,1.2921067997813225,123.74193350039423,None,1.2297604000000035,Definitely Bar,0.22976040000000353,123.74193350039423,None,125.15523600019515,None,,,,Sub011,001,2022_May_20_1250,2_3_MRI_Rating_Play_Eyetracking,2021.2.3,60.017056879627766,
2,0,2,80,3,1,,,,,,,,,0,0,0,0,0,0,0,47,,,,,,,,,,,,,,,,,,,,,,,,,,,,,,,,,,,,,,,,,,,,,,,,,,,,,2,0,2,,,,,1,,,,,,,,,,,,,,,,,,,,,,,,,,,Sub011,001,2022_May_20_1250,2_3_MRI_Rating_Play_Eyetracking,2021.2.3,60.017056879627766,
1,0,1,50,2,1,,,,,,,,,0,0,0,0,0,1,1,37,0,0,0,0,,,,,,,,,,,,,,,,,,,,,,,,,,,,,,,,,,,,,,,,,126.489301700145,None,126.489301700145,None,126.489301700145,None,128.50345070008188,None,1,0,1,7.138116312169986,50,2,2,1,130.60508160013705,None,r,0.8966678995639086,130.60508160013705,None,Definitely No,2.1033321004360914,131.61285020038486,None,133.8248196998611,None,r,0.752530999481678,133.8248196998611,None,1.8139547999999905,Definitely Bar,0.8139547999999905,133.8248196998611,None,134.70821109972894,None,,,,Sub011,001,2022_May_20_1250,2_3_MRI_Rating_Play_Eyetracking,2021.2.3,60.017056879627766,
1,0,1,50,2,1,,,,,,,,,0,0,0,0,0,1,1,37,,,,,,,,,,,,,,,,,,,,,,,,,,,,,,,,,,,,,,,,,,,,,,,,,,,,,1,0,1,,,,,1,,,,,,,,,,,,,,,,,,,,,,,,,,,Sub011,001,2022_May_20_1250,2_3_MRI_Rating_Play_Eyetracking,2021.2.3,60.017056879627766,
1,0,1,50,3,1,,,,,,,,,0,0,0,0,0,2,2,64,0,0,0,0,,,,,,,,,,,,,,,,,,,,,,,,,,,,,,,,,,,,,,,,,136.6247797003016,None,136.6247797003016,None,136.6247797003016,None,138.6374032003805,None,1,0,1,7.138116312169986,50,2,3,1,141.7402552003041,None,r,0.34911559987813234,141.7402552003041,None,Definitely No,2.6508844001218677,142.20590700022876,None,144.97835750039667,None,r,0.7180531993508339,144.97835750039667,None,1.824118900000002,Definitely Bar,0.824118900000002,144.97835750039667,None,145.82437890022993,None,,,,Sub011,001,2022_May_20_1250,2_3_MRI_Rating_Play_Eyetracking,2021.2.3,60.017056879627766,
1,0,1,50,3,1,,,,,,,,,0,0,0,0,0,2,2,64,,,,,,,,,,,,,,,,,,,,,,,,,,,,,,,,,,,,,,,,,,,,,,,,,,,,,1,0,1,,,,,1,,,,,,,,,,,,,,,,,,,,,,,,,,,Sub011,001,2022_May_20_1250,2_3_MRI_Rating_Play_Eyetracking,2021.2.3,60.017056879627766,
4,1,1,50,3,1,,,,,,,,,0,0,0,0,0,3,3,67,0,0,0,0,,,,,,,,,,,,,,,,,,,,,,,,,,,,,,,,,,,,,,,,,147.73133900016546,None,147.73133900016546,None,147.73133900016546,None,149.770969199948,None,4,1,1,19.007735699007718,50,2,3,1,152.87848739977926,None,g,1.0078745000064373,152.87848739977926,None,No,1.9921254999935627,154.00578140001744,None,156.11049749981612,None,g,0.8805390996858478,156.11049749981612,None,1.6569073000000003,Bar,0.6569073000000003,156.11049749981612,None,157.1255398998037,None,,,,Sub011,001,2022_May_20_1250,2_3_MRI_Rating_Play_Eyetracking,2021.2.3,60.017056879627766,
4,1,1,50,3,1,,,,,,,,,0,0,0,0,0,3,3,67,,,,,,,,,,,,,,,,,,,,,,,,,,,,,,,,,,,,,,,,,,,,,,,,,,,,,4,1,1,,,,,1,,,,,,,,,,,,,,,,,,,,,,,,,,,Sub011,001,2022_May_20_1250,2_3_MRI_Rating_Play_Eyetracking,2021.2.3,60.017056879627766,
0,0,0,20,1,1,,,,,,,,,0,0,0,0,0,4,4,27,0,0,0,0,,,,,,,,,,,,,,,,,,,,,,,,,,,,,,,,,,,,,,,,,158.89216789975762,None,158.89216789975762,None,158.89216789975762,None,160.901800500229,None,0,0,0,7.138116312169986,20,2,1,1,162.00808960013092,None,r,0.9705785997211933,162.00808960013092,None,Definitely No,2.0294214002788067,163.1064031003043,None,165.24604179989547,None,r,1.8288858998566866,165.24604179989547,None,0.7070721999999989,Definitely Bar,-0.29292780000000107,165.24604179989547,None,167.2048779996112,None,,,,Sub011,001,2022_May_20_1250,2_3_MRI_Rating_Play_Eyetracking,2021.2.3,60.017056879627766,
0,0,0,20,1,1,,,,,,,,,0,0,0,0,0,4,4,27,,,,,,,,,,,,,,,,,,,,,,,,,,,,,,,,,,,,,,,,,,,,,,,,,,,,,0,0,0,,,,,1,,,,,,,,,,,,,,,,,,,,,,,,,,,Sub011,001,2022_May_20_1250,2_3_MRI_Rating_Play_Eyetracking,2021.2.3,60.017056879627766,
6,2,0,20,2,1,,,,,,,,,0,0,0,0,0,5,5,60,0,0,0,0,,,,,,,,,,,,,,,,,,,,,,,,,,,,,,,,,,,,,,,,,167.99367810040712,None,167.99367810040712,None,167.99367810040712,None,170.03804400004447,None,6,2,0,36.1161068522584,20,2,2,1,172.13797910045832,None,r,1.0697827991098166,172.13797910045832,None,Definitely No,1.9302172008901834,173.34371440019459,None,175.37024409975857,None,b,0.24235469941049814,175.37024409975857,None,2.3042336000000034,Definitely Card,1.3042336000000034,175.37024409975857,None,175.74009869992733,None,,,,Sub011,001,2022_May_20_1250,2_3_MRI_Rating_Play_Eyetracking,2021.2.3,60.017056879627766,
6,2,0,20,2,1,,,,,,,,,0,0,0,0,0,5,5,60,,,,,,,,,,,,,,,,,,,,,,,,,,,,,,,,,,,,,,,,,,,,,,,,,,,,,6,2,0,,,,,1,,,,,,,,,,,,,,,,,,,,,,,,,,,Sub011,001,2022_May_20_1250,2_3_MRI_Rating_Play_Eyetracking,2021.2.3,60.017056879627766,
8,2,2,80,1,1,,,,,,,,,0,0,0,0,0,6,6,35,0,0,0,0,,,,,,,,,,,,,,,,,,,,,,,,,,,,,,,,,,,,,,,,,178.16182280052453,None,178.16182280052453,None,178.16182280052453,None,180.16762339975685,None,8,2,2,36.1161068522584,80,2,1,1,181.27225250005722,None,b,0.7999547990038991,181.27225250005722,None,Definitely Yes,2.200045200996101,182.15945180039853,None,184.48065850045532,None,y,0.5681757992133498,184.48065850045532,None,2.0084534000000076,Card,1.0084534000000076,184.48065850045532,None,185.17531459964812,None,,,,Sub011,001,2022_May_20_1250,2_3_MRI_Rating_Play_Eyetracking,2021.2.3,60.017056879627766,
8,2,2,80,1,1,,,,,,,,,0,0,0,0,0,6,6,35,,,,,,,,,,,,,,,,,,,,,,,,,,,,,,,,,,,,,,,,,,,,,,,,,,,,,8,2,2,,,,,1,,,,,,,,,,,,,,,,,,,,,,,,,,,Sub011,001,2022_May_20_1250,2_3_MRI_Rating_Play_Eyetracking,2021.2.3,60.017056879627766,
0,0,0,20,3,1,,,,,,,,,0,0,0,0,0,7,7,63,0,0,0,0,,,,,,,,,,,,,,,,,,,,,,,,,,,,,,,,,,,,,,,,,187.27562289964408,None,187.27562289964408,None,187.27562289964408,None,189.30089890025556,None,0,0,0,7.138116312169986,20,2,3,1,192.40685770008713,None,r,0.4288412993773818,192.40685770008713,None,Definitely No,2.571158700622618,192.96087090019137,None,195.6198923997581,None,g,0.5171322990208864,195.6198923997581,None,2.0575178999999935,Bar,1.0575178999999935,195.6198923997581,None,196.26308569964021,None,,,,Sub011,001,2022_May_20_1250,2_3_MRI_Rating_Play_Eyetracking,2021.2.3,60.017056879627766,
0,0,0,20,3,1,,,,,,,,,0,0,0,0,0,7,7,63,,,,,,,,,,,,,,,,,,,,,,,,,,,,,,,,,,,,,,,,,,,,,,,,,,,,,0,0,0,,,,,1,,,,,,,,,,,,,,,,,,,,,,,,,,,Sub011,001,2022_May_20_1250,2_3_MRI_Rating_Play_Eyetracking,2021.2.3,60.017056879627766,
6,2,0,20,3,1,,,,,,,,,0,0,0,0,0,8,8,51,0,0,0,0,,,,,,,,,,,,,,,,,,,,,,,,,,,,,,,,,,,,,,,,,198.42799769993871,None,198.42799769993871,None,198.42799769993871,None,200.41924719978124,None,6,2,0,36.1161068522584,20,2,3,1,203.53198899980634,None,r,1.643168299458921,203.53198899980634,None,Definitely No,1.356831700541079,205.307587900199,None,206.78262529987842,None,b,0.7793554002419114,206.78262529987842,None,1.7568344999999965,Definitely Card,0.7568344999999965,206.78262529987842,None,207.69123459979892,None,,,,Sub011,001,2022_May_20_1250,2_3_MRI_Rating_Play_Eyetracking,2021.2.3,60.017056879627766,
6,2,0,20,3,1,,,,,,,,,0,0,0,0,0,8,8,51,,,,,,,,,,,,,,,,,,,,,,,,,,,,,,,,,,,,,,,,,,,,,,,,,,,,,6,2,0,,,,,1,,,,,,,,,,,,,,,,,,,,,,,,,,,Sub011,001,2022_May_20_1250,2_3_MRI_Rating_Play_Eyetracking,2021.2.3,60.017056879627766,
6,2,0,20,1,0,,,,,,,,,0,0,0,0,0,9,9,6,,,,,,,,,,,,,,,,,,,,,,,,,,,,,,,,,,,,,,,,,,,,,209.55116469971836,None,209.55116469971836,None,209.55116469971836,None,211.56457560043782,None,6,2,0,36.1161068522584,20,2,1,0,,,,,,,,,,,,,,,,,,,,,,,,,,,Sub011,001,2022_May_20_1250,2_3_MRI_Rating_Play_Eyetracking,2021.2.3,60.017056879627766,
2,0,2,80,1,0,,,,,,,,,0,0,0,0,0,10,10,2,,,,,,,,,,,,,,,,,,,,,,,,,,,,,,,,,,,,,,,,,,,,,212.65545880049467,None,212.65545880049467,None,212.65545880049467,None,214.69196229986846,None,2,0,2,7.138116312169986,80,2,1,0,,,,,,,,,,,,,,,,,,,,,,,,,,,Sub011,001,2022_May_20_1250,2_3_MRI_Rating_Play_Eyetracking,2021.2.3,60.017056879627766,
5,1,2,80,2,1,,,,,,,,,0,0,0,0,0,11,11,14,0,0,0,0,,,,,,,,,,,,,,,,,,,,,,,,,,,,,,,,,,,,,,,,,215.79343350045383,None,215.79343350045383,None,215.79343350045383,None,217.78462409973145,None,5,1,2,19.007735699007718,80,2,2,1,219.8946139998734,None,None,,219.8946139998734,None,,1,221.90874580014497,None,223.01180209964514,None,None,,223.01180209964514,None,0.7798070000000052,,-0.22019299999999475,223.01180209964514,None,225.02617380023003,None,,,,Sub011,001,2022_May_20_1250,2_3_MRI_Rating_Play_Eyetracking,2021.2.3,60.017056879627766,
5,1,2,80,2,1,,,,,,,,,0,0,0,0,0,11,11,14,,,,,,,,,,,,,,,,,,,,,,,,,,,,,,,,,,,,,,,,,,,,,,,,,,,,,5,1,2,,,,,1,,,,,,,,,,,,,,,,,,,,,,,,,,,Sub011,001,2022_May_20_1250,2_3_MRI_Rating_Play_Eyetracking,2021.2.3,60.017056879627766,
2,0,2,80,2,1,,,,,,,,,0,0,0,0,0,12,12,65,0,0,0,0,,,,,,,,,,,,,,,,,,,,,,,,,,,,,,,,,,,,,,,,,225.90285050030798,None,225.90285050030798,None,225.90285050030798,None,227.8992306003347,None,2,0,2,7.138116312169986,80,2,2,1,229.9913576003164,None,r,0.9665076993405819,229.9913576003164,None,Definitely No,2.033492300659418,231.06777760013938,None,233.218344300054,None,r,1.1233710991218686,233.218344300054,None,1.468970999999982,Definitely Bar,0.46897099999998204,233.218344300054,None,234.45319920033216,None,,,,Sub011,001,2022_May_20_1250,2_3_MRI_Rating_Play_Eyetracking,2021.2.3,60.017056879627766,
2,0,2,80,2,1,,,,,,,,,0,0,0,0,0,12,12,65,,,,,,,,,,,,,,,,,,,,,,,,,,,,,,,,,,,,,,,,,,,,,,,,,,,,,2,0,2,,,,,1,,,,,,,,,,,,,,,,,,,,,,,,,,,Sub011,001,2022_May_20_1250,2_3_MRI_Rating_Play_Eyetracking,2021.2.3,60.017056879627766,
0,0,0,20,1,1,,,,,,,,,0,0,0,0,0,13,13,54,0,0,0,0,,,,,,,,,,,,,,,,,,,,,,,,,,,,,,,,,,,,,,,,,236.02729289978743,None,236.02729289978743,None,236.02729289978743,None,238.03344709984958,None,0,0,0,7.138116312169986,20,2,1,1,239.13802689965814,None,r,1.264119398780167,239.13802689965814,None,Definitely No,1.735880601219833,240.52953829988837,None,242.38364920020103,None,g,0.5499119991436601,242.38364920020103,None,1.9879726000000062,Bar,0.9879726000000062,242.38364920020103,None,243.0551425004378,None,,,,Sub011,001,2022_May_20_1250,2_3_MRI_Rating_Play_Eyetracking,2021.2.3,60.017056879627766,
0,0,0,20,1,1,,,,,,,,,0,0,0,0,0,13,13,54,,,,,,,,,,,,,,,,,,,,,,,,,,,,,,,,,,,,,,,,,,,,,,,,,,,,,0,0,0,,,,,1,,,,,,,,,,,,,,,,,,,,,,,,,,,Sub011,001,2022_May_20_1250,2_3_MRI_Rating_Play_Eyetracking,2021.2.3,60.017056879627766,
7,2,1,50,2,1,,,,,,,,,0,0,0,0,0,14,14,70,0,0,0,0,,,,,,,,,,,,,,,,,,,,,,,,,,,,,,,,,,,,,,,,,245.14475840050727,None,245.14475840050727,None,245.14475840050727,None,247.1584547003731,None,7,2,1,36.1161068522584,50,2,2,1,249.26780970022082,None,y,1.3987007988616824,249.26780970022082,None,Yes,1.6012992011383176,250.79463330004364,None,252.5153258005157,None,g,0.7560491990298033,252.5153258005157,None,1.7713832999999966,Bar,0.7713832999999966,252.5153258005157,None,253.38703450001776,None,,,,Sub011,001,2022_May_20_1250,2_3_MRI_Rating_Play_Eyetracking,2021.2.3,60.017056879627766,
7,2,1,50,2,1,,,,,,,,,0,0,0,0,0,14,14,70,,,,,,,,,,,,,,,,,,,,,,,,,,,,,,,,,,,,,,,,,,,,,,,,,,,,,7,2,1,,,,,1,,,,,,,,,,,,,,,,,,,,,,,,,,,Sub011,001,2022_May_20_1250,2_3_MRI_Rating_Play_Eyetracking,2021.2.3,60.017056879627766,
3,1,0,20,3,1,,,,,,,,,0,0,0,0,0,15,15,48,0,0,0,0,,,,,,,,,,,,,,,,,,,,,,,,,,,,,,,,,,,,,,,,,255.2390831997618,None,255.2390831997618,None,255.2390831997618,None,257.2726344997063,None,3,1,0,19.007735699007718,20,2,3,1,260.38377500046045,None,r,0.6080831000581384,260.38377500046045,None,Definitely No,2.3919168999418616,261.10465820040554,None,263.6179326996207,None,b,0.4768521999940276,263.6179326996207,None,2.0568904000000146,Definitely Card,1.0568904000000146,263.6179326996207,None,264.22533459961414,None,,,,Sub011,001,2022_May_20_1250,2_3_MRI_Rating_Play_Eyetracking,2021.2.3,60.017056879627766,
3,1,0,20,3,1,,,,,,,,,0,0,0,0,0,15,15,48,,,,,,,,,,,,,,,,,,,,,,,,,,,,,,,,,,,,,,,,,,,,,,,,,,,,,3,1,0,,,,,1,,,,,,,,,,,,,,,,,,,,,,,,,,,Sub011,001,2022_May_20_1250,2_3_MRI_Rating_Play_Eyetracking,2021.2.3,60.017056879627766,
4,1,1,50,2,1,,,,,,,,,0,0,0,0,0,16,16,40,0,0,0,0,,,,,,,,,,,,,,,,,,,,,,,,,,,,,,,,,,,,,,,,,266.3927461998537,None,266.3927461998537,None,266.3927461998537,None,268.40792670007795,None,4,1,1,19.007735699007718,50,2,2,1,270.5102615002543,None,g,0.4609183995053172,270.5102615002543,None,No,2.539081600494683,271.09883030038327,None,273.7464848002419,None,g,0.8519816994667053,273.7464848002419,None,1.6887289999999666,Bar,0.6887289999999666,273.7464848002419,None,274.7239437997341,None,,,,Sub011,001,2022_May_20_1250,2_3_MRI_Rating_Play_Eyetracking,2021.2.3,60.017056879627766,
4,1,1,50,2,1,,,,,,,,,0,0,0,0,0,16,16,40,,,,,,,,,,,,,,,,,,,,,,,,,,,,,,,,,,,,,,,,,,,,,,,,,,,,,4,1,1,,,,,1,,,,,,,,,,,,,,,,,,,,,,,,,,,Sub011,001,2022_May_20_1250,2_3_MRI_Rating_Play_Eyetracking,2021.2.3,60.017056879627766,
4,1,1,50,3,1,,,,,,,,,0,0,0,0,0,17,17,49,0,0,0,0,,,,,,,,,,,,,,,,,,,,,,,,,,,,,,,,,,,,,,,,,276.52738660015166,None,276.52738660015166,None,276.52738660015166,None,278.5454094996676,None,4,1,1,19.007735699007718,50,2,3,1,281.6637540003285,None,g,0.42208699975162745,281.6637540003285,None,No,2.5779130002483726,282.19082569982857,None,284.8833293002099,None,g,1.0365452989935875,284.8833293002099,None,1.5098591000000283,Bar,0.5098591000000283,284.8833293002099,None,286.01579940039665,None,,,,Sub011,001,2022_May_20_1250,2_3_MRI_Rating_Play_Eyetracking,2021.2.3,60.017056879627766,
4,1,1,50,3,1,,,,,,,,,0,0,0,0,0,17,17,49,,,,,,,,,,,,,,,,,,,,,,,,,,,,,,,,,,,,,,,,,,,,,,,,,,,,,4,1,1,,,,,1,,,,,,,,,,,,,,,,,,,,,,,,,,,Sub011,001,2022_May_20_1250,2_3_MRI_Rating_Play_Eyetracking,2021.2.3,60.017056879627766,
0,0,0,20,3,1,,,,,,,,,0,0,0,0,0,18,18,45,0,0,0,0,,,,,,,,,,,,,,,,,,,,,,,,,,,,,,,,,,,,,,,,,287.63271190039814,None,287.63271190039814,None,287.63271190039814,None,289.6133214002475,None,0,0,0,7.138116312169986,20,2,3,1,292.7288520000875,None,r,0.564194199629128,292.7288520000875,None,Definitely No,2.435805800370872,293.38450099993497,None,295.9305691001937,None,g,0.6722373999655247,295.9305691001937,None,1.9271389999999542,Bar,0.9271389999999542,295.9305691001937,None,296.7319831997156,None,,,,Sub011,001,2022_May_20_1250,2_3_MRI_Rating_Play_Eyetracking,2021.2.3,60.017056879627766,
0,0,0,20,3,1,,,,,,,,,0,0,0,0,0,18,18,45,,,,,,,,,,,,,,,,,,,,,,,,,,,,,,,,,,,,,,,,,,,,,,,,,,,,,0,0,0,,,,,1,,,,,,,,,,,,,,,,,,,,,,,,,,,Sub011,001,2022_May_20_1250,2_3_MRI_Rating_Play_Eyetracking,2021.2.3,60.017056879627766,
5,1,2,80,2,1,,,,,,,,,0,0,0,0,0,19,19,68,0,0,0,0,,,,,,,,,,,,,,,,,,,,,,,,,,,,,,,,,,,,,,,,,298.7425388004631,None,298.7425388004631,None,298.7425388004631,None,300.77412930037826,None,5,1,2,19.007735699007718,80,2,2,1,302.88496350031346,None,y,0.4501696992665529,302.88496350031346,None,Yes,2.549830300733447,303.45660110004246,None,306.1168991997838,None,y,0.37334789987653494,306.1168991997838,None,2.1731975000000148,Card,1.1731975000000148,306.1168991997838,None,306.591689100489,None,,,,Sub011,001,2022_May_20_1250,2_3_MRI_Rating_Play_Eyetracking,2021.2.3,60.017056879627766,
5,1,2,80,2,1,,,,,,,,,0,0,0,0,0,19,19,68,,,,,,,,,,,,,,,,,,,,,,,,,,,,,,,,,,,,,,,,,,,,,,,,,,,,,5,1,2,,,,,1,,,,,,,,,,,,,,,,,,,,,,,,,,,Sub011,001,2022_May_20_1250,2_3_MRI_Rating_Play_Eyetracking,2021.2.3,60.017056879627766,
6,2,0,20,1,1,,,,,,,,,0,0,0,0,0,20,20,33,0,0,0,0,,,,,,,,,,,,,,,,,,,,,,,,,,,,,,,,,,,,,,,,,308.8714592996985,None,308.8714592996985,None,308.8714592996985,None,310.89117849990726,None,6,2,0,36.1161068522584,20,2,1,1,311.99396030046046,None,r,0.3884040992707014,311.99396030046046,None,Definitely No,2.6115959007292986,312.4832357997075,None,315.20131750032306,None,b,1.6073015993461013,315.20131750032306,None,0.9724870999999666,Definitely Card,-0.02751290000003337,315.20131750032306,None,316.93118629977107,None,,,,Sub011,001,2022_May_20_1250,2_3_MRI_Rating_Play_Eyetracking,2021.2.3,60.017056879627766,
6,2,0,20,1,1,,,,,,,,,0,0,0,0,0,20,20,33,,,,,,,,,,,,,,,,,,,,,,,,,,,,,,,,,,,,,,,,,,,,,,,,,,,,,6,2,0,,,,,1,,,,,,,,,,,,,,,,,,,,,,,,,,,Sub011,001,2022_May_20_1250,2_3_MRI_Rating_Play_Eyetracking,2021.2.3,60.017056879627766,
8,2,2,80,3,1,,,,,,,,,0,0,0,0,0,21,21,53,0,0,0,0,,,,,,,,,,,,,,,,,,,,,,,,,,,,,,,,,,,,,,,,,317.9930525003001,None,317.9930525003001,None,317.9930525003001,None,320.026449800469,None,8,2,2,36.1161068522584,80,2,3,1,323.1316085997969,None,b,0.6028553992509842,323.1316085997969,None,Definitely Yes,2.397144600749016,323.863497399725,None,326.3614049004391,None,g,1.0577210998162627,326.3614049004391,None,1.489772500000015,Bar,0.48977250000001504,326.3614049004391,None,327.54804269969463,None,,,,Sub011,001,2022_May_20_1250,2_3_MRI_Rating_Play_Eyetracking,2021.2.3,60.017056879627766,
8,2,2,80,3,1,,,,,,,,,0,0,0,0,0,21,21,53,,,,,,,,,,,,,,,,,,,,,,,,,,,,,,,,,,,,,,,,,,,,,,,,,,,,,8,2,2,,,,,1,,,,,,,,,,,,,,,,,,,,,,,,,,,Sub011,001,2022_May_20_1250,2_3_MRI_Rating_Play_Eyetracking,2021.2.3,60.017056879627766,
7,2,1,50,3,0,,,,,,,,,0,0,0,0,0,22,22,25,,,,,,,,,,,,,,,,,,,,,,,,,,,,,,,,,,,,,,,,,,,,,329.15176220051944,None,329.15176220051944,None,329.15176220051944,None,331.15199709963053,None,7,2,1,36.1161068522584,50,2,3,0,,,,,,,,,,,,,,,,,,,,,,,,,,,Sub011,001,2022_May_20_1250,2_3_MRI_Rating_Play_Eyetracking,2021.2.3,60.017056879627766,
3,1,0,20,3,1,,,,,,,,,0,0,0,0,0,23,23,66,0,0,0,0,,,,,,,,,,,,,,,,,,,,,,,,,,,,,,,,,,,,,,,,,334.2644445002079,None,334.2644445002079,None,334.2644445002079,None,336.25924940034747,None,3,1,0,19.007735699007718,20,2,3,1,339.3670722004026,None,r,0.6153954993933439,339.3670722004026,None,Definitely No,2.384604500606656,340.11248950008303,None,342.5984076997265,None,b,0.9181477995589375,342.5984076997265,None,1.6289143000000195,Definitely Card,0.6289143000000195,342.5984076997265,None,343.62516690045595,None,,,,Sub011,001,2022_May_20_1250,2_3_MRI_Rating_Play_Eyetracking,2021.2.3,60.017056879627766,
3,1,0,20,3,1,,,,,,,,,0,0,0,0,0,23,23,66,,,,,,,,,,,,,,,,,,,,,,,,,,,,,,,,,,,,,,,,,,,,,,,,,,,,,3,1,0,,,,,1,,,,,,,,,,,,,,,,,,,,,,,,,,,Sub011,001,2022_May_20_1250,2_3_MRI_Rating_Play_Eyetracking,2021.2.3,60.017056879627766,
1,0,1,50,2,1,,,,,,,,,0,0,0,0,0,24,24,10,0,0,0,0,,,,,,,,,,,,,,,,,,,,,,,,,,,,,,,,,,,,,,,,,345.3701205002144,None,345.3701205002144,None,345.3701205002144,None,347.37058660015464,None,1,0,1,7.138116312169986,50,2,2,1,349.47725309990346,None,r,1.2308837994933128,349.47725309990346,None,Definitely No,1.7691162005066872,350.80925969965756,None,352.685395100154,None,r,0.4683595998212695,352.685395100154,None,2.1095735000000104,Definitely Bar,1.1095735000000104,352.685395100154,None,353.26144480053335,None,,,,Sub011,001,2022_May_20_1250,2_3_MRI_Rating_Play_Eyetracking,2021.2.3,60.017056879627766,
1,0,1,50,2,1,,,,,,,,,0,0,0,0,0,24,24,10,,,,,,,,,,,,,,,,,,,,,,,,,,,,,,,,,,,,,,,,,,,,,,,,,,,,,1,0,1,,,,,1,,,,,,,,,,,,,,,,,,,,,,,,,,,Sub011,001,2022_May_20_1250,2_3_MRI_Rating_Play_Eyetracking,2021.2.3,60.017056879627766,
3,1,0,20,1,1,,,,,,,,,0,0,0,0,0,25,25,30,0,0,0,0,,,,,,,,,,,,,,,,,,,,,,,,,,,,,,,,,,,,,,,,,355.485862900503,None,355.485862900503,None,355.485862900503,None,357.4954156000167,None,3,1,0,19.007735699007718,20,2,1,1,358.5894446000457,None,r,1.3816378992050886,358.5894446000457,None,Definitely No,1.6183621007949114,360.077383399941,None,361.79619080014527,None,b,1.0305469995364547,361.79619080014527,None,1.5553049999999757,Definitely Card,0.5553049999999757,361.79619080014527,None,362.94874219968915,None,,,,Sub011,001,2022_May_20_1250,2_3_MRI_Rating_Play_Eyetracking,2021.2.3,60.017056879627766,
3,1,0,20,1,1,,,,,,,,,0,0,0,0,0,25,25,30,,,,,,,,,,,,,,,,,,,,,,,,,,,,,,,,,,,,,,,,,,,,,,,,,,,,,3,1,0,,,,,1,,,,,,,,,,,,,,,,,,,,,,,,,,,Sub011,001,2022_May_20_1250,2_3_MRI_Rating_Play_Eyetracking,2021.2.3,60.017056879627766,
7,2,1,50,2,1,,,,,,,,,0,0,0,0,0,26,26,43,0,0,0,0,,,,,,,,,,,,,,,,,,,,,,,,,,,,,,,,,,,,,,,,,364.61596830002964,None,364.61596830002964,None,364.61596830002964,None,366.62756219971925,None,7,2,1,36.1161068522584,50,2,2,1,368.73587120044976,None,y,1.0119094997644424,368.73587120044976,None,Yes,1.9880905002355576,369.8423226997256,None,371.93219699990004,None,g,0.4174131993204355,371.93219699990004,None,2.155551600000024,Bar,1.1555516000000239,371.93219699990004,None,372.4834056003019,None,,,,Sub011,001,2022_May_20_1250,2_3_MRI_Rating_Play_Eyetracking,2021.2.3,60.017056879627766,
7,2,1,50,2,1,,,,,,,,,0,0,0,0,0,26,26,43,,,,,,,,,,,,,,,,,,,,,,,,,,,,,,,,,,,,,,,,,,,,,,,,,,,,,7,2,1,,,,,1,,,,,,,,,,,,,,,,,,,,,,,,,,,Sub011,001,2022_May_20_1250,2_3_MRI_Rating_Play_Eyetracking,2021.2.3,60.017056879627766,
3,1,0,20,2,1,,,,,,,,,0,0,0,0,0,27,27,39,0,0,0,0,,,,,,,,,,,,,,,,,,,,,,,,,,,,,,,,,,,,,,,,,374.7257615001872,None,374.7257615001872,None,374.7257615001872,None,376.76490970049053,None,3,1,0,19.007735699007718,20,2,2,1,378.8679814003408,None,r,0.5537788001820445,378.8679814003408,None,Definitely No,2.4462211998179555,379.51896699983627,None,382.0653025005013,None,b,0.9109723996371031,382.0653025005013,None,1.6732475000000022,Definitely Card,0.6732475000000022,382.0653025005013,None,383.1010346002877,None,,,,Sub011,001,2022_May_20_1250,2_3_MRI_Rating_Play_Eyetracking,2021.2.3,60.017056879627766,
3,1,0,20,2,1,,,,,,,,,0,0,0,0,0,27,27,39,,,,,,,,,,,,,,,,,,,,,,,,,,,,,,,,,,,,,,,,,,,,,,,,,,,,,3,1,0,,,,,1,,,,,,,,,,,,,,,,,,,,,,,,,,,Sub011,001,2022_May_20_1250,2_3_MRI_Rating_Play_Eyetracking,2021.2.3,60.017056879627766,
0,0,0,20,1,0,,,,,,,,,0,0,0,0,0,28,28,0,,,,,,,,,,,,,,,,,,,,,,,,,,,,,,,,,,,,,,,,,,,,,384.8855958003551,None,384.8855958003551,None,384.8855958003551,None,386.87429099995643,None,0,0,0,7.138116312169986,20,2,1,0,,,,,,,,,,,,,,,,,,,,,,,,,,,Sub011,001,2022_May_20_1250,2_3_MRI_Rating_Play_Eyetracking,2021.2.3,60.017056879627766,
0,0,0,20,2,1,,,,,,,,,0,0,0,0,0,29,29,9,0,0,0,0,,,,,,,,,,,,,,,,,,,,,,,,,,,,,,,,,,,,,,,,,387.98314919974655,None,387.98314919974655,None,387.98314919974655,None,389.9973670002073,None,0,0,0,7.138116312169986,20,2,2,1,392.08282379992306,None,g,0.4429300995543599,392.08282379992306,None,No,2.55706990044564,392.64924590010196,None,395.3238874003291,None,g,0.42407499998807907,395.3238874003291,None,2.129698200000007,Bar,1.129698200000007,395.3238874003291,None,395.866043000482,None,,,,Sub011,001,2022_May_20_1250,2_3_MRI_Rating_Play_Eyetracking,2021.2.3,60.017056879627766,
0,0,0,20,2,1,,,,,,,,,0,0,0,0,0,29,29,9,,,,,,,,,,,,,,,,,,,,,,,,,,,,,,,,,,,,,,,,,,,,,,,,,,,,,0,0,0,,,,,1,,,,,,,,,,,,,,,,,,,,,,,,,,,Sub011,001,2022_May_20_1250,2_3_MRI_Rating_Play_Eyetracking,2021.2.3,60.017056879627766,
3,1,0,20,2,1,,,,,,,,,0,0,0,0,0,30,30,57,0,0,0,0,,,,,,,,,,,,,,,,,,,,,,,,,,,,,,,,,,,,,,,,,398.0961618004367,None,398.0961618004367,None,398.0961618004367,None,400.09277160000056,None,3,1,0,19.007735699007718,20,2,2,1,402.2060353998095,None,r,0.4891569996252656,402.2060353998095,None,Definitely No,2.5108430003747344,402.8185926005244,None,405.41428130026907,None,b,0.968902999535203,405.41428130026907,None,1.6201388999999722,Definitely Card,0.6201388999999722,405.41428130026907,None,406.48378359992057,None,,,,Sub011,001,2022_May_20_1250,2_3_MRI_Rating_Play_Eyetracking,2021.2.3,60.017056879627766,
3,1,0,20,2,1,,,,,,,,,0,0,0,0,0,30,30,57,,,,,,,,,,,,,,,,,,,,,,,,,,,,,,,,,,,,,,,,,,,,,,,,,,,,,3,1,0,,,,,1,,,,,,,,,,,,,,,,,,,,,,,,,,,Sub011,001,2022_May_20_1250,2_3_MRI_Rating_Play_Eyetracking,2021.2.3,60.017056879627766,
8,2,2,80,2,1,,,,,,,,,0,0,0,0,0,31,31,17,0,0,0,0,,,,,,,,,,,,,,,,,,,,,,,,,,,,,,,,,,,,,,,,,408.1972677996382,None,408.1972677996382,None,408.1972677996382,None,410.2105171000585,None,8,2,2,36.1161068522584,80,2,2,1,412.3142879996449,None,b,0.5025372998788953,412.3142879996449,None,Definitely Yes,2.4974627001211047,412.94327810034156,None,415.54560699965805,None,g,1.4054488996043801,415.54560699965805,None,1.1564745000000016,Bar,0.15647450000000163,415.54560699965805,None,417.0762742999941,None,,,,Sub011,001,2022_May_20_1250,2_3_MRI_Rating_Play_Eyetracking,2021.2.3,60.017056879627766,
8,2,2,80,2,1,,,,,,,,,0,0,0,0,0,31,31,17,,,,,,,,,,,,,,,,,,,,,,,,,,,,,,,,,,,,,,,,,,,,,,,,,,,,,8,2,2,,,,,1,,,,,,,,,,,,,,,,,,,,,,,,,,,Sub011,001,2022_May_20_1250,2_3_MRI_Rating_Play_Eyetracking,2021.2.3,60.017056879627766,
1,0,1,50,1,0,,,,,,,,,0,0,0,0,0,32,32,1,,,,,,,,,,,,,,,,,,,,,,,,,,,,,,,,,,,,,,,,,,,,,418.3355914000422,None,418.3355914000422,None,418.3355914000422,None,420.3473437000066,None,1,0,1,7.138116312169986,50,2,1,0,,,,,,,,,,,,,,,,,,,,,,,,,,,Sub011,001,2022_May_20_1250,2_3_MRI_Rating_Play_Eyetracking,2021.2.3,60.017056879627766,
8,2,2,80,3,0,,,,,,,,,0,0,0,0,0,33,33,26,,,,,,,,,,,,,,,,,,,,,,,,,,,,,,,,,,,,,,,,,,,,,421.45159660000354,None,421.45159660000354,None,421.45159660000354,None,423.46551469992846,None,8,2,2,36.1161068522584,80,2,3,0,,,,,,,,,,,,,,,,,,,,,,,,,,,Sub011,001,2022_May_20_1250,2_3_MRI_Rating_Play_Eyetracking,2021.2.3,60.017056879627766,
0,0,0,20,3,0,,,,,,,,,0,0,0,0,0,34,34,18,,,,,,,,,,,,,,,,,,,,,,,,,,,,,,,,,,,,,,,,,,,,,426.56640310026705,None,426.56640310026705,None,426.56640310026705,None,428.5605498002842,None,0,0,0,7.138116312169986,20,2,3,0,,,,,,,,,,,,,,,,,,,,,,,,,,,Sub011,001,2022_May_20_1250,2_3_MRI_Rating_Play_Eyetracking,2021.2.3,60.017056879627766,
3,1,0,20,1,0,,,,,,,,,0,0,0,0,0,35,35,3,,,,,,,,,,,,,,,,,,,,,,,,,,,,,,,,,,,,,,,,,,,,,431.66740479972214,None,431.66740479972214,None,431.66740479972214,None,433.66105820052326,None,3,1,0,19.007735699007718,20,2,1,0,,,,,,,,,,,,,,,,,,,,,,,,,,,Sub011,001,2022_May_20_1250,2_3_MRI_Rating_Play_Eyetracking,2021.2.3,60.017056879627766,
3,1,0,20,2,1,,,,,,,,,0,0,0,0,0,36,36,12,0,0,0,0,,,,,,,,,,,,,,,,,,,,,,,,,,,,,,,,,,,,,,,,,434.76549820043147,None,434.76549820043147,None,434.76549820043147,None,436.75247820001096,None,3,1,0,19.007735699007718,20,2,2,1,438.847866400145,None,r,0.7507536988705397,438.847866400145,None,Definitely No,2.2492463011294603,439.7186201000586,None,442.08194249961525,None,g,1.6854844000190496,442.08194249961525,None,0.892244900000037,Bar,-0.10775509999996302,442.08194249961525,None,443.88543689996004,None,,,,Sub011,001,2022_May_20_1250,2_3_MRI_Rating_Play_Eyetracking,2021.2.3,60.017056879627766,
3,1,0,20,2,1,,,,,,,,,0,0,0,0,0,36,36,12,,,,,,,,,,,,,,,,,,,,,,,,,,,,,,,,,,,,,,,,,,,,,,,,,,,,,3,1,0,,,,,1,,,,,,,,,,,,,,,,,,,,,,,,,,,Sub011,001,2022_May_20_1250,2_3_MRI_Rating_Play_Eyetracking,2021.2.3,60.017056879627766,
6,2,0,20,2,1,,,,,,,,,0,0,0,0,0,37,37,42,0,0,0,0,,,,,,,,,,,,,,,,,,,,,,,,,,,,,,,,,,,,,,,,,444.8850183999166,None,444.8850183999166,None,444.8850183999166,None,446.90023879986256,None,6,2,0,36.1161068522584,20,2,2,1,449.00797529984266,None,r,0.7445979993790388,449.00797529984266,None,Definitely No,2.255402000620961,449.8801188003272,None,452.2609783001244,None,b,0.9553439002484083,452.2609783001244,None,1.5736512999999945,Definitely Card,0.5736512999999945,452.2609783001244,None,453.33762010000646,None,,,,Sub011,001,2022_May_20_1250,2_3_MRI_Rating_Play_Eyetracking,2021.2.3,60.017056879627766,
6,2,0,20,2,1,,,,,,,,,0,0,0,0,0,37,37,42,,,,,,,,,,,,,,,,,,,,,,,,,,,,,,,,,,,,,,,,,,,,,,,,,,,,,6,2,0,,,,,1,,,,,,,,,,,,,,,,,,,,,,,,,,,Sub011,001,2022_May_20_1250,2_3_MRI_Rating_Play_Eyetracking,2021.2.3,60.017056879627766,
3,1,0,20,3,0,,,,,,,,,0,0,0,0,0,38,38,21,,,,,,,,,,,,,,,,,,,,,,,,,,,,,,,,,,,,,,,,,,,,,454.99723049998283,None,454.99723049998283,None,454.99723049998283,None,457.02801160048693,None,3,1,0,19.007735699007718,20,2,3,0,,,,,,,,,,,,,,,,,,,,,,,,,,,Sub011,001,2022_May_20_1250,2_3_MRI_Rating_Play_Eyetracking,2021.2.3,60.017056879627766,
7,2,1,50,1,1,,,,,,,,,0,0,0,0,0,39,39,61,0,0,0,0,,,,,,,,,,,,,,,,,,,,,,,,,,,,,,,,,,,,,,,,,460.13240440003574,None,460.13240440003574,None,460.13240440003574,None,462.12854960002005,None,7,2,1,36.1161068522584,50,2,1,1,463.2312484001741,None,y,1.398649599403143,463.2312484001741,None,Yes,1.601350400596857,464.7433374999091,None,466.45383690018207,None,y,0.49157509952783585,466.45383690018207,None,2.0780835999999567,Card,1.0780835999999567,466.45383690018207,None,467.0686657000333,None,,,,Sub011,001,2022_May_20_1250,2_3_MRI_Rating_Play_Eyetracking,2021.2.3,60.017056879627766,
7,2,1,50,1,1,,,,,,,,,0,0,0,0,0,39,39,61,,,,,,,,,,,,,,,,,,,,,,,,,,,,,,,,,,,,,,,,,,,,,,,,,,,,,7,2,1,,,,,1,,,,,,,,,,,,,,,,,,,,,,,,,,,Sub011,001,2022_May_20_1250,2_3_MRI_Rating_Play_Eyetracking,2021.2.3,60.017056879627766,
4,1,1,50,2,1,,,,,,,,,0,0,0,0,0,40,40,13,0,0,0,0,,,,,,,,,,,,,,,,,,,,,,,,,,,,,,,,,,,,,,,,,469.23407649993896,None,469.23407649993896,None,469.23407649993896,None,471.23809640016407,None,4,1,1,19.007735699007718,50,2,2,1,473.35106880031526,None,g,0.4846764989197254,473.35106880031526,None,No,2.5153235010802746,473.9737803004682,None,476.598471599631,None,g,0.6557171996682882,476.598471599631,None,1.8933097999999973,Bar,0.8933097999999973,476.598471599631,None,477.36406780034304,None,,,,Sub011,001,2022_May_20_1250,2_3_MRI_Rating_Play_Eyetracking,2021.2.3,60.017056879627766,
4,1,1,50,2,1,,,,,,,,,0,0,0,0,0,40,40,13,,,,,,,,,,,,,,,,,,,,,,,,,,,,,,,,,,,,,,,,,,,,,,,,,,,,,4,1,1,,,,,1,,,,,,,,,,,,,,,,,,,,,,,,,,,Sub011,001,2022_May_20_1250,2_3_MRI_Rating_Play_Eyetracking,2021.2.3,60.017056879627766,
1,0,1,50,3,0,,,,,,,,,0,0,0,0,0,41,41,19,,,,,,,,,,,,,,,,,,,,,,,,,,,,,,,,,,,,,,,,,,,,,479.3734742999077,None,479.3734742999077,None,479.3734742999077,None,481.37535910028964,None,1,0,1,7.138116312169986,50,2,3,0,,,,,,,,,,,,,,,,,,,,,,,,,,,Sub011,001,2022_May_20_1250,2_3_MRI_Rating_Play_Eyetracking,2021.2.3,60.017056879627766,
6,2,0,20,2,1,,,,,,,,,0,0,0,0,0,42,42,15,0,0,0,0,,,,,,,,,,,,,,,,,,,,,,,,,,,,,,,,,,,,,,,,,484.4870162997395,None,484.4870162997395,None,484.4870162997395,None,486.4997012997046,None,6,2,0,36.1161068522584,20,2,2,1,488.5851854002103,None,r,0.3833760991692543,488.5851854002103,None,Definitely No,2.6166239008307457,489.08725319989026,None,491.81992040015757,None,b,0.5637710988521576,491.81992040015757,None,1.9941664999999489,Definitely Card,0.9941664999999489,491.81992040015757,None,492.49264619965106,None,,,,Sub011,001,2022_May_20_1250,2_3_MRI_Rating_Play_Eyetracking,2021.2.3,60.017056879627766,
6,2,0,20,2,1,,,,,,,,,0,0,0,0,0,42,42,15,,,,,,,,,,,,,,,,,,,,,,,,,,,,,,,,,,,,,,,,,,,,,,,,,,,,,6,2,0,,,,,1,,,,,,,,,,,,,,,,,,,,,,,,,,,Sub011,001,2022_May_20_1250,2_3_MRI_Rating_Play_Eyetracking,2021.2.3,60.017056879627766,
1,0,1,50,2,1,,,,,,,,,0,0,0,0,0,43,43,55,0,0,0,0,,,,,,,,,,,,,,,,,,,,,,,,,,,,,,,,,,,,,,,,,494.60557339992374,None,494.60557339992374,None,494.60557339992374,None,496.59656750038266,None,1,0,1,7.138116312169986,50,2,2,1,498.684218400158,None,r,0.5348289990797639,498.684218400158,None,Definitely No,2.465171000920236,499.3309682002291,None,501.90768599975854,None,r,1.2712190998718143,501.90768599975854,None,1.324750800000004,Definitely Bar,0.3247508000000039,501.90768599975854,None,503.2989768004045,None,,,,Sub011,001,2022_May_20_1250,2_3_MRI_Rating_Play_Eyetracking,2021.2.3,60.017056879627766,
1,0,1,50,2,1,,,,,,,,,0,0,0,0,0,43,43,55,,,,,,,,,,,,,,,,,,,,,,,,,,,,,,,,,,,,,,,,,,,,,,,,,,,,,1,0,1,,,,,1,,,,,,,,,,,,,,,,,,,,,,,,,,,Sub011,001,2022_May_20_1250,2_3_MRI_Rating_Play_Eyetracking,2021.2.3,60.017056879627766,
2,0,2,80,2,1,,,,,,,,,0,0,0,0,0,44,44,38,0,0,0,0,,,,,,,,,,,,,,,,,,,,,,,,,,,,,,,,,,,,,,,,,504.736694900319,None,504.736694900319,None,504.736694900319,None,506.7519342005253,None,2,0,2,7.138116312169986,80,2,2,1,508.83253089990467,None,r,0.7622977001592517,508.83253089990467,None,Definitely No,2.2377022998407483,509.71960220020264,None,512.0536371003836,None,r,1.0981266992166638,512.0536371003836,None,1.484747499999969,Definitely Bar,0.484747499999969,512.0536371003836,None,513.273290200159,None,,,,Sub011,001,2022_May_20_1250,2_3_MRI_Rating_Play_Eyetracking,2021.2.3,60.017056879627766,
2,0,2,80,2,1,,,,,,,,,0,0,0,0,0,44,44,38,,,,,,,,,,,,,,,,,,,,,,,,,,,,,,,,,,,,,,,,,,,,,,,,,,,,,2,0,2,,,,,1,,,,,,,,,,,,,,,,,,,,,,,,,,,Sub011,001,2022_May_20_1250,2_3_MRI_Rating_Play_Eyetracking,2021.2.3,60.017056879627766,
6,2,0,20,3,0,,,,,,,,,0,0,0,0,0,45,45,24,,,,,,,,,,,,,,,,,,,,,,,,,,,,,,,,,,,,,,,,,,,,,514.8413231996819,None,514.8413231996819,None,514.8413231996819,None,516.8849272001535,None,6,2,0,36.1161068522584,20,2,3,0,,,,,,,,,,,,,,,,,,,,,,,,,,,Sub011,001,2022_May_20_1250,2_3_MRI_Rating_Play_Eyetracking,2021.2.3,60.017056879627766,
2,0,2,80,2,1,,,,,,,,,0,0,0,0,0,46,46,11,0,0,0,0,,,,,,,,,,,,,,,,,,,,,,,,,,,,,,,,,,,,,,,,,519.991115000099,None,519.991115000099,None,519.991115000099,None,522.0013396004215,None,2,0,2,7.138116312169986,80,2,2,1,524.1081274999306,None,r,0.6779603995382786,524.1081274999306,None,Definitely No,2.3220396004617214,524.9031611997634,None,527.3450097003952,None,r,0.97805290017277,527.3450097003952,None,1.5454604999999901,Definitely Bar,0.5454604999999901,527.3450097003952,None,528.4480111999437,None,,,,Sub011,001,2022_May_20_1250,2_3_MRI_Rating_Play_Eyetracking,2021.2.3,60.017056879627766,
2,0,2,80,2,1,,,,,,,,,0,0,0,0,0,46,46,11,,,,,,,,,,,,,,,,,,,,,,,,,,,,,,,,,,,,,,,,,,,,,,,,,,,,,2,0,2,,,,,1,,,,,,,,,,,,,,,,,,,,,,,,,,,Sub011,001,2022_May_20_1250,2_3_MRI_Rating_Play_Eyetracking,2021.2.3,60.017056879627766,
2,0,2,80,1,1,,,,,,,,,0,0,0,0,0,47,47,29,0,0,0,0,,,,,,,,,,,,,,,,,,,,,,,,,,,,,,,,,,,,,,,,,530.0847861999646,None,530.0847861999646,None,530.0847861999646,None,532.0976958004758,None,2,0,2,7.138116312169986,80,2,1,1,533.1856465004385,None,r,1.0205480000004172,533.1856465004385,None,Definitely No,1.9794519999995828,534.3426221003756,None,536.4213193999603,None,r,0.7426412999629974,536.4213193999603,None,1.841955999999982,Definitely Bar,0.8419559999999819,536.4213193999603,None,537.2687574001029,None,,,,Sub011,001,2022_May_20_1250,2_3_MRI_Rating_Play_Eyetracking,2021.2.3,60.017056879627766,
2,0,2,80,1,1,,,,,,,,,0,0,0,0,0,47,47,29,,,,,,,,,,,,,,,,,,,,,,,,,,,,,,,,,,,,,,,,,,,,,,,,,,,,,2,0,2,,,,,1,,,,,,,,,,,,,,,,,,,,,,,,,,,Sub011,001,2022_May_20_1250,2_3_MRI_Rating_Play_Eyetracking,2021.2.3,60.017056879627766,
2,0,2,80,3,0,,,,,,,,,0,0,0,0,0,48,48,20,,,,,,,,,,,,,,,,,,,,,,,,,,,,,,,,,,,,,,,,,,,,,539.2203631000593,None,539.2203631000593,None,539.2203631000593,None,541.233695300296,None,2,0,2,7.138116312169986,80,2,3,0,,,,,,,,,,,,,,,,,,,,,,,,,,,Sub011,001,2022_May_20_1250,2_3_MRI_Rating_Play_Eyetracking,2021.2.3,60.017056879627766,
8,2,2,80,1,0,,,,,,,,,0,0,0,0,0,49,49,8,,,,,,,,,,,,,,,,,,,,,,,,,,,,,,,,,,,,,,,,,,,,,544.3379504997283,None,544.3379504997283,None,544.3379504997283,None,546.3473696997389,None,8,2,2,36.1161068522584,80,2,1,0,,,,,,,,,,,,,,,,,,,,,,,,,,,Sub011,001,2022_May_20_1250,2_3_MRI_Rating_Play_Eyetracking,2021.2.3,60.017056879627766,
5,1,2,80,1,0,,,,,,,,,0,0,0,0,0,50,50,5,,,,,,,,,,,,,,,,,,,,,,,,,,,,,,,,,,,,,,,,,,,,,547.4370892997831,None,547.4370892997831,None,547.4370892997831,None,549.4670716002584,None,5,1,2,19.007735699007718,80,2,1,0,,,,,,,,,,,,,,,,,,,,,,,,,,,Sub011,001,2022_May_20_1250,2_3_MRI_Rating_Play_Eyetracking,2021.2.3,60.017056879627766,
7,2,1,50,3,1,,,,,,,,,0,0,0,0,0,51,51,52,0,0,0,0,,,,,,,,,,,,,,,,,,,,,,,,,,,,,,,,,,,,,,,,,550.5770650003105,None,550.5770650003105,None,550.5770650003105,None,552.556238300167,None,7,2,1,36.1161068522584,50,2,3,1,555.6742540998384,None,y,1.3770493995398283,555.6742540998384,None,Yes,1.6229506004601717,557.1636322000995,None,558.8911060001701,None,g,0.8392378995195031,558.8911060001701,None,1.7280183999999963,Bar,0.7280183999999963,558.8911060001701,None,559.8473755996674,None,,,,Sub011,001,2022_May_20_1250,2_3_MRI_Rating_Play_Eyetracking,2021.2.3,60.017056879627766,
7,2,1,50,3,1,,,,,,,,,0,0,0,0,0,51,51,52,,,,,,,,,,,,,,,,,,,,,,,,,,,,,,,,,,,,,,,,,,,,,,,,,,,,,7,2,1,,,,,1,,,,,,,,,,,,,,,,,,,,,,,,,,,Sub011,001,2022_May_20_1250,2_3_MRI_Rating_Play_Eyetracking,2021.2.3,60.017056879627766,
4,1,1,50,1,0,,,,,,,,,0,0,0,0,0,52,52,4,,,,,,,,,,,,,,,,,,,,,,,,,,,,,,,,,,,,,,,,,,,,,561.6826311005279,None,561.6826311005279,None,561.6826311005279,None,563.703370699659,None,4,1,1,19.007735699007718,50,2,1,0,,,,,,,,,,,,,,,,,,,,,,,,,,,Sub011,001,2022_May_20_1250,2_3_MRI_Rating_Play_Eyetracking,2021.2.3,60.017056879627766,
0,0,0,20,2,1,,,,,,,,,0,0,0,0,0,53,53,36,0,0,0,0,,,,,,,,,,,,,,,,,,,,,,,,,,,,,,,,,,,,,,,,,564.8061164999381,None,564.8061164999381,None,564.8061164999381,None,566.8208974003792,None,0,0,0,7.138116312169986,20,2,2,1,568.9272956000641,None,r,0.9133155001327395,568.9272956000641,None,Definitely No,2.0866844998672605,569.9720408003777,None,572.1826597005129,None,g,0.38132189959287643,572.1826597005129,None,2.1269942999999785,Bar,1.1269942999999785,572.1826597005129,None,572.6921971002594,None,,,,Sub011,001,2022_May_20_1250,2_3_MRI_Rating_Play_Eyetracking,2021.2.3,60.017056879627766,
0,0,0,20,2,1,,,,,,,,,0,0,0,0,0,53,53,36,,,,,,,,,,,,,,,,,,,,,,,,,,,,,,,,,,,,,,,,,,,,,,,,,,,,,0,0,0,,,,,1,,,,,,,,,,,,,,,,,,,,,,,,,,,Sub011,001,2022_May_20_1250,2_3_MRI_Rating_Play_Eyetracking,2021.2.3,60.017056879627766,
5,1,2,80,1,1,,,,,,,,,0,0,0,0,0,54,54,32,0,0,0,0,,,,,,,,,,,,,,,,,,,,,,,,,,,,,,,,,,,,,,,,,574.9245717003942,None,574.9245717003942,None,574.9245717003942,None,576.9359895996749,None,5,1,2,19.007735699007718,80,2,1,1,578.0397762004286,None,y,0.6506726993247867,578.0397762004286,None,Yes,2.3493273006752133,578.8144608996809,None,581.2808308005333,None,y,0.30154289957135916,581.2808308005333,None,2.2391282000000956,Card,1.2391282000000956,581.2808308005333,None,581.704289900139,None,,,,Sub011,001,2022_May_20_1250,2_3_MRI_Rating_Play_Eyetracking,2021.2.3,60.017056879627766,
5,1,2,80,1,1,,,,,,,,,0,0,0,0,0,54,54,32,,,,,,,,,,,,,,,,,,,,,,,,,,,,,,,,,,,,,,,,,,,,,,,,,,,,,5,1,2,,,,,1,,,,,,,,,,,,,,,,,,,,,,,,,,,Sub011,001,2022_May_20_1250,2_3_MRI_Rating_Play_Eyetracking,2021.2.3,60.017056879627766,
4,1,1,50,3,0,,,,,,,,,0,0,0,0,0,55,55,22,,,,,,,,,,,,,,,,,,,,,,,,,,,,,,,,,,,,,,,,,,,,,584.0499900002033,None,584.0499900002033,None,584.0499900002033,None,586.0673970002681,None,4,1,1,19.007735699007718,50,2,3,0,,,,,,,,,,,,,,,,,,,,,,,,,,,Sub011,001,2022_May_20_1250,2_3_MRI_Rating_Play_Eyetracking,2021.2.3,60.017056879627766,
5,1,2,80,3,1,,,,,,,,,0,0,0,0,0,56,56,50,0,0,0,0,,,,,,,,,,,,,,,,,,,,,,,,,,,,,,,,,,,,,,,,,589.1550149004906,None,589.1550149004906,None,589.1550149004906,None,591.1585416002199,None,5,1,2,19.007735699007718,80,2,3,1,594.2751641003415,None,y,0.5434329994022846,594.2751641003415,None,Yes,2.4565670005977154,594.9379535000771,None,597.5082181002945,None,y,0.6490751001983881,597.5082181002945,None,1.8941387000000987,Card,0.8941387000000987,597.5082181002945,None,598.2917643999681,None,,,,Sub011,001,2022_May_20_1250,2_3_MRI_Rating_Play_Eyetracking,2021.2.3,60.017056879627766,
5,1,2,80,3,1,,,,,,,,,0,0,0,0,0,56,56,50,,,,,,,,,,,,,,,,,,,,,,,,,,,,,,,,,,,,,,,,,,,,,,,,,,,,,5,1,2,,,,,1,,,,,,,,,,,,,,,,,,,,,,,,,,,Sub011,001,2022_May_20_1250,2_3_MRI_Rating_Play_Eyetracking,2021.2.3,60.017056879627766,
8,2,2,80,1,1,,,,,,,,,0,0,0,0,0,57,57,62,0,0,0,0,,,,,,,,,,,,,,,,,,,,,,,,,,,,,,,,,,,,,,,,,600.2934693004936,None,600.2934693004936,None,600.2934693004936,None,602.2758416999131,None,8,2,2,36.1161068522584,80,2,1,1,603.3967840000987,None,b,0.4960330994799733,603.3967840000987,None,Definitely Yes,2.5039669005200267,604.025440200232,None,606.6443138998002,None,g,1.2887467993423343,606.6443138998002,None,1.2576914999999644,Bar,0.25769149999996444,606.6443138998002,None,608.0555926999077,None,,,,Sub011,001,2022_May_20_1250,2_3_MRI_Rating_Play_Eyetracking,2021.2.3,60.017056879627766,
8,2,2,80,1,1,,,,,,,,,0,0,0,0,0,57,57,62,,,,,,,,,,,,,,,,,,,,,,,,,,,,,,,,,,,,,,,,,,,,,,,,,,,,,8,2,2,,,,,1,,,,,,,,,,,,,,,,,,,,,,,,,,,Sub011,001,2022_May_20_1250,2_3_MRI_Rating_Play_Eyetracking,2021.2.3,60.017056879627766,
7,2,1,50,1,1,,,,,,,,,0,0,0,0,0,58,58,34,0,0,0,0,,,,,,,,,,,,,,,,,,,,,,,,,,,,,,,,,,,,,,,,,609.4026613999158,None,609.4026613999158,None,609.4026613999158,None,611.4169198004529,None,7,2,1,36.1161068522584,50,2,1,1,612.506045400165,None,y,0.5600646995007992,612.506045400165,None,Yes,2.439935300499201,613.1897235000506,None,615.7430953001603,None,g,1.3356216000393033,615.7430953001603,None,1.236123799999973,Bar,0.23612379999997302,615.7430953001603,None,617.2115786001086,None,,,,Sub011,001,2022_May_20_1250,2_3_MRI_Rating_Play_Eyetracking,2021.2.3,60.017056879627766,
7,2,1,50,1,1,,,,,,,,,0,0,0,0,0,58,58,34,,,,,,,,,,,,,,,,,,,,,,,,,,,,,,,,,,,,,,,,,,,,,,,,,,,,,7,2,1,,,,,1,,,,,,,,,,,,,,,,,,,,,,,,,,,Sub011,001,2022_May_20_1250,2_3_MRI_Rating_Play_Eyetracking,2021.2.3,60.017056879627766,
7,2,1,50,1,0,,,,,,,,,0,0,0,0,0,59,59,7,,,,,,,,,,,,,,,,,,,,,,,,,,,,,,,,,,,,,,,,,,,,,618.5588720999658,None,618.5588720999658,None,618.5588720999658,None,620.5488259997219,None,7,2,1,36.1161068522584,50,2,1,0,,,,,,,,,,,,,,,,,,,,,,,,,,,Sub011,001,2022_May_20_1250,2_3_MRI_Rating_Play_Eyetracking,2021.2.3,60.017056879627766,
8,2,2,80,3,1,,,,,,,,,0,0,0,0,0,60,60,71,0,0,0,0,,,,,,,,,,,,,,,,,,,,,,,,,,,,,,,,,,,,,,,,,621.660114900209,None,621.660114900209,None,621.660114900209,None,623.674964800477,None,8,2,2,36.1161068522584,80,2,3,1,626.7913875002414,None,b,0.4382351990789175,626.7913875002414,None,Definitely Yes,2.5617648009210825,627.3619501003996,None,630.0289359996095,None,g,0.37582469917833805,630.0289359996095,None,2.1417698999999857,Bar,1.1417698999999857,630.0289359996095,None,630.5270499996841,None,,,,Sub011,001,2022_May_20_1250,2_3_MRI_Rating_Play_Eyetracking,2021.2.3,60.017056879627766,
8,2,2,80,3,1,,,,,,,,,0,0,0,0,0,60,60,71,,,,,,,,,,,,,,,,,,,,,,,,,,,,,,,,,,,,,,,,,,,,,,,,,,,,,8,2,2,,,,,1,,,,,,,,,,,,,,,,,,,,,,,,,,,Sub011,001,2022_May_20_1250,2_3_MRI_Rating_Play_Eyetracking,2021.2.3,60.017056879627766,
1,0,1,50,1,1,,,,,,,,,0,0,0,0,0,61,61,28,0,0,0,0,,,,,,,,,,,,,,,,,,,,,,,,,,,,,,,,,,,,,,,,,632.7761249998584,None,632.7761249998584,None,632.7761249998584,None,634.7777199996635,None,1,0,1,7.138116312169986,50,2,1,1,635.8833913002163,None,r,0.43279239907860756,635.8833913002163,None,Definitely No,2.5672076009213924,636.4412773000076,None,639.1104236003011,None,r,0.5074067991226912,639.1104236003011,None,2.0549905999999964,Definitely Bar,1.0549905999999964,639.1104236003011,None,639.7396534001455,None,,,,Sub011,001,2022_May_20_1250,2_3_MRI_Rating_Play_Eyetracking,2021.2.3,60.017056879627766,
1,0,1,50,1,1,,,,,,,,,0,0,0,0,0,61,61,28,,,,,,,,,,,,,,,,,,,,,,,,,,,,,,,,,,,,,,,,,,,,,,,,,,,,,1,0,1,,,,,1,,,,,,,,,,,,,,,,,,,,,,,,,,,Sub011,001,2022_May_20_1250,2_3_MRI_Rating_Play_Eyetracking,2021.2.3,60.017056879627766,
6,2,0,20,3,1,,,,,,,,,0,0,0,0,0,62,62,69,0,0,0,0,,,,,,,,,,,,,,,,,,,,,,,,,,,,,,,,,,,,,,,,,641.9059143997729,None,641.9059143997729,None,641.9059143997729,None,643.9186690999195,None,6,2,0,36.1161068522584,20,2,3,1,647.027631400153,None,r,0.46297340001910925,647.027631400153,None,Definitely No,2.5370265999808908,647.6022289004177,None,650.2393199000508,None,b,0.3853102996945381,650.2393199000508,None,2.1891673000000083,Definitely Card,1.1891673000000083,650.2393199000508,None,650.7225882997736,None,,,,Sub011,001,2022_May_20_1250,2_3_MRI_Rating_Play_Eyetracking,2021.2.3,60.017056879627766,
6,2,0,20,3,1,,,,,,,,,0,0,0,0,0,62,62,69,,,,,,,,,,,,,,,,,,,,,,,,,,,,,,,,,,,,,,,,,,,,,,,,,,,,,6,2,0,,,,,1,,,,,,,,,,,,,,,,,,,,,,,,,,,Sub011,001,2022_May_20_1250,2_3_MRI_Rating_Play_Eyetracking,2021.2.3,60.017056879627766,
4,1,1,50,1,1,,,,,,,,,0,0,0,0,0,63,63,31,0,0,0,0,,,,,,,,,,,,,,,,,,,,,,,,,,,,,,,,,,,,,,,,,653.0039969999343,None,653.0039969999343,None,653.0039969999343,None,655.0379565004259,None,4,1,1,19.007735699007718,50,2,1,1,656.1460504997522,None,g,0.9242214001715183,656.1460504997522,None,No,2.0757785998284817,657.1946015004069,None,659.3820853000507,None,g,0.36463689990341663,659.3820853000507,None,2.170934500000044,Bar,1.170934500000044,659.3820853000507,None,659.8733876999468,None,,,,Sub011,001,2022_May_20_1250,2_3_MRI_Rating_Play_Eyetracking,2021.2.3,60.017056879627766,
4,1,1,50,1,1,,,,,,,,,0,0,0,0,0,63,63,31,,,,,,,,,,,,,,,,,,,,,,,,,,,,,,,,,,,,,,,,,,,,,,,,,,,,,4,1,1,,,,,1,,,,,,,,,,,,,,,,,,,,,,,,,,,Sub011,001,2022_May_20_1250,2_3_MRI_Rating_Play_Eyetracking,2021.2.3,60.017056879627766,
8,2,2,80,2,1,,,,,,,,,0,0,0,0,0,64,64,44,0,0,0,0,,,,,,,,,,,,,,,,,,,,,,,,,,,,,,,,,,,,,,,,,662.162500699982,None,662.162500699982,None,662.162500699982,None,664.1751108001918,None,8,2,2,36.1161068522584,80,2,2,1,666.2605661004782,None,b,0.49263229966163635,666.2605661004782,None,Definitely Yes,2.5073677003383636,666.8786669997498,None,669.476337400265,None,g,0.38358050025999546,669.476337400265,None,2.1892072999999073,Bar,1.1892072999999073,669.476337400265,None,669.9896320002154,None,,,,Sub011,001,2022_May_20_1250,2_3_MRI_Rating_Play_Eyetracking,2021.2.3,60.017056879627766,
8,2,2,80,2,1,,,,,,,,,0,0,0,0,0,64,64,44,,,,,,,,,,,,,,,,,,,,,,,,,,,,,,,,,,,,,,,,,,,,,,,,,,,,,8,2,2,,,,,1,,,,,,,,,,,,,,,,,,,,,,,,,,,Sub011,001,2022_May_20_1250,2_3_MRI_Rating_Play_Eyetracking,2021.2.3,60.017056879627766,
4,1,1,50,1,1,,,,,,,,,0,0,0,0,0,65,65,58,0,0,0,0,,,,,,,,,,,,,,,,,,,,,,,,,,,,,,,,,,,,,,,,,672.2937628002837,None,672.2937628002837,None,672.2937628002837,None,674.2883793003857,None,4,1,1,19.007735699007718,50,2,1,1,675.3751648999751,None,g,0.48483859933912754,675.3751648999751,None,No,2.5151614006608725,675.988931200467,None,678.613537600264,None,g,0.32396689988672733,678.613537600264,None,2.25656390000006,Bar,1.2565639000000601,678.613537600264,None,679.059867599979,None,,,,Sub011,001,2022_May_20_1250,2_3_MRI_Rating_Play_Eyetracking,2021.2.3,60.017056879627766,
4,1,1,50,1,1,,,,,,,,,0,0,0,0,0,65,65,58,,,,,,,,,,,,,,,,,,,,,,,,,,,,,,,,,,,,,,,,,,,,,,,,,,,,,4,1,1,,,,,1,,,,,,,,,,,,,,,,,,,,,,,,,,,Sub011,001,2022_May_20_1250,2_3_MRI_Rating_Play_Eyetracking,2021.2.3,60.017056879627766,
5,1,2,80,3,0,,,,,,,,,0,0,0,0,0,66,66,23,,,,,,,,,,,,,,,,,,,,,,,,,,,,,,,,,,,,,,,,,,,,,681.4248817004263,None,681.4248817004263,None,681.4248817004263,None,683.4338084002957,None,5,1,2,19.007735699007718,80,2,3,0,,,,,,,,,,,,,,,,,,,,,,,,,,,Sub011,001,2022_May_20_1250,2_3_MRI_Rating_Play_Eyetracking,2021.2.3,60.017056879627766,
5,1,2,80,1,1,,,,,,,,,0,0,0,0,0,67,67,59,0,0,0,0,,,,,,,,,,,,,,,,,,,,,,,,,,,,,,,,,,,,,,,,,686.52223720029,None,686.52223720029,None,686.52223720029,None,688.5593109000474,None,5,1,2,19.007735699007718,80,2,1,1,689.6578793004155,None,y,0.5277080992236733,689.6578793004155,None,Yes,2.4722919007763267,690.3110993998125,None,692.8947045002133,None,y,0.2704705987125635,692.8947045002133,None,2.2586221999999907,Card,1.2586221999999907,692.8947045002133,None,693.2934523997828,None,,,,Sub011,001,2022_May_20_1250,2_3_MRI_Rating_Play_Eyetracking,2021.2.3,60.017056879627766,
5,1,2,80,1,1,,,,,,,,,0,0,0,0,0,67,67,59,,,,,,,,,,,,,,,,,,,,,,,,,,,,,,,,,,,,,,,,,,,,,,,,,,,,,5,1,2,,,,,1,,,,,,,,,,,,,,,,,,,,,,,,,,,Sub011,001,2022_May_20_1250,2_3_MRI_Rating_Play_Eyetracking,2021.2.3,60.017056879627766,
5,1,2,80,2,1,,,,,,,,,0,0,0,0,0,68,68,41,0,0,0,0,,,,,,,,,,,,,,,,,,,,,,,,,,,,,,,,,,,,,,,,,695.6588612999767,None,695.6588612999767,None,695.6588612999767,None,697.6765847001225,None,5,1,2,19.007735699007718,80,2,2,1,699.7813109001145,None,y,0.6612543994560838,699.7813109001145,None,Yes,2.3387456005439162,700.5375749999657,None,702.9804830998182,None,y,0.251715699210763,702.9804830998182,None,2.32669820000001,Card,1.3266982000000098,702.9804830998182,None,703.3511455003172,None,,,,Sub011,001,2022_May_20_1250,2_3_MRI_Rating_Play_Eyetracking,2021.2.3,60.017056879627766,
5,1,2,80,2,1,,,,,,,,,0,0,0,0,0,68,68,41,,,,,,,,,,,,,,,,,,,,,,,,,,,,,,,,,,,,,,,,,,,,,,,,,,,,,5,1,2,,,,,1,,,,,,,,,,,,,,,,,,,,,,,,,,,Sub011,001,2022_May_20_1250,2_3_MRI_Rating_Play_Eyetracking,2021.2.3,60.017056879627766,
1,0,1,50,3,1,,,,,,,,,0,0,0,0,0,69,69,46,0,0,0,0,,,,,,,,,,,,,,,,,,,,,,,,,,,,,,,,,,,,,,,,,705.7849286999553,None,705.7849286999553,None,705.7849286999553,None,707.7863295003772,None,1,0,1,7.138116312169986,50,2,3,1,710.8880161996931,None,r,0.565875799395144,710.8880161996931,None,Definitely No,2.434124200604856,711.5505424998701,None,714.0988856004551,None,r,0.41898719873279333,714.0988856004551,None,2.171239499999956,Definitely Bar,1.171239499999956,714.0988856004551,None,714.6445118999109,None,,,,Sub011,001,2022_May_20_1250,2_3_MRI_Rating_Play_Eyetracking,2021.2.3,60.017056879627766,
1,0,1,50,3,1,,,,,,,,,0,0,0,0,0,69,69,46,,,,,,,,,,,,,,,,,,,,,,,,,,,,,,,,,,,,,,,,,,,,,,,,,,,,,1,0,1,,,,,1,,,,,,,,,,,,,,,,,,,,,,,,,,,Sub011,001,2022_May_20_1250,2_3_MRI_Rating_Play_Eyetracking,2021.2.3,60.017056879627766,
7,2,1,50,2,1,,,,,,,,,0,0,0,0,0,70,70,16,0,0,0,0,,,,,,,,,,,,,,,,,,,,,,,,,,,,,,,,,,,,,,,,,716.9286489002407,None,716.9286489002407,None,716.9286489002407,None,718.9431833000854,None,7,2,1,36.1161068522584,50,2,2,1,721.0187948998064,None,y,0.4293089993298054,721.0187948998064,None,Yes,2.5706910006701946,721.5768708996475,None,724.2580126998946,None,g,0.24586149957031012,724.2580126998946,None,2.3257463999999572,Bar,1.3257463999999572,724.2580126998946,None,724.6076113004237,None,,,,Sub011,001,2022_May_20_1250,2_3_MRI_Rating_Play_Eyetracking,2021.2.3,60.017056879627766,
7,2,1,50,2,1,,,,,,,,,0,0,0,0,0,70,70,16,,,,,,,,,,,,,,,,,,,,,,,,,,,,,,,,,,,,,,,,,,,,,,,,,,,,,7,2,1,,,,,1,,,,,,,,,,,,,,,,,,,,,,,,,,,Sub011,001,2022_May_20_1250,2_3_MRI_Rating_Play_Eyetracking,2021.2.3,60.017056879627766,
2,0,2,80,1,1,,,,,,,,,0,0,0,0,0,71,71,56,0,0,0,0,,,,,,,,,,,,,,,,,,,,,,,,,,,,,,,,,,,,,,,,,727.0388038000092,None,727.0388038000092,None,727.0388038000092,None,729.0588974002749,None,2,0,2,7.138116312169986,80,2,1,1,730.143483100459,None,r,0.45523779932409525,730.143483100459,None,Definitely No,2.5447622006759048,730.7237042998895,None,733.3513834001496,None,r,0.3618010003119707,733.3513834001496,None,2.2190197999999555,Definitely Bar,1.2190197999999555,733.3513834001496,None,733.8454759996384,None,,,,Sub011,001,2022_May_20_1250,2_3_MRI_Rating_Play_Eyetracking,2021.2.3,60.017056879627766,
2,0,2,80,1,1,,,,,,,,,0,0,0,0,0,71,71,56,,,,,,,,,,,,,,,,,,,,,,,,,,,,,,,,,,,,,,,,,,,,,,,,,,,,,2,0,2,,,,,1,,,,,,,,,,,,,,,,,,,,,,,,,,,Sub011,001,2022_May_20_1250,2_3_MRI_Rating_Play_Eyetracking,2021.2.3,60.017056879627766,
,,,,,,,,,,,,,,0,0,0,0,,,,,,,,,,,,,,,,,,,,,,,,,,,,,,,,,,,,,,,,,,,,,,,,,,,,,,,,,,,,,,,,,,,,,,,,,,,,,,,,,,,,,,,,,,,Sub011,001,2022_May_20_1250,2_3_MRI_Rating_Play_Eyetracking,2021.2.3,60.017056879627766,
,,,,,,,,,,,,,,,,,,,,,,,,,,,,,,,,,,,,,,,,,,,,,,,,,,,,,,,,,,,,,,,,,,,,,,,,,,,,,,,,,,,,,,,,,,,,,,,,,,,,,,,,,736.1609429996461,None,None,Sub011,001,2022_May_20_1250,2_3_MRI_Rating_Play_Eyetracking,2021.2.3,60.017056879627766,
