﻿Target_Size,start_position,Run_Files,current_card_prob,current_WinLoss,start.thisRepN,start.thisTrialN,start.thisN,start.thisIndex,trials.thisRepN,trials.thisTrialN,trials.thisN,trials.thisIndex,Indi_Info.thisRepN,Indi_Info.thisTrialN,Indi_Info.thisN,Indi_Info.thisIndex,trials_bar_Q.thisRepN,trials_bar_Q.thisTrialN,trials_bar_Q.thisN,trials_bar_Q.thisIndex,Confi_bar_L.thisRepN,Confi_bar_L.thisTrialN,Confi_bar_L.thisN,Confi_bar_L.thisIndex,Confi_bar_R.thisRepN,Confi_bar_R.thisTrialN,Confi_bar_R.thisN,Confi_bar_R.thisIndex,StopGame.thisRepN,StopGame.thisTrialN,StopGame.thisN,StopGame.thisIndex,ContinuePlay.thisRepN,ContinuePlay.thisTrialN,ContinuePlay.thisN,ContinuePlay.thisIndex,Run_card.thisRepN,Run_card.thisTrialN,Run_card.thisN,Run_card.thisIndex,trials_card.thisRepN,trials_card.thisTrialN,trials_card.thisN,trials_card.thisIndex,Qlikely_card_L.thisRepN,Qlikely_card_L.thisTrialN,Qlikely_card_L.thisN,Qlikely_card_L.thisIndex,Qlikely_card_R.thisRepN,Qlikely_card_R.thisTrialN,Qlikely_card_R.thisN,Qlikely_card_R.thisIndex,run_L,run_R,instr.started,instr.stopped,key_resp_bar.keys,key_resp_bar.rt,key_resp_bar.started,key_resp_bar.stopped,Current_Target_Size,Start_position,key_resp_bar.position,key_resp_bar.hit,trial_speed,center.started,center.stopped,center2.started,center2.stopped,instr_4.started,instr_4.stopped,sigma_indi,targetSize_20,targetSize_50,targetSize_80,targetSize_indi,center_2.started,center_2.stopped,Slider_LikelyBar_L.response,Slider_LikelyBar_L.rt,Slider_LikelyBar_L.started,Slider_LikelyBar_L.stopped,key_resp_LikeQ_bar_L.keys,key_resp_LikeQ_bar_L.rt,key_resp_LikeQ_bar_L.started,key_resp_LikeQ_bar_L.stopped,bar_final_text.started,bar_final_text.stopped,card_instr_text.started,card_instr_text.stopped,instr_5.started,instr_5.stopped,current_card_prob,current_WinLoss,Q_card_prob,Slider_LikelyCard_L.response,Slider_LikelyCard_L.rt,Slider_LikelyCard_L.started,Slider_LikelyCard_L.stopped,key_resp_LikeQ_card_L.keys,key_resp_LikeQ_card_L.rt,key_resp_LikeQ_card_L.started,key_resp_LikeQ_card_L.stopped,bar_final_text_2.started,bar_final_text_2.stopped,participant,session,date,expName,psychopyVersion,frameRate,
,,,,,0,0,0,0,,,,,,,,,,,,,,,,,,,,,,,,,,,,,,,,,,,,,,,,,,,,,1,0,12.128214599564672,None,,,,,,,,,,,,,,,,,,,,,,,,,,,,,,,,,,,,,,,,,,,,,,,,,,Sub038,001,2022_Sep_22_1106,1trainingbehavior_beforeMRI,2021.2.3,60.07979799381466,
20,0,,,,,,,,0,0,0,29,,,,,,,,,,,,,,,,,,,,,,,,,,,,,,,,,,,,,,,,,,,,,space,4.142533099278808,111.11062799952924,None,20,0,2,1,7,111.11062799952924,None,115.2873471993953,None,,,,,,,,,,,,,,,,,,,,,,,,,,,,,,,,,,,,,Sub038,001,2022_Sep_22_1106,1trainingbehavior_beforeMRI,2021.2.3,60.07979799381466,
30,1,,,,,,,,0,1,1,51,,,,,,,,,,,,,,,,,,,,,,,,,,,,,,,,,,,,,,,,,,,,,space,2.981781099922955,115.78750909958035,None,30,1,-9,1,7,115.78750909958035,None,118.78784700017422,None,,,,,,,,,,,,,,,,,,,,,,,,,,,,,,,,,,,,,Sub038,001,2022_Sep_22_1106,1trainingbehavior_beforeMRI,2021.2.3,60.07979799381466,
10,0,,,,,,,,0,2,2,5,,,,,,,,,,,,,,,,,,,,,,,,,,,,,,,,,,,,,,,,,,,,,space,2.904990299604833,119.28794489987195,None,10,0,-19,0,7,119.28794489987195,None,122.23777360003442,None,,,,,,,,,,,,,,,,,,,,,,,,,,,,,,,,,,,,,Sub038,001,2022_Sep_22_1106,1trainingbehavior_beforeMRI,2021.2.3,60.07979799381466,
30,1,,,,,,,,0,3,3,59,,,,,,,,,,,,,,,,,,,,,,,,,,,,,,,,,,,,,,,,,,,,,space,2.9454117994755507,122.7378257997334,None,30,1,5,1,7,122.7378257997334,None,125.70593759976327,None,,,,,,,,,,,,,,,,,,,,,,,,,,,,,,,,,,,,,Sub038,001,2022_Sep_22_1106,1trainingbehavior_beforeMRI,2021.2.3,60.07979799381466,
20,0,,,,,,,,0,4,4,25,,,,,,,,,,,,,,,,,,,,,,,,,,,,,,,,,,,,,,,,,,,,,space,1.794382200576365,126.20479919947684,None,20,0,-12,0,7,126.20479919947684,None,128.02652710024267,None,,,,,,,,,,,,,,,,,,,,,,,,,,,,,,,,,,,,,Sub038,001,2022_Sep_22_1106,1trainingbehavior_beforeMRI,2021.2.3,60.07979799381466,
10,1,,,,,,,,0,5,5,16,,,,,,,,,,,,,,,,,,,,,,,,,,,,,,,,,,,,,,,,,,,,,space,0.5375755997374654,128.5384716000408,None,10,1,5,1,7,128.5384716000408,None,129.10823879949749,None,,,,,,,,,,,,,,,,,,,,,,,,,,,,,,,,,,,,,Sub038,001,2022_Sep_22_1106,1trainingbehavior_beforeMRI,2021.2.3,60.07979799381466,
20,0,,,,,,,,0,6,6,22,,,,,,,,,,,,,,,,,,,,,,,,,,,,,,,,,,,,,,,,,,,,,space,0.5542743001133204,129.6214568996802,None,20,0,2,1,7,129.6214568996802,None,130.20468819979578,None,,,,,,,,,,,,,,,,,,,,,,,,,,,,,,,,,,,,,Sub038,001,2022_Sep_22_1106,1trainingbehavior_beforeMRI,2021.2.3,60.07979799381466,
10,0,,,,,,,,0,7,7,1,,,,,,,,,,,,,,,,,,,,,,,,,,,,,,,,,,,,,,,,,,,,,space,0.6154089998453856,130.70495210029185,None,10,0,23,0,7,130.70495210029185,None,131.3431625002995,None,,,,,,,,,,,,,,,,,,,,,,,,,,,,,,,,,,,,,Sub038,001,2022_Sep_22_1106,1trainingbehavior_beforeMRI,2021.2.3,60.07979799381466,
30,0,,,,,,,,0,8,8,45,,,,,,,,,,,,,,,,,,,,,,,,,,,,,,,,,,,,,,,,,,,,,space,0.5247531002387404,131.85498300008476,None,30,0,-12,1,7,131.85498300008476,None,132.41110619995743,None,,,,,,,,,,,,,,,,,,,,,,,,,,,,,,,,,,,,,Sub038,001,2022_Sep_22_1106,1trainingbehavior_beforeMRI,2021.2.3,60.07979799381466,
30,1,,,,,,,,0,9,9,53,,,,,,,,,,,,,,,,,,,,,,,,,,,,,,,,,,,,,,,,,,,,,space,0.6122528007254004,132.92172469943762,None,30,1,-23,0,7,132.92172469943762,None,133.56194389984012,None,,,,,,,,,,,,,,,,,,,,,,,,,,,,,,,,,,,,,Sub038,001,2022_Sep_22_1106,1trainingbehavior_beforeMRI,2021.2.3,60.07979799381466,
20,0,,,,,,,,0,10,10,20,,,,,,,,,,,,,,,,,,,,,,,,,,,,,,,,,,,,,,,,,,,,,space,0.6407742006704211,134.0715359998867,None,20,0,37,0,7,134.0715359998867,None,134.73835329990834,None,,,,,,,,,,,,,,,,,,,,,,,,,,,,,,,,,,,,,Sub038,001,2022_Sep_22_1106,1trainingbehavior_beforeMRI,2021.2.3,60.07979799381466,
20,1,,,,,,,,0,11,11,32,,,,,,,,,,,,,,,,,,,,,,,,,,,,,,,,,,,,,,,,,,,,,space,0.5878125000745058,135.23849670030177,None,20,1,-16,0,7,135.23849670030177,None,135.85484379995614,None,,,,,,,,,,,,,,,,,,,,,,,,,,,,,,,,,,,,,Sub038,001,2022_Sep_22_1106,1trainingbehavior_beforeMRI,2021.2.3,60.07979799381466,
10,1,,,,,,,,0,12,12,10,,,,,,,,,,,,,,,,,,,,,,,,,,,,,,,,,,,,,,,,,,,,,space,0.4486784990876913,136.35532149951905,None,10,1,47,0,7,136.35532149951905,None,136.8222008999437,None,,,,,,,,,,,,,,,,,,,,,,,,,,,,,,,,,,,,,Sub038,001,2022_Sep_22_1106,1trainingbehavior_beforeMRI,2021.2.3,60.07979799381466,
30,0,,,,,,,,0,13,13,48,,,,,,,,,,,,,,,,,,,,,,,,,,,,,,,,,,,,,,,,,,,,,space,0.5248070005327463,137.32189030013978,None,30,0,-12,1,7,137.32189030013978,None,137.87189800012857,None,,,,,,,,,,,,,,,,,,,,,,,,,,,,,,,,,,,,,Sub038,001,2022_Sep_22_1106,1trainingbehavior_beforeMRI,2021.2.3,60.07979799381466,
30,0,,,,,,,,0,14,14,49,,,,,,,,,,,,,,,,,,,,,,,,,,,,,,,,,,,,,,,,,,,,,space,0.6794827003031969,138.37152069993317,None,30,0,51,0,7,138.37152069993317,None,139.07867799978703,None,,,,,,,,,,,,,,,,,,,,,,,,,,,,,,,,,,,,,Sub038,001,2022_Sep_22_1106,1trainingbehavior_beforeMRI,2021.2.3,60.07979799381466,
10,0,,,,,,,,0,15,15,3,,,,,,,,,,,,,,,,,,,,,,,,,,,,,,,,,,,,,,,,,,,,,space,0.5161025002598763,139.58853819966316,None,10,0,-19,0,7,139.58853819966316,None,140.12152689974755,None,,,,,,,,,,,,,,,,,,,,,,,,,,,,,,,,,,,,,Sub038,001,2022_Sep_22_1106,1trainingbehavior_beforeMRI,2021.2.3,60.07979799381466,
10,0,,,,,,,,0,16,16,8,,,,,,,,,,,,,,,,,,,,,,,,,,,,,,,,,,,,,,,,,,,,,space,0.607672999612987,140.62208510003984,None,10,0,23,0,7,140.62208510003984,None,141.25519690010697,None,,,,,,,,,,,,,,,,,,,,,,,,,,,,,,,,,,,,,Sub038,001,2022_Sep_22_1106,1trainingbehavior_beforeMRI,2021.2.3,60.07979799381466,
30,0,,,,,,,,0,17,17,46,,,,,,,,,,,,,,,,,,,,,,,,,,,,,,,,,,,,,,,,,,,,,space,0.5369381997734308,141.75554659962654,None,30,0,-5,1,7,141.75554659962654,None,142.32458580005914,None,,,,,,,,,,,,,,,,,,,,,,,,,,,,,,,,,,,,,Sub038,001,2022_Sep_22_1106,1trainingbehavior_beforeMRI,2021.2.3,60.07979799381466,
30,1,,,,,,,,0,18,18,52,,,,,,,,,,,,,,,,,,,,,,,,,,,,,,,,,,,,,,,,,,,,,space,0.6505649005994201,142.83895319979638,None,30,1,-37,0,7,142.83895319979638,None,143.51125719957054,None,,,,,,,,,,,,,,,,,,,,,,,,,,,,,,,,,,,,,Sub038,001,2022_Sep_22_1106,1trainingbehavior_beforeMRI,2021.2.3,60.07979799381466,
20,1,,,,,,,,0,19,19,36,,,,,,,,,,,,,,,,,,,,,,,,,,,,,,,,,,,,,,,,,,,,,space,0.6205441998317838,144.0220769001171,None,20,1,-30,0,7,144.0220769001171,None,144.67191279958934,None,,,,,,,,,,,,,,,,,,,,,,,,,,,,,,,,,,,,,Sub038,001,2022_Sep_22_1106,1trainingbehavior_beforeMRI,2021.2.3,60.07979799381466,
30,1,,,,,,,,0,20,20,54,,,,,,,,,,,,,,,,,,,,,,,,,,,,,,,,,,,,,,,,,,,,,space,0.48464119993150234,145.17219709977508,None,30,1,33,0,7,145.17219709977508,None,145.67195559944957,None,,,,,,,,,,,,,,,,,,,,,,,,,,,,,,,,,,,,,Sub038,001,2022_Sep_22_1106,1trainingbehavior_beforeMRI,2021.2.3,60.07979799381466,
20,1,,,,,,,,0,21,21,37,,,,,,,,,,,,,,,,,,,,,,,,,,,,,,,,,,,,,,,,,,,,,space,0.4961446998640895,146.17210000008345,None,20,1,26,0,7,146.17210000008345,None,146.68876649998128,None,,,,,,,,,,,,,,,,,,,,,,,,,,,,,,,,,,,,,Sub038,001,2022_Sep_22_1106,1trainingbehavior_beforeMRI,2021.2.3,60.07979799381466,
30,1,,,,,,,,0,22,22,58,,,,,,,,,,,,,,,,,,,,,,,,,,,,,,,,,,,,,,,,,,,,,space,0.5838685994967818,147.18866979982704,None,30,1,-9,1,7,147.18866979982704,None,147.7922011995688,None,,,,,,,,,,,,,,,,,,,,,,,,,,,,,,,,,,,,,Sub038,001,2022_Sep_22_1106,1trainingbehavior_beforeMRI,2021.2.3,60.07979799381466,
20,1,,,,,,,,0,23,23,30,,,,,,,,,,,,,,,,,,,,,,,,,,,,,,,,,,,,,,,,,,,,,space,0.5535291004925966,148.30535000003874,None,20,1,-2,1,7,148.30535000003874,None,148.88883710000664,None,,,,,,,,,,,,,,,,,,,,,,,,,,,,,,,,,,,,,Sub038,001,2022_Sep_22_1106,1trainingbehavior_beforeMRI,2021.2.3,60.07979799381466,
20,1,,,,,,,,0,24,24,39,,,,,,,,,,,,,,,,,,,,,,,,,,,,,,,,,,,,,,,,,,,,,space,0.6287621995434165,149.3886877000332,None,20,1,-30,0,7,149.3886877000332,None,150.04381429962814,None,,,,,,,,,,,,,,,,,,,,,,,,,,,,,,,,,,,,,Sub038,001,2022_Sep_22_1106,1trainingbehavior_beforeMRI,2021.2.3,60.07979799381466,
30,0,,,,,,,,0,25,25,40,,,,,,,,,,,,,,,,,,,,,,,,,,,,,,,,,,,,,,,,,,,,,space,0.5519949002191424,150.55572200007737,None,30,0,2,1,7,150.55572200007737,None,151.14561210013926,None,,,,,,,,,,,,,,,,,,,,,,,,,,,,,,,,,,,,,Sub038,001,2022_Sep_22_1106,1trainingbehavior_beforeMRI,2021.2.3,60.07979799381466,
10,1,,,,,,,,0,26,26,17,,,,,,,,,,,,,,,,,,,,,,,,,,,,,,,,,,,,,,,,,,,,,space,0.605800099670887,151.65575340017676,None,10,1,-23,0,7,151.65575340017676,None,152.296000899747,None,,,,,,,,,,,,,,,,,,,,,,,,,,,,,,,,,,,,,Sub038,001,2022_Sep_22_1106,1trainingbehavior_beforeMRI,2021.2.3,60.07979799381466,
20,0,,,,,,,,0,27,27,24,,,,,,,,,,,,,,,,,,,,,,,,,,,,,,,,,,,,,,,,,,,,,space,0.48012049961835146,152.80579369980842,None,20,0,-33,0,7,152.80579369980842,None,153.30608540028334,None,,,,,,,,,,,,,,,,,,,,,,,,,,,,,,,,,,,,,Sub038,001,2022_Sep_22_1106,1trainingbehavior_beforeMRI,2021.2.3,60.07979799381466,
30,0,,,,,,,,0,28,28,44,,,,,,,,,,,,,,,,,,,,,,,,,,,,,,,,,,,,,,,,,,,,,space,0.44909240026026964,153.80539389979094,None,30,0,-47,0,7,153.80539389979094,None,154.2726652994752,None,,,,,,,,,,,,,,,,,,,,,,,,,,,,,,,,,,,,,Sub038,001,2022_Sep_22_1106,1trainingbehavior_beforeMRI,2021.2.3,60.07979799381466,
30,0,,,,,,,,0,29,29,47,,,,,,,,,,,,,,,,,,,,,,,,,,,,,,,,,,,,,,,,,,,,,space,0.5629544006660581,154.7726242998615,None,30,0,2,1,7,154.7726242998615,None,155.35990879964083,None,,,,,,,,,,,,,,,,,,,,,,,,,,,,,,,,,,,,,Sub038,001,2022_Sep_22_1106,1trainingbehavior_beforeMRI,2021.2.3,60.07979799381466,
20,0,,,,,,,,0,30,30,28,,,,,,,,,,,,,,,,,,,,,,,,,,,,,,,,,,,,,,,,,,,,,space,0.5527112996205688,155.8724518995732,None,20,0,2,1,7,155.8724518995732,None,156.455426200293,None,,,,,,,,,,,,,,,,,,,,,,,,,,,,,,,,,,,,,Sub038,001,2022_Sep_22_1106,1trainingbehavior_beforeMRI,2021.2.3,60.07979799381466,
10,1,,,,,,,,0,31,31,13,,,,,,,,,,,,,,,,,,,,,,,,,,,,,,,,,,,,,,,,,,,,,space,0.6416153004392982,156.9555645994842,None,10,1,-37,0,7,156.9555645994842,None,157.62838779948652,None,,,,,,,,,,,,,,,,,,,,,,,,,,,,,,,,,,,,,Sub038,001,2022_Sep_22_1106,1trainingbehavior_beforeMRI,2021.2.3,60.07979799381466,
20,0,,,,,,,,0,32,32,23,,,,,,,,,,,,,,,,,,,,,,,,,,,,,,,,,,,,,,,,,,,,,space,0.6146806003525853,158.1390279000625,None,20,0,23,0,7,158.1390279000625,None,158.77252539992332,None,,,,,,,,,,,,,,,,,,,,,,,,,,,,,,,,,,,,,Sub038,001,2022_Sep_22_1106,1trainingbehavior_beforeMRI,2021.2.3,60.07979799381466,
20,0,,,,,,,,0,33,33,27,,,,,,,,,,,,,,,,,,,,,,,,,,,,,,,,,,,,,,,,,,,,,space,0.5848004007712007,159.2726886002347,None,20,0,9,1,7,159.2726886002347,None,159.87831989955157,None,,,,,,,,,,,,,,,,,,,,,,,,,,,,,,,,,,,,,Sub038,001,2022_Sep_22_1106,1trainingbehavior_beforeMRI,2021.2.3,60.07979799381466,
10,1,,,,,,,,0,34,34,18,,,,,,,,,,,,,,,,,,,,,,,,,,,,,,,,,,,,,,,,,,,,,space,0.6461504995822906,160.38930349983275,None,10,1,-37,0,7,160.38930349983275,None,161.0635672993958,None,,,,,,,,,,,,,,,,,,,,,,,,,,,,,,,,,,,,,Sub038,001,2022_Sep_22_1106,1trainingbehavior_beforeMRI,2021.2.3,60.07979799381466,
30,1,,,,,,,,0,35,35,56,,,,,,,,,,,,,,,,,,,,,,,,,,,,,,,,,,,,,,,,,,,,,space,0.5407069995999336,161.57249199971557,None,30,1,5,1,7,161.57249199971557,None,162.1449728999287,None,,,,,,,,,,,,,,,,,,,,,,,,,,,,,,,,,,,,,Sub038,001,2022_Sep_22_1106,1trainingbehavior_beforeMRI,2021.2.3,60.07979799381466,
20,0,,,,,,,,0,36,36,26,,,,,,,,,,,,,,,,,,,,,,,,,,,,,,,,,,,,,,,,,,,,,space,0.5405299002304673,162.65617719944566,None,20,0,-5,1,7,162.65617719944566,None,163.22296409960836,None,,,,,,,,,,,,,,,,,,,,,,,,,,,,,,,,,,,,,Sub038,001,2022_Sep_22_1106,1trainingbehavior_beforeMRI,2021.2.3,60.07979799381466,
30,1,,,,,,,,0,37,37,50,,,,,,,,,,,,,,,,,,,,,,,,,,,,,,,,,,,,,,,,,,,,,space,0.5978600000962615,163.7228656001389,None,30,1,-16,0,7,163.7228656001389,None,164.346890299581,None,,,,,,,,,,,,,,,,,,,,,,,,,,,,,,,,,,,,,Sub038,001,2022_Sep_22_1106,1trainingbehavior_beforeMRI,2021.2.3,60.07979799381466,
30,1,,,,,,,,0,38,38,57,,,,,,,,,,,,,,,,,,,,,,,,,,,,,,,,,,,,,,,,,,,,,space,0.5934819998219609,164.85647699981928,None,30,1,-16,0,7,164.85647699981928,None,165.47302599996328,None,,,,,,,,,,,,,,,,,,,,,,,,,,,,,,,,,,,,,Sub038,001,2022_Sep_22_1106,1trainingbehavior_beforeMRI,2021.2.3,60.07979799381466,
10,1,,,,,,,,0,39,39,15,,,,,,,,,,,,,,,,,,,,,,,,,,,,,,,,,,,,,,,,,,,,,space,0.6092752004042268,165.9727109996602,None,10,1,-23,0,7,165.9727109996602,None,166.6062998995185,None,,,,,,,,,,,,,,,,,,,,,,,,,,,,,,,,,,,,,Sub038,001,2022_Sep_22_1106,1trainingbehavior_beforeMRI,2021.2.3,60.07979799381466,
10,1,,,,,,,,0,40,40,19,,,,,,,,,,,,,,,,,,,,,,,,,,,,,,,,,,,,,,,,,,,,,space,0.5976939992979169,167.10670389980078,None,10,1,-16,0,7,167.10670389980078,None,167.72311539947987,None,,,,,,,,,,,,,,,,,,,,,,,,,,,,,,,,,,,,,Sub038,001,2022_Sep_22_1106,1trainingbehavior_beforeMRI,2021.2.3,60.07979799381466,
20,1,,,,,,,,0,41,41,38,,,,,,,,,,,,,,,,,,,,,,,,,,,,,,,,,,,,,,,,,,,,,space,0.435903100296855,168.22287219949067,None,20,1,47,0,7,168.22287219949067,None,168.68985479976982,None,,,,,,,,,,,,,,,,,,,,,,,,,,,,,,,,,,,,,Sub038,001,2022_Sep_22_1106,1trainingbehavior_beforeMRI,2021.2.3,60.07979799381466,
10,0,,,,,,,,0,42,42,2,,,,,,,,,,,,,,,,,,,,,,,,,,,,,,,,,,,,,,,,,,,,,space,0.5415393002331257,169.18958109989762,None,10,0,-5,1,7,169.18958109989762,None,169.7593502998352,None,,,,,,,,,,,,,,,,,,,,,,,,,,,,,,,,,,,,,Sub038,001,2022_Sep_22_1106,1trainingbehavior_beforeMRI,2021.2.3,60.07979799381466,
20,1,,,,,,,,0,43,43,31,,,,,,,,,,,,,,,,,,,,,,,,,,,,,,,,,,,,,,,,,,,,,space,0.49342390056699514,170.27321659959853,None,20,1,26,0,7,170.27321659959853,None,170.79749759938568,None,,,,,,,,,,,,,,,,,,,,,,,,,,,,,,,,,,,,,Sub038,001,2022_Sep_22_1106,1trainingbehavior_beforeMRI,2021.2.3,60.07979799381466,
30,0,,,,,,,,0,44,44,43,,,,,,,,,,,,,,,,,,,,,,,,,,,,,,,,,,,,,,,,,,,,,space,0.5607092995196581,171.30651469994336,None,30,0,2,1,7,171.30651469994336,None,171.89302129950374,None,,,,,,,,,,,,,,,,,,,,,,,,,,,,,,,,,,,,,Sub038,001,2022_Sep_22_1106,1trainingbehavior_beforeMRI,2021.2.3,60.07979799381466,
20,1,,,,,,,,0,45,45,34,,,,,,,,,,,,,,,,,,,,,,,,,,,,,,,,,,,,,,,,,,,,,space,0.633161099627614,172.40655899979174,None,20,1,-30,0,7,172.40655899979174,None,173.06276099942625,None,,,,,,,,,,,,,,,,,,,,,,,,,,,,,,,,,,,,,Sub038,001,2022_Sep_22_1106,1trainingbehavior_beforeMRI,2021.2.3,60.07979799381466,
10,1,,,,,,,,0,46,46,12,,,,,,,,,,,,,,,,,,,,,,,,,,,,,,,,,,,,,,,,,,,,,space,0.5993176000192761,173.57339410018176,None,10,1,-16,0,7,173.57339410018176,None,174.18991179950535,None,,,,,,,,,,,,,,,,,,,,,,,,,,,,,,,,,,,,,Sub038,001,2022_Sep_22_1106,1trainingbehavior_beforeMRI,2021.2.3,60.07979799381466,
10,1,,,,,,,,0,47,47,14,,,,,,,,,,,,,,,,,,,,,,,,,,,,,,,,,,,,,,,,,,,,,space,0.5436879992485046,174.68979359976947,None,10,1,5,1,7,174.68979359976947,None,175.2622139994055,None,,,,,,,,,,,,,,,,,,,,,,,,,,,,,,,,,,,,,Sub038,001,2022_Sep_22_1106,1trainingbehavior_beforeMRI,2021.2.3,60.07979799381466,
20,0,,,,,,,,0,48,48,21,,,,,,,,,,,,,,,,,,,,,,,,,,,,,,,,,,,,,,,,,,,,,space,0.6588460998609662,175.77288869954646,None,20,0,44,0,7,175.77288869954646,None,176.4646339993924,None,,,,,,,,,,,,,,,,,,,,,,,,,,,,,,,,,,,,,Sub038,001,2022_Sep_22_1106,1trainingbehavior_beforeMRI,2021.2.3,60.07979799381466,
10,1,,,,,,,,0,49,49,11,,,,,,,,,,,,,,,,,,,,,,,,,,,,,,,,,,,,,,,,,,,,,space,0.6341011999174953,176.97309490013868,None,10,1,-30,0,7,176.97309490013868,None,177.6235061995685,None,,,,,,,,,,,,,,,,,,,,,,,,,,,,,,,,,,,,,Sub038,001,2022_Sep_22_1106,1trainingbehavior_beforeMRI,2021.2.3,60.07979799381466,
20,1,,,,,,,,0,50,50,35,,,,,,,,,,,,,,,,,,,,,,,,,,,,,,,,,,,,,,,,,,,,,space,0.529310199432075,178.12353069987148,None,20,1,12,0,7,178.12353069987148,None,178.6738783000037,None,,,,,,,,,,,,,,,,,,,,,,,,,,,,,,,,,,,,,Sub038,001,2022_Sep_22_1106,1trainingbehavior_beforeMRI,2021.2.3,60.07979799381466,
10,0,,,,,,,,0,51,51,4,,,,,,,,,,,,,,,,,,,,,,,,,,,,,,,,,,,,,,,,,,,,,space,0.5042975004762411,179.17321699950844,None,10,0,-19,0,7,179.17321699950844,None,179.70674569997936,None,,,,,,,,,,,,,,,,,,,,,,,,,,,,,,,,,,,,,Sub038,001,2022_Sep_22_1106,1trainingbehavior_beforeMRI,2021.2.3,60.07979799381466,
30,0,,,,,,,,0,52,52,41,,,,,,,,,,,,,,,,,,,,,,,,,,,,,,,,,,,,,,,,,,,,,space,0.48680590000003576,180.20675869937986,None,30,0,-26,0,7,180.20675869937986,None,180.72337679937482,None,,,,,,,,,,,,,,,,,,,,,,,,,,,,,,,,,,,,,Sub038,001,2022_Sep_22_1106,1trainingbehavior_beforeMRI,2021.2.3,60.07979799381466,
30,1,,,,,,,,0,53,53,55,,,,,,,,,,,,,,,,,,,,,,,,,,,,,,,,,,,,,,,,,,,,,space,0.5873649995774031,181.2235781000927,None,30,1,-16,0,7,181.2235781000927,None,181.84074329957366,None,,,,,,,,,,,,,,,,,,,,,,,,,,,,,,,,,,,,,Sub038,001,2022_Sep_22_1106,1trainingbehavior_beforeMRI,2021.2.3,60.07979799381466,
30,0,,,,,,,,0,54,54,42,,,,,,,,,,,,,,,,,,,,,,,,,,,,,,,,,,,,,,,,,,,,,space,0.6063876999542117,182.34036790020764,None,30,0,23,0,7,182.34036790020764,None,182.97387459967285,None,,,,,,,,,,,,,,,,,,,,,,,,,,,,,,,,,,,,,Sub038,001,2022_Sep_22_1106,1trainingbehavior_beforeMRI,2021.2.3,60.07979799381466,
20,1,,,,,,,,0,55,55,33,,,,,,,,,,,,,,,,,,,,,,,,,,,,,,,,,,,,,,,,,,,,,space,0.5649656001478434,183.47403320018202,None,20,1,-2,1,7,183.47403320018202,None,184.0599509999156,None,,,,,,,,,,,,,,,,,,,,,,,,,,,,,,,,,,,,,Sub038,001,2022_Sep_22_1106,1trainingbehavior_beforeMRI,2021.2.3,60.07979799381466,
10,0,,,,,,,,0,56,56,0,,,,,,,,,,,,,,,,,,,,,,,,,,,,,,,,,,,,,,,,,,,,,space,0.5976248998194933,184.57408929988742,None,10,0,16,0,7,184.57408929988742,None,185.1957801003009,None,,,,,,,,,,,,,,,,,,,,,,,,,,,,,,,,,,,,,Sub038,001,2022_Sep_22_1106,1trainingbehavior_beforeMRI,2021.2.3,60.07979799381466,
10,0,,,,,,,,0,57,57,7,,,,,,,,,,,,,,,,,,,,,,,,,,,,,,,,,,,,,,,,,,,,,space,0.633589600212872,185.70704429969192,None,10,0,30,0,7,185.70704429969192,None,186.35698989965022,None,,,,,,,,,,,,,,,,,,,,,,,,,,,,,,,,,,,,,Sub038,001,2022_Sep_22_1106,1trainingbehavior_beforeMRI,2021.2.3,60.07979799381466,
10,0,,,,,,,,0,58,58,9,,,,,,,,,,,,,,,,,,,,,,,,,,,,,,,,,,,,,,,,,,,,,space,0.6008424004539847,186.8569944994524,None,10,0,16,0,7,186.8569944994524,None,187.4733515996486,None,,,,,,,,,,,,,,,,,,,,,,,,,,,,,,,,,,,,,Sub038,001,2022_Sep_22_1106,1trainingbehavior_beforeMRI,2021.2.3,60.07979799381466,
10,0,,,,,,,,0,59,59,6,,,,,,,,,,,,,,,,,,,,,,,,,,,,,,,,,,,,,,,,,,,,,space,0.5036727003753185,187.97356269974262,None,10,0,-19,0,7,187.97356269974262,None,188.506950000301,None,,,,,,,,,,,,,,,,,,,,,,,,,,,,,,,,,,,,,Sub038,001,2022_Sep_22_1106,1trainingbehavior_beforeMRI,2021.2.3,60.07979799381466,
,,,,,,,,,,,,,0,0,0,0,,,,,,,,,,,,,,,,,,,,,,,,,,,,,,,,,,,,,,,,,,,,,,,,,,,,,,189.00674670003355,None,23.548596325235373,11.929718898364241,31.76705644274252,60.35976210084331,[11.9297189  31.76705644 60.3597621 ],,,,,,,,,,,,,,,,,,,,,,,,,,,,,,Sub038,001,2022_Sep_22_1106,1trainingbehavior_beforeMRI,2021.2.3,60.07979799381466,
10,,,,,,,,,,,,,,,,,0,0,0,0,0,0,0,0,,,,,,,,,,,,,,,,,,,,,,,,,,,,,,,,,,,,,,,,,,,,,,,,,,,,,204.2716820994392,None,None,None,204.2716820994392,None,5,30.295073400251567,204.2716820994392,None,,,,,,,,,,,,,,,,,,,,Sub038,001,2022_Sep_22_1106,1trainingbehavior_beforeMRI,2021.2.3,60.07979799381466,
10,,,,,,,,,,,,,,,,,0,0,0,0,,,,,,,,,,,,,,,,,,,,,,,,,,,,,,,,,,,,,,,,,,,,,,,,,,,,,,,,,,,,,,,,,,,,,,,,,,,,,,,,,,,,,,Sub038,001,2022_Sep_22_1106,1trainingbehavior_beforeMRI,2021.2.3,60.07979799381466,
20,,,,,,,,,,,,,,,,,0,1,1,1,0,0,0,0,,,,,,,,,,,,,,,,,,,,,,,,,,,,,,,,,,,,,,,,,,,,,,,,,,,,,234.5934900995344,None,None,None,234.5934900995344,None,6,2.1622291998937726,234.5934900995344,None,,,,,,,,,,,,,,,,,,,,Sub038,001,2022_Sep_22_1106,1trainingbehavior_beforeMRI,2021.2.3,60.07979799381466,
20,,,,,,,,,,,,,,,,,0,1,1,1,,,,,,,,,,,,,,,,,,,,,,,,,,,,,,,,,,,,,,,,,,,,,,,,,,,,,,,,,,,,,,,,,,,,,,,,,,,,,,,,,,,,,,Sub038,001,2022_Sep_22_1106,1trainingbehavior_beforeMRI,2021.2.3,60.07979799381466,
30,,,,,,,,,,,,,,,,,0,2,2,2,0,0,0,0,,,,,,,,,,,,,,,,,,,,,,,,,,,,,,,,,,,,,,,,,,,,,,,,,,,,,236.78551610000432,None,None,None,236.78551610000432,None,7,3.083393099717796,236.78551610000432,None,,,,,,,,,,,,,,,,,,,,Sub038,001,2022_Sep_22_1106,1trainingbehavior_beforeMRI,2021.2.3,60.07979799381466,
30,,,,,,,,,,,,,,,,,0,2,2,2,,,,,,,,,,,,,,,,,,,,,,,,,,,,,,,,,,,,,,,,,,,,,,,,,,,,,,,,,,,,,,,,,,,,,,,,,,,,,,,,,,,,,,Sub038,001,2022_Sep_22_1106,1trainingbehavior_beforeMRI,2021.2.3,60.07979799381466,
,,Card_50.xlsx,50,1,,,,,,,,,,,,,,,,,,,,,,,,,,,,,0,0,0,0,0,0,0,1,0,0,0,6,,,,,,,,,,,,,,,,,,,,,,,,,,,,,,,,,,,,,,,,,,,239.89191929996014,None,248.1926231002435,None,288.14403459988534,None,50,1,,,,,,,,,,,,Sub038,001,2022_Sep_22_1106,1trainingbehavior_beforeMRI,2021.2.3,60.07979799381466,
,,Card_50.xlsx,50,0,,,,,,,,,,,,,,,,,,,,,,,,,,,,,0,0,0,0,0,0,0,1,0,1,1,4,,,,,,,,,,,,,,,,,,,,,,,,,,,,,,,,,,,,,,,,,,,,,,,,,50,0,,,,,,,,,,,,Sub038,001,2022_Sep_22_1106,1trainingbehavior_beforeMRI,2021.2.3,60.07979799381466,
,,Card_50.xlsx,50,0,,,,,,,,,,,,,,,,,,,,,,,,,,,,,0,0,0,0,0,0,0,1,0,2,2,1,,,,,,,,,,,,,,,,,,,,,,,,,,,,,,,,,,,,,,,,,,,,,,,,,50,0,,,,,,,,,,,,Sub038,001,2022_Sep_22_1106,1trainingbehavior_beforeMRI,2021.2.3,60.07979799381466,
,,Card_50.xlsx,50,1,,,,,,,,,,,,,,,,,,,,,,,,,,,,,0,0,0,0,0,0,0,1,0,3,3,9,,,,,,,,,,,,,,,,,,,,,,,,,,,,,,,,,,,,,,,,,,,,,,,,,50,1,,,,,,,,,,,,Sub038,001,2022_Sep_22_1106,1trainingbehavior_beforeMRI,2021.2.3,60.07979799381466,
,,Card_50.xlsx,50,1,,,,,,,,,,,,,,,,,,,,,,,,,,,,,0,0,0,0,0,0,0,1,0,4,4,5,,,,,,,,,,,,,,,,,,,,,,,,,,,,,,,,,,,,,,,,,,,,,,,,,50,1,,,,,,,,,,,,Sub038,001,2022_Sep_22_1106,1trainingbehavior_beforeMRI,2021.2.3,60.07979799381466,
,,Card_50.xlsx,50,0,,,,,,,,,,,,,,,,,,,,,,,,,,,,,0,0,0,0,0,0,0,1,0,5,5,2,,,,,,,,,,,,,,,,,,,,,,,,,,,,,,,,,,,,,,,,,,,,,,,,,50,0,,,,,,,,,,,,Sub038,001,2022_Sep_22_1106,1trainingbehavior_beforeMRI,2021.2.3,60.07979799381466,
,,Card_50.xlsx,50,0,,,,,,,,,,,,,,,,,,,,,,,,,,,,,0,0,0,0,0,0,0,1,0,6,6,0,,,,,,,,,,,,,,,,,,,,,,,,,,,,,,,,,,,,,,,,,,,,,,,,,50,0,,,,,,,,,,,,Sub038,001,2022_Sep_22_1106,1trainingbehavior_beforeMRI,2021.2.3,60.07979799381466,
,,Card_50.xlsx,50,0,,,,,,,,,,,,,,,,,,,,,,,,,,,,,0,0,0,0,0,0,0,1,0,7,7,3,,,,,,,,,,,,,,,,,,,,,,,,,,,,,,,,,,,,,,,,,,,,,,,,,50,0,,,,,,,,,,,,Sub038,001,2022_Sep_22_1106,1trainingbehavior_beforeMRI,2021.2.3,60.07979799381466,
,,Card_50.xlsx,50,1,,,,,,,,,,,,,,,,,,,,,,,,,,,,,0,0,0,0,0,0,0,1,0,8,8,8,,,,,,,,,,,,,,,,,,,,,,,,,,,,,,,,,,,,,,,,,,,,,,,,,50,1,,,,,,,,,,,,Sub038,001,2022_Sep_22_1106,1trainingbehavior_beforeMRI,2021.2.3,60.07979799381466,
,,Card_50.xlsx,50,1,,,,,,,,,,,,,,,,,,,,,,,,,,,,,0,0,0,0,0,0,0,1,0,9,9,7,,,,,,,,,,,,,,,,,,,,,,,,,,,,,,,,,,,,,,,,,,,,,,,,,50,1,,,,,,,,,,,,Sub038,001,2022_Sep_22_1106,1trainingbehavior_beforeMRI,2021.2.3,60.07979799381466,
,,Card_50.xlsx,,,,,,,,,,,,,,,,,,,,,,,,,,,,,,,0,0,0,0,0,0,0,1,,,,,0,0,0,0,,,,,,,,,,,,,,,,,,,,,,,,,,,,,,,,,,,,,,,,,,,,,,,50,None,None,333.91702419985086,None,5,9.58759219944477,333.91702419985086,None,,,Sub038,001,2022_Sep_22_1106,1trainingbehavior_beforeMRI,2021.2.3,60.07979799381466,
,,Card_50.xlsx,,,,,,,,,,,,,,,,,,,,,,,,,,,,,,,0,0,0,0,0,0,0,1,,,,,,,,,,,,,,,,,,,,,,,,,,,,,,,,,,,,,,,,,,,,,,,,,,,,,,,,,,,,,,,,,,Sub038,001,2022_Sep_22_1106,1trainingbehavior_beforeMRI,2021.2.3,60.07979799381466,
,,Card_80.xlsx,80,0,,,,,,,,,,,,,,,,,,,,,,,,,,,,,0,0,0,0,0,1,1,2,0,0,0,0,,,,,,,,,,,,,,,,,,,,,,,,,,,,,,,,,,,,,,,,,,,,,,,,,80,0,,,,,,,,,,,,Sub038,001,2022_Sep_22_1106,1trainingbehavior_beforeMRI,2021.2.3,60.07979799381466,
,,Card_80.xlsx,80,0,,,,,,,,,,,,,,,,,,,,,,,,,,,,,0,0,0,0,0,1,1,2,0,1,1,1,,,,,,,,,,,,,,,,,,,,,,,,,,,,,,,,,,,,,,,,,,,,,,,,,80,0,,,,,,,,,,,,Sub038,001,2022_Sep_22_1106,1trainingbehavior_beforeMRI,2021.2.3,60.07979799381466,
,,Card_80.xlsx,80,1,,,,,,,,,,,,,,,,,,,,,,,,,,,,,0,0,0,0,0,1,1,2,0,2,2,4,,,,,,,,,,,,,,,,,,,,,,,,,,,,,,,,,,,,,,,,,,,,,,,,,80,1,,,,,,,,,,,,Sub038,001,2022_Sep_22_1106,1trainingbehavior_beforeMRI,2021.2.3,60.07979799381466,
,,Card_80.xlsx,80,1,,,,,,,,,,,,,,,,,,,,,,,,,,,,,0,0,0,0,0,1,1,2,0,3,3,9,,,,,,,,,,,,,,,,,,,,,,,,,,,,,,,,,,,,,,,,,,,,,,,,,80,1,,,,,,,,,,,,Sub038,001,2022_Sep_22_1106,1trainingbehavior_beforeMRI,2021.2.3,60.07979799381466,
,,Card_80.xlsx,80,1,,,,,,,,,,,,,,,,,,,,,,,,,,,,,0,0,0,0,0,1,1,2,0,4,4,5,,,,,,,,,,,,,,,,,,,,,,,,,,,,,,,,,,,,,,,,,,,,,,,,,80,1,,,,,,,,,,,,Sub038,001,2022_Sep_22_1106,1trainingbehavior_beforeMRI,2021.2.3,60.07979799381466,
,,Card_80.xlsx,80,1,,,,,,,,,,,,,,,,,,,,,,,,,,,,,0,0,0,0,0,1,1,2,0,5,5,8,,,,,,,,,,,,,,,,,,,,,,,,,,,,,,,,,,,,,,,,,,,,,,,,,80,1,,,,,,,,,,,,Sub038,001,2022_Sep_22_1106,1trainingbehavior_beforeMRI,2021.2.3,60.07979799381466,
,,Card_80.xlsx,80,1,,,,,,,,,,,,,,,,,,,,,,,,,,,,,0,0,0,0,0,1,1,2,0,6,6,3,,,,,,,,,,,,,,,,,,,,,,,,,,,,,,,,,,,,,,,,,,,,,,,,,80,1,,,,,,,,,,,,Sub038,001,2022_Sep_22_1106,1trainingbehavior_beforeMRI,2021.2.3,60.07979799381466,
,,Card_80.xlsx,80,1,,,,,,,,,,,,,,,,,,,,,,,,,,,,,0,0,0,0,0,1,1,2,0,7,7,6,,,,,,,,,,,,,,,,,,,,,,,,,,,,,,,,,,,,,,,,,,,,,,,,,80,1,,,,,,,,,,,,Sub038,001,2022_Sep_22_1106,1trainingbehavior_beforeMRI,2021.2.3,60.07979799381466,
,,Card_80.xlsx,80,1,,,,,,,,,,,,,,,,,,,,,,,,,,,,,0,0,0,0,0,1,1,2,0,8,8,7,,,,,,,,,,,,,,,,,,,,,,,,,,,,,,,,,,,,,,,,,,,,,,,,,80,1,,,,,,,,,,,,Sub038,001,2022_Sep_22_1106,1trainingbehavior_beforeMRI,2021.2.3,60.07979799381466,
,,Card_80.xlsx,80,1,,,,,,,,,,,,,,,,,,,,,,,,,,,,,0,0,0,0,0,1,1,2,0,9,9,2,,,,,,,,,,,,,,,,,,,,,,,,,,,,,,,,,,,,,,,,,,,,,,,,,80,1,,,,,,,,,,,,Sub038,001,2022_Sep_22_1106,1trainingbehavior_beforeMRI,2021.2.3,60.07979799381466,
,,Card_80.xlsx,,,,,,,,,,,,,,,,,,,,,,,,,,,,,,,0,0,0,0,0,1,1,2,,,,,0,0,0,0,,,,,,,,,,,,,,,,,,,,,,,,,,,,,,,,,,,,,,,,,,,,,,,80,None,None,378.5340342996642,None,6,5.292261799797416,378.5340342996642,None,,,Sub038,001,2022_Sep_22_1106,1trainingbehavior_beforeMRI,2021.2.3,60.07979799381466,
,,Card_80.xlsx,,,,,,,,,,,,,,,,,,,,,,,,,,,,,,,0,0,0,0,0,1,1,2,,,,,,,,,,,,,,,,,,,,,,,,,,,,,,,,,,,,,,,,,,,,,,,,,,,,,,,,,,,,,,,,,,Sub038,001,2022_Sep_22_1106,1trainingbehavior_beforeMRI,2021.2.3,60.07979799381466,
,,Card_20.xlsx,20,0,,,,,,,,,,,,,,,,,,,,,,,,,,,,,0,0,0,0,0,2,2,0,0,0,0,6,,,,,,,,,,,,,,,,,,,,,,,,,,,,,,,,,,,,,,,,,,,,,,,,,20,0,,,,,,,,,,,,Sub038,001,2022_Sep_22_1106,1trainingbehavior_beforeMRI,2021.2.3,60.07979799381466,
,,Card_20.xlsx,20,0,,,,,,,,,,,,,,,,,,,,,,,,,,,,,0,0,0,0,0,2,2,0,0,1,1,5,,,,,,,,,,,,,,,,,,,,,,,,,,,,,,,,,,,,,,,,,,,,,,,,,20,0,,,,,,,,,,,,Sub038,001,2022_Sep_22_1106,1trainingbehavior_beforeMRI,2021.2.3,60.07979799381466,
,,Card_20.xlsx,20,0,,,,,,,,,,,,,,,,,,,,,,,,,,,,,0,0,0,0,0,2,2,0,0,2,2,2,,,,,,,,,,,,,,,,,,,,,,,,,,,,,,,,,,,,,,,,,,,,,,,,,20,0,,,,,,,,,,,,Sub038,001,2022_Sep_22_1106,1trainingbehavior_beforeMRI,2021.2.3,60.07979799381466,
,,Card_20.xlsx,20,1,,,,,,,,,,,,,,,,,,,,,,,,,,,,,0,0,0,0,0,2,2,0,0,3,3,8,,,,,,,,,,,,,,,,,,,,,,,,,,,,,,,,,,,,,,,,,,,,,,,,,20,1,,,,,,,,,,,,Sub038,001,2022_Sep_22_1106,1trainingbehavior_beforeMRI,2021.2.3,60.07979799381466,
,,Card_20.xlsx,20,1,,,,,,,,,,,,,,,,,,,,,,,,,,,,,0,0,0,0,0,2,2,0,0,4,4,9,,,,,,,,,,,,,,,,,,,,,,,,,,,,,,,,,,,,,,,,,,,,,,,,,20,1,,,,,,,,,,,,Sub038,001,2022_Sep_22_1106,1trainingbehavior_beforeMRI,2021.2.3,60.07979799381466,
,,Card_20.xlsx,20,0,,,,,,,,,,,,,,,,,,,,,,,,,,,,,0,0,0,0,0,2,2,0,0,5,5,4,,,,,,,,,,,,,,,,,,,,,,,,,,,,,,,,,,,,,,,,,,,,,,,,,20,0,,,,,,,,,,,,Sub038,001,2022_Sep_22_1106,1trainingbehavior_beforeMRI,2021.2.3,60.07979799381466,
,,Card_20.xlsx,20,0,,,,,,,,,,,,,,,,,,,,,,,,,,,,,0,0,0,0,0,2,2,0,0,6,6,3,,,,,,,,,,,,,,,,,,,,,,,,,,,,,,,,,,,,,,,,,,,,,,,,,20,0,,,,,,,,,,,,Sub038,001,2022_Sep_22_1106,1trainingbehavior_beforeMRI,2021.2.3,60.07979799381466,
,,Card_20.xlsx,20,0,,,,,,,,,,,,,,,,,,,,,,,,,,,,,0,0,0,0,0,2,2,0,0,7,7,1,,,,,,,,,,,,,,,,,,,,,,,,,,,,,,,,,,,,,,,,,,,,,,,,,20,0,,,,,,,,,,,,Sub038,001,2022_Sep_22_1106,1trainingbehavior_beforeMRI,2021.2.3,60.07979799381466,
,,Card_20.xlsx,20,0,,,,,,,,,,,,,,,,,,,,,,,,,,,,,0,0,0,0,0,2,2,0,0,8,8,0,,,,,,,,,,,,,,,,,,,,,,,,,,,,,,,,,,,,,,,,,,,,,,,,,20,0,,,,,,,,,,,,Sub038,001,2022_Sep_22_1106,1trainingbehavior_beforeMRI,2021.2.3,60.07979799381466,
,,Card_20.xlsx,20,0,,,,,,,,,,,,,,,,,,,,,,,,,,,,,0,0,0,0,0,2,2,0,0,9,9,7,,,,,,,,,,,,,,,,,,,,,,,,,,,,,,,,,,,,,,,,,,,,,,,,,20,0,,,,,,,,,,,,Sub038,001,2022_Sep_22_1106,1trainingbehavior_beforeMRI,2021.2.3,60.07979799381466,
,,Card_20.xlsx,,,,,,,,,,,,,,,,,,,,,,,,,,,,,,,0,0,0,0,0,2,2,0,,,,,0,0,0,0,,,,,,,,,,,,,,,,,,,,,,,,,,,,,,,,,,,,,,,,,,,,,,,20,None,None,418.86527589987963,None,2,3.536773799918592,418.86527589987963,None,,,Sub038,001,2022_Sep_22_1106,1trainingbehavior_beforeMRI,2021.2.3,60.07979799381466,
,,Card_20.xlsx,,,,,,,,,,,,,,,,,,,,,,,,,,,,,,,0,0,0,0,0,2,2,0,,,,,,,,,,,,,,,,,,,,,,,,,,,,,,,,,,,,,,,,,,,,,,,,,,,,,,,,,,,,,,,,,,Sub038,001,2022_Sep_22_1106,1trainingbehavior_beforeMRI,2021.2.3,60.07979799381466,
,,,,,,,,,,,,,,,,,,,,,,,,,,,,,,,,,0,0,0,0,,,,,,,,,,,,,,,,,,,,,,,,,,,,,,,,,,,,,,,,,,,,,,,,,,,,,,,,,,,,,,,,,,,,422.432222600095,None,Sub038,001,2022_Sep_22_1106,1trainingbehavior_beforeMRI,2021.2.3,60.07979799381466,
