﻿Target_Size,start_position,Run_Files,current_card_prob,current_WinLoss,start.thisRepN,start.thisTrialN,start.thisN,start.thisIndex,trials.thisRepN,trials.thisTrialN,trials.thisN,trials.thisIndex,Indi_Info.thisRepN,Indi_Info.thisTrialN,Indi_Info.thisN,Indi_Info.thisIndex,trials_bar_Q.thisRepN,trials_bar_Q.thisTrialN,trials_bar_Q.thisN,trials_bar_Q.thisIndex,Confi_bar_L.thisRepN,Confi_bar_L.thisTrialN,Confi_bar_L.thisN,Confi_bar_L.thisIndex,Confi_bar_R.thisRepN,Confi_bar_R.thisTrialN,Confi_bar_R.thisN,Confi_bar_R.thisIndex,StopGame.thisRepN,StopGame.thisTrialN,StopGame.thisN,StopGame.thisIndex,ContinuePlay.thisRepN,ContinuePlay.thisTrialN,ContinuePlay.thisN,ContinuePlay.thisIndex,Run_card.thisRepN,Run_card.thisTrialN,Run_card.thisN,Run_card.thisIndex,trials_card.thisRepN,trials_card.thisTrialN,trials_card.thisN,trials_card.thisIndex,Qlikely_card_L.thisRepN,Qlikely_card_L.thisTrialN,Qlikely_card_L.thisN,Qlikely_card_L.thisIndex,Qlikely_card_R.thisRepN,Qlikely_card_R.thisTrialN,Qlikely_card_R.thisN,Qlikely_card_R.thisIndex,run_L,run_R,instr.started,instr.stopped,key_resp_bar.keys,key_resp_bar.rt,key_resp_bar.started,key_resp_bar.stopped,Current_Target_Size,Start_position,key_resp_bar.position,key_resp_bar.hit,trial_speed,center.started,center.stopped,center2.started,center2.stopped,instr_4.started,instr_4.stopped,sigma_indi,targetSize_20,targetSize_50,targetSize_80,targetSize_indi,center_11.started,center_11.stopped,Slider_LikelyBar_R.response,Slider_LikelyBar_R.rt,Slider_LikelyBar_R.started,Slider_LikelyBar_R.stopped,key_resp_LikeQ_bar_R.keys,key_resp_LikeQ_bar_R.rt,key_resp_LikeQ_bar_R.started,key_resp_LikeQ_bar_R.stopped,bar_final_text.started,bar_final_text.stopped,card_instr_text.started,card_instr_text.stopped,instr_5.started,instr_5.stopped,current_card_prob,current_WinLoss,Q_card_prob,Slider_LikelyCard_R.response,Slider_LikelyCard_R.rt,Slider_LikelyCard_R.started,Slider_LikelyCard_R.stopped,key_resp_LikeQ_card_R.keys,key_resp_LikeQ_card_R.rt,key_resp_LikeQ_card_R.started,key_resp_LikeQ_card_R.stopped,bar_final_text_2.started,bar_final_text_2.stopped,participant,session,date,expName,psychopyVersion,frameRate,
,,,,,0,0,0,0,,,,,,,,,,,,,,,,,,,,,,,,,,,,,,,,,,,,,,,,,,,,,0,1,11.588972500001546,None,,,,,,,,,,,,,,,,,,,,,,,,,,,,,,,,,,,,,,,,,,,,,,,,,,Sub040,001,2022_Sep_28_1301,1trainingbehavior_beforeMRI,2021.2.3,59.88282128839869,
30,0,,,,,,,,0,0,0,48,,,,,,,,,,,,,,,,,,,,,,,,,,,,,,,,,,,,,,,,,,,,,space,3.009515799989458,101.66344020000543,None,30,0,23,0,7,101.66344020000543,None,104.69482410000637,None,,,,,,,,,,,,,,,,,,,,,,,,,,,,,,,,,,,,,Sub040,001,2022_Sep_28_1301,1trainingbehavior_beforeMRI,2021.2.3,59.88282128839869,
10,0,,,,,,,,0,1,1,8,,,,,,,,,,,,,,,,,,,,,,,,,,,,,,,,,,,,,,,,,,,,,space,1.7908268000173848,105.20668979999027,None,10,0,-12,0,7,105.20668979999027,None,107.02354559997912,None,,,,,,,,,,,,,,,,,,,,,,,,,,,,,,,,,,,,,Sub040,001,2022_Sep_28_1301,1trainingbehavior_beforeMRI,2021.2.3,59.88282128839869,
20,1,,,,,,,,0,2,2,34,,,,,,,,,,,,,,,,,,,,,,,,,,,,,,,,,,,,,,,,,,,,,space,0.607576499984134,107.52395279999473,None,20,1,-23,0,7,107.52395279999473,None,108.15691170000355,None,,,,,,,,,,,,,,,,,,,,,,,,,,,,,,,,,,,,,Sub040,001,2022_Sep_28_1301,1trainingbehavior_beforeMRI,2021.2.3,59.88282128839869,
30,1,,,,,,,,0,3,3,59,,,,,,,,,,,,,,,,,,,,,,,,,,,,,,,,,,,,,,,,,,,,,space,1.8076233999745455,108.65694019998773,None,30,1,19,0,7,108.65694019998773,None,110.49038489998202,None,,,,,,,,,,,,,,,,,,,,,,,,,,,,,,,,,,,,,Sub040,001,2022_Sep_28_1301,1trainingbehavior_beforeMRI,2021.2.3,59.88282128839869,
20,0,,,,,,,,0,4,4,27,,,,,,,,,,,,,,,,,,,,,,,,,,,,,,,,,,,,,,,,,,,,,space,0.6826263000257313,110.99040939999395,None,20,0,51,0,7,110.99040939999395,None,111.69040769999265,None,,,,,,,,,,,,,,,,,,,,,,,,,,,,,,,,,,,,,Sub040,001,2022_Sep_28_1301,1trainingbehavior_beforeMRI,2021.2.3,59.88282128839869,
10,0,,,,,,,,0,5,5,0,,,,,,,,,,,,,,,,,,,,,,,,,,,,,,,,,,,,,,,,,,,,,space,1.79918760000146,112.1905420999974,None,10,0,-12,0,7,112.1905420999974,None,114.00708789998316,None,,,,,,,,,,,,,,,,,,,,,,,,,,,,,,,,,,,,,Sub040,001,2022_Sep_28_1301,1trainingbehavior_beforeMRI,2021.2.3,59.88282128839869,
20,1,,,,,,,,0,6,6,38,,,,,,,,,,,,,,,,,,,,,,,,,,,,,,,,,,,,,,,,,,,,,space,1.816669499996351,114.50753649999388,None,20,1,19,0,7,114.50753649999388,None,116.34045429999242,None,,,,,,,,,,,,,,,,,,,,,,,,,,,,,,,,,,,,,Sub040,001,2022_Sep_28_1301,1trainingbehavior_beforeMRI,2021.2.3,59.88282128839869,
30,0,,,,,,,,0,7,7,43,,,,,,,,,,,,,,,,,,,,,,,,,,,,,,,,,,,,,,,,,,,,,space,0.5976488000014797,116.84043670000392,None,30,0,16,0,7,116.84043670000392,None,117.45758689998183,None,,,,,,,,,,,,,,,,,,,,,,,,,,,,,,,,,,,,,Sub040,001,2022_Sep_28_1301,1trainingbehavior_beforeMRI,2021.2.3,59.88282128839869,
30,0,,,,,,,,0,8,8,41,,,,,,,,,,,,,,,,,,,,,,,,,,,,,,,,,,,,,,,,,,,,,space,0.518005300022196,117.95745409998926,None,30,0,-19,0,7,117.95745409998926,None,118.49039160000393,None,,,,,,,,,,,,,,,,,,,,,,,,,,,,,,,,,,,,,Sub040,001,2022_Sep_28_1301,1trainingbehavior_beforeMRI,2021.2.3,59.88282128839869,
20,1,,,,,,,,0,9,9,33,,,,,,,,,,,,,,,,,,,,,,,,,,,,,,,,,,,,,,,,,,,,,space,0.6795967000070959,118.99089279997861,None,20,1,-51,0,7,118.99089279997861,None,119.69060030000401,None,,,,,,,,,,,,,,,,,,,,,,,,,,,,,,,,,,,,,Sub040,001,2022_Sep_28_1301,1trainingbehavior_beforeMRI,2021.2.3,59.88282128839869,
10,1,,,,,,,,0,10,10,16,,,,,,,,,,,,,,,,,,,,,,,,,,,,,,,,,,,,,,,,,,,,,space,1.829389299993636,120.19070439998177,None,10,1,26,0,7,120.19070439998177,None,122.04076730000088,None,,,,,,,,,,,,,,,,,,,,,,,,,,,,,,,,,,,,,Sub040,001,2022_Sep_28_1301,1trainingbehavior_beforeMRI,2021.2.3,59.88282128839869,
30,0,,,,,,,,0,11,11,49,,,,,,,,,,,,,,,,,,,,,,,,,,,,,,,,,,,,,,,,,,,,,space,1.8132925999816507,122.54087090000394,None,30,0,-19,0,7,122.54087090000394,None,124.3741743999999,None,,,,,,,,,,,,,,,,,,,,,,,,,,,,,,,,,,,,,Sub040,001,2022_Sep_28_1301,1trainingbehavior_beforeMRI,2021.2.3,59.88282128839869,
20,0,,,,,,,,0,12,12,20,,,,,,,,,,,,,,,,,,,,,,,,,,,,,,,,,,,,,,,,,,,,,space,1.752793500025291,124.8742294999829,None,20,0,2,1,7,124.8742294999829,None,126.6587246999843,None,,,,,,,,,,,,,,,,,,,,,,,,,,,,,,,,,,,,,Sub040,001,2022_Sep_28_1301,1trainingbehavior_beforeMRI,2021.2.3,59.88282128839869,
20,1,,,,,,,,0,13,13,39,,,,,,,,,,,,,,,,,,,,,,,,,,,,,,,,,,,,,,,,,,,,,space,1.8307394000003114,127.15760360000422,None,20,1,26,0,7,127.15760360000422,None,129.00758409997798,None,,,,,,,,,,,,,,,,,,,,,,,,,,,,,,,,,,,,,Sub040,001,2022_Sep_28_1301,1trainingbehavior_beforeMRI,2021.2.3,59.88282128839869,
30,1,,,,,,,,0,14,14,58,,,,,,,,,,,,,,,,,,,,,,,,,,,,,,,,,,,,,,,,,,,,,space,1.8079368000035174,129.50790339999367,None,30,1,19,0,7,129.50790339999367,None,131.34114689999842,None,,,,,,,,,,,,,,,,,,,,,,,,,,,,,,,,,,,,,Sub040,001,2022_Sep_28_1301,1trainingbehavior_beforeMRI,2021.2.3,59.88282128839869,
30,1,,,,,,,,0,15,15,53,,,,,,,,,,,,,,,,,,,,,,,,,,,,,,,,,,,,,,,,,,,,,space,1.8528654999972787,131.8411388999957,None,30,1,40,0,7,131.8411388999957,None,133.7243089999829,None,,,,,,,,,,,,,,,,,,,,,,,,,,,,,,,,,,,,,Sub040,001,2022_Sep_28_1301,1trainingbehavior_beforeMRI,2021.2.3,59.88282128839869,
30,1,,,,,,,,0,16,16,52,,,,,,,,,,,,,,,,,,,,,,,,,,,,,,,,,,,,,,,,,,,,,space,1.779505499987863,134.22474219999276,None,30,1,5,1,7,134.22474219999276,None,136.02461490000132,None,,,,,,,,,,,,,,,,,,,,,,,,,,,,,,,,,,,,,Sub040,001,2022_Sep_28_1301,1trainingbehavior_beforeMRI,2021.2.3,59.88282128839869,
30,1,,,,,,,,0,17,17,50,,,,,,,,,,,,,,,,,,,,,,,,,,,,,,,,,,,,,,,,,,,,,space,1.6949845000053756,136.52617179998197,None,30,1,-30,0,7,136.52617179998197,None,138.24123879999388,None,,,,,,,,,,,,,,,,,,,,,,,,,,,,,,,,,,,,,Sub040,001,2022_Sep_28_1301,1trainingbehavior_beforeMRI,2021.2.3,59.88282128839869,
10,0,,,,,,,,0,18,18,6,,,,,,,,,,,,,,,,,,,,,,,,,,,,,,,,,,,,,,,,,,,,,space,1.7502674999996088,138.74143679998815,None,10,0,9,0,7,138.74143679998815,None,140.5079663999786,None,,,,,,,,,,,,,,,,,,,,,,,,,,,,,,,,,,,,,Sub040,001,2022_Sep_28_1301,1trainingbehavior_beforeMRI,2021.2.3,59.88282128839869,
20,1,,,,,,,,0,19,19,36,,,,,,,,,,,,,,,,,,,,,,,,,,,,,,,,,,,,,,,,,,,,,space,1.776522100000875,141.0081040999794,None,20,1,5,1,7,141.0081040999794,None,142.80812349999906,None,,,,,,,,,,,,,,,,,,,,,,,,,,,,,,,,,,,,,Sub040,001,2022_Sep_28_1301,1trainingbehavior_beforeMRI,2021.2.3,59.88282128839869,
30,0,,,,,,,,0,20,20,45,,,,,,,,,,,,,,,,,,,,,,,,,,,,,,,,,,,,,,,,,,,,,space,1.8394440000120085,143.30821560000186,None,30,0,-33,0,7,143.30821560000186,None,145.17496410000604,None,,,,,,,,,,,,,,,,,,,,,,,,,,,,,,,,,,,,,Sub040,001,2022_Sep_28_1301,1trainingbehavior_beforeMRI,2021.2.3,59.88282128839869,
10,0,,,,,,,,0,21,21,9,,,,,,,,,,,,,,,,,,,,,,,,,,,,,,,,,,,,,,,,,,,,,space,1.7714383999991696,145.67510709998896,None,10,0,-5,1,7,145.67510709998896,None,147.47494369998458,None,,,,,,,,,,,,,,,,,,,,,,,,,,,,,,,,,,,,,Sub040,001,2022_Sep_28_1301,1trainingbehavior_beforeMRI,2021.2.3,59.88282128839869,
10,0,,,,,,,,0,22,22,4,,,,,,,,,,,,,,,,,,,,,,,,,,,,,,,,,,,,,,,,,,,,,space,1.6860548999975435,147.97497059998568,None,10,0,30,0,7,147.97497059998568,None,149.69175699999323,None,,,,,,,,,,,,,,,,,,,,,,,,,,,,,,,,,,,,,Sub040,001,2022_Sep_28_1301,1trainingbehavior_beforeMRI,2021.2.3,59.88282128839869,
30,1,,,,,,,,0,23,23,54,,,,,,,,,,,,,,,,,,,,,,,,,,,,,,,,,,,,,,,,,,,,,space,1.7975406000041403,150.19183619998512,None,30,1,12,1,7,150.19183619998512,None,152.00825349998195,None,,,,,,,,,,,,,,,,,,,,,,,,,,,,,,,,,,,,,Sub040,001,2022_Sep_28_1301,1trainingbehavior_beforeMRI,2021.2.3,59.88282128839869,
20,0,,,,,,,,0,24,24,26,,,,,,,,,,,,,,,,,,,,,,,,,,,,,,,,,,,,,,,,,,,,,space,1.8197132000059355,152.50850470000296,None,20,0,-26,0,7,152.50850470000296,None,154.35877849999815,None,,,,,,,,,,,,,,,,,,,,,,,,,,,,,,,,,,,,,Sub040,001,2022_Sep_28_1301,1trainingbehavior_beforeMRI,2021.2.3,59.88282128839869,
10,0,,,,,,,,0,25,25,3,,,,,,,,,,,,,,,,,,,,,,,,,,,,,,,,,,,,,,,,,,,,,space,1.612454100017203,154.85873499998706,None,10,0,65,0,7,154.85873499998706,None,156.49224609998055,None,,,,,,,,,,,,,,,,,,,,,,,,,,,,,,,,,,,,,Sub040,001,2022_Sep_28_1301,1trainingbehavior_beforeMRI,2021.2.3,59.88282128839869,
10,1,,,,,,,,0,26,26,17,,,,,,,,,,,,,,,,,,,,,,,,,,,,,,,,,,,,,,,,,,,,,space,1.8250585999921896,156.99228109998512,None,10,1,26,0,7,156.99228109998512,None,158.84216549998382,None,,,,,,,,,,,,,,,,,,,,,,,,,,,,,,,,,,,,,Sub040,001,2022_Sep_28_1301,1trainingbehavior_beforeMRI,2021.2.3,59.88282128839869,
30,0,,,,,,,,0,27,27,42,,,,,,,,,,,,,,,,,,,,,,,,,,,,,,,,,,,,,,,,,,,,,space,1.7778950000065379,159.3421476999938,None,30,0,-5,1,7,159.3421476999938,None,161.1420844999957,None,,,,,,,,,,,,,,,,,,,,,,,,,,,,,,,,,,,,,Sub040,001,2022_Sep_28_1301,1trainingbehavior_beforeMRI,2021.2.3,59.88282128839869,
30,1,,,,,,,,0,28,28,55,,,,,,,,,,,,,,,,,,,,,,,,,,,,,,,,,,,,,,,,,,,,,space,1.7985745999903884,161.64211119999527,None,30,1,12,1,7,161.64211119999527,None,163.4589281999797,None,,,,,,,,,,,,,,,,,,,,,,,,,,,,,,,,,,,,,Sub040,001,2022_Sep_28_1301,1trainingbehavior_beforeMRI,2021.2.3,59.88282128839869,
10,1,,,,,,,,0,29,29,12,,,,,,,,,,,,,,,,,,,,,,,,,,,,,,,,,,,,,,,,,,,,,space,1.831672600004822,163.95890669999062,None,10,1,26,0,7,163.95890669999062,None,165.80928729998413,None,,,,,,,,,,,,,,,,,,,,,,,,,,,,,,,,,,,,,Sub040,001,2022_Sep_28_1301,1trainingbehavior_beforeMRI,2021.2.3,59.88282128839869,
10,1,,,,,,,,0,30,30,19,,,,,,,,,,,,,,,,,,,,,,,,,,,,,,,,,,,,,,,,,,,,,space,1.8384797000035178,166.30923990000156,None,10,1,33,0,7,166.30923990000156,None,168.1757820000057,None,,,,,,,,,,,,,,,,,,,,,,,,,,,,,,,,,,,,,Sub040,001,2022_Sep_28_1301,1trainingbehavior_beforeMRI,2021.2.3,59.88282128839869,
30,0,,,,,,,,0,31,31,47,,,,,,,,,,,,,,,,,,,,,,,,,,,,,,,,,,,,,,,,,,,,,space,1.79271810001228,168.6757432000013,None,30,0,-12,1,7,168.6757432000013,None,170.49264709997806,None,,,,,,,,,,,,,,,,,,,,,,,,,,,,,,,,,,,,,Sub040,001,2022_Sep_28_1301,1trainingbehavior_beforeMRI,2021.2.3,59.88282128839869,
30,0,,,,,,,,0,32,32,46,,,,,,,,,,,,,,,,,,,,,,,,,,,,,,,,,,,,,,,,,,,,,space,1.8116947000089567,170.99275400000624,None,30,0,-19,0,7,170.99275400000624,None,172.82593190000625,None,,,,,,,,,,,,,,,,,,,,,,,,,,,,,,,,,,,,,Sub040,001,2022_Sep_28_1301,1trainingbehavior_beforeMRI,2021.2.3,59.88282128839869,
20,0,,,,,,,,0,33,33,28,,,,,,,,,,,,,,,,,,,,,,,,,,,,,,,,,,,,,,,,,,,,,space,1.829954099986935,173.3260103999928,None,20,0,-26,0,7,173.3260103999928,None,175.17592809998314,None,,,,,,,,,,,,,,,,,,,,,,,,,,,,,,,,,,,,,Sub040,001,2022_Sep_28_1301,1trainingbehavior_beforeMRI,2021.2.3,59.88282128839869,
20,0,,,,,,,,0,34,34,22,,,,,,,,,,,,,,,,,,,,,,,,,,,,,,,,,,,,,,,,,,,,,space,1.7908355999970809,175.67572129998007,None,20,0,-12,0,7,175.67572129998007,None,177.49270810000598,None,,,,,,,,,,,,,,,,,,,,,,,,,,,,,,,,,,,,,Sub040,001,2022_Sep_28_1301,1trainingbehavior_beforeMRI,2021.2.3,59.88282128839869,
10,0,,,,,,,,0,35,35,1,,,,,,,,,,,,,,,,,,,,,,,,,,,,,,,,,,,,,,,,,,,,,space,4.171564199990826,177.99278760000016,None,10,0,-5,1,7,177.99278760000016,None,182.19294839998474,None,,,,,,,,,,,,,,,,,,,,,,,,,,,,,,,,,,,,,Sub040,001,2022_Sep_28_1301,1trainingbehavior_beforeMRI,2021.2.3,59.88282128839869,
20,0,,,,,,,,0,36,36,21,,,,,,,,,,,,,,,,,,,,,,,,,,,,,,,,,,,,,,,,,,,,,space,1.7778046000166796,182.69318529998418,None,20,0,-5,1,7,182.69318529998418,None,184.49304199998733,None,,,,,,,,,,,,,,,,,,,,,,,,,,,,,,,,,,,,,Sub040,001,2022_Sep_28_1301,1trainingbehavior_beforeMRI,2021.2.3,59.88282128839869,
10,0,,,,,,,,0,37,37,5,,,,,,,,,,,,,,,,,,,,,,,,,,,,,,,,,,,,,,,,,,,,,space,2.9525143000064418,184.99328919997788,None,10,0,2,1,7,184.99328919997788,None,187.97634269998525,None,,,,,,,,,,,,,,,,,,,,,,,,,,,,,,,,,,,,,Sub040,001,2022_Sep_28_1301,1trainingbehavior_beforeMRI,2021.2.3,59.88282128839869,
20,0,,,,,,,,0,38,38,24,,,,,,,,,,,,,,,,,,,,,,,,,,,,,,,,,,,,,,,,,,,,,space,3.0337821999855805,188.47655540000414,None,20,0,30,0,7,188.47655540000414,None,191.52648989998852,None,,,,,,,,,,,,,,,,,,,,,,,,,,,,,,,,,,,,,Sub040,001,2022_Sep_28_1301,1trainingbehavior_beforeMRI,2021.2.3,59.88282128839869,
10,1,,,,,,,,0,39,39,15,,,,,,,,,,,,,,,,,,,,,,,,,,,,,,,,,,,,,,,,,,,,,space,1.805463199998485,192.0266707999981,None,10,1,19,0,7,192.0266707999981,None,193.86003199999686,None,,,,,,,,,,,,,,,,,,,,,,,,,,,,,,,,,,,,,Sub040,001,2022_Sep_28_1301,1trainingbehavior_beforeMRI,2021.2.3,59.88282128839869,
10,1,,,,,,,,0,40,40,10,,,,,,,,,,,,,,,,,,,,,,,,,,,,,,,,,,,,,,,,,,,,,space,2.94310130001395,194.35999599998468,None,10,1,5,1,7,194.35999599998468,None,197.32673889998114,None,,,,,,,,,,,,,,,,,,,,,,,,,,,,,,,,,,,,,Sub040,001,2022_Sep_28_1301,1trainingbehavior_beforeMRI,2021.2.3,59.88282128839869,
30,1,,,,,,,,0,41,41,51,,,,,,,,,,,,,,,,,,,,,,,,,,,,,,,,,,,,,,,,,,,,,space,1.7959008000034373,197.8268318999908,None,30,1,12,1,7,197.8268318999908,None,199.64364569997997,None,,,,,,,,,,,,,,,,,,,,,,,,,,,,,,,,,,,,,Sub040,001,2022_Sep_28_1301,1trainingbehavior_beforeMRI,2021.2.3,59.88282128839869,
10,0,,,,,,,,0,42,42,7,,,,,,,,,,,,,,,,,,,,,,,,,,,,,,,,,,,,,,,,,,,,,space,3.0390079999924637,200.1435767999792,None,10,0,37,0,7,200.1435767999792,None,203.21032129999367,None,,,,,,,,,,,,,,,,,,,,,,,,,,,,,,,,,,,,,Sub040,001,2022_Sep_28_1301,1trainingbehavior_beforeMRI,2021.2.3,59.88282128839869,
20,1,,,,,,,,0,43,43,32,,,,,,,,,,,,,,,,,,,,,,,,,,,,,,,,,,,,,,,,,,,,,space,1.7747121000138577,203.7103838000039,None,20,1,5,1,7,203.7103838000039,None,205.5103898999805,None,,,,,,,,,,,,,,,,,,,,,,,,,,,,,,,,,,,,,Sub040,001,2022_Sep_28_1301,1trainingbehavior_beforeMRI,2021.2.3,59.88282128839869,
10,1,,,,,,,,0,44,44,13,,,,,,,,,,,,,,,,,,,,,,,,,,,,,,,,,,,,,,,,,,,,,space,1.7893416000006255,206.01053499997943,None,10,1,12,0,7,206.01053499997943,None,207.82726839999668,None,,,,,,,,,,,,,,,,,,,,,,,,,,,,,,,,,,,,,Sub040,001,2022_Sep_28_1301,1trainingbehavior_beforeMRI,2021.2.3,59.88282128839869,
10,0,,,,,,,,0,45,45,2,,,,,,,,,,,,,,,,,,,,,,,,,,,,,,,,,,,,,,,,,,,,,space,1.782822600012878,208.3274289999972,None,10,0,-5,1,7,208.3274289999972,None,210.1273610999924,None,,,,,,,,,,,,,,,,,,,,,,,,,,,,,,,,,,,,,Sub040,001,2022_Sep_28_1301,1trainingbehavior_beforeMRI,2021.2.3,59.88282128839869,
10,1,,,,,,,,0,46,46,18,,,,,,,,,,,,,,,,,,,,,,,,,,,,,,,,,,,,,,,,,,,,,space,1.8168980000191368,210.62734139998793,None,10,1,19,0,7,210.62734139998793,None,212.46073859999888,None,,,,,,,,,,,,,,,,,,,,,,,,,,,,,,,,,,,,,Sub040,001,2022_Sep_28_1301,1trainingbehavior_beforeMRI,2021.2.3,59.88282128839869,
10,1,,,,,,,,0,47,47,11,,,,,,,,,,,,,,,,,,,,,,,,,,,,,,,,,,,,,,,,,,,,,space,3.021398099983344,212.96074660000158,None,10,1,-30,0,7,212.96074660000158,None,216.01080269998056,None,,,,,,,,,,,,,,,,,,,,,,,,,,,,,,,,,,,,,Sub040,001,2022_Sep_28_1301,1trainingbehavior_beforeMRI,2021.2.3,59.88282128839869,
20,1,,,,,,,,0,48,48,37,,,,,,,,,,,,,,,,,,,,,,,,,,,,,,,,,,,,,,,,,,,,,space,1.7531720999977551,216.51122709998162,None,20,1,-2,1,7,216.51122709998162,None,218.29422939999495,None,,,,,,,,,,,,,,,,,,,,,,,,,,,,,,,,,,,,,Sub040,001,2022_Sep_28_1301,1trainingbehavior_beforeMRI,2021.2.3,59.88282128839869,
20,0,,,,,,,,0,49,49,23,,,,,,,,,,,,,,,,,,,,,,,,,,,,,,,,,,,,,,,,,,,,,space,1.7676749000092968,218.7941826999886,None,20,0,2,1,7,218.7941826999886,None,220.57795959999203,None,,,,,,,,,,,,,,,,,,,,,,,,,,,,,,,,,,,,,Sub040,001,2022_Sep_28_1301,1trainingbehavior_beforeMRI,2021.2.3,59.88282128839869,
20,0,,,,,,,,0,50,50,29,,,,,,,,,,,,,,,,,,,,,,,,,,,,,,,,,,,,,,,,,,,,,space,1.8064473000122234,221.07772030000342,None,20,0,-19,0,7,221.07772030000342,None,222.9110410999856,None,,,,,,,,,,,,,,,,,,,,,,,,,,,,,,,,,,,,,Sub040,001,2022_Sep_28_1301,1trainingbehavior_beforeMRI,2021.2.3,59.88282128839869,
30,1,,,,,,,,0,51,51,57,,,,,,,,,,,,,,,,,,,,,,,,,,,,,,,,,,,,,,,,,,,,,space,1.8160895000037272,223.41108890000032,None,30,1,19,0,7,223.41108890000032,None,225.24483989999862,None,,,,,,,,,,,,,,,,,,,,,,,,,,,,,,,,,,,,,Sub040,001,2022_Sep_28_1301,1trainingbehavior_beforeMRI,2021.2.3,59.88282128839869,
30,0,,,,,,,,0,52,52,40,,,,,,,,,,,,,,,,,,,,,,,,,,,,,,,,,,,,,,,,,,,,,space,1.7654025999945588,225.7447545999894,None,30,0,2,1,7,225.7447545999894,None,227.52782669998123,None,,,,,,,,,,,,,,,,,,,,,,,,,,,,,,,,,,,,,Sub040,001,2022_Sep_28_1301,1trainingbehavior_beforeMRI,2021.2.3,59.88282128839869,
20,0,,,,,,,,0,53,53,25,,,,,,,,,,,,,,,,,,,,,,,,,,,,,,,,,,,,,,,,,,,,,space,1.8335985000012442,228.0280000999919,None,20,0,-26,0,7,228.0280000999919,None,229.87802119998378,None,,,,,,,,,,,,,,,,,,,,,,,,,,,,,,,,,,,,,Sub040,001,2022_Sep_28_1301,1trainingbehavior_beforeMRI,2021.2.3,59.88282128839869,
20,1,,,,,,,,0,54,54,35,,,,,,,,,,,,,,,,,,,,,,,,,,,,,,,,,,,,,,,,,,,,,space,2.940117199992528,230.37868339999113,None,20,1,5,1,7,230.37868339999113,None,233.34459470000002,None,,,,,,,,,,,,,,,,,,,,,,,,,,,,,,,,,,,,,Sub040,001,2022_Sep_28_1301,1trainingbehavior_beforeMRI,2021.2.3,59.88282128839869,
20,1,,,,,,,,0,55,55,31,,,,,,,,,,,,,,,,,,,,,,,,,,,,,,,,,,,,,,,,,,,,,space,2.9623651999863796,233.8447874999838,None,20,1,-2,1,7,233.8447874999838,None,236.82825940000475,None,,,,,,,,,,,,,,,,,,,,,,,,,,,,,,,,,,,,,Sub040,001,2022_Sep_28_1301,1trainingbehavior_beforeMRI,2021.2.3,59.88282128839869,
10,1,,,,,,,,0,56,56,14,,,,,,,,,,,,,,,,,,,,,,,,,,,,,,,,,,,,,,,,,,,,,space,2.9673087999981362,237.32830399999511,None,10,1,-2,1,7,237.32830399999511,None,240.31173399998806,None,,,,,,,,,,,,,,,,,,,,,,,,,,,,,,,,,,,,,Sub040,001,2022_Sep_28_1301,1trainingbehavior_beforeMRI,2021.2.3,59.88282128839869,
20,1,,,,,,,,0,57,57,30,,,,,,,,,,,,,,,,,,,,,,,,,,,,,,,,,,,,,,,,,,,,,space,2.9648881999892183,240.8117866999819,None,20,1,-2,1,7,240.8117866999819,None,243.79522179998457,None,,,,,,,,,,,,,,,,,,,,,,,,,,,,,,,,,,,,,Sub040,001,2022_Sep_28_1301,1trainingbehavior_beforeMRI,2021.2.3,59.88282128839869,
30,0,,,,,,,,0,58,58,44,,,,,,,,,,,,,,,,,,,,,,,,,,,,,,,,,,,,,,,,,,,,,space,1.7775961000006646,244.29551679998985,None,30,0,-5,1,7,244.29551679998985,None,246.09555840000394,None,,,,,,,,,,,,,,,,,,,,,,,,,,,,,,,,,,,,,Sub040,001,2022_Sep_28_1301,1trainingbehavior_beforeMRI,2021.2.3,59.88282128839869,
30,1,,,,,,,,0,59,59,56,,,,,,,,,,,,,,,,,,,,,,,,,,,,,,,,,,,,,,,,,,,,,space,2.939329400018323,246.5954099999799,None,30,1,5,1,7,246.5954099999799,None,249.56186289998004,None,,,,,,,,,,,,,,,,,,,,,,,,,,,,,,,,,,,,,Sub040,001,2022_Sep_28_1301,1trainingbehavior_beforeMRI,2021.2.3,59.88282128839869,
,,,,,,,,,,,,,0,0,0,0,,,,,,,,,,,,,,,,,,,,,,,,,,,,,,,,,,,,,,,,,,,,,,,,,,,,,,250.06208199998946,None,21.796654942138865,11.04218539368755,29.40368751694533,55.86918594769034,[11.04218539 29.40368752 55.86918595],,,,,,,,,,,,,,,,,,,,,,,,,,,,,,Sub040,001,2022_Sep_28_1301,1trainingbehavior_beforeMRI,2021.2.3,59.88282128839869,
10,,,,,,,,,,,,,,,,,0,0,0,0,,,,,0,0,0,0,,,,,,,,,,,,,,,,,,,,,,,,,,,,,,,,,,,,,,,,,,,,,,,,,267.17831849999493,None,None,None,267.17831849999493,None,6,15.542865199997323,267.17831849999493,None,,,,,,,,,,,,,,,,,,,,Sub040,001,2022_Sep_28_1301,1trainingbehavior_beforeMRI,2021.2.3,59.88282128839869,
10,,,,,,,,,,,,,,,,,0,0,0,0,,,,,,,,,,,,,,,,,,,,,,,,,,,,,,,,,,,,,,,,,,,,,,,,,,,,,,,,,,,,,,,,,,,,,,,,,,,,,,,,,,,,,,Sub040,001,2022_Sep_28_1301,1trainingbehavior_beforeMRI,2021.2.3,59.88282128839869,
20,,,,,,,,,,,,,,,,,0,1,1,1,,,,,0,0,0,0,,,,,,,,,,,,,,,,,,,,,,,,,,,,,,,,,,,,,,,,,,,,,,,,,282.7464151000022,None,None,None,282.7464151000022,None,7,3.5526872999907937,282.7464151000022,None,,,,,,,,,,,,,,,,,,,,Sub040,001,2022_Sep_28_1301,1trainingbehavior_beforeMRI,2021.2.3,59.88282128839869,
20,,,,,,,,,,,,,,,,,0,1,1,1,,,,,,,,,,,,,,,,,,,,,,,,,,,,,,,,,,,,,,,,,,,,,,,,,,,,,,,,,,,,,,,,,,,,,,,,,,,,,,,,,,,,,,Sub040,001,2022_Sep_28_1301,1trainingbehavior_beforeMRI,2021.2.3,59.88282128839869,
30,,,,,,,,,,,,,,,,,0,2,2,2,,,,,0,0,0,0,,,,,,,,,,,,,,,,,,,,,,,,,,,,,,,,,,,,,,,,,,,,,,,,,286.33115789998556,None,None,None,286.33115789998556,None,7,2.051749399979599,286.33115789998556,None,,,,,,,,,,,,,,,,,,,,Sub040,001,2022_Sep_28_1301,1trainingbehavior_beforeMRI,2021.2.3,59.88282128839869,
30,,,,,,,,,,,,,,,,,0,2,2,2,,,,,,,,,,,,,,,,,,,,,,,,,,,,,,,,,,,,,,,,,,,,,,,,,,,,,,,,,,,,,,,,,,,,,,,,,,,,,,,,,,,,,,Sub040,001,2022_Sep_28_1301,1trainingbehavior_beforeMRI,2021.2.3,59.88282128839869,
,,Card_50.xlsx,50,0,,,,,,,,,,,,,,,,,,,,,,,,,,,,,0,0,0,0,0,0,0,1,0,0,0,3,,,,,,,,,,,,,,,,,,,,,,,,,,,,,,,,,,,,,,,,,,,288.4135435000062,None,296.49728869998944,None,344.7490259000042,None,50,0,,,,,,,,,,,,Sub040,001,2022_Sep_28_1301,1trainingbehavior_beforeMRI,2021.2.3,59.88282128839869,
,,Card_50.xlsx,50,1,,,,,,,,,,,,,,,,,,,,,,,,,,,,,0,0,0,0,0,0,0,1,0,1,1,5,,,,,,,,,,,,,,,,,,,,,,,,,,,,,,,,,,,,,,,,,,,,,,,,,50,1,,,,,,,,,,,,Sub040,001,2022_Sep_28_1301,1trainingbehavior_beforeMRI,2021.2.3,59.88282128839869,
,,Card_50.xlsx,50,0,,,,,,,,,,,,,,,,,,,,,,,,,,,,,0,0,0,0,0,0,0,1,0,2,2,2,,,,,,,,,,,,,,,,,,,,,,,,,,,,,,,,,,,,,,,,,,,,,,,,,50,0,,,,,,,,,,,,Sub040,001,2022_Sep_28_1301,1trainingbehavior_beforeMRI,2021.2.3,59.88282128839869,
,,Card_50.xlsx,50,0,,,,,,,,,,,,,,,,,,,,,,,,,,,,,0,0,0,0,0,0,0,1,0,3,3,1,,,,,,,,,,,,,,,,,,,,,,,,,,,,,,,,,,,,,,,,,,,,,,,,,50,0,,,,,,,,,,,,Sub040,001,2022_Sep_28_1301,1trainingbehavior_beforeMRI,2021.2.3,59.88282128839869,
,,Card_50.xlsx,50,0,,,,,,,,,,,,,,,,,,,,,,,,,,,,,0,0,0,0,0,0,0,1,0,4,4,4,,,,,,,,,,,,,,,,,,,,,,,,,,,,,,,,,,,,,,,,,,,,,,,,,50,0,,,,,,,,,,,,Sub040,001,2022_Sep_28_1301,1trainingbehavior_beforeMRI,2021.2.3,59.88282128839869,
,,Card_50.xlsx,50,1,,,,,,,,,,,,,,,,,,,,,,,,,,,,,0,0,0,0,0,0,0,1,0,5,5,8,,,,,,,,,,,,,,,,,,,,,,,,,,,,,,,,,,,,,,,,,,,,,,,,,50,1,,,,,,,,,,,,Sub040,001,2022_Sep_28_1301,1trainingbehavior_beforeMRI,2021.2.3,59.88282128839869,
,,Card_50.xlsx,50,1,,,,,,,,,,,,,,,,,,,,,,,,,,,,,0,0,0,0,0,0,0,1,0,6,6,9,,,,,,,,,,,,,,,,,,,,,,,,,,,,,,,,,,,,,,,,,,,,,,,,,50,1,,,,,,,,,,,,Sub040,001,2022_Sep_28_1301,1trainingbehavior_beforeMRI,2021.2.3,59.88282128839869,
,,Card_50.xlsx,50,0,,,,,,,,,,,,,,,,,,,,,,,,,,,,,0,0,0,0,0,0,0,1,0,7,7,0,,,,,,,,,,,,,,,,,,,,,,,,,,,,,,,,,,,,,,,,,,,,,,,,,50,0,,,,,,,,,,,,Sub040,001,2022_Sep_28_1301,1trainingbehavior_beforeMRI,2021.2.3,59.88282128839869,
,,Card_50.xlsx,50,1,,,,,,,,,,,,,,,,,,,,,,,,,,,,,0,0,0,0,0,0,0,1,0,8,8,6,,,,,,,,,,,,,,,,,,,,,,,,,,,,,,,,,,,,,,,,,,,,,,,,,50,1,,,,,,,,,,,,Sub040,001,2022_Sep_28_1301,1trainingbehavior_beforeMRI,2021.2.3,59.88282128839869,
,,Card_50.xlsx,50,1,,,,,,,,,,,,,,,,,,,,,,,,,,,,,0,0,0,0,0,0,0,1,0,9,9,7,,,,,,,,,,,,,,,,,,,,,,,,,,,,,,,,,,,,,,,,,,,,,,,,,50,1,,,,,,,,,,,,Sub040,001,2022_Sep_28_1301,1trainingbehavior_beforeMRI,2021.2.3,59.88282128839869,
,,Card_50.xlsx,,,,,,,,,,,,,,,,,,,,,,,,,,,,,,,0,0,0,0,0,0,0,1,,,,,,,,,0,0,0,0,,,,,,,,,,,,,,,,,,,,,,,,,,,,,,,,,,,,,,,,,,,50,None,None,389.3369762999937,None,6,10.027030800003558,389.3369762999937,None,,,Sub040,001,2022_Sep_28_1301,1trainingbehavior_beforeMRI,2021.2.3,59.88282128839869,
,,Card_50.xlsx,,,,,,,,,,,,,,,,,,,,,,,,,,,,,,,0,0,0,0,0,0,0,1,,,,,,,,,,,,,,,,,,,,,,,,,,,,,,,,,,,,,,,,,,,,,,,,,,,,,,,,,,,,,,,,,,Sub040,001,2022_Sep_28_1301,1trainingbehavior_beforeMRI,2021.2.3,59.88282128839869,
,,Card_20.xlsx,20,1,,,,,,,,,,,,,,,,,,,,,,,,,,,,,0,0,0,0,0,1,1,0,0,0,0,8,,,,,,,,,,,,,,,,,,,,,,,,,,,,,,,,,,,,,,,,,,,,,,,,,20,1,,,,,,,,,,,,Sub040,001,2022_Sep_28_1301,1trainingbehavior_beforeMRI,2021.2.3,59.88282128839869,
,,Card_20.xlsx,20,0,,,,,,,,,,,,,,,,,,,,,,,,,,,,,0,0,0,0,0,1,1,0,0,1,1,1,,,,,,,,,,,,,,,,,,,,,,,,,,,,,,,,,,,,,,,,,,,,,,,,,20,0,,,,,,,,,,,,Sub040,001,2022_Sep_28_1301,1trainingbehavior_beforeMRI,2021.2.3,59.88282128839869,
,,Card_20.xlsx,20,0,,,,,,,,,,,,,,,,,,,,,,,,,,,,,0,0,0,0,0,1,1,0,0,2,2,3,,,,,,,,,,,,,,,,,,,,,,,,,,,,,,,,,,,,,,,,,,,,,,,,,20,0,,,,,,,,,,,,Sub040,001,2022_Sep_28_1301,1trainingbehavior_beforeMRI,2021.2.3,59.88282128839869,
,,Card_20.xlsx,20,0,,,,,,,,,,,,,,,,,,,,,,,,,,,,,0,0,0,0,0,1,1,0,0,3,3,7,,,,,,,,,,,,,,,,,,,,,,,,,,,,,,,,,,,,,,,,,,,,,,,,,20,0,,,,,,,,,,,,Sub040,001,2022_Sep_28_1301,1trainingbehavior_beforeMRI,2021.2.3,59.88282128839869,
,,Card_20.xlsx,20,1,,,,,,,,,,,,,,,,,,,,,,,,,,,,,0,0,0,0,0,1,1,0,0,4,4,9,,,,,,,,,,,,,,,,,,,,,,,,,,,,,,,,,,,,,,,,,,,,,,,,,20,1,,,,,,,,,,,,Sub040,001,2022_Sep_28_1301,1trainingbehavior_beforeMRI,2021.2.3,59.88282128839869,
,,Card_20.xlsx,20,0,,,,,,,,,,,,,,,,,,,,,,,,,,,,,0,0,0,0,0,1,1,0,0,5,5,6,,,,,,,,,,,,,,,,,,,,,,,,,,,,,,,,,,,,,,,,,,,,,,,,,20,0,,,,,,,,,,,,Sub040,001,2022_Sep_28_1301,1trainingbehavior_beforeMRI,2021.2.3,59.88282128839869,
,,Card_20.xlsx,20,0,,,,,,,,,,,,,,,,,,,,,,,,,,,,,0,0,0,0,0,1,1,0,0,6,6,4,,,,,,,,,,,,,,,,,,,,,,,,,,,,,,,,,,,,,,,,,,,,,,,,,20,0,,,,,,,,,,,,Sub040,001,2022_Sep_28_1301,1trainingbehavior_beforeMRI,2021.2.3,59.88282128839869,
,,Card_20.xlsx,20,0,,,,,,,,,,,,,,,,,,,,,,,,,,,,,0,0,0,0,0,1,1,0,0,7,7,0,,,,,,,,,,,,,,,,,,,,,,,,,,,,,,,,,,,,,,,,,,,,,,,,,20,0,,,,,,,,,,,,Sub040,001,2022_Sep_28_1301,1trainingbehavior_beforeMRI,2021.2.3,59.88282128839869,
,,Card_20.xlsx,20,0,,,,,,,,,,,,,,,,,,,,,,,,,,,,,0,0,0,0,0,1,1,0,0,8,8,2,,,,,,,,,,,,,,,,,,,,,,,,,,,,,,,,,,,,,,,,,,,,,,,,,20,0,,,,,,,,,,,,Sub040,001,2022_Sep_28_1301,1trainingbehavior_beforeMRI,2021.2.3,59.88282128839869,
,,Card_20.xlsx,20,0,,,,,,,,,,,,,,,,,,,,,,,,,,,,,0,0,0,0,0,1,1,0,0,9,9,5,,,,,,,,,,,,,,,,,,,,,,,,,,,,,,,,,,,,,,,,,,,,,,,,,20,0,,,,,,,,,,,,Sub040,001,2022_Sep_28_1301,1trainingbehavior_beforeMRI,2021.2.3,59.88282128839869,
,,Card_20.xlsx,,,,,,,,,,,,,,,,,,,,,,,,,,,,,,,0,0,0,0,0,1,1,0,,,,,,,,,0,0,0,0,,,,,,,,,,,,,,,,,,,,,,,,,,,,,,,,,,,,,,,,,,,20,None,None,434.38735279999673,None,5,6.409657100011827,434.38735279999673,None,,,Sub040,001,2022_Sep_28_1301,1trainingbehavior_beforeMRI,2021.2.3,59.88282128839869,
,,Card_20.xlsx,,,,,,,,,,,,,,,,,,,,,,,,,,,,,,,0,0,0,0,0,1,1,0,,,,,,,,,,,,,,,,,,,,,,,,,,,,,,,,,,,,,,,,,,,,,,,,,,,,,,,,,,,,,,,,,,Sub040,001,2022_Sep_28_1301,1trainingbehavior_beforeMRI,2021.2.3,59.88282128839869,
,,Card_80.xlsx,80,1,,,,,,,,,,,,,,,,,,,,,,,,,,,,,0,0,0,0,0,2,2,2,0,0,0,9,,,,,,,,,,,,,,,,,,,,,,,,,,,,,,,,,,,,,,,,,,,,,,,,,80,1,,,,,,,,,,,,Sub040,001,2022_Sep_28_1301,1trainingbehavior_beforeMRI,2021.2.3,59.88282128839869,
,,Card_80.xlsx,80,0,,,,,,,,,,,,,,,,,,,,,,,,,,,,,0,0,0,0,0,2,2,2,0,1,1,0,,,,,,,,,,,,,,,,,,,,,,,,,,,,,,,,,,,,,,,,,,,,,,,,,80,0,,,,,,,,,,,,Sub040,001,2022_Sep_28_1301,1trainingbehavior_beforeMRI,2021.2.3,59.88282128839869,
,,Card_80.xlsx,80,1,,,,,,,,,,,,,,,,,,,,,,,,,,,,,0,0,0,0,0,2,2,2,0,2,2,5,,,,,,,,,,,,,,,,,,,,,,,,,,,,,,,,,,,,,,,,,,,,,,,,,80,1,,,,,,,,,,,,Sub040,001,2022_Sep_28_1301,1trainingbehavior_beforeMRI,2021.2.3,59.88282128839869,
,,Card_80.xlsx,80,1,,,,,,,,,,,,,,,,,,,,,,,,,,,,,0,0,0,0,0,2,2,2,0,3,3,6,,,,,,,,,,,,,,,,,,,,,,,,,,,,,,,,,,,,,,,,,,,,,,,,,80,1,,,,,,,,,,,,Sub040,001,2022_Sep_28_1301,1trainingbehavior_beforeMRI,2021.2.3,59.88282128839869,
,,Card_80.xlsx,80,1,,,,,,,,,,,,,,,,,,,,,,,,,,,,,0,0,0,0,0,2,2,2,0,4,4,3,,,,,,,,,,,,,,,,,,,,,,,,,,,,,,,,,,,,,,,,,,,,,,,,,80,1,,,,,,,,,,,,Sub040,001,2022_Sep_28_1301,1trainingbehavior_beforeMRI,2021.2.3,59.88282128839869,
,,Card_80.xlsx,80,1,,,,,,,,,,,,,,,,,,,,,,,,,,,,,0,0,0,0,0,2,2,2,0,5,5,7,,,,,,,,,,,,,,,,,,,,,,,,,,,,,,,,,,,,,,,,,,,,,,,,,80,1,,,,,,,,,,,,Sub040,001,2022_Sep_28_1301,1trainingbehavior_beforeMRI,2021.2.3,59.88282128839869,
,,Card_80.xlsx,80,0,,,,,,,,,,,,,,,,,,,,,,,,,,,,,0,0,0,0,0,2,2,2,0,6,6,1,,,,,,,,,,,,,,,,,,,,,,,,,,,,,,,,,,,,,,,,,,,,,,,,,80,0,,,,,,,,,,,,Sub040,001,2022_Sep_28_1301,1trainingbehavior_beforeMRI,2021.2.3,59.88282128839869,
,,Card_80.xlsx,80,1,,,,,,,,,,,,,,,,,,,,,,,,,,,,,0,0,0,0,0,2,2,2,0,7,7,2,,,,,,,,,,,,,,,,,,,,,,,,,,,,,,,,,,,,,,,,,,,,,,,,,80,1,,,,,,,,,,,,Sub040,001,2022_Sep_28_1301,1trainingbehavior_beforeMRI,2021.2.3,59.88282128839869,
,,Card_80.xlsx,80,1,,,,,,,,,,,,,,,,,,,,,,,,,,,,,0,0,0,0,0,2,2,2,0,8,8,8,,,,,,,,,,,,,,,,,,,,,,,,,,,,,,,,,,,,,,,,,,,,,,,,,80,1,,,,,,,,,,,,Sub040,001,2022_Sep_28_1301,1trainingbehavior_beforeMRI,2021.2.3,59.88282128839869,
,,Card_80.xlsx,80,1,,,,,,,,,,,,,,,,,,,,,,,,,,,,,0,0,0,0,0,2,2,2,0,9,9,4,,,,,,,,,,,,,,,,,,,,,,,,,,,,,,,,,,,,,,,,,,,,,,,,,80,1,,,,,,,,,,,,Sub040,001,2022_Sep_28_1301,1trainingbehavior_beforeMRI,2021.2.3,59.88282128839869,
,,Card_80.xlsx,,,,,,,,,,,,,,,,,,,,,,,,,,,,,,,0,0,0,0,0,2,2,2,,,,,,,,,0,0,0,0,,,,,,,,,,,,,,,,,,,,,,,,,,,,,,,,,,,,,,,,,,,80,None,None,475.82316430000355,None,2,4.5709204000013415,475.82316430000355,None,,,Sub040,001,2022_Sep_28_1301,1trainingbehavior_beforeMRI,2021.2.3,59.88282128839869,
,,Card_80.xlsx,,,,,,,,,,,,,,,,,,,,,,,,,,,,,,,0,0,0,0,0,2,2,2,,,,,,,,,,,,,,,,,,,,,,,,,,,,,,,,,,,,,,,,,,,,,,,,,,,,,,,,,,,,,,,,,,Sub040,001,2022_Sep_28_1301,1trainingbehavior_beforeMRI,2021.2.3,59.88282128839869,
,,,,,,,,,,,,,,,,,,,,,,,,,,,,,,,,,0,0,0,0,,,,,,,,,,,,,,,,,,,,,,,,,,,,,,,,,,,,,,,,,,,,,,,,,,,,,,,,,,,,,,,,,,,,480.4205006999837,None,Sub040,001,2022_Sep_28_1301,1trainingbehavior_beforeMRI,2021.2.3,59.88282128839869,
