﻿Current_Run_SE,Current_Run_RE,current_pair,current_pair_SE,current_pair_RE,current_card_prob,ITI_SE,ITI_RE,SE_block_Q,RE_block_Q,start_MRI.thisRepN,start_MRI.thisTrialN,start_MRI.thisN,start_MRI.thisIndex,L_subjects.thisRepN,L_subjects.thisTrialN,L_subjects.thisN,L_subjects.thisIndex,runSE_RE_Block_L.thisRepN,runSE_RE_Block_L.thisTrialN,runSE_RE_Block_L.thisN,runSE_RE_Block_L.thisIndex,fMRI_trials_L.thisRepN,fMRI_trials_L.thisTrialN,fMRI_trials_L.thisN,fMRI_trials_L.thisIndex,fMRI_trials_SE_L.thisRepN,fMRI_trials_SE_L.thisTrialN,fMRI_trials_SE_L.thisN,fMRI_trials_SE_L.thisIndex,fMRI_trials_RE_L.thisRepN,fMRI_trials_RE_L.thisTrialN,fMRI_trials_RE_L.thisN,fMRI_trials_RE_L.thisIndex,Q_RE_L.thisRepN,Q_RE_L.thisTrialN,Q_RE_L.thisN,Q_RE_L.thisIndex,Q_SE_L.thisRepN,Q_SE_L.thisTrialN,Q_SE_L.thisN,Q_SE_L.thisIndex,Q_block,fMRI_center.started,fMRI_center.stopped,fMR_Instr1_text.started,fMR_Instr1_text.stopped,text_SE_7.started,text_SE_7.stopped,fMRI_instr_text.started,fMRI_instr_text.stopped,fMRI_center_2.started,fMRI_center_2.stopped,fMR_Instr2_text_2.started,fMR_Instr2_text_2.stopped,text_SE_8.started,text_SE_8.stopped,text_Q_Target.started,text_Q_Target.stopped,fMRI_center_3.started,fMRI_center_3.stopped,fMR_Instr2_text_6.started,fMR_Instr2_text_6.stopped,text_SE_10.started,text_SE_10.stopped,text_Q_Target_2.started,text_Q_Target_2.stopped,prep_fixation.started,prep_fixation.stopped,Ready_text.started,Ready_text.stopped,trigger_2.keys,trigger_2.rt,trigger_2.started,trigger_2.stopped,center_OnsetTime.started,center_OnsetTime.stopped,PairONSET_card_prob.started,PairONSET_card_prob.stopped,text_SE_9.started,text_SE_9.stopped,text_Q_Card_RE.started,text_Q_Card_RE.stopped,fixOnset_text_ISI_RE_2.started,fixOnset_text_ISI_RE_2.stopped,current_pair,current_pair_SE,current_pair_RE,target_pair,card_pair,type_Q,ISI_RE,RE_block_Q,PairQuestionONSET_RE_text_L.started,PairQuestionONSET_RE_text_L.stopped,key_resp_rating_RE_L.keys,key_resp_rating_RE_L.started,key_resp_rating_RE_L.stopped,Rating_pair,current_ITI,lagTime,fixOnset_text_ITI.started,fixOnset_text_ITI.stopped,key_resp_rating_RE_L.rt,center_OnsetTime_2.started,center_OnsetTime_2.stopped,PairONSET_card_prob_2.started,PairONSET_card_prob_2.stopped,text_SE_11.started,text_SE_11.stopped,text_Q_Target_SE.started,text_Q_Target_SE.stopped,fixOnset_text_ISI_SE_2.started,fixOnset_text_ISI_SE_2.stopped,ISI_SE,SE_block_Q,PairQuestionONSET_SE_text_L.started,PairQuestionONSET_SE_text_L.stopped,key_resp_rating_SE_L.keys,key_resp_rating_SE_L.rt,key_resp_rating_SE_L.started,key_resp_rating_SE_L.stopped,participant,session,date,expName,psychopyVersion,frameRate,
,,,,,,,,,,0,0,0,0,,,,,,,,,,,,,,,,,,,,,,,,,,,,,[1 0],12.090239999815822,None,12.090239999815822,None,12.090239999815822,None,,,,,,,,,,,,,,,,,,,,,,,,,,,,,,,,,,,,,,,,,,,,,,,,,,,,,,,,,,,,,,,,,,,,,,,,,,Sub006,001,2022_Apr_25_1143,2_2_Rating_MRI_SEREcombine_Eyetracking,2021.2.3,60.0393257083098,
0,1,3,1,0,20,0,1,0,1,,,,,0,0,0,0,0,0,0,0,0,0,0,39,,,,,0,0,0,0,0,0,0,0,,,,,,,,,,,,22.307580799795687,None,22.62287550000474,None,22.62287550000474,None,22.62287550000474,None,22.62287550000474,None,23.039050300139934,None,23.039050300139934,None,23.039050300139934,None,23.039050300139934,None,110.07980079995468,None,111.09277609968558,None,t,13.416962100192904,111.09277609968558,None,124.62459670007229,None,124.62459670007229,None,124.62459670007229,None,124.62459670007229,None,126.64062279975042,None,3,1,0,29.890650970844263,20,1,1,1,127.76288780011237,None,None,127.76288780011237,None,,0.889852899999994,-0.11014710000000605,129.7603527000174,None,,,,,,,,,,,,,0,,,,,,,Sub006,001,2022_Apr_25_1143,2_2_Rating_MRI_SEREcombine_Eyetracking,2021.2.3,60.0393257083098,
0,1,3,1,0,20,0,1,0,1,,,,,0,0,0,0,0,0,0,0,0,0,0,39,,,,,0,0,0,0,,,,,,,,,,,,,,,,,,,,,,,,,,,,,,,,,,,,,,,,,,,,,,,,,,,,3,1,0,,,,,1,,,,,,,,,,,,,,,,,,,,,,,0,,,,,,,Sub006,001,2022_Apr_25_1143,2_2_Rating_MRI_SEREcombine_Eyetracking,2021.2.3,60.0393257083098,
0,1,3,1,0,20,0,1,0,1,,,,,0,0,0,0,0,0,0,0,0,0,0,39,,,,,,,,,,,,,,,,,,,,,,,,,,,,,,,,,,,,,,,,,,,,,,,,,,,,,,,,,,,,3,1,0,,,,,1,,,,,,,,,,,,,,,,,,,,,,,0,,,,,,,Sub006,001,2022_Apr_25_1143,2_2_Rating_MRI_SEREcombine_Eyetracking,2021.2.3,60.0393257083098,
0,1,8,2,2,80,0,3,0,1,,,,,0,0,0,0,0,0,0,0,0,1,1,62,,,,,0,0,0,0,0,0,0,0,,,,,,,,,,,,,,,,,,,,,,,,,,,,,,,,,,,,,,130.78338749986142,None,130.78338749986142,None,130.78338749986142,None,130.78338749986142,None,132.7742775999941,None,8,2,2,56.794452608204615,80,1,3,1,135.86144150001928,None,r,135.86144150001928,None,Extremely Likely,2.3663316999999893,1.3663316999999893,136.44546790001914,None,0.45494050020352006,,,,,,,,,,,,0,,,,,,,Sub006,001,2022_Apr_25_1143,2_2_Rating_MRI_SEREcombine_Eyetracking,2021.2.3,60.0393257083098,
0,1,8,2,2,80,0,3,0,1,,,,,0,0,0,0,0,0,0,0,0,1,1,62,,,,,0,0,0,0,,,,,,,,,,,,,,,,,,,,,,,,,,,,,,,,,,,,,,,,,,,,,,,,,,,,8,2,2,,,,,1,,,,,,,,,,,,,,,,,,,,,,,0,,,,,,,Sub006,001,2022_Apr_25_1143,2_2_Rating_MRI_SEREcombine_Eyetracking,2021.2.3,60.0393257083098,
0,1,8,2,2,80,0,3,0,1,,,,,0,0,0,0,0,0,0,0,0,1,1,62,,,,,,,,,,,,,,,,,,,,,,,,,,,,,,,,,,,,,,,,,,,,,,,,,,,,,,,,,,,,8,2,2,,,,,1,,,,,,,,,,,,,,,,,,,,,,,0,,,,,,,Sub006,001,2022_Apr_25_1143,2_2_Rating_MRI_SEREcombine_Eyetracking,2021.2.3,60.0393257083098,
0,1,6,2,0,20,0,3,0,1,,,,,0,0,0,0,0,0,0,0,0,2,2,60,,,,,0,0,0,0,0,0,0,0,,,,,,,,,,,,,,,,,,,,,,,,,,,,,,,,,,,,,,138.93121600011364,None,138.93121600011364,None,138.93121600011364,None,138.93121600011364,None,140.94495690008625,None,6,2,0,56.794452608204615,20,1,3,1,144.06721739983186,None,r,144.06721739983186,None,Extremely Likely,2.3615556000000026,1.3615556000000026,144.58746139984578,None,0.4039444997906685,,,,,,,,,,,,0,,,,,,,Sub006,001,2022_Apr_25_1143,2_2_Rating_MRI_SEREcombine_Eyetracking,2021.2.3,60.0393257083098,
0,1,6,2,0,20,0,3,0,1,,,,,0,0,0,0,0,0,0,0,0,2,2,60,,,,,0,0,0,0,,,,,,,,,,,,,,,,,,,,,,,,,,,,,,,,,,,,,,,,,,,,,,,,,,,,6,2,0,,,,,1,,,,,,,,,,,,,,,,,,,,,,,0,,,,,,,Sub006,001,2022_Apr_25_1143,2_2_Rating_MRI_SEREcombine_Eyetracking,2021.2.3,60.0393257083098,
0,1,6,2,0,20,0,3,0,1,,,,,0,0,0,0,0,0,0,0,0,2,2,60,,,,,,,,,,,,,,,,,,,,,,,,,,,,,,,,,,,,,,,,,,,,,,,,,,,,,,,,,,,,6,2,0,,,,,1,,,,,,,,,,,,,,,,,,,,,,,0,,,,,,,Sub006,001,2022_Apr_25_1143,2_2_Rating_MRI_SEREcombine_Eyetracking,2021.2.3,60.0393257083098,
1,0,1,0,1,50,2,0,0,0,,,,,0,0,0,0,0,0,0,0,0,3,3,10,0,0,0,0,,,,,,,,,,,,,,,,,,,,,,,,,,,,,,,,,,,,,,,,,,,,,,,,,,,,,,,,1,0,1,11.225058400170278,50,0,,0,,,,,,,,,,,,147.06387359974906,None,147.06387359974906,None,147.06387359974906,None,147.06387359974906,None,149.07761539984494,None,2,0,,,,,,,Sub006,001,2022_Apr_25_1143,2_2_Rating_MRI_SEREcombine_Eyetracking,2021.2.3,60.0393257083098,
1,0,1,0,1,50,2,0,0,0,,,,,0,0,0,0,0,0,0,0,0,3,3,10,,,,,,,,,,,,,,,,,,,,,,,,,,,,,,,,,,,,,,,,,,,,,,,,,,,,,,,,,,,,1,0,1,,,,,0,,,,,,,,,,,,,,,,,,,,,,,0,,,,,,,Sub006,001,2022_Apr_25_1143,2_2_Rating_MRI_SEREcombine_Eyetracking,2021.2.3,60.0393257083098,
0,1,1,0,1,50,0,1,0,1,,,,,0,0,0,0,0,0,0,0,0,4,4,64,,,,,0,0,0,0,0,0,0,0,,,,,,,,,,,,,,,,,,,,,,,,,,,,,,,,,,,,,,151.18737330008298,None,151.18737330008298,None,151.18737330008298,None,151.18737330008298,None,153.19473969982937,None,1,0,1,11.225058400170278,50,1,1,1,154.30171620007604,None,g,154.30171620007604,None,Slightly Likely,2.254519400000021,1.2545194000000208,154.93984809983522,None,0.533801699988544,,,,,,,,,,,,0,,,,,,,Sub006,001,2022_Apr_25_1143,2_2_Rating_MRI_SEREcombine_Eyetracking,2021.2.3,60.0393257083098,
0,1,1,0,1,50,0,1,0,1,,,,,0,0,0,0,0,0,0,0,0,4,4,64,,,,,0,0,0,0,,,,,,,,,,,,,,,,,,,,,,,,,,,,,,,,,,,,,,,,,,,,,,,,,,,,1,0,1,,,,,1,,,,,,,,,,,,,,,,,,,,,,,0,,,,,,,Sub006,001,2022_Apr_25_1143,2_2_Rating_MRI_SEREcombine_Eyetracking,2021.2.3,60.0393257083098,
0,1,1,0,1,50,0,1,0,1,,,,,0,0,0,0,0,0,0,0,0,4,4,64,,,,,,,,,,,,,,,,,,,,,,,,,,,,,,,,,,,,,,,,,,,,,,,,,,,,,,,,,,,,1,0,1,,,,,1,,,,,,,,,,,,,,,,,,,,,,,0,,,,,,,Sub006,001,2022_Apr_25_1143,2_2_Rating_MRI_SEREcombine_Eyetracking,2021.2.3,60.0393257083098,
1,0,2,0,2,80,1,0,1,0,,,,,0,0,0,0,0,0,0,0,0,5,5,2,0,0,0,0,,,,,,,,,0,0,0,0,,,,,,,,,,,,,,,,,,,,,,,,,,,,,,,,,,,,,,,,,,,,2,0,2,11.225058400170278,80,0,,0,,,,,,Extremely Likely,2.148603900000012,1.148603900000012,161.1779072000645,None,,157.29911619983613,None,157.29911619983613,None,157.29911619983613,None,157.29911619983613,None,159.30952040012926,None,1,1,160.41602789983153,None,r,0.6407931004650891,160.41602789983153,None,Sub006,001,2022_Apr_25_1143,2_2_Rating_MRI_SEREcombine_Eyetracking,2021.2.3,60.0393257083098,
1,0,2,0,2,80,1,0,1,0,,,,,0,0,0,0,0,0,0,0,0,5,5,2,0,0,0,0,,,,,,,,,,,,,,,,,,,,,,,,,,,,,,,,,,,,,,,,,,,,,,,,,,,,,,,,2,0,2,,,,,0,,,,,,,,,,,,,,,,,,,,,,,1,,,,,,,Sub006,001,2022_Apr_25_1143,2_2_Rating_MRI_SEREcombine_Eyetracking,2021.2.3,60.0393257083098,
1,0,2,0,2,80,1,0,1,0,,,,,0,0,0,0,0,0,0,0,0,5,5,2,,,,,,,,,,,,,,,,,,,,,,,,,,,,,,,,,,,,,,,,,,,,,,,,,,,,,,,,,,,,2,0,2,,,,,0,,,,,,,,,,,,,,,,,,,,,,,1,,,,,,,Sub006,001,2022_Apr_25_1143,2_2_Rating_MRI_SEREcombine_Eyetracking,2021.2.3,60.0393257083098,
0,1,5,1,2,80,0,2,0,1,,,,,0,0,0,0,0,0,0,0,0,6,6,68,,,,,0,0,0,0,0,0,0,0,,,,,,,,,,,,,,,,,,,,,,,,,,,,,,,,,,,,,,163.43790609994903,None,163.43790609994903,None,163.43790609994903,None,163.43790609994903,None,165.4224689998664,None,5,1,2,29.890650970844263,80,1,2,1,167.5338471001014,None,g,167.5338471001014,None,Slightly Likely,2.387366400000019,1.387366400000019,168.0808536997065,None,0.41864190017804503,,,,,,,,,,,,0,,,,,,,Sub006,001,2022_Apr_25_1143,2_2_Rating_MRI_SEREcombine_Eyetracking,2021.2.3,60.0393257083098,
0,1,5,1,2,80,0,2,0,1,,,,,0,0,0,0,0,0,0,0,0,6,6,68,,,,,0,0,0,0,,,,,,,,,,,,,,,,,,,,,,,,,,,,,,,,,,,,,,,,,,,,,,,,,,,,5,1,2,,,,,1,,,,,,,,,,,,,,,,,,,,,,,0,,,,,,,Sub006,001,2022_Apr_25_1143,2_2_Rating_MRI_SEREcombine_Eyetracking,2021.2.3,60.0393257083098,
0,1,5,1,2,80,0,2,0,1,,,,,0,0,0,0,0,0,0,0,0,6,6,68,,,,,,,,,,,,,,,,,,,,,,,,,,,,,,,,,,,,,,,,,,,,,,,,,,,,,,,,,,,,5,1,2,,,,,1,,,,,,,,,,,,,,,,,,,,,,,0,,,,,,,Sub006,001,2022_Apr_25_1143,2_2_Rating_MRI_SEREcombine_Eyetracking,2021.2.3,60.0393257083098,
0,1,3,1,0,20,0,1,0,1,,,,,0,0,0,0,0,0,0,0,0,7,7,66,,,,,0,0,0,0,0,0,0,0,,,,,,,,,,,,,,,,,,,,,,,,,,,,,,,,,,,,,,170.5858752997592,None,170.5858752997592,None,170.5858752997592,None,170.5858752997592,None,172.59466130007058,None,3,1,0,29.890650970844263,20,1,1,1,173.69600029988214,None,b,173.69600029988214,None,Extremely Unlikely,1.9851044000000115,0.9851044000000115,174.630075099878,None,0.8012035000137985,,,,,,,,,,,,0,,,,,,,Sub006,001,2022_Apr_25_1143,2_2_Rating_MRI_SEREcombine_Eyetracking,2021.2.3,60.0393257083098,
0,1,3,1,0,20,0,1,0,1,,,,,0,0,0,0,0,0,0,0,0,7,7,66,,,,,0,0,0,0,,,,,,,,,,,,,,,,,,,,,,,,,,,,,,,,,,,,,,,,,,,,,,,,,,,,3,1,0,,,,,1,,,,,,,,,,,,,,,,,,,,,,,0,,,,,,,Sub006,001,2022_Apr_25_1143,2_2_Rating_MRI_SEREcombine_Eyetracking,2021.2.3,60.0393257083098,
0,1,3,1,0,20,0,1,0,1,,,,,0,0,0,0,0,0,0,0,0,7,7,66,,,,,,,,,,,,,,,,,,,,,,,,,,,,,,,,,,,,,,,,,,,,,,,,,,,,,,,,,,,,3,1,0,,,,,1,,,,,,,,,,,,,,,,,,,,,,,0,,,,,,,Sub006,001,2022_Apr_25_1143,2_2_Rating_MRI_SEREcombine_Eyetracking,2021.2.3,60.0393257083098,
1,0,6,2,0,20,2,0,0,0,,,,,0,0,0,0,0,0,0,0,0,8,8,15,0,0,0,0,,,,,,,,,,,,,,,,,,,,,,,,,,,,,,,,,,,,,,,,,,,,,,,,,,,,,,,,6,2,0,56.794452608204615,20,0,,0,,,,,,,,,,,,176.73348850011826,None,176.73348850011826,None,176.73348850011826,None,176.73348850011826,None,178.74009659979492,None,2,0,,,,,,,Sub006,001,2022_Apr_25_1143,2_2_Rating_MRI_SEREcombine_Eyetracking,2021.2.3,60.0393257083098,
1,0,6,2,0,20,2,0,0,0,,,,,0,0,0,0,0,0,0,0,0,8,8,15,,,,,,,,,,,,,,,,,,,,,,,,,,,,,,,,,,,,,,,,,,,,,,,,,,,,,,,,,,,,6,2,0,,,,,0,,,,,,,,,,,,,,,,,,,,,,,0,,,,,,,Sub006,001,2022_Apr_25_1143,2_2_Rating_MRI_SEREcombine_Eyetracking,2021.2.3,60.0393257083098,
1,0,8,2,2,80,2,0,1,0,,,,,0,0,0,0,0,0,0,0,0,9,9,35,0,0,0,0,,,,,,,,,0,0,0,0,,,,,,,,,,,,,,,,,,,,,,,,,,,,,,,,,,,,,,,,,,,,8,2,2,56.794452608204615,80,0,,0,,,,,,Extremely Likely,2.2245503999999983,1.2245503999999983,185.6484256000258,None,,180.84954089997336,None,180.84954089997336,None,180.84954089997336,None,180.84954089997336,None,182.86285239970312,None,2,1,184.9598098997958,None,r,0.5598913002759218,184.9598098997958,None,Sub006,001,2022_Apr_25_1143,2_2_Rating_MRI_SEREcombine_Eyetracking,2021.2.3,60.0393257083098,
1,0,8,2,2,80,2,0,1,0,,,,,0,0,0,0,0,0,0,0,0,9,9,35,0,0,0,0,,,,,,,,,,,,,,,,,,,,,,,,,,,,,,,,,,,,,,,,,,,,,,,,,,,,,,,,8,2,2,,,,,0,,,,,,,,,,,,,,,,,,,,,,,1,,,,,,,Sub006,001,2022_Apr_25_1143,2_2_Rating_MRI_SEREcombine_Eyetracking,2021.2.3,60.0393257083098,
1,0,8,2,2,80,2,0,1,0,,,,,0,0,0,0,0,0,0,0,0,9,9,35,,,,,,,,,,,,,,,,,,,,,,,,,,,,,,,,,,,,,,,,,,,,,,,,,,,,,,,,,,,,8,2,2,,,,,0,,,,,,,,,,,,,,,,,,,,,,,1,,,,,,,Sub006,001,2022_Apr_25_1143,2_2_Rating_MRI_SEREcombine_Eyetracking,2021.2.3,60.0393257083098,
0,1,6,2,0,20,0,1,0,1,,,,,0,0,0,0,0,0,0,0,0,10,10,42,,,,,0,0,0,0,0,0,0,0,,,,,,,,,,,,,,,,,,,,,,,,,,,,,,,,,,,,,,187.98218220006675,None,187.98218220006675,None,187.98218220006675,None,187.98218220006675,None,189.99228490004316,None,6,2,0,56.794452608204615,20,1,1,1,191.1002162997611,None,y,191.1002162997611,None,Slightly Unlikely,2.2304677999999853,1.2304677999999853,191.77958279987797,None,0.5567184002138674,,,,,,,,,,,,0,,,,,,,Sub006,001,2022_Apr_25_1143,2_2_Rating_MRI_SEREcombine_Eyetracking,2021.2.3,60.0393257083098,
0,1,6,2,0,20,0,1,0,1,,,,,0,0,0,0,0,0,0,0,0,10,10,42,,,,,0,0,0,0,,,,,,,,,,,,,,,,,,,,,,,,,,,,,,,,,,,,,,,,,,,,,,,,,,,,6,2,0,,,,,1,,,,,,,,,,,,,,,,,,,,,,,0,,,,,,,Sub006,001,2022_Apr_25_1143,2_2_Rating_MRI_SEREcombine_Eyetracking,2021.2.3,60.0393257083098,
0,1,6,2,0,20,0,1,0,1,,,,,0,0,0,0,0,0,0,0,0,10,10,42,,,,,,,,,,,,,,,,,,,,,,,,,,,,,,,,,,,,,,,,,,,,,,,,,,,,,,,,,,,,6,2,0,,,,,1,,,,,,,,,,,,,,,,,,,,,,,0,,,,,,,Sub006,001,2022_Apr_25_1143,2_2_Rating_MRI_SEREcombine_Eyetracking,2021.2.3,60.0393257083098,
1,0,2,0,2,80,2,0,0,0,,,,,0,0,0,0,0,0,0,0,0,11,11,11,0,0,0,0,,,,,,,,,,,,,,,,,,,,,,,,,,,,,,,,,,,,,,,,,,,,,,,,,,,,,,,,2,0,2,11.225058400170278,80,0,,0,,,,,,,,,,,,194.09263810003176,None,194.09263810003176,None,194.09263810003176,None,194.09263810003176,None,196.12426800001413,None,2,0,,,,,,,Sub006,001,2022_Apr_25_1143,2_2_Rating_MRI_SEREcombine_Eyetracking,2021.2.3,60.0393257083098,
1,0,2,0,2,80,2,0,0,0,,,,,0,0,0,0,0,0,0,0,0,11,11,11,,,,,,,,,,,,,,,,,,,,,,,,,,,,,,,,,,,,,,,,,,,,,,,,,,,,,,,,,,,,2,0,2,,,,,0,,,,,,,,,,,,,,,,,,,,,,,0,,,,,,,Sub006,001,2022_Apr_25_1143,2_2_Rating_MRI_SEREcombine_Eyetracking,2021.2.3,60.0393257083098,
0,1,8,2,2,80,0,1,0,1,,,,,0,0,0,0,0,0,0,0,0,12,12,71,,,,,0,0,0,0,0,0,0,0,,,,,,,,,,,,,,,,,,,,,,,,,,,,,,,,,,,,,,198.22952499985695,None,198.22952499985695,None,198.22952499985695,None,198.22952499985695,None,200.24169640010223,None,8,2,2,56.794452608204615,80,1,1,1,201.34927040012553,None,g,201.34927040012553,None,Slightly Likely,2.141104800000022,1.1411048000000221,202.09038490010425,None,0.6437790999189019,,,,,,,,,,,,0,,,,,,,Sub006,001,2022_Apr_25_1143,2_2_Rating_MRI_SEREcombine_Eyetracking,2021.2.3,60.0393257083098,
0,1,8,2,2,80,0,1,0,1,,,,,0,0,0,0,0,0,0,0,0,12,12,71,,,,,0,0,0,0,,,,,,,,,,,,,,,,,,,,,,,,,,,,,,,,,,,,,,,,,,,,,,,,,,,,8,2,2,,,,,1,,,,,,,,,,,,,,,,,,,,,,,0,,,,,,,Sub006,001,2022_Apr_25_1143,2_2_Rating_MRI_SEREcombine_Eyetracking,2021.2.3,60.0393257083098,
0,1,8,2,2,80,0,1,0,1,,,,,0,0,0,0,0,0,0,0,0,12,12,71,,,,,,,,,,,,,,,,,,,,,,,,,,,,,,,,,,,,,,,,,,,,,,,,,,,,,,,,,,,,8,2,2,,,,,1,,,,,,,,,,,,,,,,,,,,,,,0,,,,,,,Sub006,001,2022_Apr_25_1143,2_2_Rating_MRI_SEREcombine_Eyetracking,2021.2.3,60.0393257083098,
1,0,1,0,1,50,3,0,1,0,,,,,0,0,0,0,0,0,0,0,0,13,13,19,0,0,0,0,,,,,,,,,0,0,0,0,,,,,,,,,,,,,,,,,,,,,,,,,,,,,,,,,,,,,,,,,,,,1,0,1,11.225058400170278,50,0,,0,,,,,,Slightly Unlikely,1.547510200000005,0.5475102000000049,210.82810049969703,None,,204.3500449997373,None,204.3500449997373,None,204.3500449997373,None,204.3500449997373,None,206.36501429975033,None,3,1,209.48167000012472,None,y,1.2290985002182424,209.48167000012472,None,Sub006,001,2022_Apr_25_1143,2_2_Rating_MRI_SEREcombine_Eyetracking,2021.2.3,60.0393257083098,
1,0,1,0,1,50,3,0,1,0,,,,,0,0,0,0,0,0,0,0,0,13,13,19,0,0,0,0,,,,,,,,,,,,,,,,,,,,,,,,,,,,,,,,,,,,,,,,,,,,,,,,,,,,,,,,1,0,1,,,,,0,,,,,,,,,,,,,,,,,,,,,,,1,,,,,,,Sub006,001,2022_Apr_25_1143,2_2_Rating_MRI_SEREcombine_Eyetracking,2021.2.3,60.0393257083098,
1,0,1,0,1,50,3,0,1,0,,,,,0,0,0,0,0,0,0,0,0,13,13,19,,,,,,,,,,,,,,,,,,,,,,,,,,,,,,,,,,,,,,,,,,,,,,,,,,,,,,,,,,,,1,0,1,,,,,0,,,,,,,,,,,,,,,,,,,,,,,1,,,,,,,Sub006,001,2022_Apr_25_1143,2_2_Rating_MRI_SEREcombine_Eyetracking,2021.2.3,60.0393257083098,
0,1,8,2,2,80,0,2,0,0,,,,,0,0,0,0,0,0,0,0,0,14,14,53,,,,,0,0,0,0,,,,,,,,,,,,,,,,,,,,,,,,,,,,,,,,,,,,,,,,,,212.48593319999054,None,212.48593319999054,None,212.48593319999054,None,212.48593319999054,None,214.49331500008702,None,8,2,2,56.794452608204615,80,1,2,0,,,,,,,,,,,,,,,,,,,,,,,0,,,,,,,Sub006,001,2022_Apr_25_1143,2_2_Rating_MRI_SEREcombine_Eyetracking,2021.2.3,60.0393257083098,
0,1,8,2,2,80,0,2,0,0,,,,,0,0,0,0,0,0,0,0,0,14,14,53,,,,,,,,,,,,,,,,,,,,,,,,,,,,,,,,,,,,,,,,,,,,,,,,,,,,,,,,,,,,8,2,2,,,,,0,,,,,,,,,,,,,,,,,,,,,,,0,,,,,,,Sub006,001,2022_Apr_25_1143,2_2_Rating_MRI_SEREcombine_Eyetracking,2021.2.3,60.0393257083098,
0,1,2,0,2,80,0,3,0,1,,,,,0,0,0,0,0,0,0,0,0,15,15,65,,,,,0,0,0,0,0,0,0,0,,,,,,,,,,,,,,,,,,,,,,,,,,,,,,,,,,,,,,216.60501800011843,None,216.60501800011843,None,216.60501800011843,None,216.60501800011843,None,218.61382339987904,None,2,0,2,11.225058400170278,80,1,3,1,221.71714239986613,None,r,221.71714239986613,None,Extremely Likely,2.108778699999988,1.1087786999999878,222.51489500002936,None,0.673475599847734,,,,,,,,,,,,0,,,,,,,Sub006,001,2022_Apr_25_1143,2_2_Rating_MRI_SEREcombine_Eyetracking,2021.2.3,60.0393257083098,
0,1,2,0,2,80,0,3,0,1,,,,,0,0,0,0,0,0,0,0,0,15,15,65,,,,,0,0,0,0,,,,,,,,,,,,,,,,,,,,,,,,,,,,,,,,,,,,,,,,,,,,,,,,,,,,2,0,2,,,,,1,,,,,,,,,,,,,,,,,,,,,,,0,,,,,,,Sub006,001,2022_Apr_25_1143,2_2_Rating_MRI_SEREcombine_Eyetracking,2021.2.3,60.0393257083098,
0,1,2,0,2,80,0,3,0,1,,,,,0,0,0,0,0,0,0,0,0,15,15,65,,,,,,,,,,,,,,,,,,,,,,,,,,,,,,,,,,,,,,,,,,,,,,,,,,,,,,,,,,,,2,0,2,,,,,1,,,,,,,,,,,,,,,,,,,,,,,0,,,,,,,Sub006,001,2022_Apr_25_1143,2_2_Rating_MRI_SEREcombine_Eyetracking,2021.2.3,60.0393257083098,
0,1,4,1,1,50,0,3,0,1,,,,,0,0,0,0,0,0,0,0,0,16,16,67,,,,,0,0,0,0,0,0,0,0,,,,,,,,,,,,,,,,,,,,,,,,,,,,,,,,,,,,,,224.7330537000671,None,224.7330537000671,None,224.7330537000671,None,224.7330537000671,None,226.74228869983926,None,4,1,1,29.890650970844263,50,1,3,1,229.83053789986297,None,g,229.83053789986297,None,Slightly Likely,2.095421399999992,1.0954213999999922,230.6635285001248,None,0.7139866002835333,,,,,,,,,,,,0,,,,,,,Sub006,001,2022_Apr_25_1143,2_2_Rating_MRI_SEREcombine_Eyetracking,2021.2.3,60.0393257083098,
0,1,4,1,1,50,0,3,0,1,,,,,0,0,0,0,0,0,0,0,0,16,16,67,,,,,0,0,0,0,,,,,,,,,,,,,,,,,,,,,,,,,,,,,,,,,,,,,,,,,,,,,,,,,,,,4,1,1,,,,,1,,,,,,,,,,,,,,,,,,,,,,,0,,,,,,,Sub006,001,2022_Apr_25_1143,2_2_Rating_MRI_SEREcombine_Eyetracking,2021.2.3,60.0393257083098,
0,1,4,1,1,50,0,3,0,1,,,,,0,0,0,0,0,0,0,0,0,16,16,67,,,,,,,,,,,,,,,,,,,,,,,,,,,,,,,,,,,,,,,,,,,,,,,,,,,,,,,,,,,,4,1,1,,,,,1,,,,,,,,,,,,,,,,,,,,,,,0,,,,,,,Sub006,001,2022_Apr_25_1143,2_2_Rating_MRI_SEREcombine_Eyetracking,2021.2.3,60.0393257083098,
0,1,7,2,1,50,0,3,0,1,,,,,0,0,0,0,0,0,0,0,0,17,17,61,,,,,0,0,0,0,0,0,0,0,,,,,,,,,,,,,,,,,,,,,,,,,,,,,,,,,,,,,,232.86620640009642,None,232.86620640009642,None,232.86620640009642,None,232.86620640009642,None,234.87954069999978,None,7,2,1,56.794452608204615,50,1,3,1,237.98119609989226,None,g,237.98119609989226,None,Slightly Likely,1.6623450000000162,0.6623450000000162,239.23449289985,None,1.1336674001067877,,,,,,,,,,,,0,,,,,,,Sub006,001,2022_Apr_25_1143,2_2_Rating_MRI_SEREcombine_Eyetracking,2021.2.3,60.0393257083098,
0,1,7,2,1,50,0,3,0,1,,,,,0,0,0,0,0,0,0,0,0,17,17,61,,,,,0,0,0,0,,,,,,,,,,,,,,,,,,,,,,,,,,,,,,,,,,,,,,,,,,,,,,,,,,,,7,2,1,,,,,1,,,,,,,,,,,,,,,,,,,,,,,0,,,,,,,Sub006,001,2022_Apr_25_1143,2_2_Rating_MRI_SEREcombine_Eyetracking,2021.2.3,60.0393257083098,
0,1,7,2,1,50,0,3,0,1,,,,,0,0,0,0,0,0,0,0,0,17,17,61,,,,,,,,,,,,,,,,,,,,,,,,,,,,,,,,,,,,,,,,,,,,,,,,,,,,,,,,,,,,7,2,1,,,,,1,,,,,,,,,,,,,,,,,,,,,,,0,,,,,,,Sub006,001,2022_Apr_25_1143,2_2_Rating_MRI_SEREcombine_Eyetracking,2021.2.3,60.0393257083098,
1,0,5,1,2,80,2,0,0,0,,,,,0,0,0,0,0,0,0,0,0,18,18,14,0,0,0,0,,,,,,,,,,,,,,,,,,,,,,,,,,,,,,,,,,,,,,,,,,,,,,,,,,,,,,,,5,1,2,29.890650970844263,80,0,,0,,,,,,,,,,,,241.00012050010264,None,241.00012050010264,None,241.00012050010264,None,241.00012050010264,None,243.01181389996782,None,2,0,,,,,,,Sub006,001,2022_Apr_25_1143,2_2_Rating_MRI_SEREcombine_Eyetracking,2021.2.3,60.0393257083098,
1,0,5,1,2,80,2,0,0,0,,,,,0,0,0,0,0,0,0,0,0,18,18,14,,,,,,,,,,,,,,,,,,,,,,,,,,,,,,,,,,,,,,,,,,,,,,,,,,,,,,,,,,,,5,1,2,,,,,0,,,,,,,,,,,,,,,,,,,,,,,0,,,,,,,Sub006,001,2022_Apr_25_1143,2_2_Rating_MRI_SEREcombine_Eyetracking,2021.2.3,60.0393257083098,
0,1,2,0,2,80,0,2,0,0,,,,,0,0,0,0,0,0,0,0,0,19,19,47,,,,,0,0,0,0,,,,,,,,,,,,,,,,,,,,,,,,,,,,,,,,,,,,,,,,,,245.093819799833,None,245.093819799833,None,245.093819799833,None,245.093819799833,None,247.1080983998254,None,2,0,2,11.225058400170278,80,1,2,0,,,,,,,,,,,,,,,,,,,,,,,0,,,,,,,Sub006,001,2022_Apr_25_1143,2_2_Rating_MRI_SEREcombine_Eyetracking,2021.2.3,60.0393257083098,
0,1,2,0,2,80,0,2,0,0,,,,,0,0,0,0,0,0,0,0,0,19,19,47,,,,,,,,,,,,,,,,,,,,,,,,,,,,,,,,,,,,,,,,,,,,,,,,,,,,,,,,,,,,2,0,2,,,,,0,,,,,,,,,,,,,,,,,,,,,,,0,,,,,,,Sub006,001,2022_Apr_25_1143,2_2_Rating_MRI_SEREcombine_Eyetracking,2021.2.3,60.0393257083098,
0,1,8,2,2,80,0,1,0,1,,,,,0,0,0,0,0,0,0,0,0,20,20,44,,,,,0,0,0,0,0,0,0,0,,,,,,,,,,,,,,,,,,,,,,,,,,,,,,,,,,,,,,249.21724249981344,None,249.21724249981344,None,249.21724249981344,None,249.21724249981344,None,251.20574419992045,None,8,2,2,56.794452608204615,80,1,1,1,252.31594630004838,None,r,252.31594630004838,None,Extremely Likely,2.2425850999999852,1.2425850999999852,253.00250709988177,None,0.5531080001965165,,,,,,,,,,,,0,,,,,,,Sub006,001,2022_Apr_25_1143,2_2_Rating_MRI_SEREcombine_Eyetracking,2021.2.3,60.0393257083098,
0,1,8,2,2,80,0,1,0,1,,,,,0,0,0,0,0,0,0,0,0,20,20,44,,,,,0,0,0,0,,,,,,,,,,,,,,,,,,,,,,,,,,,,,,,,,,,,,,,,,,,,,,,,,,,,8,2,2,,,,,1,,,,,,,,,,,,,,,,,,,,,,,0,,,,,,,Sub006,001,2022_Apr_25_1143,2_2_Rating_MRI_SEREcombine_Eyetracking,2021.2.3,60.0393257083098,
0,1,8,2,2,80,0,1,0,1,,,,,0,0,0,0,0,0,0,0,0,20,20,44,,,,,,,,,,,,,,,,,,,,,,,,,,,,,,,,,,,,,,,,,,,,,,,,,,,,,,,,,,,,8,2,2,,,,,1,,,,,,,,,,,,,,,,,,,,,,,0,,,,,,,Sub006,001,2022_Apr_25_1143,2_2_Rating_MRI_SEREcombine_Eyetracking,2021.2.3,60.0393257083098,
1,0,4,1,1,50,3,0,1,0,,,,,0,0,0,0,0,0,0,0,0,21,21,22,0,0,0,0,,,,,,,,,0,0,0,0,,,,,,,,,,,,,,,,,,,,,,,,,,,,,,,,,,,,,,,,,,,,4,1,1,29.890650970844263,50,0,,0,,,,,,Slightly Likely,2.2825487000000066,1.2825487000000066,261.0982630001381,None,,255.35120029980317,None,255.35120029980317,None,255.35120029980317,None,255.35120029980317,None,257.3407930000685,None,3,1,260.449566999916,None,g,0.5216481001116335,260.449566999916,None,Sub006,001,2022_Apr_25_1143,2_2_Rating_MRI_SEREcombine_Eyetracking,2021.2.3,60.0393257083098,
1,0,4,1,1,50,3,0,1,0,,,,,0,0,0,0,0,0,0,0,0,21,21,22,0,0,0,0,,,,,,,,,,,,,,,,,,,,,,,,,,,,,,,,,,,,,,,,,,,,,,,,,,,,,,,,4,1,1,,,,,0,,,,,,,,,,,,,,,,,,,,,,,1,,,,,,,Sub006,001,2022_Apr_25_1143,2_2_Rating_MRI_SEREcombine_Eyetracking,2021.2.3,60.0393257083098,
1,0,4,1,1,50,3,0,1,0,,,,,0,0,0,0,0,0,0,0,0,21,21,22,,,,,,,,,,,,,,,,,,,,,,,,,,,,,,,,,,,,,,,,,,,,,,,,,,,,,,,,,,,,4,1,1,,,,,0,,,,,,,,,,,,,,,,,,,,,,,1,,,,,,,Sub006,001,2022_Apr_25_1143,2_2_Rating_MRI_SEREcombine_Eyetracking,2021.2.3,60.0393257083098,
1,0,1,0,1,50,1,0,1,0,,,,,0,0,0,0,0,0,0,0,0,22,22,1,0,0,0,0,,,,,,,,,0,0,0,0,,,,,,,,,,,,,,,,,,,,,,,,,,,,,,,,,,,,,,,,,,,,1,0,1,11.225058400170278,50,0,,0,,,,,,Slightly Unlikely,2.132056900000009,1.1320569000000091,267.38582840003073,None,,263.48435459984466,None,263.48435459984466,None,263.48435459984466,None,263.48435459984466,None,265.49381970008835,None,1,1,266.60346939973533,None,y,0.6604142999276519,266.60346939973533,None,Sub006,001,2022_Apr_25_1143,2_2_Rating_MRI_SEREcombine_Eyetracking,2021.2.3,60.0393257083098,
1,0,1,0,1,50,1,0,1,0,,,,,0,0,0,0,0,0,0,0,0,22,22,1,0,0,0,0,,,,,,,,,,,,,,,,,,,,,,,,,,,,,,,,,,,,,,,,,,,,,,,,,,,,,,,,1,0,1,,,,,0,,,,,,,,,,,,,,,,,,,,,,,1,,,,,,,Sub006,001,2022_Apr_25_1143,2_2_Rating_MRI_SEREcombine_Eyetracking,2021.2.3,60.0393257083098,
1,0,1,0,1,50,1,0,1,0,,,,,0,0,0,0,0,0,0,0,0,22,22,1,,,,,,,,,,,,,,,,,,,,,,,,,,,,,,,,,,,,,,,,,,,,,,,,,,,,,,,,,,,,1,0,1,,,,,0,,,,,,,,,,,,,,,,,,,,,,,1,,,,,,,Sub006,001,2022_Apr_25_1143,2_2_Rating_MRI_SEREcombine_Eyetracking,2021.2.3,60.0393257083098,
1,0,3,1,0,20,1,0,1,0,,,,,0,0,0,0,0,0,0,0,0,23,23,3,0,0,0,0,,,,,,,,,0,0,0,0,,,,,,,,,,,,,,,,,,,,,,,,,,,,,,,,,,,,,,,,,,,,3,1,0,29.890650970844263,20,0,,0,,,,,,Slightly Unlikely,2.1814238000000046,1.1814238000000046,273.48112139990553,None,,269.61442749993876,None,269.61442749993876,None,269.61442749993876,None,269.61442749993876,None,271.62593099987134,None,1,1,272.7339300997555,None,y,0.6171320001594722,272.7339300997555,None,Sub006,001,2022_Apr_25_1143,2_2_Rating_MRI_SEREcombine_Eyetracking,2021.2.3,60.0393257083098,
1,0,3,1,0,20,1,0,1,0,,,,,0,0,0,0,0,0,0,0,0,23,23,3,0,0,0,0,,,,,,,,,,,,,,,,,,,,,,,,,,,,,,,,,,,,,,,,,,,,,,,,,,,,,,,,3,1,0,,,,,0,,,,,,,,,,,,,,,,,,,,,,,1,,,,,,,Sub006,001,2022_Apr_25_1143,2_2_Rating_MRI_SEREcombine_Eyetracking,2021.2.3,60.0393257083098,
1,0,3,1,0,20,1,0,1,0,,,,,0,0,0,0,0,0,0,0,0,23,23,3,,,,,,,,,,,,,,,,,,,,,,,,,,,,,,,,,,,,,,,,,,,,,,,,,,,,,,,,,,,,3,1,0,,,,,0,,,,,,,,,,,,,,,,,,,,,,,1,,,,,,,Sub006,001,2022_Apr_25_1143,2_2_Rating_MRI_SEREcombine_Eyetracking,2021.2.3,60.0393257083098,
1,0,4,1,1,50,2,0,0,0,,,,,0,0,0,0,0,0,0,0,0,24,24,13,0,0,0,0,,,,,,,,,,,,,,,,,,,,,,,,,,,,,,,,,,,,,,,,,,,,,,,,,,,,,,,,4,1,1,29.890650970844263,50,0,,0,,,,,,,,,,,,275.7449239999987,None,275.7449239999987,None,275.7449239999987,None,275.7449239999987,None,277.75688559981063,None,2,0,,,,,,,Sub006,001,2022_Apr_25_1143,2_2_Rating_MRI_SEREcombine_Eyetracking,2021.2.3,60.0393257083098,
1,0,4,1,1,50,2,0,0,0,,,,,0,0,0,0,0,0,0,0,0,24,24,13,,,,,,,,,,,,,,,,,,,,,,,,,,,,,,,,,,,,,,,,,,,,,,,,,,,,,,,,,,,,4,1,1,,,,,0,,,,,,,,,,,,,,,,,,,,,,,0,,,,,,,Sub006,001,2022_Apr_25_1143,2_2_Rating_MRI_SEREcombine_Eyetracking,2021.2.3,60.0393257083098,
0,1,1,0,1,50,0,2,0,0,,,,,0,0,0,0,0,0,0,0,0,25,25,46,,,,,0,0,0,0,,,,,,,,,,,,,,,,,,,,,,,,,,,,,,,,,,,,,,,,,,279.8653337000869,None,279.8653337000869,None,279.8653337000869,None,279.8653337000869,None,281.88194039976224,None,1,0,1,11.225058400170278,50,1,2,0,,,,,,,,,,,,,,,,,,,,,,,0,,,,,,,Sub006,001,2022_Apr_25_1143,2_2_Rating_MRI_SEREcombine_Eyetracking,2021.2.3,60.0393257083098,
0,1,1,0,1,50,0,2,0,0,,,,,0,0,0,0,0,0,0,0,0,25,25,46,,,,,,,,,,,,,,,,,,,,,,,,,,,,,,,,,,,,,,,,,,,,,,,,,,,,,,,,,,,,1,0,1,,,,,0,,,,,,,,,,,,,,,,,,,,,,,0,,,,,,,Sub006,001,2022_Apr_25_1143,2_2_Rating_MRI_SEREcombine_Eyetracking,2021.2.3,60.0393257083098,
0,1,0,0,0,20,0,2,0,0,,,,,0,0,0,0,0,0,0,0,0,26,26,45,,,,,0,0,0,0,,,,,,,,,,,,,,,,,,,,,,,,,,,,,,,,,,,,,,,,,,283.9839447000995,None,283.9839447000995,None,283.9839447000995,None,283.9839447000995,None,285.99902019975707,None,0,0,0,11.225058400170278,20,1,2,0,,,,,,,,,,,,,,,,,,,,,,,0,,,,,,,Sub006,001,2022_Apr_25_1143,2_2_Rating_MRI_SEREcombine_Eyetracking,2021.2.3,60.0393257083098,
0,1,0,0,0,20,0,2,0,0,,,,,0,0,0,0,0,0,0,0,0,26,26,45,,,,,,,,,,,,,,,,,,,,,,,,,,,,,,,,,,,,,,,,,,,,,,,,,,,,,,,,,,,,0,0,0,,,,,0,,,,,,,,,,,,,,,,,,,,,,,0,,,,,,,Sub006,001,2022_Apr_25_1143,2_2_Rating_MRI_SEREcombine_Eyetracking,2021.2.3,60.0393257083098,
1,0,0,0,0,20,1,0,1,0,,,,,0,0,0,0,0,0,0,0,0,27,27,0,0,0,0,0,,,,,,,,,0,0,0,0,,,,,,,,,,,,,,,,,,,,,,,,,,,,,,,,,,,,,,,,,,,,0,0,0,11.225058400170278,20,0,,0,,,,,,Slightly Likely,1.1747548000000165,0.17475480000001653,292.9507582997903,None,,288.10334699973464,None,288.10334699973464,None,288.10334699973464,None,288.10334699973464,None,290.0941882999614,None,1,1,291.20463129971176,None,g,1.626525700557977,291.20463129971176,None,Sub006,001,2022_Apr_25_1143,2_2_Rating_MRI_SEREcombine_Eyetracking,2021.2.3,60.0393257083098,
1,0,0,0,0,20,1,0,1,0,,,,,0,0,0,0,0,0,0,0,0,27,27,0,0,0,0,0,,,,,,,,,,,,,,,,,,,,,,,,,,,,,,,,,,,,,,,,,,,,,,,,,,,,,,,,0,0,0,,,,,0,,,,,,,,,,,,,,,,,,,,,,,1,,,,,,,Sub006,001,2022_Apr_25_1143,2_2_Rating_MRI_SEREcombine_Eyetracking,2021.2.3,60.0393257083098,
1,0,0,0,0,20,1,0,1,0,,,,,0,0,0,0,0,0,0,0,0,27,27,0,,,,,,,,,,,,,,,,,,,,,,,,,,,,,,,,,,,,,,,,,,,,,,,,,,,,,,,,,,,,0,0,0,,,,,0,,,,,,,,,,,,,,,,,,,,,,,1,,,,,,,Sub006,001,2022_Apr_25_1143,2_2_Rating_MRI_SEREcombine_Eyetracking,2021.2.3,60.0393257083098,
1,0,7,2,1,50,1,0,1,0,,,,,0,0,0,0,0,0,0,0,0,28,28,34,0,0,0,0,,,,,,,,,0,0,0,0,,,,,,,,,,,,,,,,,,,,,,,,,,,,,,,,,,,,,,,,,,,,7,2,1,56.794452608204615,50,0,,0,,,,,,Extremely Likely,2.064298000000008,1.064298000000008,298.1989850997925,None,,294.23537100013345,None,294.23537100013345,None,294.23537100013345,None,294.23537100013345,None,296.2464538998902,None,1,1,297.3518368001096,None,r,0.7225381000898778,297.3518368001096,None,Sub006,001,2022_Apr_25_1143,2_2_Rating_MRI_SEREcombine_Eyetracking,2021.2.3,60.0393257083098,
1,0,7,2,1,50,1,0,1,0,,,,,0,0,0,0,0,0,0,0,0,28,28,34,0,0,0,0,,,,,,,,,,,,,,,,,,,,,,,,,,,,,,,,,,,,,,,,,,,,,,,,,,,,,,,,7,2,1,,,,,0,,,,,,,,,,,,,,,,,,,,,,,1,,,,,,,Sub006,001,2022_Apr_25_1143,2_2_Rating_MRI_SEREcombine_Eyetracking,2021.2.3,60.0393257083098,
1,0,7,2,1,50,1,0,1,0,,,,,0,0,0,0,0,0,0,0,0,28,28,34,,,,,,,,,,,,,,,,,,,,,,,,,,,,,,,,,,,,,,,,,,,,,,,,,,,,,,,,,,,,7,2,1,,,,,0,,,,,,,,,,,,,,,,,,,,,,,1,,,,,,,Sub006,001,2022_Apr_25_1143,2_2_Rating_MRI_SEREcombine_Eyetracking,2021.2.3,60.0393257083098,
0,1,5,1,2,80,0,3,0,1,,,,,0,0,0,0,0,0,0,0,0,29,29,59,,,,,0,0,0,0,0,0,0,0,,,,,,,,,,,,,,,,,,,,,,,,,,,,,,,,,,,,,,300.3675967999734,None,300.3675967999734,None,300.3675967999734,None,300.3675967999734,None,302.38434029975906,None,5,1,2,29.890650970844263,80,1,3,1,305.4794014999643,None,r,305.4794014999643,None,Extremely Likely,2.1282547000000136,1.1282547000000136,306.26697390014306,None,0.660680300090462,,,,,,,,,,,,0,,,,,,,Sub006,001,2022_Apr_25_1143,2_2_Rating_MRI_SEREcombine_Eyetracking,2021.2.3,60.0393257083098,
0,1,5,1,2,80,0,3,0,1,,,,,0,0,0,0,0,0,0,0,0,29,29,59,,,,,0,0,0,0,,,,,,,,,,,,,,,,,,,,,,,,,,,,,,,,,,,,,,,,,,,,,,,,,,,,5,1,2,,,,,1,,,,,,,,,,,,,,,,,,,,,,,0,,,,,,,Sub006,001,2022_Apr_25_1143,2_2_Rating_MRI_SEREcombine_Eyetracking,2021.2.3,60.0393257083098,
0,1,5,1,2,80,0,3,0,1,,,,,0,0,0,0,0,0,0,0,0,29,29,59,,,,,,,,,,,,,,,,,,,,,,,,,,,,,,,,,,,,,,,,,,,,,,,,,,,,,,,,,,,,5,1,2,,,,,1,,,,,,,,,,,,,,,,,,,,,,,0,,,,,,,Sub006,001,2022_Apr_25_1143,2_2_Rating_MRI_SEREcombine_Eyetracking,2021.2.3,60.0393257083098,
0,1,6,2,0,20,0,2,0,0,,,,,0,0,0,0,0,0,0,0,0,30,30,51,,,,,0,0,0,0,,,,,,,,,,,,,,,,,,,,,,,,,,,,,,,,,,,,,,,,,,308.5009070998058,None,308.5009070998058,None,308.5009070998058,None,308.5009070998058,None,310.5190483001061,None,6,2,0,56.794452608204615,20,1,2,0,,,,,,,,,,,,,,,,,,,,,,,0,,,,,,,Sub006,001,2022_Apr_25_1143,2_2_Rating_MRI_SEREcombine_Eyetracking,2021.2.3,60.0393257083098,
0,1,6,2,0,20,0,2,0,0,,,,,0,0,0,0,0,0,0,0,0,30,30,51,,,,,,,,,,,,,,,,,,,,,,,,,,,,,,,,,,,,,,,,,,,,,,,,,,,,,,,,,,,,6,2,0,,,,,0,,,,,,,,,,,,,,,,,,,,,,,0,,,,,,,Sub006,001,2022_Apr_25_1143,2_2_Rating_MRI_SEREcombine_Eyetracking,2021.2.3,60.0393257083098,
0,1,2,0,2,80,0,1,0,1,,,,,0,0,0,0,0,0,0,0,0,31,31,38,,,,,0,0,0,0,0,0,0,0,,,,,,,,,,,,,,,,,,,,,,,,,,,,,,,,,,,,,,312.6346706999466,None,312.6346706999466,None,312.6346706999466,None,312.6346706999466,None,314.6468710000627,None,2,0,2,11.225058400170278,80,1,1,1,315.7538636000827,None,g,315.7538636000827,None,Slightly Likely,2.2583660999999893,1.2583660999999893,316.4002400999889,None,0.5148443998768926,,,,,,,,,,,,0,,,,,,,Sub006,001,2022_Apr_25_1143,2_2_Rating_MRI_SEREcombine_Eyetracking,2021.2.3,60.0393257083098,
0,1,2,0,2,80,0,1,0,1,,,,,0,0,0,0,0,0,0,0,0,31,31,38,,,,,0,0,0,0,,,,,,,,,,,,,,,,,,,,,,,,,,,,,,,,,,,,,,,,,,,,,,,,,,,,2,0,2,,,,,1,,,,,,,,,,,,,,,,,,,,,,,0,,,,,,,Sub006,001,2022_Apr_25_1143,2_2_Rating_MRI_SEREcombine_Eyetracking,2021.2.3,60.0393257083098,
0,1,2,0,2,80,0,1,0,1,,,,,0,0,0,0,0,0,0,0,0,31,31,38,,,,,,,,,,,,,,,,,,,,,,,,,,,,,,,,,,,,,,,,,,,,,,,,,,,,,,,,,,,,2,0,2,,,,,1,,,,,,,,,,,,,,,,,,,,,,,0,,,,,,,Sub006,001,2022_Apr_25_1143,2_2_Rating_MRI_SEREcombine_Eyetracking,2021.2.3,60.0393257083098,
0,1,3,1,0,20,0,3,0,1,,,,,0,0,0,0,0,0,0,0,0,32,32,57,,,,,0,0,0,0,0,0,0,0,,,,,,,,,,,,,,,,,,,,,,,,,,,,,,,,,,,,,,318.77204830013216,None,318.77204830013216,None,318.77204830013216,None,318.77204830013216,None,320.7783663999289,None,3,1,0,29.890650970844263,20,1,3,1,323.88894530013204,None,y,323.88894530013204,None,Slightly Unlikely,1.4172295999999847,0.41722959999998466,325.384520099964,None,1.3693792005069554,,,,,,,,,,,,0,,,,,,,Sub006,001,2022_Apr_25_1143,2_2_Rating_MRI_SEREcombine_Eyetracking,2021.2.3,60.0393257083098,
0,1,3,1,0,20,0,3,0,1,,,,,0,0,0,0,0,0,0,0,0,32,32,57,,,,,0,0,0,0,,,,,,,,,,,,,,,,,,,,,,,,,,,,,,,,,,,,,,,,,,,,,,,,,,,,3,1,0,,,,,1,,,,,,,,,,,,,,,,,,,,,,,0,,,,,,,Sub006,001,2022_Apr_25_1143,2_2_Rating_MRI_SEREcombine_Eyetracking,2021.2.3,60.0393257083098,
0,1,3,1,0,20,0,3,0,1,,,,,0,0,0,0,0,0,0,0,0,32,32,57,,,,,,,,,,,,,,,,,,,,,,,,,,,,,,,,,,,,,,,,,,,,,,,,,,,,,,,,,,,,3,1,0,,,,,1,,,,,,,,,,,,,,,,,,,,,,,0,,,,,,,Sub006,001,2022_Apr_25_1143,2_2_Rating_MRI_SEREcombine_Eyetracking,2021.2.3,60.0393257083098,
1,0,0,0,0,20,1,0,1,0,,,,,0,0,0,0,0,0,0,0,0,33,33,27,0,0,0,0,,,,,,,,,0,0,0,0,,,,,,,,,,,,,,,,,,,,,,,,,,,,,,,,,,,,,,,,,,,,0,0,0,11.225058400170278,20,0,,0,,,,,,Slightly Likely,2.3017135000000053,1.3017135000000053,330.6555154998787,None,,326.89887590007856,None,326.89887590007856,None,326.89887590007856,None,326.89887590007856,None,328.9332130998373,None,1,1,330.0351038998924,None,g,0.48744270019233227,330.0351038998924,None,Sub006,001,2022_Apr_25_1143,2_2_Rating_MRI_SEREcombine_Eyetracking,2021.2.3,60.0393257083098,
1,0,0,0,0,20,1,0,1,0,,,,,0,0,0,0,0,0,0,0,0,33,33,27,0,0,0,0,,,,,,,,,,,,,,,,,,,,,,,,,,,,,,,,,,,,,,,,,,,,,,,,,,,,,,,,0,0,0,,,,,0,,,,,,,,,,,,,,,,,,,,,,,1,,,,,,,Sub006,001,2022_Apr_25_1143,2_2_Rating_MRI_SEREcombine_Eyetracking,2021.2.3,60.0393257083098,
1,0,0,0,0,20,1,0,1,0,,,,,0,0,0,0,0,0,0,0,0,33,33,27,,,,,,,,,,,,,,,,,,,,,,,,,,,,,,,,,,,,,,,,,,,,,,,,,,,,,,,,,,,,0,0,0,,,,,0,,,,,,,,,,,,,,,,,,,,,,,1,,,,,,,Sub006,001,2022_Apr_25_1143,2_2_Rating_MRI_SEREcombine_Eyetracking,2021.2.3,60.0393257083098,
1,0,1,0,1,50,2,0,1,0,,,,,0,0,0,0,0,0,0,0,0,34,34,28,0,0,0,0,,,,,,,,,0,0,0,0,,,,,,,,,,,,,,,,,,,,,,,,,,,,,,,,,,,,,,,,,,,,1,0,1,11.225058400170278,50,0,,0,,,,,,Slightly Unlikely,2.379753600000015,1.379753600000015,337.71953709982336,None,,333.072762100026,None,333.072762100026,None,333.072762100026,None,333.072762100026,None,335.08526099985465,None,2,1,337.1827266998589,None,y,0.4093371001072228,337.1827266998589,None,Sub006,001,2022_Apr_25_1143,2_2_Rating_MRI_SEREcombine_Eyetracking,2021.2.3,60.0393257083098,
1,0,1,0,1,50,2,0,1,0,,,,,0,0,0,0,0,0,0,0,0,34,34,28,0,0,0,0,,,,,,,,,,,,,,,,,,,,,,,,,,,,,,,,,,,,,,,,,,,,,,,,,,,,,,,,1,0,1,,,,,0,,,,,,,,,,,,,,,,,,,,,,,1,,,,,,,Sub006,001,2022_Apr_25_1143,2_2_Rating_MRI_SEREcombine_Eyetracking,2021.2.3,60.0393257083098,
1,0,1,0,1,50,2,0,1,0,,,,,0,0,0,0,0,0,0,0,0,34,34,28,,,,,,,,,,,,,,,,,,,,,,,,,,,,,,,,,,,,,,,,,,,,,,,,,,,,,,,,,,,,1,0,1,,,,,0,,,,,,,,,,,,,,,,,,,,,,,1,,,,,,,Sub006,001,2022_Apr_25_1143,2_2_Rating_MRI_SEREcombine_Eyetracking,2021.2.3,60.0393257083098,
1,0,7,2,1,50,2,0,0,0,,,,,0,0,0,0,0,0,0,0,0,35,35,16,0,0,0,0,,,,,,,,,,,,,,,,,,,,,,,,,,,,,,,,,,,,,,,,,,,,,,,,,,,,,,,,7,2,1,56.794452608204615,50,0,,0,,,,,,,,,,,,340.1823307997547,None,340.1823307997547,None,340.1823307997547,None,340.1823307997547,None,342.1960041997954,None,2,0,,,,,,,Sub006,001,2022_Apr_25_1143,2_2_Rating_MRI_SEREcombine_Eyetracking,2021.2.3,60.0393257083098,
1,0,7,2,1,50,2,0,0,0,,,,,0,0,0,0,0,0,0,0,0,35,35,16,,,,,,,,,,,,,,,,,,,,,,,,,,,,,,,,,,,,,,,,,,,,,,,,,,,,,,,,,,,,7,2,1,,,,,0,,,,,,,,,,,,,,,,,,,,,,,0,,,,,,,Sub006,001,2022_Apr_25_1143,2_2_Rating_MRI_SEREcombine_Eyetracking,2021.2.3,60.0393257083098,
0,1,1,0,1,50,0,1,0,1,,,,,0,0,0,0,0,0,0,0,0,36,36,37,,,,,0,0,0,0,0,0,0,0,,,,,,,,,,,,,,,,,,,,,,,,,,,,,,,,,,,,,,344.30275849998,None,344.30275849998,None,344.30275849998,None,344.30275849998,None,346.32023279974237,None,1,0,1,11.225058400170278,50,1,1,1,347.41527220001444,None,r,347.41527220001444,None,Extremely Likely,1.9072393999999804,0.9072393999999804,348.4211097997613,None,0.8819920001551509,,,,,,,,,,,,0,,,,,,,Sub006,001,2022_Apr_25_1143,2_2_Rating_MRI_SEREcombine_Eyetracking,2021.2.3,60.0393257083098,
0,1,1,0,1,50,0,1,0,1,,,,,0,0,0,0,0,0,0,0,0,36,36,37,,,,,0,0,0,0,,,,,,,,,,,,,,,,,,,,,,,,,,,,,,,,,,,,,,,,,,,,,,,,,,,,1,0,1,,,,,1,,,,,,,,,,,,,,,,,,,,,,,0,,,,,,,Sub006,001,2022_Apr_25_1143,2_2_Rating_MRI_SEREcombine_Eyetracking,2021.2.3,60.0393257083098,
0,1,1,0,1,50,0,1,0,1,,,,,0,0,0,0,0,0,0,0,0,36,36,37,,,,,,,,,,,,,,,,,,,,,,,,,,,,,,,,,,,,,,,,,,,,,,,,,,,,,,,,,,,,1,0,1,,,,,1,,,,,,,,,,,,,,,,,,,,,,,0,,,,,,,Sub006,001,2022_Apr_25_1143,2_2_Rating_MRI_SEREcombine_Eyetracking,2021.2.3,60.0393257083098,
0,1,7,2,1,50,0,2,0,0,,,,,0,0,0,0,0,0,0,0,0,37,37,52,,,,,0,0,0,0,,,,,,,,,,,,,,,,,,,,,,,,,,,,,,,,,,,,,,,,,,350.41476419987157,None,350.41476419987157,None,350.41476419987157,None,350.41476419987157,None,352.4517294000834,None,7,2,1,56.794452608204615,50,1,2,0,,,,,,,,,,,,,,,,,,,,,,,0,,,,,,,Sub006,001,2022_Apr_25_1143,2_2_Rating_MRI_SEREcombine_Eyetracking,2021.2.3,60.0393257083098,
0,1,7,2,1,50,0,2,0,0,,,,,0,0,0,0,0,0,0,0,0,37,37,52,,,,,,,,,,,,,,,,,,,,,,,,,,,,,,,,,,,,,,,,,,,,,,,,,,,,,,,,,,,,7,2,1,,,,,0,,,,,,,,,,,,,,,,,,,,,,,0,,,,,,,Sub006,001,2022_Apr_25_1143,2_2_Rating_MRI_SEREcombine_Eyetracking,2021.2.3,60.0393257083098,
0,1,0,0,0,20,0,2,0,1,,,,,0,0,0,0,0,0,0,0,0,38,38,63,,,,,0,0,0,0,0,0,0,0,,,,,,,,,,,,,,,,,,,,,,,,,,,,,,,,,,,,,,354.5578386001289,None,354.5578386001289,None,354.5578386001289,None,354.5578386001289,None,356.54711179994047,None,0,0,0,11.225058400170278,20,1,2,1,358.6555298999883,None,g,358.6555298999883,None,Slightly Likely,2.3236850000000118,1.3236850000000118,359.2509661000222,None,0.47093220008537173,,,,,,,,,,,,0,,,,,,,Sub006,001,2022_Apr_25_1143,2_2_Rating_MRI_SEREcombine_Eyetracking,2021.2.3,60.0393257083098,
0,1,0,0,0,20,0,2,0,1,,,,,0,0,0,0,0,0,0,0,0,38,38,63,,,,,0,0,0,0,,,,,,,,,,,,,,,,,,,,,,,,,,,,,,,,,,,,,,,,,,,,,,,,,,,,0,0,0,,,,,1,,,,,,,,,,,,,,,,,,,,,,,0,,,,,,,Sub006,001,2022_Apr_25_1143,2_2_Rating_MRI_SEREcombine_Eyetracking,2021.2.3,60.0393257083098,
0,1,0,0,0,20,0,2,0,1,,,,,0,0,0,0,0,0,0,0,0,38,38,63,,,,,,,,,,,,,,,,,,,,,,,,,,,,,,,,,,,,,,,,,,,,,,,,,,,,,,,,,,,,0,0,0,,,,,1,,,,,,,,,,,,,,,,,,,,,,,0,,,,,,,Sub006,001,2022_Apr_25_1143,2_2_Rating_MRI_SEREcombine_Eyetracking,2021.2.3,60.0393257083098,
1,0,6,2,0,20,3,0,1,0,,,,,0,0,0,0,0,0,0,0,0,39,39,24,0,0,0,0,,,,,,,,,0,0,0,0,,,,,,,,,,,,,,,,,,,,,,,,,,,,,,,,,,,,,,,,,,,,6,2,0,56.794452608204615,20,0,,0,,,,,,Extremely Likely,2.078550699999994,1.0785506999999939,367.64010479999706,None,,361.6857014000416,None,361.6857014000416,None,361.6857014000416,None,361.6857014000416,None,363.677421499975,None,3,1,366.7889207000844,None,r,0.7217334001325071,366.7889207000844,None,Sub006,001,2022_Apr_25_1143,2_2_Rating_MRI_SEREcombine_Eyetracking,2021.2.3,60.0393257083098,
1,0,6,2,0,20,3,0,1,0,,,,,0,0,0,0,0,0,0,0,0,39,39,24,0,0,0,0,,,,,,,,,,,,,,,,,,,,,,,,,,,,,,,,,,,,,,,,,,,,,,,,,,,,,,,,6,2,0,,,,,0,,,,,,,,,,,,,,,,,,,,,,,1,,,,,,,Sub006,001,2022_Apr_25_1143,2_2_Rating_MRI_SEREcombine_Eyetracking,2021.2.3,60.0393257083098,
1,0,6,2,0,20,3,0,1,0,,,,,0,0,0,0,0,0,0,0,0,39,39,24,,,,,,,,,,,,,,,,,,,,,,,,,,,,,,,,,,,,,,,,,,,,,,,,,,,,,,,,,,,,6,2,0,,,,,0,,,,,,,,,,,,,,,,,,,,,,,1,,,,,,,Sub006,001,2022_Apr_25_1143,2_2_Rating_MRI_SEREcombine_Eyetracking,2021.2.3,60.0393257083098,
1,0,2,0,2,80,3,0,1,0,,,,,0,0,0,0,0,0,0,0,0,40,40,20,0,0,0,0,,,,,,,,,0,0,0,0,,,,,,,,,,,,,,,,,,,,,,,,,,,,,,,,,,,,,,,,,,,,2,0,2,11.225058400170278,80,0,,0,,,,,,Slightly Unlikely,1.0798619000000258,0.0798619000000258,376.77239309996367,None,,369.7990784998983,None,369.7990784998983,None,369.7990784998983,None,369.7990784998983,None,371.8308210000396,None,3,1,374.91823330009356,None,y,1.7197572002187371,374.91823330009356,None,Sub006,001,2022_Apr_25_1143,2_2_Rating_MRI_SEREcombine_Eyetracking,2021.2.3,60.0393257083098,
1,0,2,0,2,80,3,0,1,0,,,,,0,0,0,0,0,0,0,0,0,40,40,20,0,0,0,0,,,,,,,,,,,,,,,,,,,,,,,,,,,,,,,,,,,,,,,,,,,,,,,,,,,,,,,,2,0,2,,,,,0,,,,,,,,,,,,,,,,,,,,,,,1,,,,,,,Sub006,001,2022_Apr_25_1143,2_2_Rating_MRI_SEREcombine_Eyetracking,2021.2.3,60.0393257083098,
1,0,2,0,2,80,3,0,1,0,,,,,0,0,0,0,0,0,0,0,0,40,40,20,,,,,,,,,,,,,,,,,,,,,,,,,,,,,,,,,,,,,,,,,,,,,,,,,,,,,,,,,,,,2,0,2,,,,,0,,,,,,,,,,,,,,,,,,,,,,,1,,,,,,,Sub006,001,2022_Apr_25_1143,2_2_Rating_MRI_SEREcombine_Eyetracking,2021.2.3,60.0393257083098,
1,0,0,0,0,20,3,0,1,0,,,,,0,0,0,0,0,0,0,0,0,41,41,18,0,0,0,0,,,,,,,,,0,0,0,0,,,,,,,,,,,,,,,,,,,,,,,,,,,,,,,,,,,,,,,,,,,,0,0,0,11.225058400170278,20,0,,0,,,,,,Extremely Unlikely,2.0794037000000003,1.0794037000000003,383.905169100035,None,,377.9544922998175,None,377.9544922998175,None,377.9544922998175,None,377.9544922998175,None,379.94527589995414,None,3,1,383.05878950003535,None,b,0.7273754002526402,383.05878950003535,None,Sub006,001,2022_Apr_25_1143,2_2_Rating_MRI_SEREcombine_Eyetracking,2021.2.3,60.0393257083098,
1,0,0,0,0,20,3,0,1,0,,,,,0,0,0,0,0,0,0,0,0,41,41,18,0,0,0,0,,,,,,,,,,,,,,,,,,,,,,,,,,,,,,,,,,,,,,,,,,,,,,,,,,,,,,,,0,0,0,,,,,0,,,,,,,,,,,,,,,,,,,,,,,1,,,,,,,Sub006,001,2022_Apr_25_1143,2_2_Rating_MRI_SEREcombine_Eyetracking,2021.2.3,60.0393257083098,
1,0,0,0,0,20,3,0,1,0,,,,,0,0,0,0,0,0,0,0,0,41,41,18,,,,,,,,,,,,,,,,,,,,,,,,,,,,,,,,,,,,,,,,,,,,,,,,,,,,,,,,,,,,0,0,0,,,,,0,,,,,,,,,,,,,,,,,,,,,,,1,,,,,,,Sub006,001,2022_Apr_25_1143,2_2_Rating_MRI_SEREcombine_Eyetracking,2021.2.3,60.0393257083098,
1,0,5,1,2,80,1,0,1,0,,,,,0,0,0,0,0,0,0,0,0,42,42,32,0,0,0,0,,,,,,,,,0,0,0,0,,,,,,,,,,,,,,,,,,,,,,,,,,,,,,,,,,,,,,,,,,,,5,1,2,29.890650970844263,80,0,,0,,,,,,Extremely Likely,2.216731100000004,1.216731100000004,389.9054276999086,None,,386.0694911996834,None,386.0694911996834,None,386.0694911996834,None,386.0694911996834,None,388.10060069989413,None,1,1,389.18434999976307,None,r,0.6013168003410101,389.18434999976307,None,Sub006,001,2022_Apr_25_1143,2_2_Rating_MRI_SEREcombine_Eyetracking,2021.2.3,60.0393257083098,
1,0,5,1,2,80,1,0,1,0,,,,,0,0,0,0,0,0,0,0,0,42,42,32,0,0,0,0,,,,,,,,,,,,,,,,,,,,,,,,,,,,,,,,,,,,,,,,,,,,,,,,,,,,,,,,5,1,2,,,,,0,,,,,,,,,,,,,,,,,,,,,,,1,,,,,,,Sub006,001,2022_Apr_25_1143,2_2_Rating_MRI_SEREcombine_Eyetracking,2021.2.3,60.0393257083098,
1,0,5,1,2,80,1,0,1,0,,,,,0,0,0,0,0,0,0,0,0,42,42,32,,,,,,,,,,,,,,,,,,,,,,,,,,,,,,,,,,,,,,,,,,,,,,,,,,,,,,,,,,,,5,1,2,,,,,0,,,,,,,,,,,,,,,,,,,,,,,1,,,,,,,Sub006,001,2022_Apr_25_1143,2_2_Rating_MRI_SEREcombine_Eyetracking,2021.2.3,60.0393257083098,
1,0,5,1,2,80,3,0,1,0,,,,,0,0,0,0,0,0,0,0,0,43,43,23,0,0,0,0,,,,,,,,,0,0,0,0,,,,,,,,,,,,,,,,,,,,,,,,,,,,,,,,,,,,,,,,,,,,5,1,2,29.890650970844263,80,0,,0,,,,,,Extremely Likely,2.183396900000048,1.183396900000048,398.0870742998086,None,,392.24194339988753,None,392.24194339988753,None,392.24194339988753,None,392.24194339988753,None,394.253712200094,None,3,1,397.35596039984375,None,r,0.6025336002930999,397.35596039984375,None,Sub006,001,2022_Apr_25_1143,2_2_Rating_MRI_SEREcombine_Eyetracking,2021.2.3,60.0393257083098,
1,0,5,1,2,80,3,0,1,0,,,,,0,0,0,0,0,0,0,0,0,43,43,23,0,0,0,0,,,,,,,,,,,,,,,,,,,,,,,,,,,,,,,,,,,,,,,,,,,,,,,,,,,,,,,,5,1,2,,,,,0,,,,,,,,,,,,,,,,,,,,,,,1,,,,,,,Sub006,001,2022_Apr_25_1143,2_2_Rating_MRI_SEREcombine_Eyetracking,2021.2.3,60.0393257083098,
1,0,5,1,2,80,3,0,1,0,,,,,0,0,0,0,0,0,0,0,0,43,43,23,,,,,,,,,,,,,,,,,,,,,,,,,,,,,,,,,,,,,,,,,,,,,,,,,,,,,,,,,,,,5,1,2,,,,,0,,,,,,,,,,,,,,,,,,,,,,,1,,,,,,,Sub006,001,2022_Apr_25_1143,2_2_Rating_MRI_SEREcombine_Eyetracking,2021.2.3,60.0393257083098,
0,1,1,0,1,50,0,3,0,1,,,,,0,0,0,0,0,0,0,0,0,44,44,55,,,,,0,0,0,0,0,0,0,0,,,,,,,,,,,,,,,,,,,,,,,,,,,,,,,,,,,,,,400.3740177997388,None,400.3740177997388,None,400.3740177997388,None,400.3740177997388,None,402.385372299701,None,1,0,1,11.225058400170278,50,1,3,1,405.4930905001238,None,None,405.4930905001238,None,,0.8996562000000381,-0.1003437999999619,407.4817341999151,None,,,,,,,,,,,,,0,,,,,,,Sub006,001,2022_Apr_25_1143,2_2_Rating_MRI_SEREcombine_Eyetracking,2021.2.3,60.0393257083098,
0,1,1,0,1,50,0,3,0,1,,,,,0,0,0,0,0,0,0,0,0,44,44,55,,,,,0,0,0,0,,,,,,,,,,,,,,,,,,,,,,,,,,,,,,,,,,,,,,,,,,,,,,,,,,,,1,0,1,,,,,1,,,,,,,,,,,,,,,,,,,,,,,0,,,,,,,Sub006,001,2022_Apr_25_1143,2_2_Rating_MRI_SEREcombine_Eyetracking,2021.2.3,60.0393257083098,
0,1,1,0,1,50,0,3,0,1,,,,,0,0,0,0,0,0,0,0,0,44,44,55,,,,,,,,,,,,,,,,,,,,,,,,,,,,,,,,,,,,,,,,,,,,,,,,,,,,,,,,,,,,1,0,1,,,,,1,,,,,,,,,,,,,,,,,,,,,,,0,,,,,,,Sub006,001,2022_Apr_25_1143,2_2_Rating_MRI_SEREcombine_Eyetracking,2021.2.3,60.0393257083098,
1,0,4,1,1,50,3,0,1,0,,,,,0,0,0,0,0,0,0,0,0,45,45,31,0,0,0,0,,,,,,,,,0,0,0,0,,,,,,,,,,,,,,,,,,,,,,,,,,,,,,,,,,,,,,,,,,,,4,1,1,29.890650970844263,50,0,,0,,,,,,Slightly Likely,2.399720500000001,1.3997205000000008,414.0990277999081,None,,408.4681323999539,None,408.4681323999539,None,408.4681323999539,None,408.4681323999539,None,410.50099019985646,None,3,1,413.6109416000545,None,g,0.38799600023776293,413.6109416000545,None,Sub006,001,2022_Apr_25_1143,2_2_Rating_MRI_SEREcombine_Eyetracking,2021.2.3,60.0393257083098,
1,0,4,1,1,50,3,0,1,0,,,,,0,0,0,0,0,0,0,0,0,45,45,31,0,0,0,0,,,,,,,,,,,,,,,,,,,,,,,,,,,,,,,,,,,,,,,,,,,,,,,,,,,,,,,,4,1,1,,,,,0,,,,,,,,,,,,,,,,,,,,,,,1,,,,,,,Sub006,001,2022_Apr_25_1143,2_2_Rating_MRI_SEREcombine_Eyetracking,2021.2.3,60.0393257083098,
1,0,4,1,1,50,3,0,1,0,,,,,0,0,0,0,0,0,0,0,0,45,45,31,,,,,,,,,,,,,,,,,,,,,,,,,,,,,,,,,,,,,,,,,,,,,,,,,,,,,,,,,,,,4,1,1,,,,,0,,,,,,,,,,,,,,,,,,,,,,,1,,,,,,,Sub006,001,2022_Apr_25_1143,2_2_Rating_MRI_SEREcombine_Eyetracking,2021.2.3,60.0393257083098,
1,0,8,2,2,80,1,0,1,0,,,,,0,0,0,0,0,0,0,0,0,46,46,8,0,0,0,0,,,,,,,,,0,0,0,0,,,,,,,,,,,,,,,,,,,,,,,,,,,,,,,,,,,,,,,,,,,,8,2,2,56.794452608204615,80,0,,0,,,,,,Extremely Likely,2.434615600000029,1.4346156000000292,420.2065320997499,None,,416.6128523997031,None,416.6128523997031,None,416.6128523997031,None,416.6128523997031,None,418.5969329001382,None,1,1,419.7074291999452,None,r,0.3709388002753258,419.7074291999452,None,Sub006,001,2022_Apr_25_1143,2_2_Rating_MRI_SEREcombine_Eyetracking,2021.2.3,60.0393257083098,
1,0,8,2,2,80,1,0,1,0,,,,,0,0,0,0,0,0,0,0,0,46,46,8,0,0,0,0,,,,,,,,,,,,,,,,,,,,,,,,,,,,,,,,,,,,,,,,,,,,,,,,,,,,,,,,8,2,2,,,,,0,,,,,,,,,,,,,,,,,,,,,,,1,,,,,,,Sub006,001,2022_Apr_25_1143,2_2_Rating_MRI_SEREcombine_Eyetracking,2021.2.3,60.0393257083098,
1,0,8,2,2,80,1,0,1,0,,,,,0,0,0,0,0,0,0,0,0,46,46,8,,,,,,,,,,,,,,,,,,,,,,,,,,,,,,,,,,,,,,,,,,,,,,,,,,,,,,,,,,,,8,2,2,,,,,0,,,,,,,,,,,,,,,,,,,,,,,1,,,,,,,Sub006,001,2022_Apr_25_1143,2_2_Rating_MRI_SEREcombine_Eyetracking,2021.2.3,60.0393257083098,
0,1,5,1,2,80,0,2,0,0,,,,,0,0,0,0,0,0,0,0,0,47,47,50,,,,,0,0,0,0,,,,,,,,,,,,,,,,,,,,,,,,,,,,,,,,,,,,,,,,,,422.7578823999502,None,422.7578823999502,None,422.7578823999502,None,422.7578823999502,None,424.77020919974893,None,5,1,2,29.890650970844263,80,1,2,0,,,,,,,,,,,,,,,,,,,,,,,0,,,,,,,Sub006,001,2022_Apr_25_1143,2_2_Rating_MRI_SEREcombine_Eyetracking,2021.2.3,60.0393257083098,
0,1,5,1,2,80,0,2,0,0,,,,,0,0,0,0,0,0,0,0,0,47,47,50,,,,,,,,,,,,,,,,,,,,,,,,,,,,,,,,,,,,,,,,,,,,,,,,,,,,,,,,,,,,5,1,2,,,,,0,,,,,,,,,,,,,,,,,,,,,,,0,,,,,,,Sub006,001,2022_Apr_25_1143,2_2_Rating_MRI_SEREcombine_Eyetracking,2021.2.3,60.0393257083098,
1,0,7,2,1,50,3,0,1,0,,,,,0,0,0,0,0,0,0,0,0,48,48,25,0,0,0,0,,,,,,,,,0,0,0,0,,,,,,,,,,,,,,,,,,,,,,,,,,,,,,,,,,,,,,,,,,,,7,2,1,56.794452608204615,50,0,,0,,,,,,Extremely Likely,2.304882399999997,1.3048823999999968,432.5926073999144,None,,426.871405699756,None,426.871405699756,None,426.871405699756,None,426.871405699756,None,428.8901339001022,None,3,1,431.9852219996974,None,r,0.4731549001298845,431.9852219996974,None,Sub006,001,2022_Apr_25_1143,2_2_Rating_MRI_SEREcombine_Eyetracking,2021.2.3,60.0393257083098,
1,0,7,2,1,50,3,0,1,0,,,,,0,0,0,0,0,0,0,0,0,48,48,25,0,0,0,0,,,,,,,,,,,,,,,,,,,,,,,,,,,,,,,,,,,,,,,,,,,,,,,,,,,,,,,,7,2,1,,,,,0,,,,,,,,,,,,,,,,,,,,,,,1,,,,,,,Sub006,001,2022_Apr_25_1143,2_2_Rating_MRI_SEREcombine_Eyetracking,2021.2.3,60.0393257083098,
1,0,7,2,1,50,3,0,1,0,,,,,0,0,0,0,0,0,0,0,0,48,48,25,,,,,,,,,,,,,,,,,,,,,,,,,,,,,,,,,,,,,,,,,,,,,,,,,,,,,,,,,,,,7,2,1,,,,,0,,,,,,,,,,,,,,,,,,,,,,,1,,,,,,,Sub006,001,2022_Apr_25_1143,2_2_Rating_MRI_SEREcombine_Eyetracking,2021.2.3,60.0393257083098,
0,1,7,2,1,50,0,1,0,1,,,,,0,0,0,0,0,0,0,0,0,49,49,43,,,,,0,0,0,0,0,0,0,0,,,,,,,,,,,,,,,,,,,,,,,,,,,,,,,,,,,,,,434.987550499849,None,434.987550499849,None,434.987550499849,None,434.987550499849,None,436.9940575999208,None,7,2,1,56.794452608204615,50,1,1,1,438.10734230000526,None,g,438.10734230000526,None,Slightly Likely,2.112744300000031,1.1127443000000312,438.92204609978944,None,0.6907959999516606,,,,,,,,,,,,0,,,,,,,Sub006,001,2022_Apr_25_1143,2_2_Rating_MRI_SEREcombine_Eyetracking,2021.2.3,60.0393257083098,
0,1,7,2,1,50,0,1,0,1,,,,,0,0,0,0,0,0,0,0,0,49,49,43,,,,,0,0,0,0,,,,,,,,,,,,,,,,,,,,,,,,,,,,,,,,,,,,,,,,,,,,,,,,,,,,7,2,1,,,,,1,,,,,,,,,,,,,,,,,,,,,,,0,,,,,,,Sub006,001,2022_Apr_25_1143,2_2_Rating_MRI_SEREcombine_Eyetracking,2021.2.3,60.0393257083098,
0,1,7,2,1,50,0,1,0,1,,,,,0,0,0,0,0,0,0,0,0,49,49,43,,,,,,,,,,,,,,,,,,,,,,,,,,,,,,,,,,,,,,,,,,,,,,,,,,,,,,,,,,,,7,2,1,,,,,1,,,,,,,,,,,,,,,,,,,,,,,0,,,,,,,Sub006,001,2022_Apr_25_1143,2_2_Rating_MRI_SEREcombine_Eyetracking,2021.2.3,60.0393257083098,
0,1,5,1,2,80,0,1,0,1,,,,,0,0,0,0,0,0,0,0,0,50,50,41,,,,,0,0,0,0,0,0,0,0,,,,,,,,,,,,,,,,,,,,,,,,,,,,,,,,,,,,,,441.1436803000979,None,441.1436803000979,None,441.1436803000979,None,441.1436803000979,None,443.15278959972784,None,5,1,2,29.890650970844263,80,1,1,1,444.2567071998492,None,r,444.2567071998492,None,Extremely Likely,2.0325263999999947,1.0325263999999947,445.14019459998235,None,0.7570130000822246,,,,,,,,,,,,0,,,,,,,Sub006,001,2022_Apr_25_1143,2_2_Rating_MRI_SEREcombine_Eyetracking,2021.2.3,60.0393257083098,
0,1,5,1,2,80,0,1,0,1,,,,,0,0,0,0,0,0,0,0,0,50,50,41,,,,,0,0,0,0,,,,,,,,,,,,,,,,,,,,,,,,,,,,,,,,,,,,,,,,,,,,,,,,,,,,5,1,2,,,,,1,,,,,,,,,,,,,,,,,,,,,,,0,,,,,,,Sub006,001,2022_Apr_25_1143,2_2_Rating_MRI_SEREcombine_Eyetracking,2021.2.3,60.0393257083098,
0,1,5,1,2,80,0,1,0,1,,,,,0,0,0,0,0,0,0,0,0,50,50,41,,,,,,,,,,,,,,,,,,,,,,,,,,,,,,,,,,,,,,,,,,,,,,,,,,,,,,,,,,,,5,1,2,,,,,1,,,,,,,,,,,,,,,,,,,,,,,0,,,,,,,Sub006,001,2022_Apr_25_1143,2_2_Rating_MRI_SEREcombine_Eyetracking,2021.2.3,60.0393257083098,
0,1,2,0,2,80,0,3,0,1,,,,,0,0,0,0,0,0,0,0,0,51,51,56,,,,,0,0,0,0,0,0,0,0,,,,,,,,,,,,,,,,,,,,,,,,,,,,,,,,,,,,,,447.2705377996899,None,447.2705377996899,None,447.2705377996899,None,447.2705377996899,None,449.30063899978995,None,2,0,2,11.225058400170278,80,1,3,1,452.410680799745,None,r,452.410680799745,None,Extremely Likely,2.0131278000000066,1.0131278000000066,453.3037724997848,None,0.7642566999420524,,,,,,,,,,,,0,,,,,,,Sub006,001,2022_Apr_25_1143,2_2_Rating_MRI_SEREcombine_Eyetracking,2021.2.3,60.0393257083098,
0,1,2,0,2,80,0,3,0,1,,,,,0,0,0,0,0,0,0,0,0,51,51,56,,,,,0,0,0,0,,,,,,,,,,,,,,,,,,,,,,,,,,,,,,,,,,,,,,,,,,,,,,,,,,,,2,0,2,,,,,1,,,,,,,,,,,,,,,,,,,,,,,0,,,,,,,Sub006,001,2022_Apr_25_1143,2_2_Rating_MRI_SEREcombine_Eyetracking,2021.2.3,60.0393257083098,
0,1,2,0,2,80,0,3,0,1,,,,,0,0,0,0,0,0,0,0,0,51,51,56,,,,,,,,,,,,,,,,,,,,,,,,,,,,,,,,,,,,,,,,,,,,,,,,,,,,,,,,,,,,2,0,2,,,,,1,,,,,,,,,,,,,,,,,,,,,,,0,,,,,,,Sub006,001,2022_Apr_25_1143,2_2_Rating_MRI_SEREcombine_Eyetracking,2021.2.3,60.0393257083098,
0,1,3,1,0,20,0,2,0,0,,,,,0,0,0,0,0,0,0,0,0,52,52,48,,,,,0,0,0,0,,,,,,,,,,,,,,,,,,,,,,,,,,,,,,,,,,,,,,,,,,455.42497600009665,None,455.42497600009665,None,455.42497600009665,None,455.42497600009665,None,457.4392401999794,None,3,1,0,29.890650970844263,20,1,2,0,,,,,,,,,,,,,,,,,,,,,,,0,,,,,,,Sub006,001,2022_Apr_25_1143,2_2_Rating_MRI_SEREcombine_Eyetracking,2021.2.3,60.0393257083098,
0,1,3,1,0,20,0,2,0,0,,,,,0,0,0,0,0,0,0,0,0,52,52,48,,,,,,,,,,,,,,,,,,,,,,,,,,,,,,,,,,,,,,,,,,,,,,,,,,,,,,,,,,,,3,1,0,,,,,0,,,,,,,,,,,,,,,,,,,,,,,0,,,,,,,Sub006,001,2022_Apr_25_1143,2_2_Rating_MRI_SEREcombine_Eyetracking,2021.2.3,60.0393257083098,
1,0,0,0,0,20,2,0,0,0,,,,,0,0,0,0,0,0,0,0,0,53,53,9,0,0,0,0,,,,,,,,,,,,,,,,,,,,,,,,,,,,,,,,,,,,,,,,,,,,,,,,,,,,,,,,0,0,0,11.225058400170278,20,0,,0,,,,,,,,,,,,459.5427453997545,None,459.5427453997545,None,459.5427453997545,None,459.5427453997545,None,461.55683519970626,None,2,0,,,,,,,Sub006,001,2022_Apr_25_1143,2_2_Rating_MRI_SEREcombine_Eyetracking,2021.2.3,60.0393257083098,
1,0,0,0,0,20,2,0,0,0,,,,,0,0,0,0,0,0,0,0,0,53,53,9,,,,,,,,,,,,,,,,,,,,,,,,,,,,,,,,,,,,,,,,,,,,,,,,,,,,,,,,,,,,0,0,0,,,,,0,,,,,,,,,,,,,,,,,,,,,,,0,,,,,,,Sub006,001,2022_Apr_25_1143,2_2_Rating_MRI_SEREcombine_Eyetracking,2021.2.3,60.0393257083098,
0,1,0,0,0,20,0,1,0,1,,,,,0,0,0,0,0,0,0,0,0,54,54,36,,,,,0,0,0,0,0,0,0,0,,,,,,,,,,,,,,,,,,,,,,,,,,,,,,,,,,,,,,463.65138359973207,None,463.65138359973207,None,463.65138359973207,None,463.65138359973207,None,465.684320199769,None,0,0,0,11.225058400170278,20,1,1,1,466.7950694998726,None,b,466.7950694998726,None,Extremely Unlikely,2.2569679000000065,1.2569679000000065,467.44016300002113,None,0.5254061003215611,,,,,,,,,,,,0,,,,,,,Sub006,001,2022_Apr_25_1143,2_2_Rating_MRI_SEREcombine_Eyetracking,2021.2.3,60.0393257083098,
0,1,0,0,0,20,0,1,0,1,,,,,0,0,0,0,0,0,0,0,0,54,54,36,,,,,0,0,0,0,,,,,,,,,,,,,,,,,,,,,,,,,,,,,,,,,,,,,,,,,,,,,,,,,,,,0,0,0,,,,,1,,,,,,,,,,,,,,,,,,,,,,,0,,,,,,,Sub006,001,2022_Apr_25_1143,2_2_Rating_MRI_SEREcombine_Eyetracking,2021.2.3,60.0393257083098,
0,1,0,0,0,20,0,1,0,1,,,,,0,0,0,0,0,0,0,0,0,54,54,36,,,,,,,,,,,,,,,,,,,,,,,,,,,,,,,,,,,,,,,,,,,,,,,,,,,,,,,,,,,,0,0,0,,,,,1,,,,,,,,,,,,,,,,,,,,,,,0,,,,,,,Sub006,001,2022_Apr_25_1143,2_2_Rating_MRI_SEREcombine_Eyetracking,2021.2.3,60.0393257083098,
0,1,6,2,0,20,0,3,0,1,,,,,0,0,0,0,0,0,0,0,0,55,55,69,,,,,0,0,0,0,0,0,0,0,,,,,,,,,,,,,,,,,,,,,,,,,,,,,,,,,,,,,,469.7854451998137,None,469.7854451998137,None,469.7854451998137,None,469.7854451998137,None,471.82207629969344,None,6,2,0,56.794452608204615,20,1,3,1,474.92717529973015,None,b,474.92717529973015,None,Extremely Unlikely,2.3474621000000297,1.3474621000000297,475.49079329986125,None,0.444023699965328,,,,,,,,,,,,0,,,,,,,Sub006,001,2022_Apr_25_1143,2_2_Rating_MRI_SEREcombine_Eyetracking,2021.2.3,60.0393257083098,
0,1,6,2,0,20,0,3,0,1,,,,,0,0,0,0,0,0,0,0,0,55,55,69,,,,,0,0,0,0,,,,,,,,,,,,,,,,,,,,,,,,,,,,,,,,,,,,,,,,,,,,,,,,,,,,6,2,0,,,,,1,,,,,,,,,,,,,,,,,,,,,,,0,,,,,,,Sub006,001,2022_Apr_25_1143,2_2_Rating_MRI_SEREcombine_Eyetracking,2021.2.3,60.0393257083098,
0,1,6,2,0,20,0,3,0,1,,,,,0,0,0,0,0,0,0,0,0,55,55,69,,,,,,,,,,,,,,,,,,,,,,,,,,,,,,,,,,,,,,,,,,,,,,,,,,,,,,,,,,,,6,2,0,,,,,1,,,,,,,,,,,,,,,,,,,,,,,0,,,,,,,Sub006,001,2022_Apr_25_1143,2_2_Rating_MRI_SEREcombine_Eyetracking,2021.2.3,60.0393257083098,
1,0,7,2,1,50,1,0,1,0,,,,,0,0,0,0,0,0,0,0,0,56,56,7,0,0,0,0,,,,,,,,,0,0,0,0,,,,,,,,,,,,,,,,,,,,,,,,,,,,,,,,,,,,,,,,,,,,7,2,1,56.794452608204615,50,0,,0,,,,,,Slightly Likely,2.2938814999999977,1.2938814999999977,481.6746132001281,None,,477.9446906000376,None,477.9446906000376,None,477.9446906000376,None,477.9446906000376,None,479.9562629996799,None,1,1,481.03857810003683,None,g,0.5122333001345396,481.03857810003683,None,Sub006,001,2022_Apr_25_1143,2_2_Rating_MRI_SEREcombine_Eyetracking,2021.2.3,60.0393257083098,
1,0,7,2,1,50,1,0,1,0,,,,,0,0,0,0,0,0,0,0,0,56,56,7,0,0,0,0,,,,,,,,,,,,,,,,,,,,,,,,,,,,,,,,,,,,,,,,,,,,,,,,,,,,,,,,7,2,1,,,,,0,,,,,,,,,,,,,,,,,,,,,,,1,,,,,,,Sub006,001,2022_Apr_25_1143,2_2_Rating_MRI_SEREcombine_Eyetracking,2021.2.3,60.0393257083098,
1,0,7,2,1,50,1,0,1,0,,,,,0,0,0,0,0,0,0,0,0,56,56,7,,,,,,,,,,,,,,,,,,,,,,,,,,,,,,,,,,,,,,,,,,,,,,,,,,,,,,,,,,,,7,2,1,,,,,0,,,,,,,,,,,,,,,,,,,,,,,1,,,,,,,Sub006,001,2022_Apr_25_1143,2_2_Rating_MRI_SEREcombine_Eyetracking,2021.2.3,60.0393257083098,
1,0,3,1,0,20,2,0,1,0,,,,,0,0,0,0,0,0,0,0,0,57,57,30,0,0,0,0,,,,,,,,,0,0,0,0,,,,,,,,,,,,,,,,,,,,,,,,,,,,,,,,,,,,,,,,,,,,3,1,0,29.890650970844263,20,0,,0,,,,,,Extremely Likely,2.2281066000000465,1.2281066000000465,488.87815009988844,None,,484.05553389992565,None,484.05553389992565,None,484.05553389992565,None,484.05553389992565,None,486.0668049999513,None,2,1,488.15547059988603,None,r,0.5980258001945913,488.15547059988603,None,Sub006,001,2022_Apr_25_1143,2_2_Rating_MRI_SEREcombine_Eyetracking,2021.2.3,60.0393257083098,
1,0,3,1,0,20,2,0,1,0,,,,,0,0,0,0,0,0,0,0,0,57,57,30,0,0,0,0,,,,,,,,,,,,,,,,,,,,,,,,,,,,,,,,,,,,,,,,,,,,,,,,,,,,,,,,3,1,0,,,,,0,,,,,,,,,,,,,,,,,,,,,,,1,,,,,,,Sub006,001,2022_Apr_25_1143,2_2_Rating_MRI_SEREcombine_Eyetracking,2021.2.3,60.0393257083098,
1,0,3,1,0,20,2,0,1,0,,,,,0,0,0,0,0,0,0,0,0,57,57,30,,,,,,,,,,,,,,,,,,,,,,,,,,,,,,,,,,,,,,,,,,,,,,,,,,,,,,,,,,,,3,1,0,,,,,0,,,,,,,,,,,,,,,,,,,,,,,1,,,,,,,Sub006,001,2022_Apr_25_1143,2_2_Rating_MRI_SEREcombine_Eyetracking,2021.2.3,60.0393257083098,
0,1,7,2,1,50,0,2,0,1,,,,,0,0,0,0,0,0,0,0,0,58,58,70,,,,,0,0,0,0,0,0,0,0,,,,,,,,,,,,,,,,,,,,,,,,,,,,,,,,,,,,,,491.1860615997575,None,491.1860615997575,None,491.1860615997575,None,491.1860615997575,None,493.20096029993147,None,7,2,1,56.794452608204615,50,1,2,1,495.310040100012,None,g,495.310040100012,None,Slightly Likely,2.046981100000039,1.046981100000039,496.1949017997831,None,0.7636942001990974,,,,,,,,,,,,0,,,,,,,Sub006,001,2022_Apr_25_1143,2_2_Rating_MRI_SEREcombine_Eyetracking,2021.2.3,60.0393257083098,
0,1,7,2,1,50,0,2,0,1,,,,,0,0,0,0,0,0,0,0,0,58,58,70,,,,,0,0,0,0,,,,,,,,,,,,,,,,,,,,,,,,,,,,,,,,,,,,,,,,,,,,,,,,,,,,7,2,1,,,,,1,,,,,,,,,,,,,,,,,,,,,,,0,,,,,,,Sub006,001,2022_Apr_25_1143,2_2_Rating_MRI_SEREcombine_Eyetracking,2021.2.3,60.0393257083098,
0,1,7,2,1,50,0,2,0,1,,,,,0,0,0,0,0,0,0,0,0,58,58,70,,,,,,,,,,,,,,,,,,,,,,,,,,,,,,,,,,,,,,,,,,,,,,,,,,,,,,,,,,,,7,2,1,,,,,1,,,,,,,,,,,,,,,,,,,,,,,0,,,,,,,Sub006,001,2022_Apr_25_1143,2_2_Rating_MRI_SEREcombine_Eyetracking,2021.2.3,60.0393257083098,
0,1,4,1,1,50,0,1,0,1,,,,,0,0,0,0,0,0,0,0,0,59,59,40,,,,,0,0,0,0,0,0,0,0,,,,,,,,,,,,,,,,,,,,,,,,,,,,,,,,,,,,,,498.36277059977874,None,498.36277059977874,None,498.36277059977874,None,498.36277059977874,None,500.35314599983394,None,4,1,1,29.890650970844263,50,1,1,1,501.43751089973375,None,g,501.43751089973375,None,Slightly Likely,1.9144741999999724,0.9144741999999724,502.45253519993275,None,0.9196601998992264,,,,,,,,,,,,0,,,,,,,Sub006,001,2022_Apr_25_1143,2_2_Rating_MRI_SEREcombine_Eyetracking,2021.2.3,60.0393257083098,
0,1,4,1,1,50,0,1,0,1,,,,,0,0,0,0,0,0,0,0,0,59,59,40,,,,,0,0,0,0,,,,,,,,,,,,,,,,,,,,,,,,,,,,,,,,,,,,,,,,,,,,,,,,,,,,4,1,1,,,,,1,,,,,,,,,,,,,,,,,,,,,,,0,,,,,,,Sub006,001,2022_Apr_25_1143,2_2_Rating_MRI_SEREcombine_Eyetracking,2021.2.3,60.0393257083098,
0,1,4,1,1,50,0,1,0,1,,,,,0,0,0,0,0,0,0,0,0,59,59,40,,,,,,,,,,,,,,,,,,,,,,,,,,,,,,,,,,,,,,,,,,,,,,,,,,,,,,,,,,,,4,1,1,,,,,1,,,,,,,,,,,,,,,,,,,,,,,0,,,,,,,Sub006,001,2022_Apr_25_1143,2_2_Rating_MRI_SEREcombine_Eyetracking,2021.2.3,60.0393257083098,
1,0,3,1,0,20,3,0,1,0,,,,,0,0,0,0,0,0,0,0,0,60,60,21,0,0,0,0,,,,,,,,,0,0,0,0,,,,,,,,,,,,,,,,,,,,,,,,,,,,,,,,,,,,,,,,,,,,3,1,0,29.890650970844263,20,0,,0,,,,,,Slightly Unlikely,2.3482319000000302,1.3482319000000302,510.15931989997625,None,,504.47615689970553,None,504.47615689970553,None,504.47615689970553,None,504.47615689970553,None,506.48864559968933,None,3,1,509.5961803998798,None,y,0.43863809993490577,509.5961803998798,None,Sub006,001,2022_Apr_25_1143,2_2_Rating_MRI_SEREcombine_Eyetracking,2021.2.3,60.0393257083098,
1,0,3,1,0,20,3,0,1,0,,,,,0,0,0,0,0,0,0,0,0,60,60,21,0,0,0,0,,,,,,,,,,,,,,,,,,,,,,,,,,,,,,,,,,,,,,,,,,,,,,,,,,,,,,,,3,1,0,,,,,0,,,,,,,,,,,,,,,,,,,,,,,1,,,,,,,Sub006,001,2022_Apr_25_1143,2_2_Rating_MRI_SEREcombine_Eyetracking,2021.2.3,60.0393257083098,
1,0,3,1,0,20,3,0,1,0,,,,,0,0,0,0,0,0,0,0,0,60,60,21,,,,,,,,,,,,,,,,,,,,,,,,,,,,,,,,,,,,,,,,,,,,,,,,,,,,,,,,,,,,3,1,0,,,,,0,,,,,,,,,,,,,,,,,,,,,,,1,,,,,,,Sub006,001,2022_Apr_25_1143,2_2_Rating_MRI_SEREcombine_Eyetracking,2021.2.3,60.0393257083098,
1,0,4,1,1,50,1,0,1,0,,,,,0,0,0,0,0,0,0,0,0,61,61,4,0,0,0,0,,,,,,,,,0,0,0,0,,,,,,,,,,,,,,,,,,,,,,,,,,,,,,,,,,,,,,,,,,,,4,1,1,29.890650970844263,50,0,,0,,,,,,Slightly Likely,2.181853100000069,1.181853100000069,516.4586231000721,None,,512.5883816001005,None,512.5883816001005,None,512.5883816001005,None,512.5883816001005,None,514.6258402001113,None,1,1,515.7235987000167,None,g,0.6117202001623809,515.7235987000167,None,Sub006,001,2022_Apr_25_1143,2_2_Rating_MRI_SEREcombine_Eyetracking,2021.2.3,60.0393257083098,
1,0,4,1,1,50,1,0,1,0,,,,,0,0,0,0,0,0,0,0,0,61,61,4,0,0,0,0,,,,,,,,,,,,,,,,,,,,,,,,,,,,,,,,,,,,,,,,,,,,,,,,,,,,,,,,4,1,1,,,,,0,,,,,,,,,,,,,,,,,,,,,,,1,,,,,,,Sub006,001,2022_Apr_25_1143,2_2_Rating_MRI_SEREcombine_Eyetracking,2021.2.3,60.0393257083098,
1,0,4,1,1,50,1,0,1,0,,,,,0,0,0,0,0,0,0,0,0,61,61,4,,,,,,,,,,,,,,,,,,,,,,,,,,,,,,,,,,,,,,,,,,,,,,,,,,,,,,,,,,,,4,1,1,,,,,0,,,,,,,,,,,,,,,,,,,,,,,1,,,,,,,Sub006,001,2022_Apr_25_1143,2_2_Rating_MRI_SEREcombine_Eyetracking,2021.2.3,60.0393257083098,
1,0,3,1,0,20,2,0,0,0,,,,,0,0,0,0,0,0,0,0,0,62,62,12,0,0,0,0,,,,,,,,,,,,,,,,,,,,,,,,,,,,,,,,,,,,,,,,,,,,,,,,,,,,,,,,3,1,0,29.890650970844263,20,0,,0,,,,,,,,,,,,518.7420874000527,None,518.7420874000527,None,518.7420874000527,None,518.7420874000527,None,520.7555569997057,None,2,0,,,,,,,Sub006,001,2022_Apr_25_1143,2_2_Rating_MRI_SEREcombine_Eyetracking,2021.2.3,60.0393257083098,
1,0,3,1,0,20,2,0,0,0,,,,,0,0,0,0,0,0,0,0,0,62,62,12,,,,,,,,,,,,,,,,,,,,,,,,,,,,,,,,,,,,,,,,,,,,,,,,,,,,,,,,,,,,3,1,0,,,,,0,,,,,,,,,,,,,,,,,,,,,,,0,,,,,,,Sub006,001,2022_Apr_25_1143,2_2_Rating_MRI_SEREcombine_Eyetracking,2021.2.3,60.0393257083098,
0,1,0,0,0,20,0,3,0,1,,,,,0,0,0,0,0,0,0,0,0,63,63,54,,,,,0,0,0,0,0,0,0,0,,,,,,,,,,,,,,,,,,,,,,,,,,,,,,,,,,,,,,522.8659451999702,None,522.8659451999702,None,522.8659451999702,None,522.8659451999702,None,524.8758371998556,None,0,0,0,11.225058400170278,20,1,3,1,527.9938495000824,None,b,527.9938495000824,None,Extremely Unlikely,2.44431689999999,1.4443168999999898,528.4348504999653,None,0.3148949998430908,,,,,,,,,,,,0,,,,,,,Sub006,001,2022_Apr_25_1143,2_2_Rating_MRI_SEREcombine_Eyetracking,2021.2.3,60.0393257083098,
0,1,0,0,0,20,0,3,0,1,,,,,0,0,0,0,0,0,0,0,0,63,63,54,,,,,0,0,0,0,,,,,,,,,,,,,,,,,,,,,,,,,,,,,,,,,,,,,,,,,,,,,,,,,,,,0,0,0,,,,,1,,,,,,,,,,,,,,,,,,,,,,,0,,,,,,,Sub006,001,2022_Apr_25_1143,2_2_Rating_MRI_SEREcombine_Eyetracking,2021.2.3,60.0393257083098,
0,1,0,0,0,20,0,3,0,1,,,,,0,0,0,0,0,0,0,0,0,63,63,54,,,,,,,,,,,,,,,,,,,,,,,,,,,,,,,,,,,,,,,,,,,,,,,,,,,,,,,,,,,,0,0,0,,,,,1,,,,,,,,,,,,,,,,,,,,,,,0,,,,,,,Sub006,001,2022_Apr_25_1143,2_2_Rating_MRI_SEREcombine_Eyetracking,2021.2.3,60.0393257083098,
1,0,8,2,2,80,2,0,0,0,,,,,0,0,0,0,0,0,0,0,0,64,64,17,0,0,0,0,,,,,,,,,,,,,,,,,,,,,,,,,,,,,,,,,,,,,,,,,,,,,,,,,,,,,,,,8,2,2,56.794452608204615,80,0,,0,,,,,,,,,,,,530.9903890998103,None,530.9903890998103,None,530.9903890998103,None,530.9903890998103,None,533.006557200104,None,2,0,,,,,,,Sub006,001,2022_Apr_25_1143,2_2_Rating_MRI_SEREcombine_Eyetracking,2021.2.3,60.0393257083098,
1,0,8,2,2,80,2,0,0,0,,,,,0,0,0,0,0,0,0,0,0,64,64,17,,,,,,,,,,,,,,,,,,,,,,,,,,,,,,,,,,,,,,,,,,,,,,,,,,,,,,,,,,,,8,2,2,,,,,0,,,,,,,,,,,,,,,,,,,,,,,0,,,,,,,Sub006,001,2022_Apr_25_1143,2_2_Rating_MRI_SEREcombine_Eyetracking,2021.2.3,60.0393257083098,
1,0,2,0,2,80,3,0,1,0,,,,,0,0,0,0,0,0,0,0,0,65,65,29,0,0,0,0,,,,,,,,,0,0,0,0,,,,,,,,,,,,,,,,,,,,,,,,,,,,,,,,,,,,,,,,,,,,2,0,2,11.225058400170278,80,0,,0,,,,,,Extremely Likely,2.275432799999976,1.275432799999976,540.8379939999431,None,,535.0901489998214,None,535.0901489998214,None,535.0901489998214,None,535.0901489998214,None,537.1246086000465,None,3,1,540.2292080000043,None,r,0.5100183002650738,540.2292080000043,None,Sub006,001,2022_Apr_25_1143,2_2_Rating_MRI_SEREcombine_Eyetracking,2021.2.3,60.0393257083098,
1,0,2,0,2,80,3,0,1,0,,,,,0,0,0,0,0,0,0,0,0,65,65,29,0,0,0,0,,,,,,,,,,,,,,,,,,,,,,,,,,,,,,,,,,,,,,,,,,,,,,,,,,,,,,,,2,0,2,,,,,0,,,,,,,,,,,,,,,,,,,,,,,1,,,,,,,Sub006,001,2022_Apr_25_1143,2_2_Rating_MRI_SEREcombine_Eyetracking,2021.2.3,60.0393257083098,
1,0,2,0,2,80,3,0,1,0,,,,,0,0,0,0,0,0,0,0,0,65,65,29,,,,,,,,,,,,,,,,,,,,,,,,,,,,,,,,,,,,,,,,,,,,,,,,,,,,,,,,,,,,2,0,2,,,,,0,,,,,,,,,,,,,,,,,,,,,,,1,,,,,,,Sub006,001,2022_Apr_25_1143,2_2_Rating_MRI_SEREcombine_Eyetracking,2021.2.3,60.0393257083098,
0,1,4,1,1,50,0,3,0,1,,,,,0,0,0,0,0,0,0,0,0,66,66,58,,,,,0,0,0,0,0,0,0,0,,,,,,,,,,,,,,,,,,,,,,,,,,,,,,,,,,,,,,543.2039334997535,None,543.2039334997535,None,543.2039334997535,None,543.2039334997535,None,545.24271650007,None,4,1,1,29.890650970844263,50,1,3,1,548.3229718999937,None,r,548.3229718999937,None,Extremely Likely,2.300113699999997,1.3001136999999972,548.9574083001353,None,0.5080935996957123,,,,,,,,,,,,0,,,,,,,Sub006,001,2022_Apr_25_1143,2_2_Rating_MRI_SEREcombine_Eyetracking,2021.2.3,60.0393257083098,
0,1,4,1,1,50,0,3,0,1,,,,,0,0,0,0,0,0,0,0,0,66,66,58,,,,,0,0,0,0,,,,,,,,,,,,,,,,,,,,,,,,,,,,,,,,,,,,,,,,,,,,,,,,,,,,4,1,1,,,,,1,,,,,,,,,,,,,,,,,,,,,,,0,,,,,,,Sub006,001,2022_Apr_25_1143,2_2_Rating_MRI_SEREcombine_Eyetracking,2021.2.3,60.0393257083098,
0,1,4,1,1,50,0,3,0,1,,,,,0,0,0,0,0,0,0,0,0,66,66,58,,,,,,,,,,,,,,,,,,,,,,,,,,,,,,,,,,,,,,,,,,,,,,,,,,,,,,,,,,,,4,1,1,,,,,1,,,,,,,,,,,,,,,,,,,,,,,0,,,,,,,Sub006,001,2022_Apr_25_1143,2_2_Rating_MRI_SEREcombine_Eyetracking,2021.2.3,60.0393257083098,
1,0,6,2,0,20,1,0,1,0,,,,,0,0,0,0,0,0,0,0,0,67,67,6,0,0,0,0,,,,,,,,,0,0,0,0,,,,,,,,,,,,,,,,,,,,,,,,,,,,,,,,,,,,,,,,,,,,6,2,0,56.794452608204615,20,0,,0,,,,,,Extremely Likely,2.080687800000078,1.080687800000078,555.2888525999151,None,,551.340984699782,None,551.340984699782,None,551.340984699782,None,551.340984699782,None,553.3711520000361,None,1,1,554.4795476999134,None,r,0.6998952003195882,554.4795476999134,None,Sub006,001,2022_Apr_25_1143,2_2_Rating_MRI_SEREcombine_Eyetracking,2021.2.3,60.0393257083098,
1,0,6,2,0,20,1,0,1,0,,,,,0,0,0,0,0,0,0,0,0,67,67,6,0,0,0,0,,,,,,,,,,,,,,,,,,,,,,,,,,,,,,,,,,,,,,,,,,,,,,,,,,,,,,,,6,2,0,,,,,0,,,,,,,,,,,,,,,,,,,,,,,1,,,,,,,Sub006,001,2022_Apr_25_1143,2_2_Rating_MRI_SEREcombine_Eyetracking,2021.2.3,60.0393257083098,
1,0,6,2,0,20,1,0,1,0,,,,,0,0,0,0,0,0,0,0,0,67,67,6,,,,,,,,,,,,,,,,,,,,,,,,,,,,,,,,,,,,,,,,,,,,,,,,,,,,,,,,,,,,6,2,0,,,,,0,,,,,,,,,,,,,,,,,,,,,,,1,,,,,,,Sub006,001,2022_Apr_25_1143,2_2_Rating_MRI_SEREcombine_Eyetracking,2021.2.3,60.0393257083098,
1,0,6,2,0,20,3,0,1,0,,,,,0,0,0,0,0,0,0,0,0,68,68,33,0,0,0,0,,,,,,,,,0,0,0,0,,,,,,,,,,,,,,,,,,,,,,,,,,,,,,,,,,,,,,,,,,,,6,2,0,56.794452608204615,20,0,,0,,,,,,Slightly Likely,1.4492744000000357,0.4492744000000357,564.0624226997606,None,,557.4786652997136,None,557.4786652997136,None,557.4786652997136,None,557.4786652997136,None,559.4866303000599,None,3,1,562.5963396998122,None,g,1.3460770002566278,562.5963396998122,None,Sub006,001,2022_Apr_25_1143,2_2_Rating_MRI_SEREcombine_Eyetracking,2021.2.3,60.0393257083098,
1,0,6,2,0,20,3,0,1,0,,,,,0,0,0,0,0,0,0,0,0,68,68,33,0,0,0,0,,,,,,,,,,,,,,,,,,,,,,,,,,,,,,,,,,,,,,,,,,,,,,,,,,,,,,,,6,2,0,,,,,0,,,,,,,,,,,,,,,,,,,,,,,1,,,,,,,Sub006,001,2022_Apr_25_1143,2_2_Rating_MRI_SEREcombine_Eyetracking,2021.2.3,60.0393257083098,
1,0,6,2,0,20,3,0,1,0,,,,,0,0,0,0,0,0,0,0,0,68,68,33,,,,,,,,,,,,,,,,,,,,,,,,,,,,,,,,,,,,,,,,,,,,,,,,,,,,,,,,,,,,6,2,0,,,,,0,,,,,,,,,,,,,,,,,,,,,,,1,,,,,,,Sub006,001,2022_Apr_25_1143,2_2_Rating_MRI_SEREcombine_Eyetracking,2021.2.3,60.0393257083098,
1,0,8,2,2,80,3,0,1,0,,,,,0,0,0,0,0,0,0,0,0,69,69,26,0,0,0,0,,,,,,,,,0,0,0,0,,,,,,,,,,,,,,,,,,,,,,,,,,,,,,,,,,,,,,,,,,,,8,2,2,56.794452608204615,80,0,,0,,,,,,Extremely Likely,2.1819789999999557,1.1819789999999557,571.4779222998768,None,,565.6076265000738,None,565.6076265000738,None,565.6076265000738,None,565.6076265000738,None,567.6416858998127,None,3,1,570.7240209998563,None,r,0.6253092000260949,570.7240209998563,None,Sub006,001,2022_Apr_25_1143,2_2_Rating_MRI_SEREcombine_Eyetracking,2021.2.3,60.0393257083098,
1,0,8,2,2,80,3,0,1,0,,,,,0,0,0,0,0,0,0,0,0,69,69,26,0,0,0,0,,,,,,,,,,,,,,,,,,,,,,,,,,,,,,,,,,,,,,,,,,,,,,,,,,,,,,,,8,2,2,,,,,0,,,,,,,,,,,,,,,,,,,,,,,1,,,,,,,Sub006,001,2022_Apr_25_1143,2_2_Rating_MRI_SEREcombine_Eyetracking,2021.2.3,60.0393257083098,
1,0,8,2,2,80,3,0,1,0,,,,,0,0,0,0,0,0,0,0,0,69,69,26,,,,,,,,,,,,,,,,,,,,,,,,,,,,,,,,,,,,,,,,,,,,,,,,,,,,,,,,,,,,8,2,2,,,,,0,,,,,,,,,,,,,,,,,,,,,,,1,,,,,,,Sub006,001,2022_Apr_25_1143,2_2_Rating_MRI_SEREcombine_Eyetracking,2021.2.3,60.0393257083098,
1,0,5,1,2,80,1,0,1,0,,,,,0,0,0,0,0,0,0,0,0,70,70,5,0,0,0,0,,,,,,,,,0,0,0,0,,,,,,,,,,,,,,,,,,,,,,,,,,,,,,,,,,,,,,,,,,,,5,1,2,29.890650970844263,80,0,,0,,,,,,Slightly Likely,2.2005996000000323,1.2005996000000323,577.5963515997864,None,,573.7431397996843,None,573.7431397996843,None,573.7431397996843,None,573.7431397996843,None,575.7779651000164,None,1,1,576.9000606001355,None,g,0.5760543001815677,576.9000606001355,None,Sub006,001,2022_Apr_25_1143,2_2_Rating_MRI_SEREcombine_Eyetracking,2021.2.3,60.0393257083098,
1,0,5,1,2,80,1,0,1,0,,,,,0,0,0,0,0,0,0,0,0,70,70,5,0,0,0,0,,,,,,,,,,,,,,,,,,,,,,,,,,,,,,,,,,,,,,,,,,,,,,,,,,,,,,,,5,1,2,,,,,0,,,,,,,,,,,,,,,,,,,,,,,1,,,,,,,Sub006,001,2022_Apr_25_1143,2_2_Rating_MRI_SEREcombine_Eyetracking,2021.2.3,60.0393257083098,
1,0,5,1,2,80,1,0,1,0,,,,,0,0,0,0,0,0,0,0,0,70,70,5,,,,,,,,,,,,,,,,,,,,,,,,,,,,,,,,,,,,,,,,,,,,,,,,,,,,,,,,,,,,5,1,2,,,,,0,,,,,,,,,,,,,,,,,,,,,,,1,,,,,,,Sub006,001,2022_Apr_25_1143,2_2_Rating_MRI_SEREcombine_Eyetracking,2021.2.3,60.0393257083098,
0,1,4,1,1,50,0,2,0,0,,,,,0,0,0,0,0,0,0,0,0,71,71,49,,,,,0,0,0,0,,,,,,,,,,,,,,,,,,,,,,,,,,,,,,,,,,,,,,,,,,579.8933842000552,None,579.8933842000552,None,579.8933842000552,None,579.8933842000552,None,581.9266685000621,None,4,1,1,29.890650970844263,50,1,2,0,,,,,,,,,,,,,,,,,,,,,,,0,,,,,,,Sub006,001,2022_Apr_25_1143,2_2_Rating_MRI_SEREcombine_Eyetracking,2021.2.3,60.0393257083098,
0,1,4,1,1,50,0,2,0,0,,,,,0,0,0,0,0,0,0,0,0,71,71,49,,,,,,,,,,,,,,,,,,,,,,,,,,,,,,,,,,,,,,,,,,,,,,,,,,,,,,,,,,,,4,1,1,,,,,0,,,,,,,,,,,,,,,,,,,,,,,0,,,,,,,Sub006,001,2022_Apr_25_1143,2_2_Rating_MRI_SEREcombine_Eyetracking,2021.2.3,60.0393257083098,
,,,,,,,,,,,,,,0,0,0,0,0,0,0,0,,,,,,,,,,,,,,,,,,,,,,,,,,,,,,,,,,,,,,,,,,,,,,,,,,,,,,,,,,,,,,,,,,,,,,,,,,,,,,,,,,,,,,,,,,,,,,,,,,,,,Sub006,001,2022_Apr_25_1143,2_2_Rating_MRI_SEREcombine_Eyetracking,2021.2.3,60.0393257083098,
