﻿current_pair,current_pair_SE,current_pair_RE,current_card_prob,ITI_Play,Play_block_Q,start_MRI.thisRepN,start_MRI.thisTrialN,start_MRI.thisN,start_MRI.thisIndex,L_subjects.thisRepN,L_subjects.thisTrialN,L_subjects.thisN,L_subjects.thisIndex,R_subjects.thisRepN,R_subjects.thisTrialN,R_subjects.thisN,R_subjects.thisIndex,fMRI_trials_Play_R.thisRepN,fMRI_trials_Play_R.thisTrialN,fMRI_trials_Play_R.thisN,fMRI_trials_Play_R.thisIndex,Q_Play_R.thisRepN,Q_Play_R.thisTrialN,Q_Play_R.thisN,Q_Play_R.thisIndex,fMRI_center.started,fMRI_center.stopped,fMR_Instr1_text.started,fMR_Instr1_text.stopped,text_SE_7.started,text_SE_7.stopped,fMRI_center_2.started,fMRI_center_2.stopped,fMR_Instr2_text_2.started,fMR_Instr2_text_2.stopped,text_SE_8.started,text_SE_8.stopped,Slider_rating_Play_instr_R_2.response,Slider_rating_Play_instr_R_2.rt,Slider_rating_Play_instr_R_2.started,Slider_rating_Play_instr_R_2.stopped,fMRI_center_instrTimePlay_R.started,fMRI_center_instrTimePlay_R.stopped,fMR_Instr2_text_8.started,fMR_Instr2_text_8.stopped,fMRI_instr3_Q_play_R.started,fMRI_instr3_Q_play_R.stopped,text_SE_6.started,text_SE_6.stopped,PairQuestionONSET_attri_R_2.started,PairQuestionONSET_attri_R_2.stopped,key_resp_rating_Attri_R_2.keys,key_resp_rating_Attri_R_2.rt,key_resp_rating_Attri_R_2.started,key_resp_rating_Attri_R_2.stopped,text_SE_18.started,text_SE_18.stopped,fMR_Instr2_text_9.started,fMR_Instr2_text_9.stopped,Ready_text.started,Ready_text.stopped,trigger_2.keys,trigger_2.rt,trigger_2.started,trigger_2.stopped,center_OnsetTime.started,center_OnsetTime.stopped,PairONSET_card_prob.started,PairONSET_card_prob.stopped,text_SE_9.started,text_SE_9.stopped,fixOnset_text_4.started,fixOnset_text_4.stopped,current_pair,current_pair_SE,current_pair_RE,target_pair,card_pair,type_Q,ISI1_Play,Play_block_Q,PairQuestionONSET_text_4.started,PairQuestionONSET_text_4.stopped,key_resp_rating_play_R.keys,key_resp_rating_play_R.rt,key_resp_rating_play_R.started,key_resp_rating_play_R.stopped,Rating_pair_Play,ISI2_Play,fixOnset_text.started,fixOnset_text.stopped,PairQuestionONSET_attri.started,PairQuestionONSET_attri.stopped,key_resp_rating_Attri_R.keys,key_resp_rating_Attri_R.rt,key_resp_rating_Attri_R.started,key_resp_rating_Attri_R.stopped,ITI_actual_Play,Attri_Ans,lagTime,text_SE_17.started,text_SE_17.stopped,fixOnset_text_ITI.started,fixOnset_text_ITI.stopped,Final_text_Q.started,Final_text_Q.stopped,key_resp_3.keys,participant,session,date,expName,psychopyVersion,frameRate,
,,,,,,0,0,0,0,,,,,,,,,,,,,,,,,12.165318700484931,None,12.165318700484931,None,12.165318700484931,None,,,,,,,,,,,,,,,,,,,,,,,,,,,,,,,,,,,,,,,,,,,,,,,,,,,,,,,,,,,,,,,,,,,,,,,,,,,,,Sub030,001,2022_Sep_13_1153,2_3_MRI_Rating_Play_Eyetracking,2021.2.3,60.09261479953886,
2,0,2,80,2,1,,,,,,,,,0,0,0,0,0,0,0,65,0,0,0,0,,,,,,,28.137592100538313,None,28.137592100538313,None,28.137592100538313,None,None,None,112.55898210033774,None,112.55898210033774,None,112.55898210033774,None,112.55898210033774,None,112.55898210033774,None,135.04483540076762,None,y,5.7403274001553655,135.04483540076762,None,135.04483540076762,None,135.04483540076762,None,140.80326400045305,None,t,11.227128099650145,140.80326400045305,None,152.11918359994888,None,152.11918359994888,None,152.11918359994888,None,154.14905430004,None,2,0,2,9.875491734017887,80,2,2,1,156.25806840043515,None,g,0.6395943993702531,156.25806840043515,None,No,2.360405600629747,157.0263496004045,None,159.4956729998812,None,r,1.1104148998856544,159.4956729998812,None,1.4306081000000006,Definitely Bar,0.4306081000000006,159.4956729998812,None,160.73748579993844,None,,,,Sub030,001,2022_Sep_13_1153,2_3_MRI_Rating_Play_Eyetracking,2021.2.3,60.09261479953886,
2,0,2,80,2,1,,,,,,,,,0,0,0,0,0,0,0,65,,,,,,,,,,,,,,,,,,,,,,,,,,,,,,,,,,,,,,,,,,,,,,,,,,,,,2,0,2,,,,,1,,,,,,,,,,,,,,,,,,,,,,,,,,,Sub030,001,2022_Sep_13_1153,2_3_MRI_Rating_Play_Eyetracking,2021.2.3,60.09261479953886,
5,1,2,80,2,1,,,,,,,,,0,0,0,0,0,1,1,14,0,0,0,0,,,,,,,,,,,,,,,,,,,,,,,,,,,,,,,,,,,,,,,,,162.25223700050265,None,162.25223700050265,None,162.25223700050265,None,164.27559259999543,None,5,1,2,26.296956867726266,80,2,2,1,166.39132190030068,None,b,0.5266485000029206,166.39132190030068,None,Definitely Yes,2.4733514999970794,167.0390474004671,None,169.62820270005614,None,b,0.38700779899954796,169.62820270005614,None,2.1639973000000055,Definitely Card,1.1639973000000055,169.62820270005614,None,170.13961300067604,None,,,,Sub030,001,2022_Sep_13_1153,2_3_MRI_Rating_Play_Eyetracking,2021.2.3,60.09261479953886,
5,1,2,80,2,1,,,,,,,,,0,0,0,0,0,1,1,14,,,,,,,,,,,,,,,,,,,,,,,,,,,,,,,,,,,,,,,,,,,,,,,,,,,,,5,1,2,,,,,1,,,,,,,,,,,,,,,,,,,,,,,,,,,Sub030,001,2022_Sep_13_1153,2_3_MRI_Rating_Play_Eyetracking,2021.2.3,60.09261479953886,
5,1,2,80,2,1,,,,,,,,,0,0,0,0,0,2,2,41,0,0,0,0,,,,,,,,,,,,,,,,,,,,,,,,,,,,,,,,,,,,,,,,,172.37591210007668,None,172.37591210007668,None,172.37591210007668,None,174.39812620077282,None,5,1,2,26.296956867726266,80,2,2,1,176.5015047006309,None,b,0.2987832995131612,176.5015047006309,None,Definitely Yes,2.701216700486839,176.92316900007427,None,179.71945730037987,None,b,0.46717709954828024,179.71945730037987,None,2.1208917000000156,Definitely Card,1.1208917000000156,179.71945730037987,None,180.27671490050852,None,,,,Sub030,001,2022_Sep_13_1153,2_3_MRI_Rating_Play_Eyetracking,2021.2.3,60.09261479953886,
5,1,2,80,2,1,,,,,,,,,0,0,0,0,0,2,2,41,,,,,,,,,,,,,,,,,,,,,,,,,,,,,,,,,,,,,,,,,,,,,,,,,,,,,5,1,2,,,,,1,,,,,,,,,,,,,,,,,,,,,,,,,,,Sub030,001,2022_Sep_13_1153,2_3_MRI_Rating_Play_Eyetracking,2021.2.3,60.09261479953886,
7,2,1,50,2,1,,,,,,,,,0,0,0,0,0,3,3,43,0,0,0,0,,,,,,,,,,,,,,,,,,,,,,,,,,,,,,,,,,,,,,,,,182.50317480042577,None,182.50317480042577,None,182.50317480042577,None,184.51137119997293,None,7,2,1,49.9661674153862,50,2,2,1,186.62204220052809,None,b,0.4108709990978241,186.62204220052809,None,Definitely Yes,2.589129000902176,187.15954450052232,None,189.86618740018457,None,g,0.6295985989272594,189.86618740018457,None,1.9071605999999974,Bar,0.9071605999999974,189.86618740018457,None,190.62414530012757,None,,,,Sub030,001,2022_Sep_13_1153,2_3_MRI_Rating_Play_Eyetracking,2021.2.3,60.09261479953886,
7,2,1,50,2,1,,,,,,,,,0,0,0,0,0,3,3,43,,,,,,,,,,,,,,,,,,,,,,,,,,,,,,,,,,,,,,,,,,,,,,,,,,,,,7,2,1,,,,,1,,,,,,,,,,,,,,,,,,,,,,,,,,,Sub030,001,2022_Sep_13_1153,2_3_MRI_Rating_Play_Eyetracking,2021.2.3,60.09261479953886,
3,1,0,20,1,0,,,,,,,,,0,0,0,0,0,4,4,3,,,,,,,,,,,,,,,,,,,,,,,,,,,,,,,,,,,,,,,,,,,,,192.64109100028872,None,192.64109100028872,None,192.64109100028872,None,194.6438446007669,None,3,1,0,26.296956867726266,20,2,1,0,,,,,,,,,,,,,,,,,,,,,,,,,,,Sub030,001,2022_Sep_13_1153,2_3_MRI_Rating_Play_Eyetracking,2021.2.3,60.09261479953886,
0,0,0,20,2,1,,,,,,,,,0,0,0,0,0,5,5,9,0,0,0,0,,,,,,,,,,,,,,,,,,,,,,,,,,,,,,,,,,,,,,,,,195.75549130048603,None,195.75549130048603,None,195.75549130048603,None,197.77134920004755,None,0,0,0,9.875491734017887,20,2,2,1,199.8756084004417,None,r,0.47213449887931347,199.8756084004417,None,Definitely No,2.5278655011206865,200.4710332006216,None,203.11459020059556,None,r,0.362750799395144,203.11459020059556,None,2.159636400000011,Definitely Bar,1.1596364000000108,203.11459020059556,None,203.60081130079925,None,,,,Sub030,001,2022_Sep_13_1153,2_3_MRI_Rating_Play_Eyetracking,2021.2.3,60.09261479953886,
0,0,0,20,2,1,,,,,,,,,0,0,0,0,0,5,5,9,,,,,,,,,,,,,,,,,,,,,,,,,,,,,,,,,,,,,,,,,,,,,,,,,,,,,0,0,0,,,,,1,,,,,,,,,,,,,,,,,,,,,,,,,,,Sub030,001,2022_Sep_13_1153,2_3_MRI_Rating_Play_Eyetracking,2021.2.3,60.09261479953886,
1,0,1,50,2,1,,,,,,,,,0,0,0,0,0,6,6,10,0,0,0,0,,,,,,,,,,,,,,,,,,,,,,,,,,,,,,,,,,,,,,,,,205.86431189998984,None,205.86431189998984,None,205.86431189998984,None,207.88789890054613,None,1,0,1,9.875491734017887,50,2,2,1,209.99163490068167,None,r,0.4128121994435787,209.99163490068167,None,Definitely No,2.5871878005564213,210.50125200022012,None,213.192861600779,None,r,0.41587769985198975,213.192861600779,None,2.1549644000000114,Definitely Bar,1.1549644000000114,213.192861600779,None,213.7183362999931,None,,,,Sub030,001,2022_Sep_13_1153,2_3_MRI_Rating_Play_Eyetracking,2021.2.3,60.09261479953886,
1,0,1,50,2,1,,,,,,,,,0,0,0,0,0,6,6,10,,,,,,,,,,,,,,,,,,,,,,,,,,,,,,,,,,,,,,,,,,,,,,,,,,,,,1,0,1,,,,,1,,,,,,,,,,,,,,,,,,,,,,,,,,,Sub030,001,2022_Sep_13_1153,2_3_MRI_Rating_Play_Eyetracking,2021.2.3,60.09261479953886,
2,0,2,80,3,1,,,,,,,,,0,0,0,0,0,7,7,47,0,0,0,0,,,,,,,,,,,,,,,,,,,,,,,,,,,,,,,,,,,,,,,,,215.97511220071465,None,215.97511220071465,None,215.97511220071465,None,217.96548910066485,None,2,0,2,9.875491734017887,80,2,3,1,221.05583150032908,None,y,0.8048229990527034,221.05583150032908,None,Yes,2.1951770009472966,221.98922639992088,None,224.2970099002123,None,b,0.3402262991294265,224.2970099002123,None,2.238726299999996,Definitely Card,1.2387262999999962,224.2970099002123,None,224.75918840058148,None,,,,Sub030,001,2022_Sep_13_1153,2_3_MRI_Rating_Play_Eyetracking,2021.2.3,60.09261479953886,
2,0,2,80,3,1,,,,,,,,,0,0,0,0,0,7,7,47,,,,,,,,,,,,,,,,,,,,,,,,,,,,,,,,,,,,,,,,,,,,,,,,,,,,,2,0,2,,,,,1,,,,,,,,,,,,,,,,,,,,,,,,,,,Sub030,001,2022_Sep_13_1153,2_3_MRI_Rating_Play_Eyetracking,2021.2.3,60.09261479953886,
8,2,2,80,1,0,,,,,,,,,0,0,0,0,0,8,8,8,,,,,,,,,,,,,,,,,,,,,,,,,,,,,,,,,,,,,,,,,,,,,227.110751000233,None,227.110751000233,None,227.110751000233,None,229.12453099992126,None,8,2,2,49.9661674153862,80,2,1,0,,,,,,,,,,,,,,,,,,,,,,,,,,,Sub030,001,2022_Sep_13_1153,2_3_MRI_Rating_Play_Eyetracking,2021.2.3,60.09261479953886,
6,2,0,20,3,1,,,,,,,,,0,0,0,0,0,9,9,51,0,0,0,0,,,,,,,,,,,,,,,,,,,,,,,,,,,,,,,,,,,,,,,,,230.24049660004675,None,230.24049660004675,None,230.24049660004675,None,232.25462670065463,None,6,2,0,49.9661674153862,20,2,3,1,235.3387622004375,None,y,0.4721803003922105,235.3387622004375,None,Yes,2.5278196996077895,235.91996389999986,None,238.5663799000904,None,r,0.33174769952893257,238.5663799000904,None,2.2282564000000207,Definitely Bar,1.2282564000000207,238.5663799000904,None,239.00244170054793,None,,,,Sub030,001,2022_Sep_13_1153,2_3_MRI_Rating_Play_Eyetracking,2021.2.3,60.09261479953886,
6,2,0,20,3,1,,,,,,,,,0,0,0,0,0,9,9,51,,,,,,,,,,,,,,,,,,,,,,,,,,,,,,,,,,,,,,,,,,,,,,,,,,,,,6,2,0,,,,,1,,,,,,,,,,,,,,,,,,,,,,,,,,,Sub030,001,2022_Sep_13_1153,2_3_MRI_Rating_Play_Eyetracking,2021.2.3,60.09261479953886,
7,2,1,50,3,1,,,,,,,,,0,0,0,0,0,10,10,52,0,0,0,0,,,,,,,,,,,,,,,,,,,,,,,,,,,,,,,,,,,,,,,,,241.34147390071303,None,241.34147390071303,None,241.34147390071303,None,243.35327129997313,None,7,2,1,49.9661674153862,50,2,3,1,246.43704310059547,None,b,0.5419937996193767,246.43704310059547,None,Definitely Yes,2.4580062003806233,247.11286070011556,None,249.68396800011396,None,r,0.7741628987714648,249.68396800011396,None,1.7693241999999998,Definitely Bar,0.7693241999999998,249.68396800011396,None,250.59214040078223,None,,,,Sub030,001,2022_Sep_13_1153,2_3_MRI_Rating_Play_Eyetracking,2021.2.3,60.09261479953886,
7,2,1,50,3,1,,,,,,,,,0,0,0,0,0,10,10,52,,,,,,,,,,,,,,,,,,,,,,,,,,,,,,,,,,,,,,,,,,,,,,,,,,,,,7,2,1,,,,,1,,,,,,,,,,,,,,,,,,,,,,,,,,,Sub030,001,2022_Sep_13_1153,2_3_MRI_Rating_Play_Eyetracking,2021.2.3,60.09261479953886,
1,0,1,50,1,1,,,,,,,,,0,0,0,0,0,11,11,28,0,0,0,0,,,,,,,,,,,,,,,,,,,,,,,,,,,,,,,,,,,,,,,,,252.47947150003165,None,252.47947150003165,None,252.47947150003165,None,254.4612901005894,None,1,0,1,9.875491734017887,50,2,1,1,255.5479526007548,None,r,0.8582223989069462,255.5479526007548,None,Definitely No,2.141777601093054,256.52481210045516,None,258.75525980070233,None,r,0.3354489002376795,258.75525980070233,None,2.2889446999999734,Definitely Bar,1.2889446999999734,258.75525980070233,None,259.2126779006794,None,,,,Sub030,001,2022_Sep_13_1153,2_3_MRI_Rating_Play_Eyetracking,2021.2.3,60.09261479953886,
1,0,1,50,1,1,,,,,,,,,0,0,0,0,0,11,11,28,,,,,,,,,,,,,,,,,,,,,,,,,,,,,,,,,,,,,,,,,,,,,,,,,,,,,1,0,1,,,,,1,,,,,,,,,,,,,,,,,,,,,,,,,,,Sub030,001,2022_Sep_13_1153,2_3_MRI_Rating_Play_Eyetracking,2021.2.3,60.09261479953886,
6,2,0,20,1,1,,,,,,,,,0,0,0,0,0,12,12,33,0,0,0,0,,,,,,,,,,,,,,,,,,,,,,,,,,,,,,,,,,,,,,,,,261.606506800279,None,261.606506800279,None,261.606506800279,None,263.6243191007525,None,6,2,0,49.9661674153862,20,2,1,1,264.7298678001389,None,r,0.9455006998032331,264.7298678001389,None,Definitely No,2.054499300196767,265.78511549998075,None,267.9262451007962,None,b,0.44915870018303394,267.9262451007962,None,2.1378151000000116,Definitely Card,1.1378151000000116,267.9262451007962,None,268.46784420032054,None,,,,Sub030,001,2022_Sep_13_1153,2_3_MRI_Rating_Play_Eyetracking,2021.2.3,60.09261479953886,
6,2,0,20,1,1,,,,,,,,,0,0,0,0,0,12,12,33,,,,,,,,,,,,,,,,,,,,,,,,,,,,,,,,,,,,,,,,,,,,,,,,,,,,,6,2,0,,,,,1,,,,,,,,,,,,,,,,,,,,,,,,,,,Sub030,001,2022_Sep_13_1153,2_3_MRI_Rating_Play_Eyetracking,2021.2.3,60.09261479953886,
3,1,0,20,2,1,,,,,,,,,0,0,0,0,0,13,13,57,0,0,0,0,,,,,,,,,,,,,,,,,,,,,,,,,,,,,,,,,,,,,,,,,270.7116018999368,None,270.7116018999368,None,270.7116018999368,None,272.72520830016583,None,3,1,0,26.296956867726266,20,2,2,1,274.8317801998928,None,r,0.3397873993963003,274.8317801998928,None,Definitely No,2.6602126006036997,275.29650290030986,None,278.04529100004584,None,b,0.40690929908305407,278.04529100004584,None,2.1555766000000176,Definitely Card,1.1555766000000176,278.04529100004584,None,278.57193410024047,None,,,,Sub030,001,2022_Sep_13_1153,2_3_MRI_Rating_Play_Eyetracking,2021.2.3,60.09261479953886,
3,1,0,20,2,1,,,,,,,,,0,0,0,0,0,13,13,57,,,,,,,,,,,,,,,,,,,,,,,,,,,,,,,,,,,,,,,,,,,,,,,,,,,,,3,1,0,,,,,1,,,,,,,,,,,,,,,,,,,,,,,,,,,Sub030,001,2022_Sep_13_1153,2_3_MRI_Rating_Play_Eyetracking,2021.2.3,60.09261479953886,
8,2,2,80,3,0,,,,,,,,,0,0,0,0,0,14,14,26,,,,,,,,,,,,,,,,,,,,,,,,,,,,,,,,,,,,,,,,,,,,,280.83693230059,None,280.83693230059,None,280.83693230059,None,282.8507099999115,None,8,2,2,49.9661674153862,80,2,3,0,,,,,,,,,,,,,,,,,,,,,,,,,,,Sub030,001,2022_Sep_13_1153,2_3_MRI_Rating_Play_Eyetracking,2021.2.3,60.09261479953886,
4,1,1,50,3,1,,,,,,,,,0,0,0,0,0,15,15,67,0,0,0,0,,,,,,,,,,,,,,,,,,,,,,,,,,,,,,,,,,,,,,,,,285.96240990050137,None,285.96240990050137,None,285.96240990050137,None,287.95121920015663,None,4,1,1,26.296956867726266,50,2,3,1,291.0572766000405,None,y,0.6583588989451528,291.0572766000405,None,Yes,2.3416411010548472,291.83966250065714,None,294.2967562004924,None,b,0.4958451995626092,294.2967562004924,None,2.05962999999997,Definitely Card,1.05962999999997,294.2967562004924,None,294.9082273002714,None,,,,Sub030,001,2022_Sep_13_1153,2_3_MRI_Rating_Play_Eyetracking,2021.2.3,60.09261479953886,
4,1,1,50,3,1,,,,,,,,,0,0,0,0,0,15,15,67,,,,,,,,,,,,,,,,,,,,,,,,,,,,,,,,,,,,,,,,,,,,,,,,,,,,,4,1,1,,,,,1,,,,,,,,,,,,,,,,,,,,,,,,,,,Sub030,001,2022_Sep_13_1153,2_3_MRI_Rating_Play_Eyetracking,2021.2.3,60.09261479953886,
8,2,2,80,1,1,,,,,,,,,0,0,0,0,0,16,16,35,0,0,0,0,,,,,,,,,,,,,,,,,,,,,,,,,,,,,,,,,,,,,,,,,297.08266910072416,None,297.08266910072416,None,297.08266910072416,None,299.0937232002616,None,8,2,2,49.9661674153862,80,2,1,1,300.19684790074825,None,r,1.4986423002555966,300.19684790074825,None,Definitely No,1.5013576997444034,301.81684340070933,None,303.4103935007006,None,None,,303.4103935007006,None,0.6558210999999687,,-0.34417890000003126,303.4103935007006,None,305.4439106006175,None,,,,Sub030,001,2022_Sep_13_1153,2_3_MRI_Rating_Play_Eyetracking,2021.2.3,60.09261479953886,
8,2,2,80,1,1,,,,,,,,,0,0,0,0,0,16,16,35,,,,,,,,,,,,,,,,,,,,,,,,,,,,,,,,,,,,,,,,,,,,,,,,,,,,,8,2,2,,,,,1,,,,,,,,,,,,,,,,,,,,,,,,,,,Sub030,001,2022_Sep_13_1153,2_3_MRI_Rating_Play_Eyetracking,2021.2.3,60.09261479953886,
8,2,2,80,3,1,,,,,,,,,0,0,0,0,0,17,17,53,0,0,0,0,,,,,,,,,,,,,,,,,,,,,,,,,,,,,,,,,,,,,,,,,306.20137060061097,None,306.20137060061097,None,306.20137060061097,None,308.1964882006869,None,8,2,2,49.9661674153862,80,2,3,1,311.310721100308,None,b,0.3050778992474079,311.310721100308,None,Definitely Yes,2.694922100752592,311.74525400064886,None,314.5408092001453,None,b,0.32395019941031933,314.5408092001453,None,2.2383791000000315,Definitely Card,1.2383791000000315,314.5408092001453,None,314.9951398000121,None,,,,Sub030,001,2022_Sep_13_1153,2_3_MRI_Rating_Play_Eyetracking,2021.2.3,60.09261479953886,
8,2,2,80,3,1,,,,,,,,,0,0,0,0,0,17,17,53,,,,,,,,,,,,,,,,,,,,,,,,,,,,,,,,,,,,,,,,,,,,,,,,,,,,,8,2,2,,,,,1,,,,,,,,,,,,,,,,,,,,,,,,,,,Sub030,001,2022_Sep_13_1153,2_3_MRI_Rating_Play_Eyetracking,2021.2.3,60.09261479953886,
3,1,0,20,3,0,,,,,,,,,0,0,0,0,0,18,18,21,,,,,,,,,,,,,,,,,,,,,,,,,,,,,,,,,,,,,,,,,,,,,317.3442977005616,None,317.3442977005616,None,317.3442977005616,None,319.3293318999931,None,3,1,0,26.296956867726266,20,2,3,0,,,,,,,,,,,,,,,,,,,,,,,,,,,Sub030,001,2022_Sep_13_1153,2_3_MRI_Rating_Play_Eyetracking,2021.2.3,60.09261479953886,
0,0,0,20,3,1,,,,,,,,,0,0,0,0,0,19,19,45,0,0,0,0,,,,,,,,,,,,,,,,,,,,,,,,,,,,,,,,,,,,,,,,,322.4239688999951,None,322.4239688999951,None,322.4239688999951,None,324.4571684002876,None,0,0,0,9.875491734017887,20,2,3,1,327.56402620021254,None,r,0.4583916999399662,327.56402620021254,None,Definitely No,2.541608300060034,328.1411402001977,None,330.79822329990566,None,r,0.3531571989879012,330.79822329990566,None,2.1771536999999626,Definitely Bar,1.1771536999999626,330.79822329990566,None,331.26812190003693,None,,,,Sub030,001,2022_Sep_13_1153,2_3_MRI_Rating_Play_Eyetracking,2021.2.3,60.09261479953886,
0,0,0,20,3,1,,,,,,,,,0,0,0,0,0,19,19,45,,,,,,,,,,,,,,,,,,,,,,,,,,,,,,,,,,,,,,,,,,,,,,,,,,,,,0,0,0,,,,,1,,,,,,,,,,,,,,,,,,,,,,,,,,,Sub030,001,2022_Sep_13_1153,2_3_MRI_Rating_Play_Eyetracking,2021.2.3,60.09261479953886,
8,2,2,80,3,1,,,,,,,,,0,0,0,0,0,20,20,71,0,0,0,0,,,,,,,,,,,,,,,,,,,,,,,,,,,,,,,,,,,,,,,,,333.56336189992726,None,333.56336189992726,None,333.56336189992726,None,335.5752300005406,None,8,2,2,49.9661674153862,80,2,3,1,338.65890160016716,None,b,0.4517335994169116,338.65890160016716,None,Definitely Yes,2.5482664005830884,339.20922940038145,None,341.86473600007594,None,y,1.344480300322175,341.86473600007594,None,1.2543971000000056,Card,0.2543971000000056,341.86473600007594,None,343.32846370059997,None,,,,Sub030,001,2022_Sep_13_1153,2_3_MRI_Rating_Play_Eyetracking,2021.2.3,60.09261479953886,
8,2,2,80,3,1,,,,,,,,,0,0,0,0,0,20,20,71,,,,,,,,,,,,,,,,,,,,,,,,,,,,,,,,,,,,,,,,,,,,,,,,,,,,,8,2,2,,,,,1,,,,,,,,,,,,,,,,,,,,,,,,,,,Sub030,001,2022_Sep_13_1153,2_3_MRI_Rating_Play_Eyetracking,2021.2.3,60.09261479953886,
3,1,0,20,3,1,,,,,,,,,0,0,0,0,0,21,21,48,0,0,0,0,,,,,,,,,,,,,,,,,,,,,,,,,,,,,,,,,,,,,,,,,344.69106430001557,None,344.69106430001557,None,344.69106430001557,None,346.7108289003372,None,3,1,0,26.296956867726266,20,2,3,1,349.81073920056224,None,y,0.4942228998988867,349.81073920056224,None,Yes,2.5057771001011133,350.4269641004503,None,353.0464024003595,None,g,0.6073658000677824,353.0464024003595,None,1.9375254999999925,Bar,0.9375254999999925,353.0464024003595,None,353.7724387003109,None,,,,Sub030,001,2022_Sep_13_1153,2_3_MRI_Rating_Play_Eyetracking,2021.2.3,60.09261479953886,
3,1,0,20,3,1,,,,,,,,,0,0,0,0,0,21,21,48,,,,,,,,,,,,,,,,,,,,,,,,,,,,,,,,,,,,,,,,,,,,,,,,,,,,,3,1,0,,,,,1,,,,,,,,,,,,,,,,,,,,,,,,,,,Sub030,001,2022_Sep_13_1153,2_3_MRI_Rating_Play_Eyetracking,2021.2.3,60.09261479953886,
3,1,0,20,3,1,,,,,,,,,0,0,0,0,0,22,22,66,0,0,0,0,,,,,,,,,,,,,,,,,,,,,,,,,,,,,,,,,,,,,,,,,355.8053745003417,None,355.8053745003417,None,355.8053745003417,None,357.82814230024815,None,3,1,0,26.296956867726266,20,2,3,1,360.9088027998805,None,g,1.3463858999311924,360.9088027998805,None,No,1.6536141000688076,362.3588894000277,None,364.0977377006784,None,b,0.6680511990562081,364.0977377006784,None,1.9345025999999734,Definitely Card,0.9345025999999734,364.0977377006784,None,364.8746779002249,None,,,,Sub030,001,2022_Sep_13_1153,2_3_MRI_Rating_Play_Eyetracking,2021.2.3,60.09261479953886,
3,1,0,20,3,1,,,,,,,,,0,0,0,0,0,22,22,66,,,,,,,,,,,,,,,,,,,,,,,,,,,,,,,,,,,,,,,,,,,,,,,,,,,,,3,1,0,,,,,1,,,,,,,,,,,,,,,,,,,,,,,,,,,Sub030,001,2022_Sep_13_1153,2_3_MRI_Rating_Play_Eyetracking,2021.2.3,60.09261479953886,
7,2,1,50,1,0,,,,,,,,,0,0,0,0,0,23,23,7,,,,,,,,,,,,,,,,,,,,,,,,,,,,,,,,,,,,,,,,,,,,,366.88649290055037,None,366.88649290055037,None,366.88649290055037,None,368.9245699001476,None,7,2,1,49.9661674153862,50,2,1,0,,,,,,,,,,,,,,,,,,,,,,,,,,,Sub030,001,2022_Sep_13_1153,2_3_MRI_Rating_Play_Eyetracking,2021.2.3,60.09261479953886,
1,0,1,50,3,1,,,,,,,,,0,0,0,0,0,24,24,46,0,0,0,0,,,,,,,,,,,,,,,,,,,,,,,,,,,,,,,,,,,,,,,,,370.0085183000192,None,370.0085183000192,None,370.0085183000192,None,372.04552889987826,None,1,0,1,9.875491734017887,50,2,3,1,375.1510474001989,None,r,0.29348319955170155,375.1510474001989,None,Definitely No,2.7065168004482985,375.5426988005638,None,378.36364080011845,None,r,0.4649644996970892,378.36364080011845,None,2.0922014999999874,Definitely Bar,1.0922014999999874,378.36364080011845,None,378.9270135005936,None,,,,Sub030,001,2022_Sep_13_1153,2_3_MRI_Rating_Play_Eyetracking,2021.2.3,60.09261479953886,
1,0,1,50,3,1,,,,,,,,,0,0,0,0,0,24,24,46,,,,,,,,,,,,,,,,,,,,,,,,,,,,,,,,,,,,,,,,,,,,,,,,,,,,,1,0,1,,,,,1,,,,,,,,,,,,,,,,,,,,,,,,,,,Sub030,001,2022_Sep_13_1153,2_3_MRI_Rating_Play_Eyetracking,2021.2.3,60.09261479953886,
5,1,2,80,1,1,,,,,,,,,0,0,0,0,0,25,25,32,0,0,0,0,,,,,,,,,,,,,,,,,,,,,,,,,,,,,,,,,,,,,,,,,381.13376460038126,None,381.13376460038126,None,381.13376460038126,None,383.1487746005878,None,5,1,2,26.296956867726266,80,2,1,1,384.264999399893,None,y,0.39999579917639494,384.264999399893,None,Yes,2.600004200823605,384.7937651006505,None,387.4829442007467,None,b,0.26171849947422743,387.4829442007467,None,2.2925004000000513,Definitely Card,1.2925004000000513,387.4829442007467,None,387.86338429991156,None,,,,Sub030,001,2022_Sep_13_1153,2_3_MRI_Rating_Play_Eyetracking,2021.2.3,60.09261479953886,
5,1,2,80,1,1,,,,,,,,,0,0,0,0,0,25,25,32,,,,,,,,,,,,,,,,,,,,,,,,,,,,,,,,,,,,,,,,,,,,,,,,,,,,,5,1,2,,,,,1,,,,,,,,,,,,,,,,,,,,,,,,,,,Sub030,001,2022_Sep_13_1153,2_3_MRI_Rating_Play_Eyetracking,2021.2.3,60.09261479953886,
7,2,1,50,2,1,,,,,,,,,0,0,0,0,0,26,26,70,0,0,0,0,,,,,,,,,,,,,,,,,,,,,,,,,,,,,,,,,,,,,,,,,390.26740540005267,None,390.26740540005267,None,390.26740540005267,None,392.27603930048645,None,7,2,1,49.9661674153862,50,2,2,1,394.36014650017023,None,y,0.3240988990291953,394.36014650017023,None,Yes,2.6759011009708047,394.81614110060036,None,397.5819701002911,None,r,0.3738546995446086,397.5819701002911,None,2.20618589999998,Definitely Bar,1.20618589999998,397.5819701002911,None,398.08413070067763,None,,,,Sub030,001,2022_Sep_13_1153,2_3_MRI_Rating_Play_Eyetracking,2021.2.3,60.09261479953886,
7,2,1,50,2,1,,,,,,,,,0,0,0,0,0,26,26,70,,,,,,,,,,,,,,,,,,,,,,,,,,,,,,,,,,,,,,,,,,,,,,,,,,,,,7,2,1,,,,,1,,,,,,,,,,,,,,,,,,,,,,,,,,,Sub030,001,2022_Sep_13_1153,2_3_MRI_Rating_Play_Eyetracking,2021.2.3,60.09261479953886,
5,1,2,80,3,1,,,,,,,,,0,0,0,0,0,27,27,50,0,0,0,0,,,,,,,,,,,,,,,,,,,,,,,,,,,,,,,,,,,,,,,,,400.3659063000232,None,400.3659063000232,None,400.3659063000232,None,402.404443600215,None,5,1,2,26.296956867726266,80,2,3,1,405.5170629005879,None,y,0.30622150003910065,405.5170629005879,None,Yes,2.6937784999608994,405.9484506007284,None,408.7483969004825,None,b,0.32625299971550703,408.7483969004825,None,2.2234725999999796,Definitely Card,1.2234725999999796,408.7483969004825,None,409.19645970035344,None,,,,Sub030,001,2022_Sep_13_1153,2_3_MRI_Rating_Play_Eyetracking,2021.2.3,60.09261479953886,
5,1,2,80,3,1,,,,,,,,,0,0,0,0,0,27,27,50,,,,,,,,,,,,,,,,,,,,,,,,,,,,,,,,,,,,,,,,,,,,,,,,,,,,,5,1,2,,,,,1,,,,,,,,,,,,,,,,,,,,,,,,,,,Sub030,001,2022_Sep_13_1153,2_3_MRI_Rating_Play_Eyetracking,2021.2.3,60.09261479953886,
5,1,2,80,1,0,,,,,,,,,0,0,0,0,0,28,28,5,,,,,,,,,,,,,,,,,,,,,,,,,,,,,,,,,,,,,,,,,,,,,411.53222679998726,None,411.53222679998726,None,411.53222679998726,None,413.5247691003606,None,5,1,2,26.296956867726266,80,2,1,0,,,,,,,,,,,,,,,,,,,,,,,,,,,Sub030,001,2022_Sep_13_1153,2_3_MRI_Rating_Play_Eyetracking,2021.2.3,60.09261479953886,
5,1,2,80,2,1,,,,,,,,,0,0,0,0,0,29,29,68,0,0,0,0,,,,,,,,,,,,,,,,,,,,,,,,,,,,,,,,,,,,,,,,,414.62995400000364,None,414.62995400000364,None,414.62995400000364,None,416.6437025004998,None,5,1,2,26.296956867726266,80,2,2,1,418.7510071005672,None,y,0.30285049974918365,418.7510071005672,None,Yes,2.6971495002508163,419.1606727000326,None,421.96477030031383,None,b,0.4274303000420332,421.96477030031383,None,2.128587400000015,Definitely Card,1.128587400000015,421.96477030031383,None,422.5158802000806,None,,,,Sub030,001,2022_Sep_13_1153,2_3_MRI_Rating_Play_Eyetracking,2021.2.3,60.09261479953886,
5,1,2,80,2,1,,,,,,,,,0,0,0,0,0,29,29,68,,,,,,,,,,,,,,,,,,,,,,,,,,,,,,,,,,,,,,,,,,,,,,,,,,,,,5,1,2,,,,,1,,,,,,,,,,,,,,,,,,,,,,,,,,,Sub030,001,2022_Sep_13_1153,2_3_MRI_Rating_Play_Eyetracking,2021.2.3,60.09261479953886,
6,2,0,20,1,0,,,,,,,,,0,0,0,0,0,30,30,6,,,,,,,,,,,,,,,,,,,,,,,,,,,,,,,,,,,,,,,,,,,,,424.7507923003286,None,424.7507923003286,None,424.7507923003286,None,426.7540052002296,None,6,2,0,49.9661674153862,20,2,1,0,,,,,,,,,,,,,,,,,,,,,,,,,,,Sub030,001,2022_Sep_13_1153,2_3_MRI_Rating_Play_Eyetracking,2021.2.3,60.09261479953886,
3,1,0,20,1,1,,,,,,,,,0,0,0,0,0,31,31,30,0,0,0,0,,,,,,,,,,,,,,,,,,,,,,,,,,,,,,,,,,,,,,,,,427.8677299004048,None,427.8677299004048,None,427.8677299004048,None,429.882396700792,None,3,1,0,26.296956867726266,20,2,1,1,430.992331600748,None,g,0.40983419958502054,430.992331600748,None,No,2.5901658004149795,431.51153750065714,None,434.21963100042194,None,b,0.2882583998143673,434.21963100042194,None,2.2425599000000034,Definitely Card,1.2425599000000034,434.21963100042194,None,434.63282070029527,None,,,,Sub030,001,2022_Sep_13_1153,2_3_MRI_Rating_Play_Eyetracking,2021.2.3,60.09261479953886,
3,1,0,20,1,1,,,,,,,,,0,0,0,0,0,31,31,30,,,,,,,,,,,,,,,,,,,,,,,,,,,,,,,,,,,,,,,,,,,,,,,,,,,,,3,1,0,,,,,1,,,,,,,,,,,,,,,,,,,,,,,,,,,Sub030,001,2022_Sep_13_1153,2_3_MRI_Rating_Play_Eyetracking,2021.2.3,60.09261479953886,
1,0,1,50,3,1,,,,,,,,,0,0,0,0,0,32,32,64,0,0,0,0,,,,,,,,,,,,,,,,,,,,,,,,,,,,,,,,,,,,,,,,,436.9628191003576,None,436.9628191003576,None,436.9628191003576,None,438.99426730070263,None,1,0,1,9.875491734017887,50,2,3,1,442.0812595002353,None,r,0.3574835993349552,442.0812595002353,None,Definitely No,2.642516400665045,442.5635096998885,None,445.31459490023553,None,r,0.47146149910986423,445.31459490023553,None,2.0892167000000086,Definitely Bar,1.0892167000000086,445.31459490023553,None,445.9187447000295,None,,,,Sub030,001,2022_Sep_13_1153,2_3_MRI_Rating_Play_Eyetracking,2021.2.3,60.09261479953886,
1,0,1,50,3,1,,,,,,,,,0,0,0,0,0,32,32,64,,,,,,,,,,,,,,,,,,,,,,,,,,,,,,,,,,,,,,,,,,,,,,,,,,,,,1,0,1,,,,,1,,,,,,,,,,,,,,,,,,,,,,,,,,,Sub030,001,2022_Sep_13_1153,2_3_MRI_Rating_Play_Eyetracking,2021.2.3,60.09261479953886,
4,1,1,50,3,0,,,,,,,,,0,0,0,0,0,33,33,22,,,,,,,,,,,,,,,,,,,,,,,,,,,,,,,,,,,,,,,,,,,,,448.1189362006262,None,448.1189362006262,None,448.1189362006262,None,450.1317285001278,None,4,1,1,26.296956867726266,50,2,3,0,,,,,,,,,,,,,,,,,,,,,,,,,,,Sub030,001,2022_Sep_13_1153,2_3_MRI_Rating_Play_Eyetracking,2021.2.3,60.09261479953886,
1,0,1,50,2,1,,,,,,,,,0,0,0,0,0,34,34,55,0,0,0,0,,,,,,,,,,,,,,,,,,,,,,,,,,,,,,,,,,,,,,,,,453.2317369002849,None,453.2317369002849,None,453.2317369002849,None,455.24799240007997,None,1,0,1,9.875491734017887,50,2,2,1,457.35259640030563,None,r,0.5177728990092874,457.35259640030563,None,Definitely No,2.4822271009907126,457.97641140036285,None,460.57029430009425,None,r,0.3016112996265292,460.57029430009425,None,2.24625020000002,Definitely Bar,1.24625020000002,460.57029430009425,None,460.9970824001357,None,,,,Sub030,001,2022_Sep_13_1153,2_3_MRI_Rating_Play_Eyetracking,2021.2.3,60.09261479953886,
1,0,1,50,2,1,,,,,,,,,0,0,0,0,0,34,34,55,,,,,,,,,,,,,,,,,,,,,,,,,,,,,,,,,,,,,,,,,,,,,,,,,,,,,1,0,1,,,,,1,,,,,,,,,,,,,,,,,,,,,,,,,,,Sub030,001,2022_Sep_13_1153,2_3_MRI_Rating_Play_Eyetracking,2021.2.3,60.09261479953886,
0,0,0,20,1,1,,,,,,,,,0,0,0,0,0,35,35,54,0,0,0,0,,,,,,,,,,,,,,,,,,,,,,,,,,,,,,,,,,,,,,,,,463.3474029004574,None,463.3474029004574,None,463.3474029004574,None,465.36801590025425,None,0,0,0,9.875491734017887,20,2,1,1,466.48497480060905,None,g,1.004607698880136,466.48497480060905,None,No,1.995392301119864,467.5954700000584,None,469.694743600674,None,b,0.3068893989548087,469.694743600674,None,2.238540300000011,Definitely Card,1.238540300000011,469.694743600674,None,470.10405860003084,None,,,,Sub030,001,2022_Sep_13_1153,2_3_MRI_Rating_Play_Eyetracking,2021.2.3,60.09261479953886,
0,0,0,20,1,1,,,,,,,,,0,0,0,0,0,35,35,54,,,,,,,,,,,,,,,,,,,,,,,,,,,,,,,,,,,,,,,,,,,,,,,,,,,,,0,0,0,,,,,1,,,,,,,,,,,,,,,,,,,,,,,,,,,Sub030,001,2022_Sep_13_1153,2_3_MRI_Rating_Play_Eyetracking,2021.2.3,60.09261479953886,
5,1,2,80,3,0,,,,,,,,,0,0,0,0,0,36,36,23,,,,,,,,,,,,,,,,,,,,,,,,,,,,,,,,,,,,,,,,,,,,,472.4493261007592,None,472.4493261007592,None,472.4493261007592,None,474.4644512999803,None,5,1,2,26.296956867726266,80,2,3,0,,,,,,,,,,,,,,,,,,,,,,,,,,,Sub030,001,2022_Sep_13_1153,2_3_MRI_Rating_Play_Eyetracking,2021.2.3,60.09261479953886,
8,2,2,80,2,1,,,,,,,,,0,0,0,0,0,37,37,17,0,0,0,0,,,,,,,,,,,,,,,,,,,,,,,,,,,,,,,,,,,,,,,,,477.56611980032176,None,477.56611980032176,None,477.56611980032176,None,479.58288220036775,None,8,2,2,49.9661674153862,80,2,2,1,481.6862731007859,None,b,0.4008011994883418,481.6862731007859,None,Definitely Yes,2.599198800511658,482.21599679999053,None,484.92196380067617,None,r,0.49727459996938705,484.92196380067617,None,2.0252016000000026,Definitely Bar,1.0252016000000026,484.92196380067617,None,485.5217105001211,None,,,,Sub030,001,2022_Sep_13_1153,2_3_MRI_Rating_Play_Eyetracking,2021.2.3,60.09261479953886,
8,2,2,80,2,1,,,,,,,,,0,0,0,0,0,37,37,17,,,,,,,,,,,,,,,,,,,,,,,,,,,,,,,,,,,,,,,,,,,,,,,,,,,,,8,2,2,,,,,1,,,,,,,,,,,,,,,,,,,,,,,,,,,Sub030,001,2022_Sep_13_1153,2_3_MRI_Rating_Play_Eyetracking,2021.2.3,60.09261479953886,
0,0,0,20,1,0,,,,,,,,,0,0,0,0,0,38,38,0,,,,,,,,,,,,,,,,,,,,,,,,,,,,,,,,,,,,,,,,,,,,,487.6530156005174,None,487.6530156005174,None,487.6530156005174,None,489.66416790056974,None,0,0,0,9.875491734017887,20,2,1,0,,,,,,,,,,,,,,,,,,,,,,,,,,,Sub030,001,2022_Sep_13_1153,2_3_MRI_Rating_Play_Eyetracking,2021.2.3,60.09261479953886,
4,1,1,50,1,1,,,,,,,,,0,0,0,0,0,39,39,58,0,0,0,0,,,,,,,,,,,,,,,,,,,,,,,,,,,,,,,,,,,,,,,,,490.7696791002527,None,490.7696791002527,None,490.7696791002527,None,492.7820031000301,None,4,1,1,26.296956867726266,50,2,1,1,493.88775310013443,None,y,0.48416509944945574,493.88775310013443,None,Yes,2.5158349005505443,494.4796321000904,None,497.1001978004351,None,b,0.25327619910240173,497.1001978004351,None,2.293021899999985,Definitely Card,1.2930218999999852,497.1001978004351,None,497.48636380024254,None,,,,Sub030,001,2022_Sep_13_1153,2_3_MRI_Rating_Play_Eyetracking,2021.2.3,60.09261479953886,
4,1,1,50,1,1,,,,,,,,,0,0,0,0,0,39,39,58,,,,,,,,,,,,,,,,,,,,,,,,,,,,,,,,,,,,,,,,,,,,,,,,,,,,,4,1,1,,,,,1,,,,,,,,,,,,,,,,,,,,,,,,,,,Sub030,001,2022_Sep_13_1153,2_3_MRI_Rating_Play_Eyetracking,2021.2.3,60.09261479953886,
8,2,2,80,2,1,,,,,,,,,0,0,0,0,0,40,40,44,0,0,0,0,,,,,,,,,,,,,,,,,,,,,,,,,,,,,,,,,,,,,,,,,499.8583470005542,None,499.8583470005542,None,499.8583470005542,None,501.87683600001037,None,8,2,2,49.9661674153862,80,2,2,1,503.98684470076114,None,b,0.7272124998271465,503.98684470076114,None,Definitely Yes,2.2727875001728535,504.83461969997734,None,507.2225617999211,None,r,0.2815834991633892,507.2225617999211,None,2.2724711000000184,Definitely Bar,1.2724711000000184,507.2225617999211,None,507.6123857004568,None,,,,Sub030,001,2022_Sep_13_1153,2_3_MRI_Rating_Play_Eyetracking,2021.2.3,60.09261479953886,
8,2,2,80,2,1,,,,,,,,,0,0,0,0,0,40,40,44,,,,,,,,,,,,,,,,,,,,,,,,,,,,,,,,,,,,,,,,,,,,,,,,,,,,,8,2,2,,,,,1,,,,,,,,,,,,,,,,,,,,,,,,,,,Sub030,001,2022_Sep_13_1153,2_3_MRI_Rating_Play_Eyetracking,2021.2.3,60.09261479953886,
3,1,0,20,2,1,,,,,,,,,0,0,0,0,0,41,41,39,0,0,0,0,,,,,,,,,,,,,,,,,,,,,,,,,,,,,,,,,,,,,,,,,509.9784768000245,None,509.9784768000245,None,509.9784768000245,None,511.9973648004234,None,3,1,0,26.296956867726266,20,2,2,1,514.1064846003428,None,None,,514.1064846003428,None,,1,516.1219701999798,None,517.2169421007857,None,r,0.7948568994179368,517.2169421007857,None,1.8720180999999911,Definitely Bar,0.8720180999999911,517.2169421007857,None,518.1170397000387,None,,,,Sub030,001,2022_Sep_13_1153,2_3_MRI_Rating_Play_Eyetracking,2021.2.3,60.09261479953886,
3,1,0,20,2,1,,,,,,,,,0,0,0,0,0,41,41,39,,,,,,,,,,,,,,,,,,,,,,,,,,,,,,,,,,,,,,,,,,,,,,,,,,,,,3,1,0,,,,,1,,,,,,,,,,,,,,,,,,,,,,,,,,,Sub030,001,2022_Sep_13_1153,2_3_MRI_Rating_Play_Eyetracking,2021.2.3,60.09261479953886,
6,2,0,20,2,1,,,,,,,,,0,0,0,0,0,42,42,60,0,0,0,0,,,,,,,,,,,,,,,,,,,,,,,,,,,,,,,,,,,,,,,,,520.1071211006492,None,520.1071211006492,None,520.1071211006492,None,522.1176396002993,None,6,2,0,49.9661674153862,20,2,2,1,524.2169806007296,None,y,0.2584695992991328,524.2169806007296,None,Yes,2.741530400700867,524.6036870004609,None,527.4549508001655,None,r,0.27987859956920147,527.4549508001655,None,2.273807099999999,Definitely Bar,1.273807099999999,527.4549508001655,None,527.8292821999639,None,,,,Sub030,001,2022_Sep_13_1153,2_3_MRI_Rating_Play_Eyetracking,2021.2.3,60.09261479953886,
6,2,0,20,2,1,,,,,,,,,0,0,0,0,0,42,42,60,,,,,,,,,,,,,,,,,,,,,,,,,,,,,,,,,,,,,,,,,,,,,,,,,,,,,6,2,0,,,,,1,,,,,,,,,,,,,,,,,,,,,,,,,,,Sub030,001,2022_Sep_13_1153,2_3_MRI_Rating_Play_Eyetracking,2021.2.3,60.09261479953886,
2,0,2,80,2,1,,,,,,,,,0,0,0,0,0,43,43,38,0,0,0,0,,,,,,,,,,,,,,,,,,,,,,,,,,,,,,,,,,,,,,,,,530.22179470025,None,530.22179470025,None,530.22179470025,None,532.2321015000343,None,2,0,2,9.875491734017887,80,2,2,1,534.3181445002556,None,r,0.743079299107194,534.3181445002556,None,Definitely No,2.256920700892806,535.1836831001565,None,537.5534928003326,None,r,0.37043049931526184,537.5534928003326,None,2.1875049999999874,Definitely Bar,1.1875049999999874,537.5534928003326,None,538.0515390001237,None,,,,Sub030,001,2022_Sep_13_1153,2_3_MRI_Rating_Play_Eyetracking,2021.2.3,60.09261479953886,
2,0,2,80,2,1,,,,,,,,,0,0,0,0,0,43,43,38,,,,,,,,,,,,,,,,,,,,,,,,,,,,,,,,,,,,,,,,,,,,,,,,,,,,,2,0,2,,,,,1,,,,,,,,,,,,,,,,,,,,,,,,,,,Sub030,001,2022_Sep_13_1153,2_3_MRI_Rating_Play_Eyetracking,2021.2.3,60.09261479953886,
7,2,1,50,1,1,,,,,,,,,0,0,0,0,0,44,44,34,0,0,0,0,,,,,,,,,,,,,,,,,,,,,,,,,,,,,,,,,,,,,,,,,540.3542412007228,None,540.3542412007228,None,540.3542412007228,None,542.365305500105,None,7,2,1,49.9661674153862,50,2,1,1,543.4750180002302,None,b,0.5590797001495957,543.4750180002302,None,Definitely Yes,2.4409202998504043,544.1273501999676,None,546.6733282003552,None,r,0.4270079992711544,546.6733282003552,None,2.154672000000005,Definitely Bar,1.154672000000005,546.6733282003552,None,547.2225473001599,None,,,,Sub030,001,2022_Sep_13_1153,2_3_MRI_Rating_Play_Eyetracking,2021.2.3,60.09261479953886,
7,2,1,50,1,1,,,,,,,,,0,0,0,0,0,44,44,34,,,,,,,,,,,,,,,,,,,,,,,,,,,,,,,,,,,,,,,,,,,,,,,,,,,,,7,2,1,,,,,1,,,,,,,,,,,,,,,,,,,,,,,,,,,Sub030,001,2022_Sep_13_1153,2_3_MRI_Rating_Play_Eyetracking,2021.2.3,60.09261479953886,
5,1,2,80,1,1,,,,,,,,,0,0,0,0,0,45,45,59,0,0,0,0,,,,,,,,,,,,,,,,,,,,,,,,,,,,,,,,,,,,,,,,,549.4609612999484,None,549.4609612999484,None,549.4609612999484,None,551.4926455998793,None,5,1,2,26.296956867726266,80,2,1,1,552.6021616002545,None,b,0.7062507001683116,552.6021616002545,None,Definitely Yes,2.2937492998316884,553.4143617004156,None,555.8244262002409,None,b,0.2630667993798852,555.8244262002409,None,2.2929986000000326,Definitely Card,1.2929986000000326,555.8244262002409,None,556.2237110007554,None,,,,Sub030,001,2022_Sep_13_1153,2_3_MRI_Rating_Play_Eyetracking,2021.2.3,60.09261479953886,
5,1,2,80,1,1,,,,,,,,,0,0,0,0,0,45,45,59,,,,,,,,,,,,,,,,,,,,,,,,,,,,,,,,,,,,,,,,,,,,,,,,,,,,,5,1,2,,,,,1,,,,,,,,,,,,,,,,,,,,,,,,,,,Sub030,001,2022_Sep_13_1153,2_3_MRI_Rating_Play_Eyetracking,2021.2.3,60.09261479953886,
2,0,2,80,1,0,,,,,,,,,0,0,0,0,0,46,46,2,,,,,,,,,,,,,,,,,,,,,,,,,,,,,,,,,,,,,,,,,,,,,558.6227045003325,None,558.6227045003325,None,558.6227045003325,None,560.629883300513,None,2,0,2,9.875491734017887,80,2,1,0,,,,,,,,,,,,,,,,,,,,,,,,,,,Sub030,001,2022_Sep_13_1153,2_3_MRI_Rating_Play_Eyetracking,2021.2.3,60.09261479953886,
4,1,1,50,2,1,,,,,,,,,0,0,0,0,0,47,47,40,0,0,0,0,,,,,,,,,,,,,,,,,,,,,,,,,,,,,,,,,,,,,,,,,561.7411046000198,None,561.7411046000198,None,561.7411046000198,None,563.7468019006774,None,4,1,1,26.296956867726266,50,2,2,1,565.858085100539,None,y,0.444760799407959,565.858085100539,None,Yes,2.555239200592041,566.4233039002866,None,569.0967284003273,None,g,1.134778699837625,569.0967284003273,None,1.394712199999958,Bar,0.3947121999999581,569.0967284003273,None,570.3580021001399,None,,,,Sub030,001,2022_Sep_13_1153,2_3_MRI_Rating_Play_Eyetracking,2021.2.3,60.09261479953886,
4,1,1,50,2,1,,,,,,,,,0,0,0,0,0,47,47,40,,,,,,,,,,,,,,,,,,,,,,,,,,,,,,,,,,,,,,,,,,,,,,,,,,,,,4,1,1,,,,,1,,,,,,,,,,,,,,,,,,,,,,,,,,,Sub030,001,2022_Sep_13_1153,2_3_MRI_Rating_Play_Eyetracking,2021.2.3,60.09261479953886,
2,0,2,80,1,1,,,,,,,,,0,0,0,0,0,48,48,56,0,0,0,0,,,,,,,,,,,,,,,,,,,,,,,,,,,,,,,,,,,,,,,,,571.8474230002612,None,571.8474230002612,None,571.8474230002612,None,573.8705674000084,None,2,0,2,9.875491734017887,80,2,1,1,574.9752710005268,None,g,1.3015664992854,574.9752710005268,None,No,1.6984335007146,576.3828366007656,None,578.1902090003714,None,r,0.4997423989698291,578.1902090003714,None,2.055519299999901,Definitely Bar,1.0555192999999008,578.1902090003714,None,578.8213143004104,None,,,,Sub030,001,2022_Sep_13_1153,2_3_MRI_Rating_Play_Eyetracking,2021.2.3,60.09261479953886,
2,0,2,80,1,1,,,,,,,,,0,0,0,0,0,48,48,56,,,,,,,,,,,,,,,,,,,,,,,,,,,,,,,,,,,,,,,,,,,,,,,,,,,,,2,0,2,,,,,1,,,,,,,,,,,,,,,,,,,,,,,,,,,Sub030,001,2022_Sep_13_1153,2_3_MRI_Rating_Play_Eyetracking,2021.2.3,60.09261479953886,
2,0,2,80,3,0,,,,,,,,,0,0,0,0,0,49,49,20,,,,,,,,,,,,,,,,,,,,,,,,,,,,,,,,,,,,,,,,,,,,,580.9669695002958,None,580.9669695002958,None,580.9669695002958,None,582.9945847000927,None,2,0,2,9.875491734017887,80,2,3,0,,,,,,,,,,,,,,,,,,,,,,,,,,,Sub030,001,2022_Sep_13_1153,2_3_MRI_Rating_Play_Eyetracking,2021.2.3,60.09261479953886,
6,2,0,20,2,1,,,,,,,,,0,0,0,0,0,50,50,15,0,0,0,0,,,,,,,,,,,,,,,,,,,,,,,,,,,,,,,,,,,,,,,,,586.1042864006013,None,586.1042864006013,None,586.1042864006013,None,588.1195304002613,None,6,2,0,49.9661674153862,20,2,2,1,590.2218198003247,None,y,0.30366089940071106,590.2218198003247,None,Yes,2.696339100599289,590.6480330005288,None,593.4607607005164,None,r,0.3563270000740886,593.4607607005164,None,2.179688400000032,Definitely Bar,1.1796884000000318,593.4607607005164,None,593.9370288001373,None,,,,Sub030,001,2022_Sep_13_1153,2_3_MRI_Rating_Play_Eyetracking,2021.2.3,60.09261479953886,
6,2,0,20,2,1,,,,,,,,,0,0,0,0,0,50,50,15,,,,,,,,,,,,,,,,,,,,,,,,,,,,,,,,,,,,,,,,,,,,,,,,,,,,,6,2,0,,,,,1,,,,,,,,,,,,,,,,,,,,,,,,,,,Sub030,001,2022_Sep_13_1153,2_3_MRI_Rating_Play_Eyetracking,2021.2.3,60.09261479953886,
0,0,0,20,2,1,,,,,,,,,0,0,0,0,0,51,51,36,0,0,0,0,,,,,,,,,,,,,,,,,,,,,,,,,,,,,,,,,,,,,,,,,596.2018255004659,None,596.2018255004659,None,596.2018255004659,None,598.2372072003782,None,0,0,0,9.875491734017887,20,2,2,1,600.3393208999187,None,r,0.4586858991533518,600.3393208999187,None,Definitely No,2.541314100846648,600.8922279002145,None,603.5196728007868,None,b,0.36928749922662973,603.5196728007868,None,2.223920700000008,Definitely Card,1.2239207000000079,603.5196728007868,None,604.0004304004833,None,,,,Sub030,001,2022_Sep_13_1153,2_3_MRI_Rating_Play_Eyetracking,2021.2.3,60.09261479953886,
0,0,0,20,2,1,,,,,,,,,0,0,0,0,0,51,51,36,,,,,,,,,,,,,,,,,,,,,,,,,,,,,,,,,,,,,,,,,,,,,,,,,,,,,0,0,0,,,,,1,,,,,,,,,,,,,,,,,,,,,,,,,,,Sub030,001,2022_Sep_13_1153,2_3_MRI_Rating_Play_Eyetracking,2021.2.3,60.09261479953886,
1,0,1,50,2,1,,,,,,,,,0,0,0,0,0,52,52,37,0,0,0,0,,,,,,,,,,,,,,,,,,,,,,,,,,,,,,,,,,,,,,,,,606.3336658999324,None,606.3336658999324,None,606.3336658999324,None,608.3517004000023,None,1,0,1,9.875491734017887,50,2,2,1,610.4347463008016,None,r,0.4123793989419937,610.4347463008016,None,Definitely No,2.5876206010580063,610.9514528000727,None,613.6620613001287,None,r,0.4355197995901108,613.6620613001287,None,2.136507100000017,Definitely Bar,1.136507100000017,613.6620613001287,None,614.2202080003917,None,,,,Sub030,001,2022_Sep_13_1153,2_3_MRI_Rating_Play_Eyetracking,2021.2.3,60.09261479953886,
1,0,1,50,2,1,,,,,,,,,0,0,0,0,0,52,52,37,,,,,,,,,,,,,,,,,,,,,,,,,,,,,,,,,,,,,,,,,,,,,,,,,,,,,1,0,1,,,,,1,,,,,,,,,,,,,,,,,,,,,,,,,,,Sub030,001,2022_Sep_13_1153,2_3_MRI_Rating_Play_Eyetracking,2021.2.3,60.09261479953886,
2,0,2,80,2,1,,,,,,,,,0,0,0,0,0,53,53,11,0,0,0,0,,,,,,,,,,,,,,,,,,,,,,,,,,,,,,,,,,,,,,,,,616.450118300505,None,616.450118300505,None,616.450118300505,None,618.488901800476,None,2,0,2,9.875491734017887,80,2,2,1,620.5695106005296,None,y,0.3789925994351506,620.5695106005296,None,Yes,2.6210074005648494,621.0745411003008,None,623.8115779999644,None,b,0.3508722996339202,623.8115779999644,None,2.204758599999991,Definitely Card,1.204758599999991,623.8115779999644,None,624.2886986006051,None,,,,Sub030,001,2022_Sep_13_1153,2_3_MRI_Rating_Play_Eyetracking,2021.2.3,60.09261479953886,
2,0,2,80,2,1,,,,,,,,,0,0,0,0,0,53,53,11,,,,,,,,,,,,,,,,,,,,,,,,,,,,,,,,,,,,,,,,,,,,,,,,,,,,,2,0,2,,,,,1,,,,,,,,,,,,,,,,,,,,,,,,,,,Sub030,001,2022_Sep_13_1153,2_3_MRI_Rating_Play_Eyetracking,2021.2.3,60.09261479953886,
4,1,1,50,1,0,,,,,,,,,0,0,0,0,0,54,54,4,,,,,,,,,,,,,,,,,,,,,,,,,,,,,,,,,,,,,,,,,,,,,626.5857406007126,None,626.5857406007126,None,626.5857406007126,None,628.5998373003677,None,4,1,1,26.296956867726266,50,2,1,0,,,,,,,,,,,,,,,,,,,,,,,,,,,Sub030,001,2022_Sep_13_1153,2_3_MRI_Rating_Play_Eyetracking,2021.2.3,60.09261479953886,
1,0,1,50,1,0,,,,,,,,,0,0,0,0,0,55,55,1,,,,,,,,,,,,,,,,,,,,,,,,,,,,,,,,,,,,,,,,,,,,,629.7012267000973,None,629.7012267000973,None,629.7012267000973,None,631.7170491004363,None,1,0,1,9.875491734017887,50,2,1,0,,,,,,,,,,,,,,,,,,,,,,,,,,,Sub030,001,2022_Sep_13_1153,2_3_MRI_Rating_Play_Eyetracking,2021.2.3,60.09261479953886,
7,2,1,50,3,0,,,,,,,,,0,0,0,0,0,56,56,25,,,,,,,,,,,,,,,,,,,,,,,,,,,,,,,,,,,,,,,,,,,,,632.8229162003845,None,632.8229162003845,None,632.8229162003845,None,634.8417704002932,None,7,2,1,49.9661674153862,50,2,3,0,,,,,,,,,,,,,,,,,,,,,,,,,,,Sub030,001,2022_Sep_13_1153,2_3_MRI_Rating_Play_Eyetracking,2021.2.3,60.09261479953886,
8,2,2,80,1,1,,,,,,,,,0,0,0,0,0,57,57,62,0,0,0,0,,,,,,,,,,,,,,,,,,,,,,,,,,,,,,,,,,,,,,,,,637.9537580003962,None,637.9537580003962,None,637.9537580003962,None,639.971619900316,None,8,2,2,49.9661674153862,80,2,1,1,641.0764045007527,None,b,0.5258911997079849,641.0764045007527,None,Definitely Yes,2.474108800292015,641.7273669000715,None,644.3113322006539,None,b,0.283551599830389,644.3113322006539,None,2.245641599999999,Definitely Card,1.245641599999999,644.3113322006539,None,644.7021083999425,None,,,,Sub030,001,2022_Sep_13_1153,2_3_MRI_Rating_Play_Eyetracking,2021.2.3,60.09261479953886,
8,2,2,80,1,1,,,,,,,,,0,0,0,0,0,57,57,62,,,,,,,,,,,,,,,,,,,,,,,,,,,,,,,,,,,,,,,,,,,,,,,,,,,,,8,2,2,,,,,1,,,,,,,,,,,,,,,,,,,,,,,,,,,Sub030,001,2022_Sep_13_1153,2_3_MRI_Rating_Play_Eyetracking,2021.2.3,60.09261479953886,
0,0,0,20,3,0,,,,,,,,,0,0,0,0,0,58,58,18,,,,,,,,,,,,,,,,,,,,,,,,,,,,,,,,,,,,,,,,,,,,,647.037513400428,None,647.037513400428,None,647.037513400428,None,649.077956000343,None,0,0,0,9.875491734017887,20,2,3,0,,,,,,,,,,,,,,,,,,,,,,,,,,,Sub030,001,2022_Sep_13_1153,2_3_MRI_Rating_Play_Eyetracking,2021.2.3,60.09261479953886,
6,2,0,20,3,1,,,,,,,,,0,0,0,0,0,59,59,69,0,0,0,0,,,,,,,,,,,,,,,,,,,,,,,,,,,,,,,,,,,,,,,,,652.1911997999996,None,652.1911997999996,None,652.1911997999996,None,654.2076242007315,None,6,2,0,49.9661674153862,20,2,3,1,657.3154088007286,None,g,0.4102671993896365,657.3154088007286,None,No,2.5897328006103635,657.8336412999779,None,660.5260963998735,None,b,0.3499416997656226,660.5260963998735,None,2.195008199999961,Definitely Card,1.195008199999961,660.5260963998735,None,661.0005758004263,None,,,,Sub030,001,2022_Sep_13_1153,2_3_MRI_Rating_Play_Eyetracking,2021.2.3,60.09261479953886,
6,2,0,20,3,1,,,,,,,,,0,0,0,0,0,59,59,69,,,,,,,,,,,,,,,,,,,,,,,,,,,,,,,,,,,,,,,,,,,,,,,,,,,,,6,2,0,,,,,1,,,,,,,,,,,,,,,,,,,,,,,,,,,Sub030,001,2022_Sep_13_1153,2_3_MRI_Rating_Play_Eyetracking,2021.2.3,60.09261479953886,
7,2,1,50,2,1,,,,,,,,,0,0,0,0,0,60,60,16,0,0,0,0,,,,,,,,,,,,,,,,,,,,,,,,,,,,,,,,,,,,,,,,,663.3075627004728,None,663.3075627004728,None,663.3075627004728,None,665.3237209999934,None,7,2,1,49.9661674153862,50,2,2,1,667.4284971999004,None,y,0.7362134996801615,667.4284971999004,None,Yes,2.2637865003198385,668.2935479003936,None,670.6677879001945,None,r,0.32071399968117476,670.6677879001945,None,2.2221563999999034,Definitely Bar,1.2221563999999034,670.6677879001945,None,671.0843110000715,None,,,,Sub030,001,2022_Sep_13_1153,2_3_MRI_Rating_Play_Eyetracking,2021.2.3,60.09261479953886,
7,2,1,50,2,1,,,,,,,,,0,0,0,0,0,60,60,16,,,,,,,,,,,,,,,,,,,,,,,,,,,,,,,,,,,,,,,,,,,,,,,,,,,,,7,2,1,,,,,1,,,,,,,,,,,,,,,,,,,,,,,,,,,Sub030,001,2022_Sep_13_1153,2_3_MRI_Rating_Play_Eyetracking,2021.2.3,60.09261479953886,
0,0,0,20,3,1,,,,,,,,,0,0,0,0,0,61,61,63,0,0,0,0,,,,,,,,,,,,,,,,,,,,,,,,,,,,,,,,,,,,,,,,,673.4130135001615,None,673.4130135001615,None,673.4130135001615,None,675.42387360055,None,0,0,0,9.875491734017887,20,2,3,1,678.5254277000204,None,r,0.348344799131155,678.5254277000204,None,Definitely No,2.651655200868845,678.9919580006972,None,681.7667610002682,None,r,0.2928296998143196,681.7667610002682,None,2.238475600000015,Definitely Bar,1.2384756000000152,681.7667610002682,None,682.1911858003587,None,,,,Sub030,001,2022_Sep_13_1153,2_3_MRI_Rating_Play_Eyetracking,2021.2.3,60.09261479953886,
0,0,0,20,3,1,,,,,,,,,0,0,0,0,0,61,61,63,,,,,,,,,,,,,,,,,,,,,,,,,,,,,,,,,,,,,,,,,,,,,,,,,,,,,0,0,0,,,,,1,,,,,,,,,,,,,,,,,,,,,,,,,,,Sub030,001,2022_Sep_13_1153,2_3_MRI_Rating_Play_Eyetracking,2021.2.3,60.09261479953886,
4,1,1,50,3,1,,,,,,,,,0,0,0,0,0,62,62,49,0,0,0,0,,,,,,,,,,,,,,,,,,,,,,,,,,,,,,,,,,,,,,,,,684.5417600004002,None,684.5417600004002,None,684.5417600004002,None,686.5556100001559,None,4,1,1,26.296956867726266,50,2,3,1,689.6588796004653,None,y,0.34380009956657887,689.6588796004653,None,Yes,2.656199900433421,690.106056900695,None,692.8811461003497,None,b,0.7448559990152717,692.8811461003497,None,1.805081599999994,Definitely Card,0.8050815999999941,692.8811461003497,None,693.7599599007517,None,,,,Sub030,001,2022_Sep_13_1153,2_3_MRI_Rating_Play_Eyetracking,2021.2.3,60.09261479953886,
4,1,1,50,3,1,,,,,,,,,0,0,0,0,0,62,62,49,,,,,,,,,,,,,,,,,,,,,,,,,,,,,,,,,,,,,,,,,,,,,,,,,,,,,4,1,1,,,,,1,,,,,,,,,,,,,,,,,,,,,,,,,,,Sub030,001,2022_Sep_13_1153,2_3_MRI_Rating_Play_Eyetracking,2021.2.3,60.09261479953886,
2,0,2,80,1,1,,,,,,,,,0,0,0,0,0,63,63,29,0,0,0,0,,,,,,,,,,,,,,,,,,,,,,,,,,,,,,,,,,,,,,,,,695.6550103006884,None,695.6550103006884,None,695.6550103006884,None,697.6676830006763,None,2,0,2,9.875491734017887,80,2,1,1,698.7756215007976,None,y,0.807010599412024,698.7756215007976,None,Yes,2.192989400587976,699.7097495999187,None,702.012564400211,None,b,0.2633801996707916,702.012564400211,None,2.2869324999999208,Definitely Card,1.2869324999999208,702.012564400211,None,702.3879280006513,None,,,,Sub030,001,2022_Sep_13_1153,2_3_MRI_Rating_Play_Eyetracking,2021.2.3,60.09261479953886,
2,0,2,80,1,1,,,,,,,,,0,0,0,0,0,63,63,29,,,,,,,,,,,,,,,,,,,,,,,,,,,,,,,,,,,,,,,,,,,,,,,,,,,,,2,0,2,,,,,1,,,,,,,,,,,,,,,,,,,,,,,,,,,Sub030,001,2022_Sep_13_1153,2_3_MRI_Rating_Play_Eyetracking,2021.2.3,60.09261479953886,
4,1,1,50,2,1,,,,,,,,,0,0,0,0,0,64,64,13,0,0,0,0,,,,,,,,,,,,,,,,,,,,,,,,,,,,,,,,,,,,,,,,,704.7806799001992,None,704.7806799001992,None,704.7806799001992,None,706.7907969001681,None,4,1,1,26.296956867726266,50,2,2,1,708.8958614002913,None,y,0.3055818993598223,708.8958614002913,None,Yes,2.6944181006401777,709.3259674999863,None,712.1379205007106,None,r,0.27500229980796576,712.1379205007106,None,2.2574405999999954,Definitely Bar,1.2574405999999954,712.1379205007106,None,712.5428333003074,None,,,,Sub030,001,2022_Sep_13_1153,2_3_MRI_Rating_Play_Eyetracking,2021.2.3,60.09261479953886,
4,1,1,50,2,1,,,,,,,,,0,0,0,0,0,64,64,13,,,,,,,,,,,,,,,,,,,,,,,,,,,,,,,,,,,,,,,,,,,,,,,,,,,,,4,1,1,,,,,1,,,,,,,,,,,,,,,,,,,,,,,,,,,Sub030,001,2022_Sep_13_1153,2_3_MRI_Rating_Play_Eyetracking,2021.2.3,60.09261479953886,
0,0,0,20,1,1,,,,,,,,,0,0,0,0,0,65,65,27,0,0,0,0,,,,,,,,,,,,,,,,,,,,,,,,,,,,,,,,,,,,,,,,,714.9126027002931,None,714.9126027002931,None,714.9126027002931,None,716.9032489005476,None,0,0,0,9.875491734017887,20,2,1,1,718.0115081006661,None,r,0.585703999735415,718.0115081006661,None,Definitely No,2.414296000264585,718.7251641005278,None,721.228209500201,None,b,0.37417909875512123,721.228209500201,None,2.203664599999911,Definitely Card,1.203664599999911,721.228209500201,None,721.7167311003432,None,,,,Sub030,001,2022_Sep_13_1153,2_3_MRI_Rating_Play_Eyetracking,2021.2.3,60.09261479953886,
0,0,0,20,1,1,,,,,,,,,0,0,0,0,0,65,65,27,,,,,,,,,,,,,,,,,,,,,,,,,,,,,,,,,,,,,,,,,,,,,,,,,,,,,0,0,0,,,,,1,,,,,,,,,,,,,,,,,,,,,,,,,,,Sub030,001,2022_Sep_13_1153,2_3_MRI_Rating_Play_Eyetracking,2021.2.3,60.09261479953886,
6,2,0,20,2,1,,,,,,,,,0,0,0,0,0,66,66,42,0,0,0,0,,,,,,,,,,,,,,,,,,,,,,,,,,,,,,,,,,,,,,,,,724.0057457005605,None,724.0057457005605,None,724.0057457005605,None,726.0455221999437,None,6,2,0,49.9661674153862,20,2,2,1,728.15856000036,None,y,0.5551294991746545,728.15856000036,None,Yes,2.4448705008253455,728.8463836004958,None,731.3995611006394,None,r,0.3490728996694088,731.3995611006394,None,2.1741036999999324,Definitely Bar,1.1741036999999324,731.3995611006394,None,731.8558229999617,None,,,,Sub030,001,2022_Sep_13_1153,2_3_MRI_Rating_Play_Eyetracking,2021.2.3,60.09261479953886,
6,2,0,20,2,1,,,,,,,,,0,0,0,0,0,66,66,42,,,,,,,,,,,,,,,,,,,,,,,,,,,,,,,,,,,,,,,,,,,,,,,,,,,,,6,2,0,,,,,1,,,,,,,,,,,,,,,,,,,,,,,,,,,Sub030,001,2022_Sep_13_1153,2_3_MRI_Rating_Play_Eyetracking,2021.2.3,60.09261479953886,
4,1,1,50,1,1,,,,,,,,,0,0,0,0,0,67,67,31,0,0,0,0,,,,,,,,,,,,,,,,,,,,,,,,,,,,,,,,,,,,,,,,,734.1457296004519,None,734.1457296004519,None,734.1457296004519,None,736.1589250005782,None,4,1,1,26.296956867726266,50,2,1,1,737.2608937006444,None,g,1.4372269995510578,737.2608937006444,None,No,1.5627730004489422,738.8267496004701,None,740.4979336000979,None,None,,740.4979336000979,None,0.6586224999999786,,-0.3413775000000214,740.4979336000979,None,742.5107293007895,None,,,,Sub030,001,2022_Sep_13_1153,2_3_MRI_Rating_Play_Eyetracking,2021.2.3,60.09261479953886,
4,1,1,50,1,1,,,,,,,,,0,0,0,0,0,67,67,31,,,,,,,,,,,,,,,,,,,,,,,,,,,,,,,,,,,,,,,,,,,,,,,,,,,,,4,1,1,,,,,1,,,,,,,,,,,,,,,,,,,,,,,,,,,Sub030,001,2022_Sep_13_1153,2_3_MRI_Rating_Play_Eyetracking,2021.2.3,60.09261479953886,
6,2,0,20,3,0,,,,,,,,,0,0,0,0,0,68,68,24,,,,,,,,,,,,,,,,,,,,,,,,,,,,,,,,,,,,,,,,,,,,,743.2778714001179,None,743.2778714001179,None,743.2778714001179,None,745.2914009001106,None,6,2,0,49.9661674153862,20,2,3,0,,,,,,,,,,,,,,,,,,,,,,,,,,,Sub030,001,2022_Sep_13_1153,2_3_MRI_Rating_Play_Eyetracking,2021.2.3,60.09261479953886,
3,1,0,20,2,1,,,,,,,,,0,0,0,0,0,69,69,12,0,0,0,0,,,,,,,,,,,,,,,,,,,,,,,,,,,,,,,,,,,,,,,,,748.3987384000793,None,748.3987384000793,None,748.3987384000793,None,750.383286700584,None,3,1,0,26.296956867726266,20,2,2,1,752.4921099003404,None,g,0.4068896993994713,752.4921099003404,None,No,2.5931103006005287,752.997985499911,None,755.677912500687,None,y,0.6256200997158885,755.677912500687,None,1.9777205000000322,Card,0.9777205000000322,755.677912500687,None,756.4089462002739,None,,,,Sub030,001,2022_Sep_13_1153,2_3_MRI_Rating_Play_Eyetracking,2021.2.3,60.09261479953886,
3,1,0,20,2,1,,,,,,,,,0,0,0,0,0,69,69,12,,,,,,,,,,,,,,,,,,,,,,,,,,,,,,,,,,,,,,,,,,,,,,,,,,,,,3,1,0,,,,,1,,,,,,,,,,,,,,,,,,,,,,,,,,,Sub030,001,2022_Sep_13_1153,2_3_MRI_Rating_Play_Eyetracking,2021.2.3,60.09261479953886,
1,0,1,50,3,0,,,,,,,,,0,0,0,0,0,70,70,19,,,,,,,,,,,,,,,,,,,,,,,,,,,,,,,,,,,,,,,,,,,,,758.4917731005698,None,758.4917731005698,None,758.4917731005698,None,760.5074418000877,None,1,0,1,9.875491734017887,50,2,3,0,,,,,,,,,,,,,,,,,,,,,,,,,,,Sub030,001,2022_Sep_13_1153,2_3_MRI_Rating_Play_Eyetracking,2021.2.3,60.09261479953886,
7,2,1,50,1,1,,,,,,,,,0,0,0,0,0,71,71,61,0,0,0,0,,,,,,,,,,,,,,,,,,,,,,,,,,,,,,,,,,,,,,,,,763.6163969999179,None,763.6163969999179,None,763.6163969999179,None,765.6207246007398,None,7,2,1,49.9661674153862,50,2,1,1,766.7071946002543,None,b,0.5749248992651701,766.7071946002543,None,Definitely Yes,2.42507510073483,767.411996900104,None,769.9500304004177,None,r,0.3266048999503255,769.9500304004177,None,2.2273205999999846,Definitely Bar,1.2273205999999846,769.9500304004177,None,770.3993782000616,None,,,,Sub030,001,2022_Sep_13_1153,2_3_MRI_Rating_Play_Eyetracking,2021.2.3,60.09261479953886,
7,2,1,50,1,1,,,,,,,,,0,0,0,0,0,71,71,61,,,,,,,,,,,,,,,,,,,,,,,,,,,,,,,,,,,,,,,,,,,,,,,,,,,,,7,2,1,,,,,1,,,,,,,,,,,,,,,,,,,,,,,,,,,Sub030,001,2022_Sep_13_1153,2_3_MRI_Rating_Play_Eyetracking,2021.2.3,60.09261479953886,
,,,,,,,,,,,,,,0,0,0,0,,,,,,,,,,,,,,,,,,,,,,,,,,,,,,,,,,,,,,,,,,,,,,,,,,,,,,,,,,,,,,,,,,,,,,,,,,,,,,,,,,,,,,,,,,,Sub030,001,2022_Sep_13_1153,2_3_MRI_Rating_Play_Eyetracking,2021.2.3,60.09261479953886,
,,,,,,,,,,,,,,,,,,,,,,,,,,,,,,,,,,,,,,,,,,,,,,,,,,,,,,,,,,,,,,,,,,,,,,,,,,,,,,,,,,,,,,,,,,,,,,,,,,,,,,,,,772.7094488004223,None,None,Sub030,001,2022_Sep_13_1153,2_3_MRI_Rating_Play_Eyetracking,2021.2.3,60.09261479953886,
