﻿Current_Run_SE,Current_Run_RE,current_pair_SE,current_pair_RE,current_card_prob,ITI_SE,ITI_RE,Q_bar,Q_card,start_MRI.thisRepN,start_MRI.thisTrialN,start_MRI.thisN,start_MRI.thisIndex,L_subjects.thisRepN,L_subjects.thisTrialN,L_subjects.thisN,L_subjects.thisIndex,R_subjects.thisRepN,R_subjects.thisTrialN,R_subjects.thisN,R_subjects.thisIndex,Bar_Card_R.thisRepN,Bar_Card_R.thisTrialN,Bar_Card_R.thisN,Bar_Card_R.thisIndex,trials_bar_R.thisRepN,trials_bar_R.thisTrialN,trials_bar_R.thisN,trials_bar_R.thisIndex,Q_bar_R.thisRepN,Q_bar_R.thisTrialN,Q_bar_R.thisN,Q_bar_R.thisIndex,trials_card_R.thisRepN,trials_card_R.thisTrialN,trials_card_R.thisN,trials_card_R.thisIndex,Q_card_R.thisRepN,Q_card_R.thisTrialN,Q_card_R.thisN,Q_card_R.thisIndex,fMR_Instr1_text.started,fMR_Instr1_text.stopped,Ready_text.started,Ready_text.stopped,trigger_2.keys,trigger_2.rt,trigger_2.started,trigger_2.stopped,center_OnsetTime.started,center_OnsetTime.stopped,text_SE_9.started,text_SE_9.stopped,fixOnset_text_ISI_SE.started,fixOnset_text_ISI_SE.stopped,current_pair_SE,current_pair_RE,target_pair,ISI_SE,Q_bar,PairQuestionONSET.started,PairQuestionONSET.stopped,key_resp_rating_SE_R.keys,key_resp_rating_SE_R.rt,key_resp_rating_SE_R.started,key_resp_rating_SE_R.stopped,Rating_pair,current_ITI,lagTime,fixOnset_text_ITI.started,fixOnset_text_ITI.stopped,PairONSET_card_prob_2.started,PairONSET_card_prob_2.stopped,fixOnset_text_ISI_RE.started,fixOnset_text_ISI_RE.stopped,card_pair,ISI_RE,Q_card,PairQuestionONSET_RE_R.started,PairQuestionONSET_RE_R.stopped,key_resp_rating_RE_R.keys,key_resp_rating_RE_R.rt,key_resp_rating_RE_R.started,key_resp_rating_RE_R.stopped,participant,session,date,expName,psychopyVersion,frameRate,
,,,,,,,,,0,0,0,0,,,,,,,,,,,,,,,,,,,,,,,,,,,,,13.932996899820864,None,,,,,,,,,,,,,,,,,,,,,,,,,,,,,,,,,,,,,,,,,,Sub030,001,2022_Sep_13_1123,2_1_MRI_Rating_SE_RE,2021.2.3,60.09792361674011,
1,0,1,-1,-1,3,-1,1,0,,,,,,,,,0,0,0,0,0,0,0,32,0,0,0,0,0,0,0,0,,,,,,,,,,,52.548176899552345,None,t,12.464575900696218,52.548176899552345,None,65.06841069925576,None,65.06841069925576,None,67.05622829962522,None,1,-1,26.296956867726266,3,1,70.07498709950596,None,g,0.8024944001808763,70.07498709950596,None,Slightly Unlikely,2.1624774999999943,1.1624774999999943,70.90622069966048,None,,,,,,,0,,,,,,,Sub030,001,2022_Sep_13_1123,2_1_MRI_Rating_SE_RE,2021.2.3,60.09792361674011,
1,0,1,-1,-1,3,-1,1,0,,,,,,,,,0,0,0,0,0,0,0,32,0,0,0,0,,,,,,,,,,,,,,,,,,,,,,,,,,,1,-1,,,1,,,,,,,,,,,,,,,,,,0,,,,,,,Sub030,001,2022_Sep_13_1123,2_1_MRI_Rating_SE_RE,2021.2.3,60.09792361674011,
1,0,1,-1,-1,3,-1,1,0,,,,,,,,,0,0,0,0,0,0,0,32,,,,,,,,,,,,,,,,,,,,,,,,,,,,,,,1,-1,,,1,,,,,,,,,,,,,,,,,,0,,,,,,,Sub030,001,2022_Sep_13_1123,2_1_MRI_Rating_SE_RE,2021.2.3,60.09792361674011,
0,1,-1,2,80,-1,1,0,0,,,,,,,,,0,0,0,0,0,1,1,47,,,,,,,,,0,0,0,0,,,,,,,,,,,,,,,,,,,-1,2,,,0,,,,,,,,,,,,73.09897629916668,None,75.0897739995271,None,80,1,0,,,,,,,Sub030,001,2022_Sep_13_1123,2_1_MRI_Rating_SE_RE,2021.2.3,60.09792361674011,
0,1,-1,2,80,-1,1,0,0,,,,,,,,,0,0,0,0,0,1,1,47,,,,,,,,,,,,,,,,,,,,,,,,,,,,,,,-1,2,,,0,,,,,,,,,,,,,,,,,,0,,,,,,,Sub030,001,2022_Sep_13_1123,2_1_MRI_Rating_SE_RE,2021.2.3,60.09792361674011,
0,1,-1,1,50,-1,2,0,1,,,,,,,,,0,0,0,0,0,2,2,76,,,,,,,,,0,0,0,0,0,0,0,0,,,,,,,,,,,,,,,-1,1,,,0,,,,,,,Slightly Unlikely,1.7958842000000033,0.7958842000000033,81.30664799921215,None,76.09790139924735,None,78.10711849946529,None,50,2,1,80.1115575991571,None,g,1.1749090999364853,80.1115575991571,None,Sub030,001,2022_Sep_13_1123,2_1_MRI_Rating_SE_RE,2021.2.3,60.09792361674011,
0,1,-1,1,50,-1,2,0,1,,,,,,,,,0,0,0,0,0,2,2,76,,,,,,,,,0,0,0,0,,,,,,,,,,,,,,,,,,,-1,1,,,0,,,,,,,,,,,,,,,,,,1,,,,,,,Sub030,001,2022_Sep_13_1123,2_1_MRI_Rating_SE_RE,2021.2.3,60.09792361674011,
0,1,-1,1,50,-1,2,0,1,,,,,,,,,0,0,0,0,0,2,2,76,,,,,,,,,,,,,,,,,,,,,,,,,,,,,,,-1,1,,,0,,,,,,,,,,,,,,,,,,1,,,,,,,Sub030,001,2022_Sep_13_1123,2_1_MRI_Rating_SE_RE,2021.2.3,60.09792361674011,
1,0,2,-1,-1,1,-1,1,0,,,,,,,,,0,0,0,0,0,3,3,42,0,0,0,0,0,0,0,0,,,,,,,,,,,,,,,,,83.12253479938954,None,83.12253479938954,None,85.12386319972575,None,2,-1,49.9661674153862,1,1,86.12422979995608,None,y,1.2491987003013492,86.12422979995608,None,Slightly Likely,1.7337433999999945,0.7337433999999945,87.39004539977759,None,,,,,,,0,,,,,,,Sub030,001,2022_Sep_13_1123,2_1_MRI_Rating_SE_RE,2021.2.3,60.09792361674011,
1,0,2,-1,-1,1,-1,1,0,,,,,,,,,0,0,0,0,0,3,3,42,0,0,0,0,,,,,,,,,,,,,,,,,,,,,,,,,,,2,-1,,,1,,,,,,,,,,,,,,,,,,0,,,,,,,Sub030,001,2022_Sep_13_1123,2_1_MRI_Rating_SE_RE,2021.2.3,60.09792361674011,
1,0,2,-1,-1,1,-1,1,0,,,,,,,,,0,0,0,0,0,3,3,42,,,,,,,,,,,,,,,,,,,,,,,,,,,,,,,2,-1,,,1,,,,,,,,,,,,,,,,,,0,,,,,,,Sub030,001,2022_Sep_13_1123,2_1_MRI_Rating_SE_RE,2021.2.3,60.09792361674011,
1,0,0,-1,-1,1,-1,0,0,,,,,,,,,0,0,0,0,0,4,4,0,0,0,0,0,,,,,,,,,,,,,,,,,,,,,89.13541819993407,None,89.13541819993407,None,91.14095189981163,None,0,-1,9.875491734017887,1,0,,,,,,,,,,,,,,,,,,0,,,,,,,Sub030,001,2022_Sep_13_1123,2_1_MRI_Rating_SE_RE,2021.2.3,60.09792361674011,
1,0,0,-1,-1,1,-1,0,0,,,,,,,,,0,0,0,0,0,4,4,0,,,,,,,,,,,,,,,,,,,,,,,,,,,,,,,0,-1,,,0,,,,,,,,,,,,,,,,,,0,,,,,,,Sub030,001,2022_Sep_13_1123,2_1_MRI_Rating_SE_RE,2021.2.3,60.09792361674011,
1,0,1,-1,-1,3,-1,1,0,,,,,,,,,0,0,0,0,0,5,5,41,0,0,0,0,0,0,0,0,,,,,,,,,,,,,,,,,92.14679639972746,None,92.14679639972746,None,94.15781309921294,None,1,-1,26.296956867726266,3,1,97.16086689941585,None,g,0.5915619004517794,97.16086689941585,None,Slightly Unlikely,2.3727592000000044,1.3727592000000044,97.77409139927477,None,,,,,,,0,,,,,,,Sub030,001,2022_Sep_13_1123,2_1_MRI_Rating_SE_RE,2021.2.3,60.09792361674011,
1,0,1,-1,-1,3,-1,1,0,,,,,,,,,0,0,0,0,0,5,5,41,0,0,0,0,,,,,,,,,,,,,,,,,,,,,,,,,,,1,-1,,,1,,,,,,,,,,,,,,,,,,0,,,,,,,Sub030,001,2022_Sep_13_1123,2_1_MRI_Rating_SE_RE,2021.2.3,60.09792361674011,
1,0,1,-1,-1,3,-1,1,0,,,,,,,,,0,0,0,0,0,5,5,41,,,,,,,,,,,,,,,,,,,,,,,,,,,,,,,1,-1,,,1,,,,,,,,,,,,,,,,,,0,,,,,,,Sub030,001,2022_Sep_13_1123,2_1_MRI_Rating_SE_RE,2021.2.3,60.09792361674011,
0,1,-1,0,20,-1,3,0,0,,,,,,,,,0,0,0,0,0,6,6,51,,,,,,,,,0,0,0,0,,,,,,,,,,,,,,,,,,,-1,0,,,0,,,,,,,,,,,,100.16597779933363,None,102.17429629992694,None,20,3,0,,,,,,,Sub030,001,2022_Sep_13_1123,2_1_MRI_Rating_SE_RE,2021.2.3,60.09792361674011,
0,1,-1,0,20,-1,3,0,0,,,,,,,,,0,0,0,0,0,6,6,51,,,,,,,,,,,,,,,,,,,,,,,,,,,,,,,-1,0,,,0,,,,,,,,,,,,,,,,,,0,,,,,,,Sub030,001,2022_Sep_13_1123,2_1_MRI_Rating_SE_RE,2021.2.3,60.09792361674011,
0,1,-1,1,50,-1,1,0,1,,,,,,,,,0,0,0,0,0,7,7,64,,,,,,,,,0,0,0,0,0,0,0,0,,,,,,,,,,,,,,,-1,1,,,0,,,,,,,Slightly Unlikely,2.440164899999999,1.4401648999999992,108.74128079973161,None,105.17662099935114,None,107.1910836994648,None,50,1,1,108.19160449970514,None,g,0.5208953004330397,108.19160449970514,None,Sub030,001,2022_Sep_13_1123,2_1_MRI_Rating_SE_RE,2021.2.3,60.09792361674011,
0,1,-1,1,50,-1,1,0,1,,,,,,,,,0,0,0,0,0,7,7,64,,,,,,,,,0,0,0,0,,,,,,,,,,,,,,,,,,,-1,1,,,0,,,,,,,,,,,,,,,,,,1,,,,,,,Sub030,001,2022_Sep_13_1123,2_1_MRI_Rating_SE_RE,2021.2.3,60.09792361674011,
0,1,-1,1,50,-1,1,0,1,,,,,,,,,0,0,0,0,0,7,7,64,,,,,,,,,,,,,,,,,,,,,,,,,,,,,,,-1,1,,,0,,,,,,,,,,,,,,,,,,1,,,,,,,Sub030,001,2022_Sep_13_1123,2_1_MRI_Rating_SE_RE,2021.2.3,60.09792361674011,
1,0,0,-1,-1,3,-1,1,0,,,,,,,,,0,0,0,0,0,8,8,11,0,0,0,0,0,0,0,0,,,,,,,,,,,,,,,,,111.1977871991694,None,111.1977871991694,None,113.20824950002134,None,0,-1,9.875491734017887,3,1,116.20895329955965,None,r,0.9966104999184608,116.20895329955965,None,Extremely Unlikely,1.9770577999999972,0.9770577999999972,117.22460619919002,None,,,,,,,0,,,,,,,Sub030,001,2022_Sep_13_1123,2_1_MRI_Rating_SE_RE,2021.2.3,60.09792361674011,
1,0,0,-1,-1,3,-1,1,0,,,,,,,,,0,0,0,0,0,8,8,11,0,0,0,0,,,,,,,,,,,,,,,,,,,,,,,,,,,0,-1,,,1,,,,,,,,,,,,,,,,,,0,,,,,,,Sub030,001,2022_Sep_13_1123,2_1_MRI_Rating_SE_RE,2021.2.3,60.09792361674011,
1,0,0,-1,-1,3,-1,1,0,,,,,,,,,0,0,0,0,0,8,8,11,,,,,,,,,,,,,,,,,,,,,,,,,,,,,,,0,-1,,,1,,,,,,,,,,,,,,,,,,0,,,,,,,Sub030,001,2022_Sep_13_1123,2_1_MRI_Rating_SE_RE,2021.2.3,60.09792361674011,
0,1,-1,1,50,-1,3,0,1,,,,,,,,,0,0,0,0,0,9,9,79,,,,,,,,,0,0,0,0,0,0,0,0,,,,,,,,,,,,,,,-1,1,,,0,,,,,,,Slightly Unlikely,2.5281308999999936,1.5281308999999936,124.69201989937574,None,119.2130936998874,None,121.22494259942323,None,50,3,1,124.24011289980263,None,g,0.43633379973471165,124.24011289980263,None,Sub030,001,2022_Sep_13_1123,2_1_MRI_Rating_SE_RE,2021.2.3,60.09792361674011,
0,1,-1,1,50,-1,3,0,1,,,,,,,,,0,0,0,0,0,9,9,79,,,,,,,,,0,0,0,0,,,,,,,,,,,,,,,,,,,-1,1,,,0,,,,,,,,,,,,,,,,,,1,,,,,,,Sub030,001,2022_Sep_13_1123,2_1_MRI_Rating_SE_RE,2021.2.3,60.09792361674011,
0,1,-1,1,50,-1,3,0,1,,,,,,,,,0,0,0,0,0,9,9,79,,,,,,,,,,,,,,,,,,,,,,,,,,,,,,,-1,1,,,0,,,,,,,,,,,,,,,,,,1,,,,,,,Sub030,001,2022_Sep_13_1123,2_1_MRI_Rating_SE_RE,2021.2.3,60.09792361674011,
0,1,-1,2,80,-1,3,0,0,,,,,,,,,0,0,0,0,0,10,10,62,,,,,,,,,0,0,0,0,,,,,,,,,,,,,,,,,,,-1,2,,,0,,,,,,,,,,,,127.23087239917368,None,129.24218429997563,None,80,3,0,,,,,,,Sub030,001,2022_Sep_13_1123,2_1_MRI_Rating_SE_RE,2021.2.3,60.09792361674011,
0,1,-1,2,80,-1,3,0,0,,,,,,,,,0,0,0,0,0,10,10,62,,,,,,,,,,,,,,,,,,,,,,,,,,,,,,,-1,2,,,0,,,,,,,,,,,,,,,,,,0,,,,,,,Sub030,001,2022_Sep_13_1123,2_1_MRI_Rating_SE_RE,2021.2.3,60.09792361674011,
1,0,1,-1,-1,3,-1,1,0,,,,,,,,,0,0,0,0,0,11,11,23,0,0,0,0,0,0,0,0,,,,,,,,,,,,,,,,,132.2480819998309,None,132.2480819998309,None,134.25904829986393,None,1,-1,26.296956867726266,3,1,137.26191969960928,None,g,0.849608900025487,137.26191969960928,None,Slightly Unlikely,2.1072637000000043,1.1072637000000043,138.14246599934995,None,,,,,,,0,,,,,,,Sub030,001,2022_Sep_13_1123,2_1_MRI_Rating_SE_RE,2021.2.3,60.09792361674011,
1,0,1,-1,-1,3,-1,1,0,,,,,,,,,0,0,0,0,0,11,11,23,0,0,0,0,,,,,,,,,,,,,,,,,,,,,,,,,,,1,-1,,,1,,,,,,,,,,,,,,,,,,0,,,,,,,Sub030,001,2022_Sep_13_1123,2_1_MRI_Rating_SE_RE,2021.2.3,60.09792361674011,
1,0,1,-1,-1,3,-1,1,0,,,,,,,,,0,0,0,0,0,11,11,23,,,,,,,,,,,,,,,,,,,,,,,,,,,,,,,1,-1,,,1,,,,,,,,,,,,,,,,,,0,,,,,,,Sub030,001,2022_Sep_13_1123,2_1_MRI_Rating_SE_RE,2021.2.3,60.09792361674011,
1,0,0,-1,-1,2,-1,1,0,,,,,,,,,0,0,0,0,0,12,12,37,0,0,0,0,0,0,0,0,,,,,,,,,,,,,,,,,140.26655949931592,None,140.26655949931592,None,142.27645719982684,None,0,-1,9.875491734017887,2,1,144.27676340006292,None,r,0.6557117998600006,144.27676340006292,None,Extremely Unlikely,2.3116415000000075,1.3116415000000075,144.95898329932243,None,,,,,,,0,,,,,,,Sub030,001,2022_Sep_13_1123,2_1_MRI_Rating_SE_RE,2021.2.3,60.09792361674011,
1,0,0,-1,-1,2,-1,1,0,,,,,,,,,0,0,0,0,0,12,12,37,0,0,0,0,,,,,,,,,,,,,,,,,,,,,,,,,,,0,-1,,,1,,,,,,,,,,,,,,,,,,0,,,,,,,Sub030,001,2022_Sep_13_1123,2_1_MRI_Rating_SE_RE,2021.2.3,60.09792361674011,
1,0,0,-1,-1,2,-1,1,0,,,,,,,,,0,0,0,0,0,12,12,37,,,,,,,,,,,,,,,,,,,,,,,,,,,,,,,0,-1,,,1,,,,,,,,,,,,,,,,,,0,,,,,,,Sub030,001,2022_Sep_13_1123,2_1_MRI_Rating_SE_RE,2021.2.3,60.09792361674011,
0,1,-1,1,50,-1,3,0,1,,,,,,,,,0,0,0,0,0,13,13,88,,,,,,,,,0,0,0,0,0,0,0,0,,,,,,,,,,,,,,,-1,1,,,0,,,,,,,Slightly Unlikely,2.3455866000000185,1.3455866000000185,152.9433635994792,None,147.28251389972866,None,149.2934183999896,None,50,3,1,152.29412159975618,None,g,0.6243409002199769,152.29412159975618,None,Sub030,001,2022_Sep_13_1123,2_1_MRI_Rating_SE_RE,2021.2.3,60.09792361674011,
0,1,-1,1,50,-1,3,0,1,,,,,,,,,0,0,0,0,0,13,13,88,,,,,,,,,0,0,0,0,,,,,,,,,,,,,,,,,,,-1,1,,,0,,,,,,,,,,,,,,,,,,1,,,,,,,Sub030,001,2022_Sep_13_1123,2_1_MRI_Rating_SE_RE,2021.2.3,60.09792361674011,
0,1,-1,1,50,-1,3,0,1,,,,,,,,,0,0,0,0,0,13,13,88,,,,,,,,,,,,,,,,,,,,,,,,,,,,,,,-1,1,,,0,,,,,,,,,,,,,,,,,,1,,,,,,,Sub030,001,2022_Sep_13_1123,2_1_MRI_Rating_SE_RE,2021.2.3,60.09792361674011,
1,0,1,-1,-1,2,-1,1,0,,,,,,,,,0,0,0,0,0,14,14,13,0,0,0,0,0,0,0,0,,,,,,,,,,,,,,,,,155.29712149966508,None,155.29712149966508,None,157.30994119960815,None,1,-1,26.296956867726266,2,1,159.31317429989576,None,g,0.48739139921963215,159.31317429989576,None,Slightly Unlikely,2.4752967999999953,1.4752967999999953,159.8262583995238,None,,,,,,,0,,,,,,,Sub030,001,2022_Sep_13_1123,2_1_MRI_Rating_SE_RE,2021.2.3,60.09792361674011,
1,0,1,-1,-1,2,-1,1,0,,,,,,,,,0,0,0,0,0,14,14,13,0,0,0,0,,,,,,,,,,,,,,,,,,,,,,,,,,,1,-1,,,1,,,,,,,,,,,,,,,,,,0,,,,,,,Sub030,001,2022_Sep_13_1123,2_1_MRI_Rating_SE_RE,2021.2.3,60.09792361674011,
1,0,1,-1,-1,2,-1,1,0,,,,,,,,,0,0,0,0,0,14,14,13,,,,,,,,,,,,,,,,,,,,,,,,,,,,,,,1,-1,,,1,,,,,,,,,,,,,,,,,,0,,,,,,,Sub030,001,2022_Sep_13_1123,2_1_MRI_Rating_SE_RE,2021.2.3,60.09792361674011,
0,1,-1,0,20,-1,3,0,1,,,,,,,,,0,0,0,0,0,15,15,69,,,,,,,,,0,0,0,0,0,0,0,0,,,,,,,,,,,,,,,-1,0,,,0,,,,,,,Extremely Unlikely,1.878652499999987,0.878652499999987,168.443882599473,None,162.3183953994885,None,164.3266896996647,None,20,3,1,167.3297555996105,None,r,1.0938894003629684,167.3297555996105,None,Sub030,001,2022_Sep_13_1123,2_1_MRI_Rating_SE_RE,2021.2.3,60.09792361674011,
0,1,-1,0,20,-1,3,0,1,,,,,,,,,0,0,0,0,0,15,15,69,,,,,,,,,0,0,0,0,,,,,,,,,,,,,,,,,,,-1,0,,,0,,,,,,,,,,,,,,,,,,1,,,,,,,Sub030,001,2022_Sep_13_1123,2_1_MRI_Rating_SE_RE,2021.2.3,60.09792361674011,
0,1,-1,0,20,-1,3,0,1,,,,,,,,,0,0,0,0,0,15,15,69,,,,,,,,,,,,,,,,,,,,,,,,,,,,,,,-1,0,,,0,,,,,,,,,,,,,,,,,,1,,,,,,,Sub030,001,2022_Sep_13_1123,2_1_MRI_Rating_SE_RE,2021.2.3,60.09792361674011,
0,1,-1,2,80,-1,1,0,1,,,,,,,,,0,0,0,0,0,16,16,65,,,,,,,,,0,0,0,0,0,0,0,0,,,,,,,,,,,,,,,-1,2,,,0,,,,,,,Slightly Likely,2.2454457000000048,1.2454457000000048,174.09382719919086,None,170.33314479980618,None,172.34406439960003,None,80,1,1,173.35866769962013,None,y,0.7058447999879718,173.35866769962013,None,Sub030,001,2022_Sep_13_1123,2_1_MRI_Rating_SE_RE,2021.2.3,60.09792361674011,
0,1,-1,2,80,-1,1,0,1,,,,,,,,,0,0,0,0,0,16,16,65,,,,,,,,,0,0,0,0,,,,,,,,,,,,,,,,,,,-1,2,,,0,,,,,,,,,,,,,,,,,,1,,,,,,,Sub030,001,2022_Sep_13_1123,2_1_MRI_Rating_SE_RE,2021.2.3,60.09792361674011,
0,1,-1,2,80,-1,1,0,1,,,,,,,,,0,0,0,0,0,16,16,65,,,,,,,,,,,,,,,,,,,,,,,,,,,,,,,-1,2,,,0,,,,,,,,,,,,,,,,,,1,,,,,,,Sub030,001,2022_Sep_13_1123,2_1_MRI_Rating_SE_RE,2021.2.3,60.09792361674011,
1,0,0,-1,-1,2,-1,1,0,,,,,,,,,0,0,0,0,0,17,17,19,0,0,0,0,0,0,0,0,,,,,,,,,,,,,,,,,176.34904059953988,None,176.34904059953988,None,178.36083239968866,None,0,-1,9.875491734017887,2,1,180.36347079928964,None,r,0.3480416005477309,180.36347079928964,None,Extremely Unlikely,2.626766800000013,1.6267668000000128,180.72761909943074,None,,,,,,,0,,,,,,,Sub030,001,2022_Sep_13_1123,2_1_MRI_Rating_SE_RE,2021.2.3,60.09792361674011,
1,0,0,-1,-1,2,-1,1,0,,,,,,,,,0,0,0,0,0,17,17,19,0,0,0,0,,,,,,,,,,,,,,,,,,,,,,,,,,,0,-1,,,1,,,,,,,,,,,,,,,,,,0,,,,,,,Sub030,001,2022_Sep_13_1123,2_1_MRI_Rating_SE_RE,2021.2.3,60.09792361674011,
1,0,0,-1,-1,2,-1,1,0,,,,,,,,,0,0,0,0,0,17,17,19,,,,,,,,,,,,,,,,,,,,,,,,,,,,,,,0,-1,,,1,,,,,,,,,,,,,,,,,,0,,,,,,,Sub030,001,2022_Sep_13_1123,2_1_MRI_Rating_SE_RE,2021.2.3,60.09792361674011,
0,1,-1,0,20,-1,3,0,1,,,,,,,,,0,0,0,0,0,18,18,60,,,,,,,,,0,0,0,0,0,0,0,0,,,,,,,,,,,,,,,-1,0,,,0,,,,,,,Extremely Unlikely,2.561084500000021,1.561084500000021,188.81075699999928,None,183.36719709914178,None,185.37778019998223,None,20,3,1,188.38254739996046,None,r,0.3970456998795271,188.38254739996046,None,Sub030,001,2022_Sep_13_1123,2_1_MRI_Rating_SE_RE,2021.2.3,60.09792361674011,
0,1,-1,0,20,-1,3,0,1,,,,,,,,,0,0,0,0,0,18,18,60,,,,,,,,,0,0,0,0,,,,,,,,,,,,,,,,,,,-1,0,,,0,,,,,,,,,,,,,,,,,,1,,,,,,,Sub030,001,2022_Sep_13_1123,2_1_MRI_Rating_SE_RE,2021.2.3,60.09792361674011,
0,1,-1,0,20,-1,3,0,1,,,,,,,,,0,0,0,0,0,18,18,60,,,,,,,,,,,,,,,,,,,,,,,,,,,,,,,-1,0,,,0,,,,,,,,,,,,,,,,,,1,,,,,,,Sub030,001,2022_Sep_13_1123,2_1_MRI_Rating_SE_RE,2021.2.3,60.09792361674011,
1,0,1,-1,-1,2,-1,1,0,,,,,,,,,0,0,0,0,0,19,19,31,0,0,0,0,0,0,0,0,,,,,,,,,,,,,,,,,191.3792351996526,None,191.3792351996526,None,193.39452550001442,None,1,-1,26.296956867726266,2,1,195.3973828991875,None,g,0.6174700995907187,195.3973828991875,None,Slightly Unlikely,2.336552100000006,1.3365521000000058,196.0446995999664,None,,,,,,,0,,,,,,,Sub030,001,2022_Sep_13_1123,2_1_MRI_Rating_SE_RE,2021.2.3,60.09792361674011,
1,0,1,-1,-1,2,-1,1,0,,,,,,,,,0,0,0,0,0,19,19,31,0,0,0,0,,,,,,,,,,,,,,,,,,,,,,,,,,,1,-1,,,1,,,,,,,,,,,,,,,,,,0,,,,,,,Sub030,001,2022_Sep_13_1123,2_1_MRI_Rating_SE_RE,2021.2.3,60.09792361674011,
1,0,1,-1,-1,2,-1,1,0,,,,,,,,,0,0,0,0,0,19,19,31,,,,,,,,,,,,,,,,,,,,,,,,,,,,,,,1,-1,,,1,,,,,,,,,,,,,,,,,,0,,,,,,,Sub030,001,2022_Sep_13_1123,2_1_MRI_Rating_SE_RE,2021.2.3,60.09792361674011,
1,0,1,-1,-1,2,-1,1,0,,,,,,,,,0,0,0,0,0,20,20,40,0,0,0,0,0,0,0,0,,,,,,,,,,,,,,,,,198.40753840003163,None,198.40753840003163,None,200.41133739985526,None,1,-1,26.296956867726266,2,1,202.41191619914025,None,g,0.6526230005547404,202.41191619914025,None,Slightly Unlikely,2.3139189000000044,1.3139189000000044,203.09498089924455,None,,,,,,,0,,,,,,,Sub030,001,2022_Sep_13_1123,2_1_MRI_Rating_SE_RE,2021.2.3,60.09792361674011,
1,0,1,-1,-1,2,-1,1,0,,,,,,,,,0,0,0,0,0,20,20,40,0,0,0,0,,,,,,,,,,,,,,,,,,,,,,,,,,,1,-1,,,1,,,,,,,,,,,,,,,,,,0,,,,,,,Sub030,001,2022_Sep_13_1123,2_1_MRI_Rating_SE_RE,2021.2.3,60.09792361674011,
1,0,1,-1,-1,2,-1,1,0,,,,,,,,,0,0,0,0,0,20,20,40,,,,,,,,,,,,,,,,,,,,,,,,,,,,,,,1,-1,,,1,,,,,,,,,,,,,,,,,,0,,,,,,,Sub030,001,2022_Sep_13_1123,2_1_MRI_Rating_SE_RE,2021.2.3,60.09792361674011,
1,0,1,-1,-1,2,-1,1,0,,,,,,,,,0,0,0,0,0,21,21,22,0,0,0,0,0,0,0,0,,,,,,,,,,,,,,,,,205.4162082998082,None,205.4162082998082,None,207.42813290003687,None,1,-1,26.296956867726266,2,1,209.43070069979876,None,g,1.7318358002230525,209.43070069979876,None,Slightly Unlikely,1.2435291000000177,0.2435291000000177,211.17828509956598,None,,,,,,,0,,,,,,,Sub030,001,2022_Sep_13_1123,2_1_MRI_Rating_SE_RE,2021.2.3,60.09792361674011,
1,0,1,-1,-1,2,-1,1,0,,,,,,,,,0,0,0,0,0,21,21,22,0,0,0,0,,,,,,,,,,,,,,,,,,,,,,,,,,,1,-1,,,1,,,,,,,,,,,,,,,,,,0,,,,,,,Sub030,001,2022_Sep_13_1123,2_1_MRI_Rating_SE_RE,2021.2.3,60.09792361674011,
1,0,1,-1,-1,2,-1,1,0,,,,,,,,,0,0,0,0,0,21,21,22,,,,,,,,,,,,,,,,,,,,,,,,,,,,,,,1,-1,,,1,,,,,,,,,,,,,,,,,,0,,,,,,,Sub030,001,2022_Sep_13_1123,2_1_MRI_Rating_SE_RE,2021.2.3,60.09792361674011,
0,1,-1,0,20,-1,1,0,1,,,,,,,,,0,0,0,0,0,22,22,72,,,,,,,,,0,0,0,0,0,0,0,0,,,,,,,,,,,,,,,-1,0,,,0,,,,,,,Extremely Unlikely,1.9939408999999841,0.9939408999999841,216.44535689987242,None,212.43317689932883,None,214.4460032992065,None,20,1,1,215.44755529984832,None,r,0.9702466996386647,215.44755529984832,None,Sub030,001,2022_Sep_13_1123,2_1_MRI_Rating_SE_RE,2021.2.3,60.09792361674011,
0,1,-1,0,20,-1,1,0,1,,,,,,,,,0,0,0,0,0,22,22,72,,,,,,,,,0,0,0,0,,,,,,,,,,,,,,,,,,,-1,0,,,0,,,,,,,,,,,,,,,,,,1,,,,,,,Sub030,001,2022_Sep_13_1123,2_1_MRI_Rating_SE_RE,2021.2.3,60.09792361674011,
0,1,-1,0,20,-1,1,0,1,,,,,,,,,0,0,0,0,0,22,22,72,,,,,,,,,,,,,,,,,,,,,,,,,,,,,,,-1,0,,,0,,,,,,,,,,,,,,,,,,1,,,,,,,Sub030,001,2022_Sep_13_1123,2_1_MRI_Rating_SE_RE,2021.2.3,60.09792361674011,
0,1,-1,1,50,-1,1,0,1,,,,,,,,,0,0,0,0,0,23,23,73,,,,,,,,,0,0,0,0,0,0,0,0,,,,,,,,,,,,,,,-1,1,,,0,,,,,,,Slightly Unlikely,2.3946057999999937,1.3946057999999937,222.0621970994398,None,218.45083329919726,None,220.46222350001335,None,50,1,1,221.4642311995849,None,g,0.575259699486196,221.4642311995849,None,Sub030,001,2022_Sep_13_1123,2_1_MRI_Rating_SE_RE,2021.2.3,60.09792361674011,
0,1,-1,1,50,-1,1,0,1,,,,,,,,,0,0,0,0,0,23,23,73,,,,,,,,,0,0,0,0,,,,,,,,,,,,,,,,,,,-1,1,,,0,,,,,,,,,,,,,,,,,,1,,,,,,,Sub030,001,2022_Sep_13_1123,2_1_MRI_Rating_SE_RE,2021.2.3,60.09792361674011,
0,1,-1,1,50,-1,1,0,1,,,,,,,,,0,0,0,0,0,23,23,73,,,,,,,,,,,,,,,,,,,,,,,,,,,,,,,-1,1,,,0,,,,,,,,,,,,,,,,,,1,,,,,,,Sub030,001,2022_Sep_13_1123,2_1_MRI_Rating_SE_RE,2021.2.3,60.09792361674011,
0,1,-1,2,80,-1,3,0,1,,,,,,,,,0,0,0,0,0,24,24,80,,,,,,,,,0,0,0,0,0,0,0,0,,,,,,,,,,,,,,,-1,2,,,0,,,,,,,Slightly Likely,2.058267900000004,1.0582679000000041,230.41249789949507,None,224.46785939950496,None,226.47949239984155,None,80,3,1,229.4799301000312,None,y,0.907617399469018,229.4799301000312,None,Sub030,001,2022_Sep_13_1123,2_1_MRI_Rating_SE_RE,2021.2.3,60.09792361674011,
0,1,-1,2,80,-1,3,0,1,,,,,,,,,0,0,0,0,0,24,24,80,,,,,,,,,0,0,0,0,,,,,,,,,,,,,,,,,,,-1,2,,,0,,,,,,,,,,,,,,,,,,1,,,,,,,Sub030,001,2022_Sep_13_1123,2_1_MRI_Rating_SE_RE,2021.2.3,60.09792361674011,
0,1,-1,2,80,-1,3,0,1,,,,,,,,,0,0,0,0,0,24,24,80,,,,,,,,,,,,,,,,,,,,,,,,,,,,,,,-1,2,,,0,,,,,,,,,,,,,,,,,,1,,,,,,,Sub030,001,2022_Sep_13_1123,2_1_MRI_Rating_SE_RE,2021.2.3,60.09792361674011,
0,1,-1,1,50,-1,2,0,1,,,,,,,,,0,0,0,0,0,25,25,58,,,,,,,,,0,0,0,0,0,0,0,0,,,,,,,,,,,,,,,-1,1,,,0,,,,,,,Slightly Unlikely,2.4277476000000036,1.4277476000000036,237.0627381997183,None,232.48441000003368,None,234.49556209985167,None,50,2,1,236.49855479970574,None,g,0.5378559995442629,236.49855479970574,None,Sub030,001,2022_Sep_13_1123,2_1_MRI_Rating_SE_RE,2021.2.3,60.09792361674011,
0,1,-1,1,50,-1,2,0,1,,,,,,,,,0,0,0,0,0,25,25,58,,,,,,,,,0,0,0,0,,,,,,,,,,,,,,,,,,,-1,1,,,0,,,,,,,,,,,,,,,,,,1,,,,,,,Sub030,001,2022_Sep_13_1123,2_1_MRI_Rating_SE_RE,2021.2.3,60.09792361674011,
0,1,-1,1,50,-1,2,0,1,,,,,,,,,0,0,0,0,0,25,25,58,,,,,,,,,,,,,,,,,,,,,,,,,,,,,,,-1,1,,,0,,,,,,,,,,,,,,,,,,1,,,,,,,Sub030,001,2022_Sep_13_1123,2_1_MRI_Rating_SE_RE,2021.2.3,60.09792361674011,
1,0,2,-1,-1,1,-1,0,0,,,,,,,,,0,0,0,0,0,26,26,6,0,0,0,0,,,,,,,,,,,,,,,,,,,,,239.50491319969296,None,239.50491319969296,None,241.5131294997409,None,2,-1,49.9661674153862,1,0,,,,,,,,,,,,,,,,,,0,,,,,,,Sub030,001,2022_Sep_13_1123,2_1_MRI_Rating_SE_RE,2021.2.3,60.09792361674011,
1,0,2,-1,-1,1,-1,0,0,,,,,,,,,0,0,0,0,0,26,26,6,,,,,,,,,,,,,,,,,,,,,,,,,,,,,,,2,-1,,,0,,,,,,,,,,,,,,,,,,0,,,,,,,Sub030,001,2022_Sep_13_1123,2_1_MRI_Rating_SE_RE,2021.2.3,60.09792361674011,
1,0,0,-1,-1,3,-1,1,0,,,,,,,,,0,0,0,0,0,27,27,29,0,0,0,0,0,0,0,0,,,,,,,,,,,,,,,,,242.51691639982164,None,242.51691639982164,None,244.52987309917808,None,0,-1,9.875491734017887,3,1,247.53270459920168,None,r,0.4089420000091195,247.53270459920168,None,Extremely Unlikely,2.554484000000002,1.5544840000000022,247.96322049945593,None,,,,,,,0,,,,,,,Sub030,001,2022_Sep_13_1123,2_1_MRI_Rating_SE_RE,2021.2.3,60.09792361674011,
1,0,0,-1,-1,3,-1,1,0,,,,,,,,,0,0,0,0,0,27,27,29,0,0,0,0,,,,,,,,,,,,,,,,,,,,,,,,,,,0,-1,,,1,,,,,,,,,,,,,,,,,,0,,,,,,,Sub030,001,2022_Sep_13_1123,2_1_MRI_Rating_SE_RE,2021.2.3,60.09792361674011,
1,0,0,-1,-1,3,-1,1,0,,,,,,,,,0,0,0,0,0,27,27,29,,,,,,,,,,,,,,,,,,,,,,,,,,,,,,,0,-1,,,1,,,,,,,,,,,,,,,,,,0,,,,,,,Sub030,001,2022_Sep_13_1123,2_1_MRI_Rating_SE_RE,2021.2.3,60.09792361674011,
1,0,2,-1,-1,2,-1,0,0,,,,,,,,,0,0,0,0,0,28,28,7,0,0,0,0,,,,,,,,,,,,,,,,,,,,,250.53692189976573,None,250.53692189976573,None,252.5471420995891,None,2,-1,49.9661674153862,2,0,,,,,,,,,,,,,,,,,,0,,,,,,,Sub030,001,2022_Sep_13_1123,2_1_MRI_Rating_SE_RE,2021.2.3,60.09792361674011,
1,0,2,-1,-1,2,-1,0,0,,,,,,,,,0,0,0,0,0,28,28,7,,,,,,,,,,,,,,,,,,,,,,,,,,,,,,,2,-1,,,0,,,,,,,,,,,,,,,,,,0,,,,,,,Sub030,001,2022_Sep_13_1123,2_1_MRI_Rating_SE_RE,2021.2.3,60.09792361674011,
1,0,0,-1,-1,1,-1,1,0,,,,,,,,,0,0,0,0,0,29,29,36,0,0,0,0,0,0,0,0,,,,,,,,,,,,,,,,,254.5508033996448,None,254.5508033996448,None,256.5639258995652,None,0,-1,9.875491734017887,1,1,257.5655308999121,None,r,0.4819474006071687,257.5655308999121,None,Extremely Unlikely,2.491065600000013,1.491065600000013,258.0635367995128,None,,,,,,,0,,,,,,,Sub030,001,2022_Sep_13_1123,2_1_MRI_Rating_SE_RE,2021.2.3,60.09792361674011,
1,0,0,-1,-1,1,-1,1,0,,,,,,,,,0,0,0,0,0,29,29,36,0,0,0,0,,,,,,,,,,,,,,,,,,,,,,,,,,,0,-1,,,1,,,,,,,,,,,,,,,,,,0,,,,,,,Sub030,001,2022_Sep_13_1123,2_1_MRI_Rating_SE_RE,2021.2.3,60.09792361674011,
1,0,0,-1,-1,1,-1,1,0,,,,,,,,,0,0,0,0,0,29,29,36,,,,,,,,,,,,,,,,,,,,,,,,,,,,,,,0,-1,,,1,,,,,,,,,,,,,,,,,,0,,,,,,,Sub030,001,2022_Sep_13_1123,2_1_MRI_Rating_SE_RE,2021.2.3,60.09792361674011,
0,1,-1,2,80,-1,1,0,1,,,,,,,,,0,0,0,0,0,30,30,83,,,,,,,,,0,0,0,0,0,0,0,0,,,,,,,,,,,,,,,-1,2,,,0,,,,,,,Slightly Likely,1.9839408999999932,0.9839408999999932,264.5969992997125,None,260.575732300058,None,262.58071139920503,None,80,1,1,263.5956839993596,None,y,0.9819376999512315,263.5956839993596,None,Sub030,001,2022_Sep_13_1123,2_1_MRI_Rating_SE_RE,2021.2.3,60.09792361674011,
0,1,-1,2,80,-1,1,0,1,,,,,,,,,0,0,0,0,0,30,30,83,,,,,,,,,0,0,0,0,,,,,,,,,,,,,,,,,,,-1,2,,,0,,,,,,,,,,,,,,,,,,1,,,,,,,Sub030,001,2022_Sep_13_1123,2_1_MRI_Rating_SE_RE,2021.2.3,60.09792361674011,
0,1,-1,2,80,-1,1,0,1,,,,,,,,,0,0,0,0,0,30,30,83,,,,,,,,,,,,,,,,,,,,,,,,,,,,,,,-1,2,,,0,,,,,,,,,,,,,,,,,,1,,,,,,,Sub030,001,2022_Sep_13_1123,2_1_MRI_Rating_SE_RE,2021.2.3,60.09792361674011,
1,0,1,-1,-1,1,-1,1,0,,,,,,,,,0,0,0,0,0,31,31,30,0,0,0,0,0,0,0,0,,,,,,,,,,,,,,,,,266.5866975998506,None,266.5866975998506,None,268.5971578992903,None,1,-1,26.296956867726266,1,1,269.6001088991761,None,g,0.6314619006589055,269.6001088991761,None,Slightly Unlikely,2.3435502000000383,1.3435502000000383,270.24736259970814,None,,,,,,,0,,,,,,,Sub030,001,2022_Sep_13_1123,2_1_MRI_Rating_SE_RE,2021.2.3,60.09792361674011,
1,0,1,-1,-1,1,-1,1,0,,,,,,,,,0,0,0,0,0,31,31,30,0,0,0,0,,,,,,,,,,,,,,,,,,,,,,,,,,,1,-1,,,1,,,,,,,,,,,,,,,,,,0,,,,,,,Sub030,001,2022_Sep_13_1123,2_1_MRI_Rating_SE_RE,2021.2.3,60.09792361674011,
1,0,1,-1,-1,1,-1,1,0,,,,,,,,,0,0,0,0,0,31,31,30,,,,,,,,,,,,,,,,,,,,,,,,,,,,,,,1,-1,,,1,,,,,,,,,,,,,,,,,,0,,,,,,,Sub030,001,2022_Sep_13_1123,2_1_MRI_Rating_SE_RE,2021.2.3,60.09792361674011,
0,1,-1,2,80,-1,1,0,1,,,,,,,,,0,0,0,0,0,32,32,74,,,,,,,,,0,0,0,0,0,0,0,0,,,,,,,,,,,,,,,-1,2,,,0,,,,,,,Slightly Likely,2.0962010000000078,1.0962010000000078,276.51416849996895,None,272.6027579996735,None,274.61441849917173,None,80,1,1,275.6185147995129,None,y,0.8674029000103474,275.6185147995129,None,Sub030,001,2022_Sep_13_1123,2_1_MRI_Rating_SE_RE,2021.2.3,60.09792361674011,
0,1,-1,2,80,-1,1,0,1,,,,,,,,,0,0,0,0,0,32,32,74,,,,,,,,,0,0,0,0,,,,,,,,,,,,,,,,,,,-1,2,,,0,,,,,,,,,,,,,,,,,,1,,,,,,,Sub030,001,2022_Sep_13_1123,2_1_MRI_Rating_SE_RE,2021.2.3,60.09792361674011,
0,1,-1,2,80,-1,1,0,1,,,,,,,,,0,0,0,0,0,32,32,74,,,,,,,,,,,,,,,,,,,,,,,,,,,,,,,-1,2,,,0,,,,,,,,,,,,,,,,,,1,,,,,,,Sub030,001,2022_Sep_13_1123,2_1_MRI_Rating_SE_RE,2021.2.3,60.09792361674011,
0,1,-1,2,80,-1,2,0,1,,,,,,,,,0,0,0,0,0,33,33,68,,,,,,,,,0,0,0,0,0,0,0,0,,,,,,,,,,,,,,,-1,2,,,0,,,,,,,Slightly Likely,2.3406850999999733,1.3406850999999733,283.28126999922097,None,278.61845299974084,None,280.63174419943243,None,80,2,1,282.6343712992966,None,y,0.6161900004372001,282.6343712992966,None,Sub030,001,2022_Sep_13_1123,2_1_MRI_Rating_SE_RE,2021.2.3,60.09792361674011,
0,1,-1,2,80,-1,2,0,1,,,,,,,,,0,0,0,0,0,33,33,68,,,,,,,,,0,0,0,0,,,,,,,,,,,,,,,,,,,-1,2,,,0,,,,,,,,,,,,,,,,,,1,,,,,,,Sub030,001,2022_Sep_13_1123,2_1_MRI_Rating_SE_RE,2021.2.3,60.09792361674011,
0,1,-1,2,80,-1,2,0,1,,,,,,,,,0,0,0,0,0,33,33,68,,,,,,,,,,,,,,,,,,,,,,,,,,,,,,,-1,2,,,0,,,,,,,,,,,,,,,,,,1,,,,,,,Sub030,001,2022_Sep_13_1123,2_1_MRI_Rating_SE_RE,2021.2.3,60.09792361674011,
0,1,-1,2,80,-1,3,0,1,,,,,,,,,0,0,0,0,0,34,34,71,,,,,,,,,0,0,0,0,0,0,0,0,,,,,,,,,,,,,,,-1,2,,,0,,,,,,,Slightly Likely,2.293818299999998,1.293818299999998,291.34839909989387,None,285.63788369949907,None,287.64825849980116,None,80,3,1,290.64926759991795,None,y,0.6763551002368331,290.64926759991795,None,Sub030,001,2022_Sep_13_1123,2_1_MRI_Rating_SE_RE,2021.2.3,60.09792361674011,
0,1,-1,2,80,-1,3,0,1,,,,,,,,,0,0,0,0,0,34,34,71,,,,,,,,,0,0,0,0,,,,,,,,,,,,,,,,,,,-1,2,,,0,,,,,,,,,,,,,,,,,,1,,,,,,,Sub030,001,2022_Sep_13_1123,2_1_MRI_Rating_SE_RE,2021.2.3,60.09792361674011,
0,1,-1,2,80,-1,3,0,1,,,,,,,,,0,0,0,0,0,34,34,71,,,,,,,,,,,,,,,,,,,,,,,,,,,,,,,-1,2,,,0,,,,,,,,,,,,,,,,,,1,,,,,,,Sub030,001,2022_Sep_13_1123,2_1_MRI_Rating_SE_RE,2021.2.3,60.09792361674011,
0,1,-1,2,80,-1,2,0,0,,,,,,,,,0,0,0,0,0,35,35,59,,,,,,,,,0,0,0,0,,,,,,,,,,,,,,,,,,,-1,2,,,0,,,,,,,,,,,,293.65253749955446,None,295.6654819995165,None,80,2,0,,,,,,,Sub030,001,2022_Sep_13_1123,2_1_MRI_Rating_SE_RE,2021.2.3,60.09792361674011,
0,1,-1,2,80,-1,2,0,0,,,,,,,,,0,0,0,0,0,35,35,59,,,,,,,,,,,,,,,,,,,,,,,,,,,,,,,-1,2,,,0,,,,,,,,,,,,,,,,,,0,,,,,,,Sub030,001,2022_Sep_13_1123,2_1_MRI_Rating_SE_RE,2021.2.3,60.09792361674011,
1,0,1,-1,-1,1,-1,0,0,,,,,,,,,0,0,0,0,0,36,36,3,0,0,0,0,,,,,,,,,,,,,,,,,,,,,297.6660610996187,None,297.6660610996187,None,299.6651179995388,None,1,-1,26.296956867726266,1,0,,,,,,,,,,,,,,,,,,0,,,,,,,Sub030,001,2022_Sep_13_1123,2_1_MRI_Rating_SE_RE,2021.2.3,60.09792361674011,
1,0,1,-1,-1,1,-1,0,0,,,,,,,,,0,0,0,0,0,36,36,3,,,,,,,,,,,,,,,,,,,,,,,,,,,,,,,1,-1,,,0,,,,,,,,,,,,,,,,,,0,,,,,,,Sub030,001,2022_Sep_13_1123,2_1_MRI_Rating_SE_RE,2021.2.3,60.09792361674011,
0,1,-1,0,20,-1,2,0,1,,,,,,,,,0,0,0,0,0,37,37,84,,,,,,,,,0,0,0,0,0,0,0,0,,,,,,,,,,,,,,,-1,0,,,0,,,,,,,Extremely Unlikely,1.356644499999959,0.35664449999995895,306.31520769931376,None,300.66726019978523,None,302.6822499996051,None,20,2,1,304.68371680006385,None,r,1.6043915003538132,304.68371680006385,None,Sub030,001,2022_Sep_13_1123,2_1_MRI_Rating_SE_RE,2021.2.3,60.09792361674011,
0,1,-1,0,20,-1,2,0,1,,,,,,,,,0,0,0,0,0,37,37,84,,,,,,,,,0,0,0,0,,,,,,,,,,,,,,,,,,,-1,0,,,0,,,,,,,,,,,,,,,,,,1,,,,,,,Sub030,001,2022_Sep_13_1123,2_1_MRI_Rating_SE_RE,2021.2.3,60.09792361674011,
0,1,-1,0,20,-1,2,0,1,,,,,,,,,0,0,0,0,0,37,37,84,,,,,,,,,,,,,,,,,,,,,,,,,,,,,,,-1,0,,,0,,,,,,,,,,,,,,,,,,1,,,,,,,Sub030,001,2022_Sep_13_1123,2_1_MRI_Rating_SE_RE,2021.2.3,60.09792361674011,
1,0,0,-1,-1,2,-1,0,0,,,,,,,,,0,0,0,0,0,38,38,1,0,0,0,0,,,,,,,,,,,,,,,,,,,,,307.68811319954693,None,307.68811319954693,None,309.69959089998156,None,0,-1,9.875491734017887,2,0,,,,,,,,,,,,,,,,,,0,,,,,,,Sub030,001,2022_Sep_13_1123,2_1_MRI_Rating_SE_RE,2021.2.3,60.09792361674011,
1,0,0,-1,-1,2,-1,0,0,,,,,,,,,0,0,0,0,0,38,38,1,,,,,,,,,,,,,,,,,,,,,,,,,,,,,,,0,-1,,,0,,,,,,,,,,,,,,,,,,0,,,,,,,Sub030,001,2022_Sep_13_1123,2_1_MRI_Rating_SE_RE,2021.2.3,60.09792361674011,
1,0,2,-1,-1,1,-1,1,0,,,,,,,,,0,0,0,0,0,39,39,24,0,0,0,0,0,0,0,0,,,,,,,,,,,,,,,,,311.7033987995237,None,311.7033987995237,None,313.7162440996617,None,2,-1,49.9661674153862,1,1,314.7167209992185,None,y,0.9179801000282168,314.7167209992185,None,Slightly Likely,2.038091099999974,1.0380910999999742,315.6662248997018,None,,,,,,,0,,,,,,,Sub030,001,2022_Sep_13_1123,2_1_MRI_Rating_SE_RE,2021.2.3,60.09792361674011,
1,0,2,-1,-1,1,-1,1,0,,,,,,,,,0,0,0,0,0,39,39,24,0,0,0,0,,,,,,,,,,,,,,,,,,,,,,,,,,,2,-1,,,1,,,,,,,,,,,,,,,,,,0,,,,,,,Sub030,001,2022_Sep_13_1123,2_1_MRI_Rating_SE_RE,2021.2.3,60.09792361674011,
1,0,2,-1,-1,1,-1,1,0,,,,,,,,,0,0,0,0,0,39,39,24,,,,,,,,,,,,,,,,,,,,,,,,,,,,,,,2,-1,,,1,,,,,,,,,,,,,,,,,,0,,,,,,,Sub030,001,2022_Sep_13_1123,2_1_MRI_Rating_SE_RE,2021.2.3,60.09792361674011,
1,0,0,-1,-1,3,-1,0,0,,,,,,,,,0,0,0,0,0,40,40,2,0,0,0,0,,,,,,,,,,,,,,,,,,,,,317.7259495994076,None,317.7259495994076,None,319.73302459996194,None,0,-1,9.875491734017887,3,0,,,,,,,,,,,,,,,,,,0,,,,,,,Sub030,001,2022_Sep_13_1123,2_1_MRI_Rating_SE_RE,2021.2.3,60.09792361674011,
1,0,0,-1,-1,3,-1,0,0,,,,,,,,,0,0,0,0,0,40,40,2,,,,,,,,,,,,,,,,,,,,,,,,,,,,,,,0,-1,,,0,,,,,,,,,,,,,,,,,,0,,,,,,,Sub030,001,2022_Sep_13_1123,2_1_MRI_Rating_SE_RE,2021.2.3,60.09792361674011,
0,1,-1,0,20,-1,2,0,0,,,,,,,,,0,0,0,0,0,41,41,57,,,,,,,,,0,0,0,0,,,,,,,,,,,,,,,,,,,-1,0,,,0,,,,,,,,,,,,322.73404639959335,None,324.7325534997508,None,20,2,0,,,,,,,Sub030,001,2022_Sep_13_1123,2_1_MRI_Rating_SE_RE,2021.2.3,60.09792361674011,
0,1,-1,0,20,-1,2,0,0,,,,,,,,,0,0,0,0,0,41,41,57,,,,,,,,,,,,,,,,,,,,,,,,,,,,,,,-1,0,,,0,,,,,,,,,,,,,,,,,,0,,,,,,,Sub030,001,2022_Sep_13_1123,2_1_MRI_Rating_SE_RE,2021.2.3,60.09792361674011,
0,1,-1,1,50,-1,1,0,0,,,,,,,,,0,0,0,0,0,42,42,46,,,,,,,,,0,0,0,0,,,,,,,,,,,,,,,,,,,-1,1,,,0,,,,,,,,,,,,326.734665799886,None,328.7504250993952,None,50,1,0,,,,,,,Sub030,001,2022_Sep_13_1123,2_1_MRI_Rating_SE_RE,2021.2.3,60.09792361674011,
0,1,-1,1,50,-1,1,0,0,,,,,,,,,0,0,0,0,0,42,42,46,,,,,,,,,,,,,,,,,,,,,,,,,,,,,,,-1,1,,,0,,,,,,,,,,,,,,,,,,0,,,,,,,Sub030,001,2022_Sep_13_1123,2_1_MRI_Rating_SE_RE,2021.2.3,60.09792361674011,
1,0,2,-1,-1,2,-1,1,0,,,,,,,,,0,0,0,0,0,43,43,34,0,0,0,0,0,0,0,0,,,,,,,,,,,,,,,,,329.753739499487,None,329.753739499487,None,331.76664659939706,None,2,-1,49.9661674153862,2,1,333.7673913994804,None,y,0.5993505995720625,333.7673913994804,None,Slightly Likely,2.373701799999992,1.373701799999992,334.3836640994996,None,,,,,,,0,,,,,,,Sub030,001,2022_Sep_13_1123,2_1_MRI_Rating_SE_RE,2021.2.3,60.09792361674011,
1,0,2,-1,-1,2,-1,1,0,,,,,,,,,0,0,0,0,0,43,43,34,0,0,0,0,,,,,,,,,,,,,,,,,,,,,,,,,,,2,-1,,,1,,,,,,,,,,,,,,,,,,0,,,,,,,Sub030,001,2022_Sep_13_1123,2_1_MRI_Rating_SE_RE,2021.2.3,60.09792361674011,
1,0,2,-1,-1,2,-1,1,0,,,,,,,,,0,0,0,0,0,43,43,34,,,,,,,,,,,,,,,,,,,,,,,,,,,,,,,2,-1,,,1,,,,,,,,,,,,,,,,,,0,,,,,,,Sub030,001,2022_Sep_13_1123,2_1_MRI_Rating_SE_RE,2021.2.3,60.09792361674011,
0,1,-1,2,80,-1,3,0,0,,,,,,,,,0,0,0,0,0,44,44,53,,,,,,,,,0,0,0,0,,,,,,,,,,,,,,,,,,,-1,2,,,0,,,,,,,,,,,,336.7763664992526,None,338.7836390994489,None,80,3,0,,,,,,,Sub030,001,2022_Sep_13_1123,2_1_MRI_Rating_SE_RE,2021.2.3,60.09792361674011,
0,1,-1,2,80,-1,3,0,0,,,,,,,,,0,0,0,0,0,44,44,53,,,,,,,,,,,,,,,,,,,,,,,,,,,,,,,-1,2,,,0,,,,,,,,,,,,,,,,,,0,,,,,,,Sub030,001,2022_Sep_13_1123,2_1_MRI_Rating_SE_RE,2021.2.3,60.09792361674011,
0,1,-1,0,20,-1,3,0,1,,,,,,,,,0,0,0,0,0,45,45,87,,,,,,,,,0,0,0,0,0,0,0,0,,,,,,,,,,,,,,,-1,0,,,0,,,,,,,Extremely Unlikely,2.3381400999999755,1.3381400999999755,347.45017769932747,None,341.78392629977316,None,343.7838908992708,None,20,3,1,346.7843823991716,None,r,0.6484519997611642,346.7843823991716,None,Sub030,001,2022_Sep_13_1123,2_1_MRI_Rating_SE_RE,2021.2.3,60.09792361674011,
0,1,-1,0,20,-1,3,0,1,,,,,,,,,0,0,0,0,0,45,45,87,,,,,,,,,0,0,0,0,,,,,,,,,,,,,,,,,,,-1,0,,,0,,,,,,,,,,,,,,,,,,1,,,,,,,Sub030,001,2022_Sep_13_1123,2_1_MRI_Rating_SE_RE,2021.2.3,60.09792361674011,
0,1,-1,0,20,-1,3,0,1,,,,,,,,,0,0,0,0,0,45,45,87,,,,,,,,,,,,,,,,,,,,,,,,,,,,,,,-1,0,,,0,,,,,,,,,,,,,,,,,,1,,,,,,,Sub030,001,2022_Sep_13_1123,2_1_MRI_Rating_SE_RE,2021.2.3,60.09792361674011,
0,1,-1,0,20,-1,2,0,1,,,,,,,,,0,0,0,0,0,46,46,66,,,,,,,,,0,0,0,0,0,0,0,0,,,,,,,,,,,,,,,-1,0,,,0,,,,,,,Extremely Unlikely,1.7627435999999648,0.7627435999999648,355.05046019982547,None,349.80662709940225,None,351.8174246996641,None,20,2,1,353.82024669926614,None,r,1.2023285003378987,353.82024669926614,None,Sub030,001,2022_Sep_13_1123,2_1_MRI_Rating_SE_RE,2021.2.3,60.09792361674011,
0,1,-1,0,20,-1,2,0,1,,,,,,,,,0,0,0,0,0,46,46,66,,,,,,,,,0,0,0,0,,,,,,,,,,,,,,,,,,,-1,0,,,0,,,,,,,,,,,,,,,,,,1,,,,,,,Sub030,001,2022_Sep_13_1123,2_1_MRI_Rating_SE_RE,2021.2.3,60.09792361674011,
0,1,-1,0,20,-1,2,0,1,,,,,,,,,0,0,0,0,0,46,46,66,,,,,,,,,,,,,,,,,,,,,,,,,,,,,,,-1,0,,,0,,,,,,,,,,,,,,,,,,1,,,,,,,Sub030,001,2022_Sep_13_1123,2_1_MRI_Rating_SE_RE,2021.2.3,60.09792361674011,
1,0,0,-1,-1,3,-1,1,0,,,,,,,,,0,0,0,0,0,47,47,20,0,0,0,0,0,0,0,0,,,,,,,,,,,,,,,,,356.8265751991421,None,356.8265751991421,None,358.8343517994508,None,0,-1,9.875491734017887,3,1,361.83501629997045,None,r,0.8065542001277208,361.83501629997045,None,Extremely Unlikely,2.1599911000000134,1.1599911000000134,362.6679360996932,None,,,,,,,0,,,,,,,Sub030,001,2022_Sep_13_1123,2_1_MRI_Rating_SE_RE,2021.2.3,60.09792361674011,
1,0,0,-1,-1,3,-1,1,0,,,,,,,,,0,0,0,0,0,47,47,20,0,0,0,0,,,,,,,,,,,,,,,,,,,,,,,,,,,0,-1,,,1,,,,,,,,,,,,,,,,,,0,,,,,,,Sub030,001,2022_Sep_13_1123,2_1_MRI_Rating_SE_RE,2021.2.3,60.09792361674011,
1,0,0,-1,-1,3,-1,1,0,,,,,,,,,0,0,0,0,0,47,47,20,,,,,,,,,,,,,,,,,,,,,,,,,,,,,,,0,-1,,,1,,,,,,,,,,,,,,,,,,0,,,,,,,Sub030,001,2022_Sep_13_1123,2_1_MRI_Rating_SE_RE,2021.2.3,60.09792361674011,
1,0,2,-1,-1,3,-1,0,0,,,,,,,,,0,0,0,0,0,48,48,8,0,0,0,0,,,,,,,,,,,,,,,,,,,,,364.8406510995701,None,364.8406510995701,None,366.85148589964956,None,2,-1,49.9661674153862,3,0,,,,,,,,,,,,,,,,,,0,,,,,,,Sub030,001,2022_Sep_13_1123,2_1_MRI_Rating_SE_RE,2021.2.3,60.09792361674011,
1,0,2,-1,-1,3,-1,0,0,,,,,,,,,0,0,0,0,0,48,48,8,,,,,,,,,,,,,,,,,,,,,,,,,,,,,,,2,-1,,,0,,,,,,,,,,,,,,,,,,0,,,,,,,Sub030,001,2022_Sep_13_1123,2_1_MRI_Rating_SE_RE,2021.2.3,60.09792361674011,
0,1,-1,2,80,-1,3,0,1,,,,,,,,,0,0,0,0,0,49,49,89,,,,,,,,,0,0,0,0,0,0,0,0,,,,,,,,,,,,,,,-1,2,,,0,,,,,,,Slightly Likely,2.405371299999956,1.4053712999999561,375.4513490991667,None,369.85343729984015,None,371.86807359941304,None,80,3,1,374.86880319938064,None,y,0.5578017001971602,374.86880319938064,None,Sub030,001,2022_Sep_13_1123,2_1_MRI_Rating_SE_RE,2021.2.3,60.09792361674011,
0,1,-1,2,80,-1,3,0,1,,,,,,,,,0,0,0,0,0,49,49,89,,,,,,,,,0,0,0,0,,,,,,,,,,,,,,,,,,,-1,2,,,0,,,,,,,,,,,,,,,,,,1,,,,,,,Sub030,001,2022_Sep_13_1123,2_1_MRI_Rating_SE_RE,2021.2.3,60.09792361674011,
0,1,-1,2,80,-1,3,0,1,,,,,,,,,0,0,0,0,0,49,49,89,,,,,,,,,,,,,,,,,,,,,,,,,,,,,,,-1,2,,,0,,,,,,,,,,,,,,,,,,1,,,,,,,Sub030,001,2022_Sep_13_1123,2_1_MRI_Rating_SE_RE,2021.2.3,60.09792361674011,
1,0,0,-1,-1,1,-1,1,0,,,,,,,,,0,0,0,0,0,50,50,18,0,0,0,0,0,0,0,0,,,,,,,,,,,,,,,,,377.87675489950925,None,377.87675489950925,None,379.8848256999627,None,0,-1,9.875491734017887,1,1,380.8852949999273,None,r,1.0233214003965259,380.8852949999273,None,Extremely Unlikely,1.9467222000000106,0.9467222000000106,381.9351792996749,None,,,,,,,0,,,,,,,Sub030,001,2022_Sep_13_1123,2_1_MRI_Rating_SE_RE,2021.2.3,60.09792361674011,
1,0,0,-1,-1,1,-1,1,0,,,,,,,,,0,0,0,0,0,50,50,18,0,0,0,0,,,,,,,,,,,,,,,,,,,,,,,,,,,0,-1,,,1,,,,,,,,,,,,,,,,,,0,,,,,,,Sub030,001,2022_Sep_13_1123,2_1_MRI_Rating_SE_RE,2021.2.3,60.09792361674011,
1,0,0,-1,-1,1,-1,1,0,,,,,,,,,0,0,0,0,0,50,50,18,,,,,,,,,,,,,,,,,,,,,,,,,,,,,,,0,-1,,,1,,,,,,,,,,,,,,,,,,0,,,,,,,Sub030,001,2022_Sep_13_1123,2_1_MRI_Rating_SE_RE,2021.2.3,60.09792361674011,
0,1,-1,0,20,-1,1,0,1,,,,,,,,,0,0,0,0,0,51,51,63,,,,,,,,,0,0,0,0,0,0,0,0,,,,,,,,,,,,,,,-1,0,,,0,,,,,,,Extremely Unlikely,1.929764500000033,0.929764500000033,387.96843719948083,None,383.89118479937315,None,385.9020550996065,None,20,1,1,386.90162239968777,None,r,1.0430295001715422,386.90162239968777,None,Sub030,001,2022_Sep_13_1123,2_1_MRI_Rating_SE_RE,2021.2.3,60.09792361674011,
0,1,-1,0,20,-1,1,0,1,,,,,,,,,0,0,0,0,0,51,51,63,,,,,,,,,0,0,0,0,,,,,,,,,,,,,,,,,,,-1,0,,,0,,,,,,,,,,,,,,,,,,1,,,,,,,Sub030,001,2022_Sep_13_1123,2_1_MRI_Rating_SE_RE,2021.2.3,60.09792361674011,
0,1,-1,0,20,-1,1,0,1,,,,,,,,,0,0,0,0,0,51,51,63,,,,,,,,,,,,,,,,,,,,,,,,,,,,,,,-1,0,,,0,,,,,,,,,,,,,,,,,,1,,,,,,,Sub030,001,2022_Sep_13_1123,2_1_MRI_Rating_SE_RE,2021.2.3,60.09792361674011,
1,0,1,-1,-1,1,-1,1,0,,,,,,,,,0,0,0,0,0,52,52,21,0,0,0,0,0,0,0,0,,,,,,,,,,,,,,,,,389.9076686995104,None,389.9076686995104,None,391.91859829984605,None,1,-1,26.296956867726266,1,1,392.9341817991808,None,g,0.5516202999278903,392.9341817991808,None,Slightly Unlikely,2.4105503000000112,1.4105503000000112,393.50232369918376,None,,,,,,,0,,,,,,,Sub030,001,2022_Sep_13_1123,2_1_MRI_Rating_SE_RE,2021.2.3,60.09792361674011,
1,0,1,-1,-1,1,-1,1,0,,,,,,,,,0,0,0,0,0,52,52,21,0,0,0,0,,,,,,,,,,,,,,,,,,,,,,,,,,,1,-1,,,1,,,,,,,,,,,,,,,,,,0,,,,,,,Sub030,001,2022_Sep_13_1123,2_1_MRI_Rating_SE_RE,2021.2.3,60.09792361674011,
1,0,1,-1,-1,1,-1,1,0,,,,,,,,,0,0,0,0,0,52,52,21,,,,,,,,,,,,,,,,,,,,,,,,,,,,,,,1,-1,,,1,,,,,,,,,,,,,,,,,,0,,,,,,,Sub030,001,2022_Sep_13_1123,2_1_MRI_Rating_SE_RE,2021.2.3,60.09792361674011,
1,0,2,-1,-1,3,-1,0,0,,,,,,,,,0,0,0,0,0,53,53,17,0,0,0,0,,,,,,,,,,,,,,,,,,,,,395.92618099972606,None,395.92618099972606,None,397.9359654998407,None,2,-1,49.9661674153862,3,0,,,,,,,,,,,,,,,,,,0,,,,,,,Sub030,001,2022_Sep_13_1123,2_1_MRI_Rating_SE_RE,2021.2.3,60.09792361674011,
1,0,2,-1,-1,3,-1,0,0,,,,,,,,,0,0,0,0,0,53,53,17,,,,,,,,,,,,,,,,,,,,,,,,,,,,,,,2,-1,,,0,,,,,,,,,,,,,,,,,,0,,,,,,,Sub030,001,2022_Sep_13_1123,2_1_MRI_Rating_SE_RE,2021.2.3,60.09792361674011,
1,0,2,-1,-1,1,-1,1,0,,,,,,,,,0,0,0,0,0,54,54,15,0,0,0,0,0,0,0,0,,,,,,,,,,,,,,,,,400.93742789980024,None,400.93742789980024,None,402.95329399965703,None,2,-1,49.9661674153862,1,1,403.96754009928554,None,y,0.5631381999701262,403.96754009928554,None,Slightly Likely,2.3882143000000156,1.3882143000000156,404.5523105999455,None,,,,,,,0,,,,,,,Sub030,001,2022_Sep_13_1123,2_1_MRI_Rating_SE_RE,2021.2.3,60.09792361674011,
1,0,2,-1,-1,1,-1,1,0,,,,,,,,,0,0,0,0,0,54,54,15,0,0,0,0,,,,,,,,,,,,,,,,,,,,,,,,,,,2,-1,,,1,,,,,,,,,,,,,,,,,,0,,,,,,,Sub030,001,2022_Sep_13_1123,2_1_MRI_Rating_SE_RE,2021.2.3,60.09792361674011,
1,0,2,-1,-1,1,-1,1,0,,,,,,,,,0,0,0,0,0,54,54,15,,,,,,,,,,,,,,,,,,,,,,,,,,,,,,,2,-1,,,1,,,,,,,,,,,,,,,,,,0,,,,,,,Sub030,001,2022_Sep_13_1123,2_1_MRI_Rating_SE_RE,2021.2.3,60.09792361674011,
0,1,-1,1,50,-1,1,0,0,,,,,,,,,0,0,0,0,0,55,55,55,,,,,,,,,0,0,0,0,,,,,,,,,,,,,,,,,,,-1,1,,,0,,,,,,,,,,,,406.960108499974,None,408.9700588993728,None,50,1,0,,,,,,,Sub030,001,2022_Sep_13_1123,2_1_MRI_Rating_SE_RE,2021.2.3,60.09792361674011,
0,1,-1,1,50,-1,1,0,0,,,,,,,,,0,0,0,0,0,55,55,55,,,,,,,,,,,,,,,,,,,,,,,,,,,,,,,-1,1,,,0,,,,,,,,,,,,,,,,,,0,,,,,,,Sub030,001,2022_Sep_13_1123,2_1_MRI_Rating_SE_RE,2021.2.3,60.09792361674011,
1,0,0,-1,-1,2,-1,0,0,,,,,,,,,0,0,0,0,0,56,56,10,0,0,0,0,,,,,,,,,,,,,,,,,,,,,409.9745972994715,None,409.9745972994715,None,411.9867872996256,None,0,-1,9.875491734017887,2,0,,,,,,,,,,,,,,,,,,0,,,,,,,Sub030,001,2022_Sep_13_1123,2_1_MRI_Rating_SE_RE,2021.2.3,60.09792361674011,
1,0,0,-1,-1,2,-1,0,0,,,,,,,,,0,0,0,0,0,56,56,10,,,,,,,,,,,,,,,,,,,,,,,,,,,,,,,0,-1,,,0,,,,,,,,,,,,,,,,,,0,,,,,,,Sub030,001,2022_Sep_13_1123,2_1_MRI_Rating_SE_RE,2021.2.3,60.09792361674011,
0,1,-1,2,80,-1,2,0,0,,,,,,,,,0,0,0,0,0,57,57,50,,,,,,,,,0,0,0,0,,,,,,,,,,,,,,,,,,,-1,2,,,0,,,,,,,,,,,,413.98800229933113,None,416.003215899691,None,80,2,0,,,,,,,Sub030,001,2022_Sep_13_1123,2_1_MRI_Rating_SE_RE,2021.2.3,60.09792361674011,
0,1,-1,2,80,-1,2,0,0,,,,,,,,,0,0,0,0,0,57,57,50,,,,,,,,,,,,,,,,,,,,,,,,,,,,,,,-1,2,,,0,,,,,,,,,,,,,,,,,,0,,,,,,,Sub030,001,2022_Sep_13_1123,2_1_MRI_Rating_SE_RE,2021.2.3,60.09792361674011,
1,0,0,-1,-1,1,-1,1,0,,,,,,,,,0,0,0,0,0,58,58,27,0,0,0,0,0,0,0,0,,,,,,,,,,,,,,,,,418.0033203996718,None,418.0033203996718,None,420.0038377000019,None,0,-1,9.875491734017887,1,1,421.0041164997965,None,r,0.6555471001192927,421.0041164997965,None,Extremely Unlikely,2.3208949000000416,1.3208949000000416,421.6863934993744,None,,,,,,,0,,,,,,,Sub030,001,2022_Sep_13_1123,2_1_MRI_Rating_SE_RE,2021.2.3,60.09792361674011,
1,0,0,-1,-1,1,-1,1,0,,,,,,,,,0,0,0,0,0,58,58,27,0,0,0,0,,,,,,,,,,,,,,,,,,,,,,,,,,,0,-1,,,1,,,,,,,,,,,,,,,,,,0,,,,,,,Sub030,001,2022_Sep_13_1123,2_1_MRI_Rating_SE_RE,2021.2.3,60.09792361674011,
1,0,0,-1,-1,1,-1,1,0,,,,,,,,,0,0,0,0,0,58,58,27,,,,,,,,,,,,,,,,,,,,,,,,,,,,,,,0,-1,,,1,,,,,,,,,,,,,,,,,,0,,,,,,,Sub030,001,2022_Sep_13_1123,2_1_MRI_Rating_SE_RE,2021.2.3,60.09792361674011,
1,0,0,-1,-1,2,-1,1,0,,,,,,,,,0,0,0,0,0,59,59,28,0,0,0,0,0,0,0,0,,,,,,,,,,,,,,,,,424.02803389914334,None,424.02803389914334,None,426.0370980994776,None,0,-1,9.875491734017887,2,1,428.0375239998102,None,r,1.1792115001007915,428.0375239998102,None,Extremely Unlikely,1.7958494000000087,0.7958494000000087,429.23677679989487,None,,,,,,,0,,,,,,,Sub030,001,2022_Sep_13_1123,2_1_MRI_Rating_SE_RE,2021.2.3,60.09792361674011,
1,0,0,-1,-1,2,-1,1,0,,,,,,,,,0,0,0,0,0,59,59,28,0,0,0,0,,,,,,,,,,,,,,,,,,,,,,,,,,,0,-1,,,1,,,,,,,,,,,,,,,,,,0,,,,,,,Sub030,001,2022_Sep_13_1123,2_1_MRI_Rating_SE_RE,2021.2.3,60.09792361674011,
1,0,0,-1,-1,2,-1,1,0,,,,,,,,,0,0,0,0,0,59,59,28,,,,,,,,,,,,,,,,,,,,,,,,,,,,,,,0,-1,,,1,,,,,,,,,,,,,,,,,,0,,,,,,,Sub030,001,2022_Sep_13_1123,2_1_MRI_Rating_SE_RE,2021.2.3,60.09792361674011,
0,1,-1,0,20,-1,1,0,0,,,,,,,,,0,0,0,0,0,60,60,54,,,,,,,,,0,0,0,0,,,,,,,,,,,,,,,,,,,-1,0,,,0,,,,,,,,,,,,431.0432910993695,None,433.0543924998492,None,20,1,0,,,,,,,Sub030,001,2022_Sep_13_1123,2_1_MRI_Rating_SE_RE,2021.2.3,60.09792361674011,
0,1,-1,0,20,-1,1,0,0,,,,,,,,,0,0,0,0,0,60,60,54,,,,,,,,,,,,,,,,,,,,,,,,,,,,,,,-1,0,,,0,,,,,,,,,,,,,,,,,,0,,,,,,,Sub030,001,2022_Sep_13_1123,2_1_MRI_Rating_SE_RE,2021.2.3,60.09792361674011,
0,1,-1,1,50,-1,3,0,0,,,,,,,,,0,0,0,0,0,61,61,61,,,,,,,,,0,0,0,0,,,,,,,,,,,,,,,,,,,-1,1,,,0,,,,,,,,,,,,434.05508019961417,None,436.0543168997392,None,50,3,0,,,,,,,Sub030,001,2022_Sep_13_1123,2_1_MRI_Rating_SE_RE,2021.2.3,60.09792361674011,
0,1,-1,1,50,-1,3,0,0,,,,,,,,,0,0,0,0,0,61,61,61,,,,,,,,,,,,,,,,,,,,,,,,,,,,,,,-1,1,,,0,,,,,,,,,,,,,,,,,,0,,,,,,,Sub030,001,2022_Sep_13_1123,2_1_MRI_Rating_SE_RE,2021.2.3,60.09792361674011,
0,1,-1,0,20,-1,2,0,0,,,,,,,,,0,0,0,0,0,62,62,48,,,,,,,,,0,0,0,0,,,,,,,,,,,,,,,,,,,-1,0,,,0,,,,,,,,,,,,439.0554092992097,None,441.05425359960645,None,20,2,0,,,,,,,Sub030,001,2022_Sep_13_1123,2_1_MRI_Rating_SE_RE,2021.2.3,60.09792361674011,
0,1,-1,0,20,-1,2,0,0,,,,,,,,,0,0,0,0,0,62,62,48,,,,,,,,,,,,,,,,,,,,,,,,,,,,,,,-1,0,,,0,,,,,,,,,,,,,,,,,,0,,,,,,,Sub030,001,2022_Sep_13_1123,2_1_MRI_Rating_SE_RE,2021.2.3,60.09792361674011,
1,0,0,-1,-1,3,-1,1,0,,,,,,,,,0,0,0,0,0,63,63,38,0,0,0,0,0,0,0,0,,,,,,,,,,,,,,,,,443.05464009940624,None,443.05464009940624,None,445.05426319967955,None,0,-1,9.875491734017887,3,1,448.0540745994076,None,r,0.5508440006524324,448.0540745994076,None,Extremely Unlikely,2.4372682000000054,1.4372682000000054,448.62100419960916,None,,,,,,,0,,,,,,,Sub030,001,2022_Sep_13_1123,2_1_MRI_Rating_SE_RE,2021.2.3,60.09792361674011,
1,0,0,-1,-1,3,-1,1,0,,,,,,,,,0,0,0,0,0,63,63,38,0,0,0,0,,,,,,,,,,,,,,,,,,,,,,,,,,,0,-1,,,1,,,,,,,,,,,,,,,,,,0,,,,,,,Sub030,001,2022_Sep_13_1123,2_1_MRI_Rating_SE_RE,2021.2.3,60.09792361674011,
1,0,0,-1,-1,3,-1,1,0,,,,,,,,,0,0,0,0,0,63,63,38,,,,,,,,,,,,,,,,,,,,,,,,,,,,,,,0,-1,,,1,,,,,,,,,,,,,,,,,,0,,,,,,,Sub030,001,2022_Sep_13_1123,2_1_MRI_Rating_SE_RE,2021.2.3,60.09792361674011,
0,1,-1,0,20,-1,2,0,1,,,,,,,,,0,0,0,0,0,64,64,75,,,,,,,,,0,0,0,0,0,0,0,0,,,,,,,,,,,,,,,-1,0,,,0,,,,,,,Extremely Unlikely,1.7471218000000022,0.7471218000000022,456.33793010003865,None,451.0787467993796,None,453.08806009963155,None,20,2,1,455.08922269940376,None,r,1.2295484002679586,455.08922269940376,None,Sub030,001,2022_Sep_13_1123,2_1_MRI_Rating_SE_RE,2021.2.3,60.09792361674011,
0,1,-1,0,20,-1,2,0,1,,,,,,,,,0,0,0,0,0,64,64,75,,,,,,,,,0,0,0,0,,,,,,,,,,,,,,,,,,,-1,0,,,0,,,,,,,,,,,,,,,,,,1,,,,,,,Sub030,001,2022_Sep_13_1123,2_1_MRI_Rating_SE_RE,2021.2.3,60.09792361674011,
0,1,-1,0,20,-1,2,0,1,,,,,,,,,0,0,0,0,0,64,64,75,,,,,,,,,,,,,,,,,,,,,,,,,,,,,,,-1,0,,,0,,,,,,,,,,,,,,,,,,1,,,,,,,Sub030,001,2022_Sep_13_1123,2_1_MRI_Rating_SE_RE,2021.2.3,60.09792361674011,
1,0,1,-1,-1,3,-1,0,0,,,,,,,,,0,0,0,0,0,65,65,14,0,0,0,0,,,,,,,,,,,,,,,,,,,,,458.09498579986393,None,458.09498579986393,None,460.1051951991394,None,1,-1,26.296956867726266,3,0,,,,,,,,,,,,,,,,,,0,,,,,,,Sub030,001,2022_Sep_13_1123,2_1_MRI_Rating_SE_RE,2021.2.3,60.09792361674011,
1,0,1,-1,-1,3,-1,0,0,,,,,,,,,0,0,0,0,0,65,65,14,,,,,,,,,,,,,,,,,,,,,,,,,,,,,,,1,-1,,,0,,,,,,,,,,,,,,,,,,0,,,,,,,Sub030,001,2022_Sep_13_1123,2_1_MRI_Rating_SE_RE,2021.2.3,60.09792361674011,
0,1,-1,0,20,-1,1,0,1,,,,,,,,,0,0,0,0,0,66,66,81,,,,,,,,,0,0,0,0,0,0,0,0,,,,,,,,,,,,,,,-1,0,,,0,,,,,,,Extremely Unlikely,2.4247367999999483,1.4247367999999483,466.6885003997013,None,463.1061247000471,None,465.1051056999713,None,20,1,1,466.1049346998334,None,r,0.5608502998948097,466.1049346998334,None,Sub030,001,2022_Sep_13_1123,2_1_MRI_Rating_SE_RE,2021.2.3,60.09792361674011,
0,1,-1,0,20,-1,1,0,1,,,,,,,,,0,0,0,0,0,66,66,81,,,,,,,,,0,0,0,0,,,,,,,,,,,,,,,,,,,-1,0,,,0,,,,,,,,,,,,,,,,,,1,,,,,,,Sub030,001,2022_Sep_13_1123,2_1_MRI_Rating_SE_RE,2021.2.3,60.09792361674011,
0,1,-1,0,20,-1,1,0,1,,,,,,,,,0,0,0,0,0,66,66,81,,,,,,,,,,,,,,,,,,,,,,,,,,,,,,,-1,0,,,0,,,,,,,,,,,,,,,,,,1,,,,,,,Sub030,001,2022_Sep_13_1123,2_1_MRI_Rating_SE_RE,2021.2.3,60.09792361674011,
1,0,2,-1,-1,3,-1,1,0,,,,,,,,,0,0,0,0,0,67,67,35,0,0,0,0,0,0,0,0,,,,,,,,,,,,,,,,,469.12871589977294,None,469.12871589977294,None,471.1391180995852,None,2,-1,49.9661674153862,3,1,474.14016219973564,None,y,0.7174926996231079,474.14016219973564,None,Slightly Likely,2.2442798000000153,1.2442798000000153,474.8884203992784,None,,,,,,,0,,,,,,,Sub030,001,2022_Sep_13_1123,2_1_MRI_Rating_SE_RE,2021.2.3,60.09792361674011,
1,0,2,-1,-1,3,-1,1,0,,,,,,,,,0,0,0,0,0,67,67,35,0,0,0,0,,,,,,,,,,,,,,,,,,,,,,,,,,,2,-1,,,1,,,,,,,,,,,,,,,,,,0,,,,,,,Sub030,001,2022_Sep_13_1123,2_1_MRI_Rating_SE_RE,2021.2.3,60.09792361674011,
1,0,2,-1,-1,3,-1,1,0,,,,,,,,,0,0,0,0,0,67,67,35,,,,,,,,,,,,,,,,,,,,,,,,,,,,,,,2,-1,,,1,,,,,,,,,,,,,,,,,,0,,,,,,,Sub030,001,2022_Sep_13_1123,2_1_MRI_Rating_SE_RE,2021.2.3,60.09792361674011,
1,0,2,-1,-1,3,-1,1,0,,,,,,,,,0,0,0,0,0,68,68,26,0,0,0,0,0,0,0,0,,,,,,,,,,,,,,,,,477.14368869923055,None,477.14368869923055,None,479.15542449988425,None,2,-1,49.9661674153862,3,1,482.1567484997213,None,None,,482.1567484997213,None,,0.9795748999999887,-0.020425100000011298,484.1728147994727,None,,,,,,,0,,,,,,,Sub030,001,2022_Sep_13_1123,2_1_MRI_Rating_SE_RE,2021.2.3,60.09792361674011,
1,0,2,-1,-1,3,-1,1,0,,,,,,,,,0,0,0,0,0,68,68,26,0,0,0,0,,,,,,,,,,,,,,,,,,,,,,,,,,,2,-1,,,1,,,,,,,,,,,,,,,,,,0,,,,,,,Sub030,001,2022_Sep_13_1123,2_1_MRI_Rating_SE_RE,2021.2.3,60.09792361674011,
1,0,2,-1,-1,3,-1,1,0,,,,,,,,,0,0,0,0,0,68,68,26,,,,,,,,,,,,,,,,,,,,,,,,,,,,,,,2,-1,,,1,,,,,,,,,,,,,,,,,,0,,,,,,,Sub030,001,2022_Sep_13_1123,2_1_MRI_Rating_SE_RE,2021.2.3,60.09792361674011,
0,1,-1,0,20,-1,3,0,1,,,,,,,,,0,0,0,0,0,69,69,78,,,,,,,,,0,0,0,0,0,0,0,0,,,,,,,,,,,,,,,-1,0,,,0,,,,,,,Extremely Unlikely,1.4277483999999845,0.4277483999999845,491.7391082998365,None,485.1610016999766,None,487.17263859976083,None,20,3,1,490.17427329998463,None,r,1.545417600311339,490.17427329998463,None,Sub030,001,2022_Sep_13_1123,2_1_MRI_Rating_SE_RE,2021.2.3,60.09792361674011,
0,1,-1,0,20,-1,3,0,1,,,,,,,,,0,0,0,0,0,69,69,78,,,,,,,,,0,0,0,0,,,,,,,,,,,,,,,,,,,-1,0,,,0,,,,,,,,,,,,,,,,,,1,,,,,,,Sub030,001,2022_Sep_13_1123,2_1_MRI_Rating_SE_RE,2021.2.3,60.09792361674011,
0,1,-1,0,20,-1,3,0,1,,,,,,,,,0,0,0,0,0,69,69,78,,,,,,,,,,,,,,,,,,,,,,,,,,,,,,,-1,0,,,0,,,,,,,,,,,,,,,,,,1,,,,,,,Sub030,001,2022_Sep_13_1123,2_1_MRI_Rating_SE_RE,2021.2.3,60.09792361674011,
0,1,-1,2,80,-1,2,0,1,,,,,,,,,0,0,0,0,0,70,70,86,,,,,,,,,0,0,0,0,0,0,0,0,,,,,,,,,,,,,,,-1,2,,,0,,,,,,,Slightly Likely,2.3090818000000013,1.3090818000000013,497.8730102991685,None,493.177655399777,None,495.1895459992811,None,80,2,1,497.19322919938713,None,y,0.6486140005290508,497.19322919938713,None,Sub030,001,2022_Sep_13_1123,2_1_MRI_Rating_SE_RE,2021.2.3,60.09792361674011,
0,1,-1,2,80,-1,2,0,1,,,,,,,,,0,0,0,0,0,70,70,86,,,,,,,,,0,0,0,0,,,,,,,,,,,,,,,,,,,-1,2,,,0,,,,,,,,,,,,,,,,,,1,,,,,,,Sub030,001,2022_Sep_13_1123,2_1_MRI_Rating_SE_RE,2021.2.3,60.09792361674011,
0,1,-1,2,80,-1,2,0,1,,,,,,,,,0,0,0,0,0,70,70,86,,,,,,,,,,,,,,,,,,,,,,,,,,,,,,,-1,2,,,0,,,,,,,,,,,,,,,,,,1,,,,,,,Sub030,001,2022_Sep_13_1123,2_1_MRI_Rating_SE_RE,2021.2.3,60.09792361674011,
1,0,2,-1,-1,2,-1,1,0,,,,,,,,,0,0,0,0,0,71,71,43,0,0,0,0,0,0,0,0,,,,,,,,,,,,,,,,,500.1992170000449,None,500.1992170000449,None,502.20632409956306,None,2,-1,49.9661674153862,2,1,504.2075384994969,None,y,0.461201099678874,504.2075384994969,None,Slightly Likely,2.5159795000000145,1.5159795000000145,504.6903239991516,None,,,,,,,0,,,,,,,Sub030,001,2022_Sep_13_1123,2_1_MRI_Rating_SE_RE,2021.2.3,60.09792361674011,
1,0,2,-1,-1,2,-1,1,0,,,,,,,,,0,0,0,0,0,71,71,43,0,0,0,0,,,,,,,,,,,,,,,,,,,,,,,,,,,2,-1,,,1,,,,,,,,,,,,,,,,,,0,,,,,,,Sub030,001,2022_Sep_13_1123,2_1_MRI_Rating_SE_RE,2021.2.3,60.09792361674011,
1,0,2,-1,-1,2,-1,1,0,,,,,,,,,0,0,0,0,0,71,71,43,,,,,,,,,,,,,,,,,,,,,,,,,,,,,,,2,-1,,,1,,,,,,,,,,,,,,,,,,0,,,,,,,Sub030,001,2022_Sep_13_1123,2_1_MRI_Rating_SE_RE,2021.2.3,60.09792361674011,
1,0,1,-1,-1,1,-1,1,0,,,,,,,,,0,0,0,0,0,72,72,39,0,0,0,0,0,0,0,0,,,,,,,,,,,,,,,,,507.2194080995396,None,507.2194080995396,None,509.223158499226,None,1,-1,26.296956867726266,1,1,510.22375299967825,None,g,0.39698580000549555,510.22375299967825,None,Slightly Unlikely,2.5796704999999633,1.5796704999999633,510.63996169995517,None,,,,,,,0,,,,,,,Sub030,001,2022_Sep_13_1123,2_1_MRI_Rating_SE_RE,2021.2.3,60.09792361674011,
1,0,1,-1,-1,1,-1,1,0,,,,,,,,,0,0,0,0,0,72,72,39,0,0,0,0,,,,,,,,,,,,,,,,,,,,,,,,,,,1,-1,,,1,,,,,,,,,,,,,,,,,,0,,,,,,,Sub030,001,2022_Sep_13_1123,2_1_MRI_Rating_SE_RE,2021.2.3,60.09792361674011,
1,0,1,-1,-1,1,-1,1,0,,,,,,,,,0,0,0,0,0,72,72,39,,,,,,,,,,,,,,,,,,,,,,,,,,,,,,,1,-1,,,1,,,,,,,,,,,,,,,,,,0,,,,,,,Sub030,001,2022_Sep_13_1123,2_1_MRI_Rating_SE_RE,2021.2.3,60.09792361674011,
1,0,2,-1,-1,1,-1,1,0,,,,,,,,,0,0,0,0,0,73,73,33,0,0,0,0,0,0,0,0,,,,,,,,,,,,,,,,,513.2308684997261,None,513.2308684997261,None,515.2404130995274,None,2,-1,49.9661674153862,1,1,516.2434699991718,None,y,0.5001992005854845,516.2434699991718,None,Slightly Likely,2.4602156000000264,1.4602156000000264,516.7738554999232,None,,,,,,,0,,,,,,,Sub030,001,2022_Sep_13_1123,2_1_MRI_Rating_SE_RE,2021.2.3,60.09792361674011,
1,0,2,-1,-1,1,-1,1,0,,,,,,,,,0,0,0,0,0,73,73,33,0,0,0,0,,,,,,,,,,,,,,,,,,,,,,,,,,,2,-1,,,1,,,,,,,,,,,,,,,,,,0,,,,,,,Sub030,001,2022_Sep_13_1123,2_1_MRI_Rating_SE_RE,2021.2.3,60.09792361674011,
1,0,2,-1,-1,1,-1,1,0,,,,,,,,,0,0,0,0,0,73,73,33,,,,,,,,,,,,,,,,,,,,,,,,,,,,,,,2,-1,,,1,,,,,,,,,,,,,,,,,,0,,,,,,,Sub030,001,2022_Sep_13_1123,2_1_MRI_Rating_SE_RE,2021.2.3,60.09792361674011,
0,1,-1,1,50,-1,2,0,0,,,,,,,,,0,0,0,0,0,74,74,49,,,,,,,,,0,0,0,0,,,,,,,,,,,,,,,,,,,-1,1,,,0,,,,,,,,,,,,519.2483743997291,None,521.257755799219,None,50,2,0,,,,,,,Sub030,001,2022_Sep_13_1123,2_1_MRI_Rating_SE_RE,2021.2.3,60.09792361674011,
0,1,-1,1,50,-1,2,0,0,,,,,,,,,0,0,0,0,0,74,74,49,,,,,,,,,,,,,,,,,,,,,,,,,,,,,,,-1,1,,,0,,,,,,,,,,,,,,,,,,0,,,,,,,Sub030,001,2022_Sep_13_1123,2_1_MRI_Rating_SE_RE,2021.2.3,60.09792361674011,
1,0,1,-1,-1,1,-1,0,0,,,,,,,,,0,0,0,0,0,75,75,12,0,0,0,0,,,,,,,,,,,,,,,,,,,,,523.2594034997746,None,523.2594034997746,None,525.2736502997577,None,1,-1,26.296956867726266,1,0,,,,,,,,,,,,,,,,,,0,,,,,,,Sub030,001,2022_Sep_13_1123,2_1_MRI_Rating_SE_RE,2021.2.3,60.09792361674011,
1,0,1,-1,-1,1,-1,0,0,,,,,,,,,0,0,0,0,0,75,75,12,,,,,,,,,,,,,,,,,,,,,,,,,,,,,,,1,-1,,,0,,,,,,,,,,,,,,,,,,0,,,,,,,Sub030,001,2022_Sep_13_1123,2_1_MRI_Rating_SE_RE,2021.2.3,60.09792361674011,
1,0,1,-1,-1,3,-1,0,0,,,,,,,,,0,0,0,0,0,76,76,5,0,0,0,0,,,,,,,,,,,,,,,,,,,,,526.2736359992996,None,526.2736359992996,None,528.2741596996784,None,1,-1,26.296956867726266,3,0,,,,,,,,,,,,,,,,,,0,,,,,,,Sub030,001,2022_Sep_13_1123,2_1_MRI_Rating_SE_RE,2021.2.3,60.09792361674011,
1,0,1,-1,-1,3,-1,0,0,,,,,,,,,0,0,0,0,0,76,76,5,,,,,,,,,,,,,,,,,,,,,,,,,,,,,,,1,-1,,,0,,,,,,,,,,,,,,,,,,0,,,,,,,Sub030,001,2022_Sep_13_1123,2_1_MRI_Rating_SE_RE,2021.2.3,60.09792361674011,
0,1,-1,0,20,-1,1,0,0,,,,,,,,,0,0,0,0,0,77,77,45,,,,,,,,,0,0,0,0,,,,,,,,,,,,,,,,,,,-1,0,,,0,,,,,,,,,,,,531.2751911999658,None,533.2738806996495,None,20,1,0,,,,,,,Sub030,001,2022_Sep_13_1123,2_1_MRI_Rating_SE_RE,2021.2.3,60.09792361674011,
0,1,-1,0,20,-1,1,0,0,,,,,,,,,0,0,0,0,0,77,77,45,,,,,,,,,,,,,,,,,,,,,,,,,,,,,,,-1,0,,,0,,,,,,,,,,,,,,,,,,0,,,,,,,Sub030,001,2022_Sep_13_1123,2_1_MRI_Rating_SE_RE,2021.2.3,60.09792361674011,
1,0,1,-1,-1,2,-1,0,0,,,,,,,,,0,0,0,0,0,78,78,4,0,0,0,0,,,,,,,,,,,,,,,,,,,,,534.2744113998488,None,534.2744113998488,None,536.2745504993945,None,1,-1,26.296956867726266,2,0,,,,,,,,,,,,,,,,,,0,,,,,,,Sub030,001,2022_Sep_13_1123,2_1_MRI_Rating_SE_RE,2021.2.3,60.09792361674011,
1,0,1,-1,-1,2,-1,0,0,,,,,,,,,0,0,0,0,0,78,78,4,,,,,,,,,,,,,,,,,,,,,,,,,,,,,,,1,-1,,,0,,,,,,,,,,,,,,,,,,0,,,,,,,Sub030,001,2022_Sep_13_1123,2_1_MRI_Rating_SE_RE,2021.2.3,60.09792361674011,
0,1,-1,1,50,-1,3,0,0,,,,,,,,,0,0,0,0,0,79,79,52,,,,,,,,,0,0,0,0,,,,,,,,,,,,,,,,,,,-1,1,,,0,,,,,,,,,,,,538.2761990996078,None,540.2909752996638,None,50,3,0,,,,,,,Sub030,001,2022_Sep_13_1123,2_1_MRI_Rating_SE_RE,2021.2.3,60.09792361674011,
0,1,-1,1,50,-1,3,0,0,,,,,,,,,0,0,0,0,0,79,79,52,,,,,,,,,,,,,,,,,,,,,,,,,,,,,,,-1,1,,,0,,,,,,,,,,,,,,,,,,0,,,,,,,Sub030,001,2022_Sep_13_1123,2_1_MRI_Rating_SE_RE,2021.2.3,60.09792361674011,
0,1,-1,2,80,-1,2,0,1,,,,,,,,,0,0,0,0,0,80,80,77,,,,,,,,,0,0,0,0,0,0,0,0,,,,,,,,,,,,,,,-1,2,,,0,,,,,,,Extremely Likely,2.387692099999981,1.387692099999981,547.9083019997925,None,543.2918646996841,None,545.291667399928,None,80,2,1,547.2923792991787,None,b,0.5924049001187086,547.2923792991787,None,Sub030,001,2022_Sep_13_1123,2_1_MRI_Rating_SE_RE,2021.2.3,60.09792361674011,
0,1,-1,2,80,-1,2,0,1,,,,,,,,,0,0,0,0,0,80,80,77,,,,,,,,,0,0,0,0,,,,,,,,,,,,,,,,,,,-1,2,,,0,,,,,,,,,,,,,,,,,,1,,,,,,,Sub030,001,2022_Sep_13_1123,2_1_MRI_Rating_SE_RE,2021.2.3,60.09792361674011,
0,1,-1,2,80,-1,2,0,1,,,,,,,,,0,0,0,0,0,80,80,77,,,,,,,,,,,,,,,,,,,,,,,,,,,,,,,-1,2,,,0,,,,,,,,,,,,,,,,,,1,,,,,,,Sub030,001,2022_Sep_13_1123,2_1_MRI_Rating_SE_RE,2021.2.3,60.09792361674011,
1,0,2,-1,-1,3,-1,1,0,,,,,,,,,0,0,0,0,0,81,81,44,0,0,0,0,0,0,0,0,,,,,,,,,,,,,,,,,550.3149838997051,None,550.3149838997051,None,552.3253470994532,None,2,-1,49.9661674153862,3,1,555.3248561993241,None,b,0.8038739003241062,555.3248561993241,None,Extremely Likely,2.1617893000000095,1.1617893000000095,556.158518999815,None,,,,,,,0,,,,,,,Sub030,001,2022_Sep_13_1123,2_1_MRI_Rating_SE_RE,2021.2.3,60.09792361674011,
1,0,2,-1,-1,3,-1,1,0,,,,,,,,,0,0,0,0,0,81,81,44,0,0,0,0,,,,,,,,,,,,,,,,,,,,,,,,,,,2,-1,,,1,,,,,,,,,,,,,,,,,,0,,,,,,,Sub030,001,2022_Sep_13_1123,2_1_MRI_Rating_SE_RE,2021.2.3,60.09792361674011,
1,0,2,-1,-1,3,-1,1,0,,,,,,,,,0,0,0,0,0,81,81,44,,,,,,,,,,,,,,,,,,,,,,,,,,,,,,,2,-1,,,1,,,,,,,,,,,,,,,,,,0,,,,,,,Sub030,001,2022_Sep_13_1123,2_1_MRI_Rating_SE_RE,2021.2.3,60.09792361674011,
0,1,-1,1,50,-1,1,0,1,,,,,,,,,0,0,0,0,0,82,82,82,,,,,,,,,0,0,0,0,0,0,0,0,,,,,,,,,,,,,,,-1,1,,,0,,,,,,,Slightly Likely,2.179305099999965,1.179305099999965,562.1590247992426,None,558.3314648997039,None,560.3420467991382,None,50,1,1,561.3572024991736,None,y,0.7745074005797505,561.3572024991736,None,Sub030,001,2022_Sep_13_1123,2_1_MRI_Rating_SE_RE,2021.2.3,60.09792361674011,
0,1,-1,1,50,-1,1,0,1,,,,,,,,,0,0,0,0,0,82,82,82,,,,,,,,,0,0,0,0,,,,,,,,,,,,,,,,,,,-1,1,,,0,,,,,,,,,,,,,,,,,,1,,,,,,,Sub030,001,2022_Sep_13_1123,2_1_MRI_Rating_SE_RE,2021.2.3,60.09792361674011,
0,1,-1,1,50,-1,1,0,1,,,,,,,,,0,0,0,0,0,82,82,82,,,,,,,,,,,,,,,,,,,,,,,,,,,,,,,-1,1,,,0,,,,,,,,,,,,,,,,,,1,,,,,,,Sub030,001,2022_Sep_13_1123,2_1_MRI_Rating_SE_RE,2021.2.3,60.09792361674011,
0,1,-1,1,50,-1,2,0,1,,,,,,,,,0,0,0,0,0,83,83,67,,,,,,,,,0,0,0,0,0,0,0,0,,,,,,,,,,,,,,,-1,1,,,0,,,,,,,Slightly Likely,2.110025999999948,1.110025999999948,569.2425464997068,None,564.3457293994725,None,566.3595150997862,None,50,2,1,568.3607736993581,None,y,0.8609076999127865,568.3607736993581,None,Sub030,001,2022_Sep_13_1123,2_1_MRI_Rating_SE_RE,2021.2.3,60.09792361674011,
0,1,-1,1,50,-1,2,0,1,,,,,,,,,0,0,0,0,0,83,83,67,,,,,,,,,0,0,0,0,,,,,,,,,,,,,,,,,,,-1,1,,,0,,,,,,,,,,,,,,,,,,1,,,,,,,Sub030,001,2022_Sep_13_1123,2_1_MRI_Rating_SE_RE,2021.2.3,60.09792361674011,
0,1,-1,1,50,-1,2,0,1,,,,,,,,,0,0,0,0,0,83,83,67,,,,,,,,,,,,,,,,,,,,,,,,,,,,,,,-1,1,,,0,,,,,,,,,,,,,,,,,,1,,,,,,,Sub030,001,2022_Sep_13_1123,2_1_MRI_Rating_SE_RE,2021.2.3,60.09792361674011,
0,1,-1,2,80,-1,1,0,1,,,,,,,,,0,0,0,0,0,84,84,56,,,,,,,,,0,0,0,0,0,0,0,0,,,,,,,,,,,,,,,-1,2,,,0,,,,,,,Extremely Likely,2.678407600000014,1.678407600000014,574.692485800013,None,571.3654610998929,None,573.3763214992359,None,80,1,1,574.3781498000026,None,b,0.293695000000298,574.3781498000026,None,Sub030,001,2022_Sep_13_1123,2_1_MRI_Rating_SE_RE,2021.2.3,60.09792361674011,
0,1,-1,2,80,-1,1,0,1,,,,,,,,,0,0,0,0,0,84,84,56,,,,,,,,,0,0,0,0,,,,,,,,,,,,,,,,,,,-1,2,,,0,,,,,,,,,,,,,,,,,,1,,,,,,,Sub030,001,2022_Sep_13_1123,2_1_MRI_Rating_SE_RE,2021.2.3,60.09792361674011,
0,1,-1,2,80,-1,1,0,1,,,,,,,,,0,0,0,0,0,84,84,56,,,,,,,,,,,,,,,,,,,,,,,,,,,,,,,-1,2,,,0,,,,,,,,,,,,,,,,,,1,,,,,,,Sub030,001,2022_Sep_13_1123,2_1_MRI_Rating_SE_RE,2021.2.3,60.09792361674011,
0,1,-1,1,50,-1,3,0,1,,,,,,,,,0,0,0,0,0,85,85,70,,,,,,,,,0,0,0,0,0,0,0,0,,,,,,,,,,,,,,,-1,1,,,0,,,,,,,Slightly Likely,2.494652700000074,1.4946527000000742,582.892804400064,None,577.381711599417,None,579.3929347991943,None,50,3,1,582.3934717997909,None,y,0.478328600525856,582.3934717997909,None,Sub030,001,2022_Sep_13_1123,2_1_MRI_Rating_SE_RE,2021.2.3,60.09792361674011,
0,1,-1,1,50,-1,3,0,1,,,,,,,,,0,0,0,0,0,85,85,70,,,,,,,,,0,0,0,0,,,,,,,,,,,,,,,,,,,-1,1,,,0,,,,,,,,,,,,,,,,,,1,,,,,,,Sub030,001,2022_Sep_13_1123,2_1_MRI_Rating_SE_RE,2021.2.3,60.09792361674011,
0,1,-1,1,50,-1,3,0,1,,,,,,,,,0,0,0,0,0,85,85,70,,,,,,,,,,,,,,,,,,,,,,,,,,,,,,,-1,1,,,0,,,,,,,,,,,,,,,,,,1,,,,,,,Sub030,001,2022_Sep_13_1123,2_1_MRI_Rating_SE_RE,2021.2.3,60.09792361674011,
1,0,0,-1,-1,1,-1,0,0,,,,,,,,,0,0,0,0,0,86,86,9,0,0,0,0,,,,,,,,,,,,,,,,,,,,,585.4025256996974,None,585.4025256996974,None,587.4101604996249,None,0,-1,9.875491734017887,1,0,,,,,,,,,,,,,,,,,,0,,,,,,,Sub030,001,2022_Sep_13_1123,2_1_MRI_Rating_SE_RE,2021.2.3,60.09792361674011,
1,0,0,-1,-1,1,-1,0,0,,,,,,,,,0,0,0,0,0,86,86,9,,,,,,,,,,,,,,,,,,,,,,,,,,,,,,,0,-1,,,0,,,,,,,,,,,,,,,,,,0,,,,,,,Sub030,001,2022_Sep_13_1123,2_1_MRI_Rating_SE_RE,2021.2.3,60.09792361674011,
0,1,-1,1,50,-1,2,0,1,,,,,,,,,0,0,0,0,0,87,87,85,,,,,,,,,0,0,0,0,0,0,0,0,,,,,,,,,,,,,,,-1,1,,,0,,,,,,,Slightly Likely,2.6222718000000214,1.6222718000000214,592.7929940996692,None,588.4100626995787,None,590.4098659995943,None,50,2,1,592.4106634994969,None,y,0.3631044998764992,592.4106634994969,None,Sub030,001,2022_Sep_13_1123,2_1_MRI_Rating_SE_RE,2021.2.3,60.09792361674011,
0,1,-1,1,50,-1,2,0,1,,,,,,,,,0,0,0,0,0,87,87,85,,,,,,,,,0,0,0,0,,,,,,,,,,,,,,,,,,,-1,1,,,0,,,,,,,,,,,,,,,,,,1,,,,,,,Sub030,001,2022_Sep_13_1123,2_1_MRI_Rating_SE_RE,2021.2.3,60.09792361674011,
0,1,-1,1,50,-1,2,0,1,,,,,,,,,0,0,0,0,0,87,87,85,,,,,,,,,,,,,,,,,,,,,,,,,,,,,,,-1,1,,,0,,,,,,,,,,,,,,,,,,1,,,,,,,Sub030,001,2022_Sep_13_1123,2_1_MRI_Rating_SE_RE,2021.2.3,60.09792361674011,
1,0,2,-1,-1,2,-1,0,0,,,,,,,,,0,0,0,0,0,88,88,16,0,0,0,0,,,,,,,,,,,,,,,,,,,,,595.4344591991976,None,595.4344591991976,None,597.4436003994197,None,2,-1,49.9661674153862,2,0,,,,,,,,,,,,,,,,,,0,,,,,,,Sub030,001,2022_Sep_13_1123,2_1_MRI_Rating_SE_RE,2021.2.3,60.09792361674011,
1,0,2,-1,-1,2,-1,0,0,,,,,,,,,0,0,0,0,0,88,88,16,,,,,,,,,,,,,,,,,,,,,,,,,,,,,,,2,-1,,,0,,,,,,,,,,,,,,,,,,0,,,,,,,Sub030,001,2022_Sep_13_1123,2_1_MRI_Rating_SE_RE,2021.2.3,60.09792361674011,
1,0,2,-1,-1,2,-1,1,0,,,,,,,,,0,0,0,0,0,89,89,25,0,0,0,0,0,0,0,0,,,,,,,,,,,,,,,,,599.443939499557,None,599.443939499557,None,601.4438036000356,None,2,-1,49.9661674153862,2,1,603.4586614994332,None,b,0.35516529995948076,603.4586614994332,None,Extremely Likely,2.6046395000000757,1.6046395000000757,603.8434565998614,None,,,,,,,0,,,,,,,Sub030,001,2022_Sep_13_1123,2_1_MRI_Rating_SE_RE,2021.2.3,60.09792361674011,
1,0,2,-1,-1,2,-1,1,0,,,,,,,,,0,0,0,0,0,89,89,25,0,0,0,0,,,,,,,,,,,,,,,,,,,,,,,,,,,2,-1,,,1,,,,,,,,,,,,,,,,,,0,,,,,,,Sub030,001,2022_Sep_13_1123,2_1_MRI_Rating_SE_RE,2021.2.3,60.09792361674011,
1,0,2,-1,-1,2,-1,1,0,,,,,,,,,0,0,0,0,0,89,89,25,,,,,,,,,,,,,,,,,,,,,,,,,,,,,,,2,-1,,,1,,,,,,,,,,,,,,,,,,0,,,,,,,Sub030,001,2022_Sep_13_1123,2_1_MRI_Rating_SE_RE,2021.2.3,60.09792361674011,
,,,,,,,,,,,,,,,,,0,0,0,0,,,,,,,,,,,,,,,,,,,,,,,,,,,,,,,,,,,,,,,,,,,,,,,,,,,,,,,,,,,,,,,,Sub030,001,2022_Sep_13_1123,2_1_MRI_Rating_SE_RE,2021.2.3,60.09792361674011,
