﻿Target_Size,start_position,Run_Files,current_card_prob,current_WinLoss,start.thisRepN,start.thisTrialN,start.thisN,start.thisIndex,trials.thisRepN,trials.thisTrialN,trials.thisN,trials.thisIndex,Indi_Info.thisRepN,Indi_Info.thisTrialN,Indi_Info.thisN,Indi_Info.thisIndex,trials_bar_Q.thisRepN,trials_bar_Q.thisTrialN,trials_bar_Q.thisN,trials_bar_Q.thisIndex,Confi_bar_L.thisRepN,Confi_bar_L.thisTrialN,Confi_bar_L.thisN,Confi_bar_L.thisIndex,Confi_bar_R.thisRepN,Confi_bar_R.thisTrialN,Confi_bar_R.thisN,Confi_bar_R.thisIndex,StopGame.thisRepN,StopGame.thisTrialN,StopGame.thisN,StopGame.thisIndex,ContinuePlay.thisRepN,ContinuePlay.thisTrialN,ContinuePlay.thisN,ContinuePlay.thisIndex,Run_card.thisRepN,Run_card.thisTrialN,Run_card.thisN,Run_card.thisIndex,trials_card.thisRepN,trials_card.thisTrialN,trials_card.thisN,trials_card.thisIndex,Qlikely_card_L.thisRepN,Qlikely_card_L.thisTrialN,Qlikely_card_L.thisN,Qlikely_card_L.thisIndex,Qlikely_card_R.thisRepN,Qlikely_card_R.thisTrialN,Qlikely_card_R.thisN,Qlikely_card_R.thisIndex,run_L,run_R,instr.started,instr.stopped,key_resp_bar.keys,key_resp_bar.rt,key_resp_bar.started,key_resp_bar.stopped,Current_Target_Size,Start_position,key_resp_bar.position,key_resp_bar.hit,trial_speed,center.started,center.stopped,center2.started,center2.stopped,instr_4.started,instr_4.stopped,sigma_indi,targetSize_20,targetSize_50,targetSize_80,targetSize_indi,center_11.started,center_11.stopped,Slider_LikelyBar_R.response,Slider_LikelyBar_R.rt,Slider_LikelyBar_R.started,Slider_LikelyBar_R.stopped,key_resp_LikeQ_bar_R.keys,key_resp_LikeQ_bar_R.rt,key_resp_LikeQ_bar_R.started,key_resp_LikeQ_bar_R.stopped,bar_final_text.started,bar_final_text.stopped,card_instr_text.started,card_instr_text.stopped,instr_5.started,instr_5.stopped,current_card_prob,current_WinLoss,Q_card_prob,Slider_LikelyCard_R.response,Slider_LikelyCard_R.rt,Slider_LikelyCard_R.started,Slider_LikelyCard_R.stopped,key_resp_LikeQ_card_R.keys,key_resp_LikeQ_card_R.rt,key_resp_LikeQ_card_R.started,key_resp_LikeQ_card_R.stopped,bar_final_text_2.started,bar_final_text_2.stopped,participant,session,date,expName,psychopyVersion,frameRate,
,,,,,0,0,0,0,,,,,,,,,,,,,,,,,,,,,,,,,,,,,,,,,,,,,,,,,,,,,0,1,26.431802799999787,None,,,,,,,,,,,,,,,,,,,,,,,,,,,,,,,,,,,,,,,,,,,,,,,,,,Sub045,001,2022_Sep_26_1459,1trainingbehavior_beforeMRI,2021.2.3,59.92882852330822,
10,1,,,,,,,,0,0,0,14,,,,,,,,,,,,,,,,,,,,,,,,,,,,,,,,,,,,,,,,,,,,,space,11.439363600000434,114.4091257,None,10,1,33,0,7,114.4091257,None,125.87740289999965,None,,,,,,,,,,,,,,,,,,,,,,,,,,,,,,,,,,,,,Sub045,001,2022_Sep_26_1459,1trainingbehavior_beforeMRI,2021.2.3,59.92882852330822,
30,0,,,,,,,,0,1,1,45,,,,,,,,,,,,,,,,,,,,,,,,,,,,,,,,,,,,,,,,,,,,,space,7.819363500000691,126.38856830000077,None,30,0,30,0,7,126.38856830000077,None,134.2382206000002,None,,,,,,,,,,,,,,,,,,,,,,,,,,,,,,,,,,,,,Sub045,001,2022_Sep_26_1459,1trainingbehavior_beforeMRI,2021.2.3,59.92882852330822,
30,1,,,,,,,,0,2,2,51,,,,,,,,,,,,,,,,,,,,,,,,,,,,,,,,,,,,,,,,,,,,,space,4.117453400000159,134.73862829999962,None,30,1,-23,0,7,134.73862829999962,None,138.87180830000034,None,,,,,,,,,,,,,,,,,,,,,,,,,,,,,,,,,,,,,Sub045,001,2022_Sep_26_1459,1trainingbehavior_beforeMRI,2021.2.3,59.92882852330822,
10,1,,,,,,,,0,3,3,11,,,,,,,,,,,,,,,,,,,,,,,,,,,,,,,,,,,,,,,,,,,,,space,1.8493758999993588,139.37201020000066,None,10,1,33,0,7,139.37201020000066,None,141.23851540000032,None,,,,,,,,,,,,,,,,,,,,,,,,,,,,,,,,,,,,,Sub045,001,2022_Sep_26_1459,1trainingbehavior_beforeMRI,2021.2.3,59.92882852330822,
10,1,,,,,,,,0,4,4,19,,,,,,,,,,,,,,,,,,,,,,,,,,,,,,,,,,,,,,,,,,,,,space,6.621863999998823,141.73859260000063,None,10,1,26,0,7,141.73859260000063,None,148.38900660000036,None,,,,,,,,,,,,,,,,,,,,,,,,,,,,,,,,,,,,,Sub045,001,2022_Sep_26_1459,1trainingbehavior_beforeMRI,2021.2.3,59.92882852330822,
20,0,,,,,,,,0,5,5,20,,,,,,,,,,,,,,,,,,,,,,,,,,,,,,,,,,,,,,,,,,,,,space,2.8204804999986663,148.8889878000009,None,20,0,-54,0,7,148.8889878000009,None,151.738855900001,None,,,,,,,,,,,,,,,,,,,,,,,,,,,,,,,,,,,,,Sub045,001,2022_Sep_26_1459,1trainingbehavior_beforeMRI,2021.2.3,59.92882852330822,
20,1,,,,,,,,0,6,6,38,,,,,,,,,,,,,,,,,,,,,,,,,,,,,,,,,,,,,,,,,,,,,space,4.274093199999697,152.2393544000006,None,20,1,47,0,7,152.2393544000006,None,156.5389892000003,None,,,,,,,,,,,,,,,,,,,,,,,,,,,,,,,,,,,,,Sub045,001,2022_Sep_26_1459,1trainingbehavior_beforeMRI,2021.2.3,59.92882852330822,
30,0,,,,,,,,0,7,7,43,,,,,,,,,,,,,,,,,,,,,,,,,,,,,,,,,,,,,,,,,,,,,space,3.0818060000001424,157.03921760000048,None,30,0,51,0,7,157.03921760000048,None,160.1394349000002,None,,,,,,,,,,,,,,,,,,,,,,,,,,,,,,,,,,,,,Sub045,001,2022_Sep_26_1459,1trainingbehavior_beforeMRI,2021.2.3,59.92882852330822,
10,0,,,,,,,,0,8,8,7,,,,,,,,,,,,,,,,,,,,,,,,,,,,,,,,,,,,,,,,,,,,,space,7.8485295999998925,160.63965070000086,None,10,0,37,0,7,160.63965070000086,None,168.50627160000113,None,,,,,,,,,,,,,,,,,,,,,,,,,,,,,,,,,,,,,Sub045,001,2022_Sep_26_1459,1trainingbehavior_beforeMRI,2021.2.3,59.92882852330822,
30,1,,,,,,,,0,9,9,50,,,,,,,,,,,,,,,,,,,,,,,,,,,,,,,,,,,,,,,,,,,,,space,11.478055100000347,169.00637800000004,None,30,1,47,0,7,169.00637800000004,None,180.50678300000072,None,,,,,,,,,,,,,,,,,,,,,,,,,,,,,,,,,,,,,Sub045,001,2022_Sep_26_1459,1trainingbehavior_beforeMRI,2021.2.3,59.92882852330822,
20,1,,,,,,,,0,10,10,37,,,,,,,,,,,,,,,,,,,,,,,,,,,,,,,,,,,,,,,,,,,,,space,4.341157999999268,181.0068035000004,None,20,1,75,0,7,181.0068035000004,None,185.3735568000011,None,,,,,,,,,,,,,,,,,,,,,,,,,,,,,,,,,,,,,Sub045,001,2022_Sep_26_1459,1trainingbehavior_beforeMRI,2021.2.3,59.92882852330822,
10,1,,,,,,,,0,11,11,17,,,,,,,,,,,,,,,,,,,,,,,,,,,,,,,,,,,,,,,,,,,,,space,6.649765599999228,185.87368160000005,None,10,1,33,0,7,185.87368160000005,None,192.54091470000094,None,,,,,,,,,,,,,,,,,,,,,,,,,,,,,,,,,,,,,Sub045,001,2022_Sep_26_1459,1trainingbehavior_beforeMRI,2021.2.3,59.92882852330822,
10,0,,,,,,,,0,12,12,2,,,,,,,,,,,,,,,,,,,,,,,,,,,,,,,,,,,,,,,,,,,,,space,1.8302868000009767,193.04066349999994,None,10,0,-26,0,7,193.04066349999994,None,194.89069670000026,None,,,,,,,,,,,,,,,,,,,,,,,,,,,,,,,,,,,,,Sub045,001,2022_Sep_26_1459,1trainingbehavior_beforeMRI,2021.2.3,59.92882852330822,
30,0,,,,,,,,0,13,13,41,,,,,,,,,,,,,,,,,,,,,,,,,,,,,,,,,,,,,,,,,,,,,space,3.0109453999994003,195.39076279999972,None,30,0,23,0,7,195.39076279999972,None,198.42423210000015,None,,,,,,,,,,,,,,,,,,,,,,,,,,,,,,,,,,,,,Sub045,001,2022_Sep_26_1459,1trainingbehavior_beforeMRI,2021.2.3,59.92882852330822,
30,1,,,,,,,,0,14,14,52,,,,,,,,,,,,,,,,,,,,,,,,,,,,,,,,,,,,,,,,,,,,,space,1.87582619999921,198.9245002000007,None,30,1,47,0,7,198.9245002000007,None,200.824086300001,None,,,,,,,,,,,,,,,,,,,,,,,,,,,,,,,,,,,,,Sub045,001,2022_Sep_26_1459,1trainingbehavior_beforeMRI,2021.2.3,59.92882852330822,
10,0,,,,,,,,0,15,15,5,,,,,,,,,,,,,,,,,,,,,,,,,,,,,,,,,,,,,,,,,,,,,space,4.293372600001021,201.32440959999985,None,10,0,-54,0,7,201.32440959999985,None,205.64141650000056,None,,,,,,,,,,,,,,,,,,,,,,,,,,,,,,,,,,,,,Sub045,001,2022_Sep_26_1459,1trainingbehavior_beforeMRI,2021.2.3,59.92882852330822,
10,0,,,,,,,,0,16,16,9,,,,,,,,,,,,,,,,,,,,,,,,,,,,,,,,,,,,,,,,,,,,,space,2.9762915000010253,206.14111550000052,None,10,0,9,0,7,206.14111550000052,None,209.14120410000032,None,,,,,,,,,,,,,,,,,,,,,,,,,,,,,,,,,,,,,Sub045,001,2022_Sep_26_1459,1trainingbehavior_beforeMRI,2021.2.3,59.92882852330822,
20,1,,,,,,,,0,17,17,33,,,,,,,,,,,,,,,,,,,,,,,,,,,,,,,,,,,,,,,,,,,,,space,1.8373964999991586,209.64121390000037,None,20,1,33,0,7,209.64121390000037,None,211.50803460000134,None,,,,,,,,,,,,,,,,,,,,,,,,,,,,,,,,,,,,,Sub045,001,2022_Sep_26_1459,1trainingbehavior_beforeMRI,2021.2.3,59.92882852330822,
10,1,,,,,,,,0,18,18,13,,,,,,,,,,,,,,,,,,,,,,,,,,,,,,,,,,,,,,,,,,,,,space,1.7293736999999965,212.00790410000081,None,10,1,-16,0,7,212.00790410000081,None,213.7579095000001,None,,,,,,,,,,,,,,,,,,,,,,,,,,,,,,,,,,,,,Sub045,001,2022_Sep_26_1459,1trainingbehavior_beforeMRI,2021.2.3,59.92882852330822,
30,0,,,,,,,,0,19,19,44,,,,,,,,,,,,,,,,,,,,,,,,,,,,,,,,,,,,,,,,,,,,,space,0.6337908999994397,214.25793499999963,None,30,0,30,0,7,214.25793499999963,None,214.90795340000113,None,,,,,,,,,,,,,,,,,,,,,,,,,,,,,,,,,,,,,Sub045,001,2022_Sep_26_1459,1trainingbehavior_beforeMRI,2021.2.3,59.92882852330822,
30,0,,,,,,,,0,20,20,49,,,,,,,,,,,,,,,,,,,,,,,,,,,,,,,,,,,,,,,,,,,,,space,1.8632829999987734,215.40821080000023,None,30,0,-40,0,7,215.40821080000023,None,217.29139490000125,None,,,,,,,,,,,,,,,,,,,,,,,,,,,,,,,,,,,,,Sub045,001,2022_Sep_26_1459,1trainingbehavior_beforeMRI,2021.2.3,59.92882852330822,
10,0,,,,,,,,0,21,21,8,,,,,,,,,,,,,,,,,,,,,,,,,,,,,,,,,,,,,,,,,,,,,space,1.858224399999017,217.79160010000123,None,10,0,-40,0,7,217.79160010000123,None,219.67525019999994,None,,,,,,,,,,,,,,,,,,,,,,,,,,,,,,,,,,,,,Sub045,001,2022_Sep_26_1459,1trainingbehavior_beforeMRI,2021.2.3,59.92882852330822,
10,1,,,,,,,,0,22,22,12,,,,,,,,,,,,,,,,,,,,,,,,,,,,,,,,,,,,,,,,,,,,,space,0.5639670000000478,220.17484719999993,None,10,1,-2,1,7,220.17484719999993,None,220.7601106000002,None,,,,,,,,,,,,,,,,,,,,,,,,,,,,,,,,,,,,,Sub045,001,2022_Sep_26_1459,1trainingbehavior_beforeMRI,2021.2.3,59.92882852330822,
30,0,,,,,,,,0,23,23,40,,,,,,,,,,,,,,,,,,,,,,,,,,,,,,,,,,,,,,,,,,,,,space,1.7781436999994185,221.27487380000093,None,30,0,-5,1,7,221.27487380000093,None,223.07481240000016,None,,,,,,,,,,,,,,,,,,,,,,,,,,,,,,,,,,,,,Sub045,001,2022_Sep_26_1459,1trainingbehavior_beforeMRI,2021.2.3,59.92882852330822,
10,0,,,,,,,,0,24,24,3,,,,,,,,,,,,,,,,,,,,,,,,,,,,,,,,,,,,,,,,,,,,,space,1.8135476000006747,223.57489350000105,None,10,0,-19,0,7,223.57489350000105,None,225.40981350000038,None,,,,,,,,,,,,,,,,,,,,,,,,,,,,,,,,,,,,,Sub045,001,2022_Sep_26_1459,1trainingbehavior_beforeMRI,2021.2.3,59.92882852330822,
10,1,,,,,,,,0,25,25,10,,,,,,,,,,,,,,,,,,,,,,,,,,,,,,,,,,,,,,,,,,,,,space,0.6726792999997997,225.9254834000003,None,10,1,-51,0,7,225.9254834000003,None,226.62526140000045,None,,,,,,,,,,,,,,,,,,,,,,,,,,,,,,,,,,,,,Sub045,001,2022_Sep_26_1459,1trainingbehavior_beforeMRI,2021.2.3,59.92882852330822,
20,1,,,,,,,,0,26,26,31,,,,,,,,,,,,,,,,,,,,,,,,,,,,,,,,,,,,,,,,,,,,,space,1.8470450999993773,227.12528730000122,None,20,1,33,0,7,227.12528730000122,None,228.99182780000046,None,,,,,,,,,,,,,,,,,,,,,,,,,,,,,,,,,,,,,Sub045,001,2022_Sep_26_1459,1trainingbehavior_beforeMRI,2021.2.3,59.92882852330822,
30,0,,,,,,,,0,27,27,42,,,,,,,,,,,,,,,,,,,,,,,,,,,,,,,,,,,,,,,,,,,,,space,1.7520365999989735,229.49189910000132,None,30,0,9,1,7,229.49189910000132,None,231.25944870000058,None,,,,,,,,,,,,,,,,,,,,,,,,,,,,,,,,,,,,,Sub045,001,2022_Sep_26_1459,1trainingbehavior_beforeMRI,2021.2.3,59.92882852330822,
20,0,,,,,,,,0,28,28,26,,,,,,,,,,,,,,,,,,,,,,,,,,,,,,,,,,,,,,,,,,,,,space,1.7662657000000763,231.75897270000132,None,20,0,2,1,7,231.75897270000132,None,233.5420111000003,None,,,,,,,,,,,,,,,,,,,,,,,,,,,,,,,,,,,,,Sub045,001,2022_Sep_26_1459,1trainingbehavior_beforeMRI,2021.2.3,59.92882852330822,
20,1,,,,,,,,0,29,29,32,,,,,,,,,,,,,,,,,,,,,,,,,,,,,,,,,,,,,,,,,,,,,space,2.777795799998785,234.04232760000014,None,20,1,75,0,7,234.04232760000014,None,236.84181720000015,None,,,,,,,,,,,,,,,,,,,,,,,,,,,,,,,,,,,,,Sub045,001,2022_Sep_26_1459,1trainingbehavior_beforeMRI,2021.2.3,59.92882852330822,
20,0,,,,,,,,0,30,30,29,,,,,,,,,,,,,,,,,,,,,,,,,,,,,,,,,,,,,,,,,,,,,space,1.8355501999994885,237.34205120000115,None,20,0,-26,0,7,237.34205120000115,None,239.1923029999998,None,,,,,,,,,,,,,,,,,,,,,,,,,,,,,,,,,,,,,Sub045,001,2022_Sep_26_1459,1trainingbehavior_beforeMRI,2021.2.3,59.92882852330822,
20,0,,,,,,,,0,31,31,28,,,,,,,,,,,,,,,,,,,,,,,,,,,,,,,,,,,,,,,,,,,,,space,1.8488601999997627,239.6922470999998,None,20,0,-33,0,7,239.6922470999998,None,241.55895820000114,None,,,,,,,,,,,,,,,,,,,,,,,,,,,,,,,,,,,,,Sub045,001,2022_Sep_26_1459,1trainingbehavior_beforeMRI,2021.2.3,59.92882852330822,
10,0,,,,,,,,0,32,32,1,,,,,,,,,,,,,,,,,,,,,,,,,,,,,,,,,,,,,,,,,,,,,space,1.8226373999987118,242.05897920000098,None,10,0,-26,0,7,242.05897920000098,None,243.90899320000062,None,,,,,,,,,,,,,,,,,,,,,,,,,,,,,,,,,,,,,Sub045,001,2022_Sep_26_1459,1trainingbehavior_beforeMRI,2021.2.3,59.92882852330822,
30,1,,,,,,,,0,33,33,58,,,,,,,,,,,,,,,,,,,,,,,,,,,,,,,,,,,,,,,,,,,,,space,3.0196277999984886,244.4091857000003,None,30,1,-30,0,7,244.4091857000003,None,247.4591547,None,,,,,,,,,,,,,,,,,,,,,,,,,,,,,,,,,,,,,Sub045,001,2022_Sep_26_1459,1trainingbehavior_beforeMRI,2021.2.3,59.92882852330822,
30,0,,,,,,,,0,34,34,48,,,,,,,,,,,,,,,,,,,,,,,,,,,,,,,,,,,,,,,,,,,,,space,1.6987683000006655,247.95913910000127,None,30,0,30,0,7,247.95913910000127,None,249.67631090000032,None,,,,,,,,,,,,,,,,,,,,,,,,,,,,,,,,,,,,,Sub045,001,2022_Sep_26_1459,1trainingbehavior_beforeMRI,2021.2.3,59.92882852330822,
30,1,,,,,,,,0,35,35,55,,,,,,,,,,,,,,,,,,,,,,,,,,,,,,,,,,,,,,,,,,,,,space,3.0076831999995193,250.17631650000112,None,30,1,-23,0,7,250.17631650000112,None,253.20940859999973,None,,,,,,,,,,,,,,,,,,,,,,,,,,,,,,,,,,,,,Sub045,001,2022_Sep_26_1459,1trainingbehavior_beforeMRI,2021.2.3,59.92882852330822,
20,1,,,,,,,,0,36,36,36,,,,,,,,,,,,,,,,,,,,,,,,,,,,,,,,,,,,,,,,,,,,,space,5.372634700001072,253.70946920000097,None,20,1,-9,1,7,253.70946920000097,None,259.109438200001,None,,,,,,,,,,,,,,,,,,,,,,,,,,,,,,,,,,,,,Sub045,001,2022_Sep_26_1459,1trainingbehavior_beforeMRI,2021.2.3,59.92882852330822,
20,1,,,,,,,,0,37,37,39,,,,,,,,,,,,,,,,,,,,,,,,,,,,,,,,,,,,,,,,,,,,,space,3.066360500000883,259.6095142000013,None,20,1,-44,0,7,259.6095142000013,None,262.69471239999984,None,,,,,,,,,,,,,,,,,,,,,,,,,,,,,,,,,,,,,Sub045,001,2022_Sep_26_1459,1trainingbehavior_beforeMRI,2021.2.3,59.92882852330822,
30,1,,,,,,,,0,38,38,59,,,,,,,,,,,,,,,,,,,,,,,,,,,,,,,,,,,,,,,,,,,,,space,7.6718108999994,263.2100717000012,None,30,1,33,0,7,263.2100717000012,None,270.9103691,None,,,,,,,,,,,,,,,,,,,,,,,,,,,,,,,,,,,,,Sub045,001,2022_Sep_26_1459,1trainingbehavior_beforeMRI,2021.2.3,59.92882852330822,
30,1,,,,,,,,0,39,39,56,,,,,,,,,,,,,,,,,,,,,,,,,,,,,,,,,,,,,,,,,,,,,space,2.9660174999989977,271.4099986000001,None,30,1,-2,1,7,271.4099986000001,None,274.39341740000054,None,,,,,,,,,,,,,,,,,,,,,,,,,,,,,,,,,,,,,Sub045,001,2022_Sep_26_1459,1trainingbehavior_beforeMRI,2021.2.3,59.92882852330822,
10,0,,,,,,,,0,40,40,6,,,,,,,,,,,,,,,,,,,,,,,,,,,,,,,,,,,,,,,,,,,,,space,4.2864265000007435,274.8937115000008,None,10,0,-54,0,7,274.8937115000008,None,279.2103852,None,,,,,,,,,,,,,,,,,,,,,,,,,,,,,,,,,,,,,Sub045,001,2022_Sep_26_1459,1trainingbehavior_beforeMRI,2021.2.3,59.92882852330822,
10,1,,,,,,,,0,41,41,18,,,,,,,,,,,,,,,,,,,,,,,,,,,,,,,,,,,,,,,,,,,,,space,3.0444477000000916,279.7103668,None,10,1,-37,0,7,279.7103668,None,282.77752450000116,None,,,,,,,,,,,,,,,,,,,,,,,,,,,,,,,,,,,,,Sub045,001,2022_Sep_26_1459,1trainingbehavior_beforeMRI,2021.2.3,59.92882852330822,
20,0,,,,,,,,0,42,42,21,,,,,,,,,,,,,,,,,,,,,,,,,,,,,,,,,,,,,,,,,,,,,space,4.251502099999925,283.2771518999998,None,20,0,-33,0,7,283.2771518999998,None,287.54373210000085,None,,,,,,,,,,,,,,,,,,,,,,,,,,,,,,,,,,,,,Sub045,001,2022_Sep_26_1459,1trainingbehavior_beforeMRI,2021.2.3,59.92882852330822,
30,0,,,,,,,,0,43,43,47,,,,,,,,,,,,,,,,,,,,,,,,,,,,,,,,,,,,,,,,,,,,,space,4.166843900000458,288.0441771000005,None,30,0,2,1,7,288.0441771000005,None,292.2272195000005,None,,,,,,,,,,,,,,,,,,,,,,,,,,,,,,,,,,,,,Sub045,001,2022_Sep_26_1459,1trainingbehavior_beforeMRI,2021.2.3,59.92882852330822,
20,0,,,,,,,,0,44,44,22,,,,,,,,,,,,,,,,,,,,,,,,,,,,,,,,,,,,,,,,,,,,,space,4.19538669999929,292.7278803999998,None,20,0,-12,0,7,292.7278803999998,None,296.9456628000007,None,,,,,,,,,,,,,,,,,,,,,,,,,,,,,,,,,,,,,Sub045,001,2022_Sep_26_1459,1trainingbehavior_beforeMRI,2021.2.3,59.92882852330822,
30,1,,,,,,,,0,45,45,53,,,,,,,,,,,,,,,,,,,,,,,,,,,,,,,,,,,,,,,,,,,,,space,5.3592085000000225,297.46071330000086,None,30,1,-2,1,7,297.46071330000086,None,302.84408860000076,None,,,,,,,,,,,,,,,,,,,,,,,,,,,,,,,,,,,,,Sub045,001,2022_Sep_26_1459,1trainingbehavior_beforeMRI,2021.2.3,59.92882852330822,
10,0,,,,,,,,0,46,46,4,,,,,,,,,,,,,,,,,,,,,,,,,,,,,,,,,,,,,,,,,,,,,space,4.219088699999702,303.344978000001,None,10,0,-26,0,7,303.344978000001,None,307.594669600001,None,,,,,,,,,,,,,,,,,,,,,,,,,,,,,,,,,,,,,Sub045,001,2022_Sep_26_1459,1trainingbehavior_beforeMRI,2021.2.3,59.92882852330822,
20,1,,,,,,,,0,47,47,35,,,,,,,,,,,,,,,,,,,,,,,,,,,,,,,,,,,,,,,,,,,,,space,2.9537737000009656,308.0947978000004,None,20,1,-2,1,7,308.0947978000004,None,311.0782070000005,None,,,,,,,,,,,,,,,,,,,,,,,,,,,,,,,,,,,,,Sub045,001,2022_Sep_26_1459,1trainingbehavior_beforeMRI,2021.2.3,59.92882852330822,
20,0,,,,,,,,0,48,48,27,,,,,,,,,,,,,,,,,,,,,,,,,,,,,,,,,,,,,,,,,,,,,space,1.805169900000692,311.5784388000011,None,20,0,-19,0,7,311.5784388000011,None,313.4117505000013,None,,,,,,,,,,,,,,,,,,,,,,,,,,,,,,,,,,,,,Sub045,001,2022_Sep_26_1459,1trainingbehavior_beforeMRI,2021.2.3,59.92882852330822,
30,1,,,,,,,,0,49,49,54,,,,,,,,,,,,,,,,,,,,,,,,,,,,,,,,,,,,,,,,,,,,,space,2.975325299999895,313.91177720000087,None,30,1,-9,1,7,313.91177720000087,None,316.9116595000014,None,,,,,,,,,,,,,,,,,,,,,,,,,,,,,,,,,,,,,Sub045,001,2022_Sep_26_1459,1trainingbehavior_beforeMRI,2021.2.3,59.92882852330822,
10,1,,,,,,,,0,50,50,15,,,,,,,,,,,,,,,,,,,,,,,,,,,,,,,,,,,,,,,,,,,,,space,3.0615763000005245,317.4120674000005,None,10,1,-44,0,7,317.4120674000005,None,320.49510230000124,None,,,,,,,,,,,,,,,,,,,,,,,,,,,,,,,,,,,,,Sub045,001,2022_Sep_26_1459,1trainingbehavior_beforeMRI,2021.2.3,59.92882852330822,
10,0,,,,,,,,0,51,51,0,,,,,,,,,,,,,,,,,,,,,,,,,,,,,,,,,,,,,,,,,,,,,space,1.8150957000016206,320.9953182999998,None,10,0,-19,0,7,320.9953182999998,None,322.8286536000014,None,,,,,,,,,,,,,,,,,,,,,,,,,,,,,,,,,,,,,Sub045,001,2022_Sep_26_1459,1trainingbehavior_beforeMRI,2021.2.3,59.92882852330822,
20,0,,,,,,,,0,52,52,25,,,,,,,,,,,,,,,,,,,,,,,,,,,,,,,,,,,,,,,,,,,,,space,1.7995069999997213,323.32865160000074,None,20,0,-12,0,7,323.32865160000074,None,325.1454528000013,None,,,,,,,,,,,,,,,,,,,,,,,,,,,,,,,,,,,,,Sub045,001,2022_Sep_26_1459,1trainingbehavior_beforeMRI,2021.2.3,59.92882852330822,
20,0,,,,,,,,0,53,53,23,,,,,,,,,,,,,,,,,,,,,,,,,,,,,,,,,,,,,,,,,,,,,space,1.7674250999989454,325.6456797999999,None,20,0,2,1,7,325.6456797999999,None,327.4285314000008,None,,,,,,,,,,,,,,,,,,,,,,,,,,,,,,,,,,,,,Sub045,001,2022_Sep_26_1459,1trainingbehavior_beforeMRI,2021.2.3,59.92882852330822,
20,1,,,,,,,,0,54,54,34,,,,,,,,,,,,,,,,,,,,,,,,,,,,,,,,,,,,,,,,,,,,,space,2.984281999999439,327.9290551000013,None,20,1,-9,1,7,327.9290551000013,None,330.9292542000003,None,,,,,,,,,,,,,,,,,,,,,,,,,,,,,,,,,,,,,Sub045,001,2022_Sep_26_1459,1trainingbehavior_beforeMRI,2021.2.3,59.92882852330822,
20,0,,,,,,,,0,55,55,24,,,,,,,,,,,,,,,,,,,,,,,,,,,,,,,,,,,,,,,,,,,,,space,1.8371795000002749,331.4290422000013,None,20,0,-33,0,7,331.4290422000013,None,333.29555530000107,None,,,,,,,,,,,,,,,,,,,,,,,,,,,,,,,,,,,,,Sub045,001,2022_Sep_26_1459,1trainingbehavior_beforeMRI,2021.2.3,59.92882852330822,
30,1,,,,,,,,0,56,56,57,,,,,,,,,,,,,,,,,,,,,,,,,,,,,,,,,,,,,,,,,,,,,space,2.9804789000008896,333.79612910000105,None,30,1,-9,1,7,333.79612910000105,None,336.79557750000095,None,,,,,,,,,,,,,,,,,,,,,,,,,,,,,,,,,,,,,Sub045,001,2022_Sep_26_1459,1trainingbehavior_beforeMRI,2021.2.3,59.92882852330822,
30,0,,,,,,,,0,57,57,46,,,,,,,,,,,,,,,,,,,,,,,,,,,,,,,,,,,,,,,,,,,,,space,1.8012920000001031,337.2958225000002,None,30,0,-12,1,7,337.2958225000002,None,339.1128841999998,None,,,,,,,,,,,,,,,,,,,,,,,,,,,,,,,,,,,,,Sub045,001,2022_Sep_26_1459,1trainingbehavior_beforeMRI,2021.2.3,59.92882852330822,
10,1,,,,,,,,0,58,58,16,,,,,,,,,,,,,,,,,,,,,,,,,,,,,,,,,,,,,,,,,,,,,space,2.9739560000016354,339.6128824000007,None,10,1,-9,0,7,339.6128824000007,None,342.6125284999998,None,,,,,,,,,,,,,,,,,,,,,,,,,,,,,,,,,,,,,Sub045,001,2022_Sep_26_1459,1trainingbehavior_beforeMRI,2021.2.3,59.92882852330822,
20,1,,,,,,,,0,59,59,30,,,,,,,,,,,,,,,,,,,,,,,,,,,,,,,,,,,,,,,,,,,,,space,2.9326755000001867,343.1128382000006,None,20,1,12,0,7,343.1128382000006,None,346.06275020000066,None,,,,,,,,,,,,,,,,,,,,,,,,,,,,,,,,,,,,,Sub045,001,2022_Sep_26_1459,1trainingbehavior_beforeMRI,2021.2.3,59.92882852330822,
,,,,,,,,,,,,,0,0,0,0,,,,,,,,,,,,,,,,,,,,,,,,,,,,,,,,,,,,,,,,,,,,,,,,,,,,,,346.5629329000003,None,32.23117883182197,16.32831519620101,43.47986024412784,82.61495758172609,[16.3283152  43.47986024 82.61495758],,,,,,,,,,,,,,,,,,,,,,,,,,,,,,Sub045,001,2022_Sep_26_1459,1trainingbehavior_beforeMRI,2021.2.3,59.92882852330822,
10,,,,,,,,,,,,,,,,,0,0,0,0,,,,,0,0,0,0,,,,,,,,,,,,,,,,,,,,,,,,,,,,,,,,,,,,,,,,,,,,,,,,,360.2622583000011,None,None,None,360.2622583000011,None,5,22.346203799999785,360.2622583000011,None,,,,,,,,,,,,,,,,,,,,Sub045,001,2022_Sep_26_1459,1trainingbehavior_beforeMRI,2021.2.3,59.92882852330822,
10,,,,,,,,,,,,,,,,,0,0,0,0,,,,,,,,,,,,,,,,,,,,,,,,,,,,,,,,,,,,,,,,,,,,,,,,,,,,,,,,,,,,,,,,,,,,,,,,,,,,,,,,,,,,,,Sub045,001,2022_Sep_26_1459,1trainingbehavior_beforeMRI,2021.2.3,59.92882852330822,
20,,,,,,,,,,,,,,,,,0,1,1,1,,,,,0,0,0,0,,,,,,,,,,,,,,,,,,,,,,,,,,,,,,,,,,,,,,,,,,,,,,,,,382.6327505999998,None,None,None,382.6327505999998,None,3,6.619511499999135,382.6327505999998,None,,,,,,,,,,,,,,,,,,,,Sub045,001,2022_Sep_26_1459,1trainingbehavior_beforeMRI,2021.2.3,59.92882852330822,
20,,,,,,,,,,,,,,,,,0,1,1,1,,,,,,,,,,,,,,,,,,,,,,,,,,,,,,,,,,,,,,,,,,,,,,,,,,,,,,,,,,,,,,,,,,,,,,,,,,,,,,,,,,,,,,Sub045,001,2022_Sep_26_1459,1trainingbehavior_beforeMRI,2021.2.3,59.92882852330822,
30,,,,,,,,,,,,,,,,,0,2,2,2,,,,,0,0,0,0,,,,,,,,,,,,,,,,,,,,,,,,,,,,,,,,,,,,,,,,,,,,,,,,,389.2823967000004,None,None,None,389.2823967000004,None,2,2.766530700000658,389.2823967000004,None,,,,,,,,,,,,,,,,,,,,Sub045,001,2022_Sep_26_1459,1trainingbehavior_beforeMRI,2021.2.3,59.92882852330822,
30,,,,,,,,,,,,,,,,,0,2,2,2,,,,,,,,,,,,,,,,,,,,,,,,,,,,,,,,,,,,,,,,,,,,,,,,,,,,,,,,,,,,,,,,,,,,,,,,,,,,,,,,,,,,,,Sub045,001,2022_Sep_26_1459,1trainingbehavior_beforeMRI,2021.2.3,59.92882852330822,
,,Card_50.xlsx,50,0,,,,,,,,,,,,,,,,,,,,,,,,,,,,,0,0,0,0,0,0,0,1,0,0,0,4,,,,,,,,,,,,,,,,,,,,,,,,,,,,,,,,,,,,,,,,,,,392.06451519999973,None,396.0478469000009,None,437.24959149999995,None,50,0,,,,,,,,,,,,Sub045,001,2022_Sep_26_1459,1trainingbehavior_beforeMRI,2021.2.3,59.92882852330822,
,,Card_50.xlsx,50,0,,,,,,,,,,,,,,,,,,,,,,,,,,,,,0,0,0,0,0,0,0,1,0,1,1,2,,,,,,,,,,,,,,,,,,,,,,,,,,,,,,,,,,,,,,,,,,,,,,,,,50,0,,,,,,,,,,,,Sub045,001,2022_Sep_26_1459,1trainingbehavior_beforeMRI,2021.2.3,59.92882852330822,
,,Card_50.xlsx,50,1,,,,,,,,,,,,,,,,,,,,,,,,,,,,,0,0,0,0,0,0,0,1,0,2,2,9,,,,,,,,,,,,,,,,,,,,,,,,,,,,,,,,,,,,,,,,,,,,,,,,,50,1,,,,,,,,,,,,Sub045,001,2022_Sep_26_1459,1trainingbehavior_beforeMRI,2021.2.3,59.92882852330822,
,,Card_50.xlsx,50,0,,,,,,,,,,,,,,,,,,,,,,,,,,,,,0,0,0,0,0,0,0,1,0,3,3,3,,,,,,,,,,,,,,,,,,,,,,,,,,,,,,,,,,,,,,,,,,,,,,,,,50,0,,,,,,,,,,,,Sub045,001,2022_Sep_26_1459,1trainingbehavior_beforeMRI,2021.2.3,59.92882852330822,
,,Card_50.xlsx,50,0,,,,,,,,,,,,,,,,,,,,,,,,,,,,,0,0,0,0,0,0,0,1,0,4,4,1,,,,,,,,,,,,,,,,,,,,,,,,,,,,,,,,,,,,,,,,,,,,,,,,,50,0,,,,,,,,,,,,Sub045,001,2022_Sep_26_1459,1trainingbehavior_beforeMRI,2021.2.3,59.92882852330822,
,,Card_50.xlsx,50,1,,,,,,,,,,,,,,,,,,,,,,,,,,,,,0,0,0,0,0,0,0,1,0,5,5,7,,,,,,,,,,,,,,,,,,,,,,,,,,,,,,,,,,,,,,,,,,,,,,,,,50,1,,,,,,,,,,,,Sub045,001,2022_Sep_26_1459,1trainingbehavior_beforeMRI,2021.2.3,59.92882852330822,
,,Card_50.xlsx,50,1,,,,,,,,,,,,,,,,,,,,,,,,,,,,,0,0,0,0,0,0,0,1,0,6,6,5,,,,,,,,,,,,,,,,,,,,,,,,,,,,,,,,,,,,,,,,,,,,,,,,,50,1,,,,,,,,,,,,Sub045,001,2022_Sep_26_1459,1trainingbehavior_beforeMRI,2021.2.3,59.92882852330822,
,,Card_50.xlsx,50,1,,,,,,,,,,,,,,,,,,,,,,,,,,,,,0,0,0,0,0,0,0,1,0,7,7,8,,,,,,,,,,,,,,,,,,,,,,,,,,,,,,,,,,,,,,,,,,,,,,,,,50,1,,,,,,,,,,,,Sub045,001,2022_Sep_26_1459,1trainingbehavior_beforeMRI,2021.2.3,59.92882852330822,
,,Card_50.xlsx,50,1,,,,,,,,,,,,,,,,,,,,,,,,,,,,,0,0,0,0,0,0,0,1,0,8,8,6,,,,,,,,,,,,,,,,,,,,,,,,,,,,,,,,,,,,,,,,,,,,,,,,,50,1,,,,,,,,,,,,Sub045,001,2022_Sep_26_1459,1trainingbehavior_beforeMRI,2021.2.3,59.92882852330822,
,,Card_50.xlsx,50,0,,,,,,,,,,,,,,,,,,,,,,,,,,,,,0,0,0,0,0,0,0,1,0,9,9,0,,,,,,,,,,,,,,,,,,,,,,,,,,,,,,,,,,,,,,,,,,,,,,,,,50,0,,,,,,,,,,,,Sub045,001,2022_Sep_26_1459,1trainingbehavior_beforeMRI,2021.2.3,59.92882852330822,
,,Card_50.xlsx,,,,,,,,,,,,,,,,,,,,,,,,,,,,,,,0,0,0,0,0,0,0,1,,,,,,,,,0,0,0,0,,,,,,,,,,,,,,,,,,,,,,,,,,,,,,,,,,,,,,,,,,,50,None,None,510.690155100001,None,6,119.27558930000123,510.690155100001,None,,,Sub045,001,2022_Sep_26_1459,1trainingbehavior_beforeMRI,2021.2.3,59.92882852330822,
,,Card_50.xlsx,,,,,,,,,,,,,,,,,,,,,,,,,,,,,,,0,0,0,0,0,0,0,1,,,,,,,,,,,,,,,,,,,,,,,,,,,,,,,,,,,,,,,,,,,,,,,,,,,,,,,,,,,,,,,,,,Sub045,001,2022_Sep_26_1459,1trainingbehavior_beforeMRI,2021.2.3,59.92882852330822,
,,Card_80.xlsx,80,0,,,,,,,,,,,,,,,,,,,,,,,,,,,,,0,0,0,0,0,1,1,2,0,0,0,1,,,,,,,,,,,,,,,,,,,,,,,,,,,,,,,,,,,,,,,,,,,,,,,,,80,0,,,,,,,,,,,,Sub045,001,2022_Sep_26_1459,1trainingbehavior_beforeMRI,2021.2.3,59.92882852330822,
,,Card_80.xlsx,80,1,,,,,,,,,,,,,,,,,,,,,,,,,,,,,0,0,0,0,0,1,1,2,0,1,1,9,,,,,,,,,,,,,,,,,,,,,,,,,,,,,,,,,,,,,,,,,,,,,,,,,80,1,,,,,,,,,,,,Sub045,001,2022_Sep_26_1459,1trainingbehavior_beforeMRI,2021.2.3,59.92882852330822,
,,Card_80.xlsx,80,1,,,,,,,,,,,,,,,,,,,,,,,,,,,,,0,0,0,0,0,1,1,2,0,2,2,3,,,,,,,,,,,,,,,,,,,,,,,,,,,,,,,,,,,,,,,,,,,,,,,,,80,1,,,,,,,,,,,,Sub045,001,2022_Sep_26_1459,1trainingbehavior_beforeMRI,2021.2.3,59.92882852330822,
,,Card_80.xlsx,80,1,,,,,,,,,,,,,,,,,,,,,,,,,,,,,0,0,0,0,0,1,1,2,0,3,3,2,,,,,,,,,,,,,,,,,,,,,,,,,,,,,,,,,,,,,,,,,,,,,,,,,80,1,,,,,,,,,,,,Sub045,001,2022_Sep_26_1459,1trainingbehavior_beforeMRI,2021.2.3,59.92882852330822,
,,Card_80.xlsx,80,1,,,,,,,,,,,,,,,,,,,,,,,,,,,,,0,0,0,0,0,1,1,2,0,4,4,4,,,,,,,,,,,,,,,,,,,,,,,,,,,,,,,,,,,,,,,,,,,,,,,,,80,1,,,,,,,,,,,,Sub045,001,2022_Sep_26_1459,1trainingbehavior_beforeMRI,2021.2.3,59.92882852330822,
,,Card_80.xlsx,80,1,,,,,,,,,,,,,,,,,,,,,,,,,,,,,0,0,0,0,0,1,1,2,0,5,5,6,,,,,,,,,,,,,,,,,,,,,,,,,,,,,,,,,,,,,,,,,,,,,,,,,80,1,,,,,,,,,,,,Sub045,001,2022_Sep_26_1459,1trainingbehavior_beforeMRI,2021.2.3,59.92882852330822,
,,Card_80.xlsx,80,0,,,,,,,,,,,,,,,,,,,,,,,,,,,,,0,0,0,0,0,1,1,2,0,6,6,0,,,,,,,,,,,,,,,,,,,,,,,,,,,,,,,,,,,,,,,,,,,,,,,,,80,0,,,,,,,,,,,,Sub045,001,2022_Sep_26_1459,1trainingbehavior_beforeMRI,2021.2.3,59.92882852330822,
,,Card_80.xlsx,80,1,,,,,,,,,,,,,,,,,,,,,,,,,,,,,0,0,0,0,0,1,1,2,0,7,7,7,,,,,,,,,,,,,,,,,,,,,,,,,,,,,,,,,,,,,,,,,,,,,,,,,80,1,,,,,,,,,,,,Sub045,001,2022_Sep_26_1459,1trainingbehavior_beforeMRI,2021.2.3,59.92882852330822,
,,Card_80.xlsx,80,1,,,,,,,,,,,,,,,,,,,,,,,,,,,,,0,0,0,0,0,1,1,2,0,8,8,8,,,,,,,,,,,,,,,,,,,,,,,,,,,,,,,,,,,,,,,,,,,,,,,,,80,1,,,,,,,,,,,,Sub045,001,2022_Sep_26_1459,1trainingbehavior_beforeMRI,2021.2.3,59.92882852330822,
,,Card_80.xlsx,80,1,,,,,,,,,,,,,,,,,,,,,,,,,,,,,0,0,0,0,0,1,1,2,0,9,9,5,,,,,,,,,,,,,,,,,,,,,,,,,,,,,,,,,,,,,,,,,,,,,,,,,80,1,,,,,,,,,,,,Sub045,001,2022_Sep_26_1459,1trainingbehavior_beforeMRI,2021.2.3,59.92882852330822,
,,Card_80.xlsx,,,,,,,,,,,,,,,,,,,,,,,,,,,,,,,0,0,0,0,0,1,1,2,,,,,,,,,0,0,0,0,,,,,,,,,,,,,,,,,,,,,,,,,,,,,,,,,,,,,,,,,,,80,None,None,665.0107559999997,None,1,10.405908799999452,665.0107559999997,None,,,Sub045,001,2022_Sep_26_1459,1trainingbehavior_beforeMRI,2021.2.3,59.92882852330822,
,,Card_80.xlsx,,,,,,,,,,,,,,,,,,,,,,,,,,,,,,,0,0,0,0,0,1,1,2,,,,,,,,,,,,,,,,,,,,,,,,,,,,,,,,,,,,,,,,,,,,,,,,,,,,,,,,,,,,,,,,,,Sub045,001,2022_Sep_26_1459,1trainingbehavior_beforeMRI,2021.2.3,59.92882852330822,
,,Card_20.xlsx,20,0,,,,,,,,,,,,,,,,,,,,,,,,,,,,,0,0,0,0,0,2,2,0,0,0,0,4,,,,,,,,,,,,,,,,,,,,,,,,,,,,,,,,,,,,,,,,,,,,,,,,,20,0,,,,,,,,,,,,Sub045,001,2022_Sep_26_1459,1trainingbehavior_beforeMRI,2021.2.3,59.92882852330822,
,,Card_20.xlsx,20,0,,,,,,,,,,,,,,,,,,,,,,,,,,,,,0,0,0,0,0,2,2,0,0,1,1,5,,,,,,,,,,,,,,,,,,,,,,,,,,,,,,,,,,,,,,,,,,,,,,,,,20,0,,,,,,,,,,,,Sub045,001,2022_Sep_26_1459,1trainingbehavior_beforeMRI,2021.2.3,59.92882852330822,
,,Card_20.xlsx,20,0,,,,,,,,,,,,,,,,,,,,,,,,,,,,,0,0,0,0,0,2,2,0,0,2,2,6,,,,,,,,,,,,,,,,,,,,,,,,,,,,,,,,,,,,,,,,,,,,,,,,,20,0,,,,,,,,,,,,Sub045,001,2022_Sep_26_1459,1trainingbehavior_beforeMRI,2021.2.3,59.92882852330822,
,,Card_20.xlsx,20,0,,,,,,,,,,,,,,,,,,,,,,,,,,,,,0,0,0,0,0,2,2,0,0,3,3,1,,,,,,,,,,,,,,,,,,,,,,,,,,,,,,,,,,,,,,,,,,,,,,,,,20,0,,,,,,,,,,,,Sub045,001,2022_Sep_26_1459,1trainingbehavior_beforeMRI,2021.2.3,59.92882852330822,
,,Card_20.xlsx,20,0,,,,,,,,,,,,,,,,,,,,,,,,,,,,,0,0,0,0,0,2,2,0,0,4,4,3,,,,,,,,,,,,,,,,,,,,,,,,,,,,,,,,,,,,,,,,,,,,,,,,,20,0,,,,,,,,,,,,Sub045,001,2022_Sep_26_1459,1trainingbehavior_beforeMRI,2021.2.3,59.92882852330822,
,,Card_20.xlsx,20,0,,,,,,,,,,,,,,,,,,,,,,,,,,,,,0,0,0,0,0,2,2,0,0,5,5,2,,,,,,,,,,,,,,,,,,,,,,,,,,,,,,,,,,,,,,,,,,,,,,,,,20,0,,,,,,,,,,,,Sub045,001,2022_Sep_26_1459,1trainingbehavior_beforeMRI,2021.2.3,59.92882852330822,
,,Card_20.xlsx,20,1,,,,,,,,,,,,,,,,,,,,,,,,,,,,,0,0,0,0,0,2,2,0,0,6,6,9,,,,,,,,,,,,,,,,,,,,,,,,,,,,,,,,,,,,,,,,,,,,,,,,,20,1,,,,,,,,,,,,Sub045,001,2022_Sep_26_1459,1trainingbehavior_beforeMRI,2021.2.3,59.92882852330822,
,,Card_20.xlsx,20,1,,,,,,,,,,,,,,,,,,,,,,,,,,,,,0,0,0,0,0,2,2,0,0,7,7,8,,,,,,,,,,,,,,,,,,,,,,,,,,,,,,,,,,,,,,,,,,,,,,,,,20,1,,,,,,,,,,,,Sub045,001,2022_Sep_26_1459,1trainingbehavior_beforeMRI,2021.2.3,59.92882852330822,
,,Card_20.xlsx,20,0,,,,,,,,,,,,,,,,,,,,,,,,,,,,,0,0,0,0,0,2,2,0,0,8,8,7,,,,,,,,,,,,,,,,,,,,,,,,,,,,,,,,,,,,,,,,,,,,,,,,,20,0,,,,,,,,,,,,Sub045,001,2022_Sep_26_1459,1trainingbehavior_beforeMRI,2021.2.3,59.92882852330822,
,,Card_20.xlsx,20,0,,,,,,,,,,,,,,,,,,,,,,,,,,,,,0,0,0,0,0,2,2,0,0,9,9,0,,,,,,,,,,,,,,,,,,,,,,,,,,,,,,,,,,,,,,,,,,,,,,,,,20,0,,,,,,,,,,,,Sub045,001,2022_Sep_26_1459,1trainingbehavior_beforeMRI,2021.2.3,59.92882852330822,
,,Card_20.xlsx,,,,,,,,,,,,,,,,,,,,,,,,,,,,,,,0,0,0,0,0,2,2,0,,,,,,,,,0,0,0,0,,,,,,,,,,,,,,,,,,,,,,,,,,,,,,,,,,,,,,,,,,,20,None,None,710.4443776999997,None,7,6.399036700000579,710.4443776999997,None,,,Sub045,001,2022_Sep_26_1459,1trainingbehavior_beforeMRI,2021.2.3,59.92882852330822,
,,Card_20.xlsx,,,,,,,,,,,,,,,,,,,,,,,,,,,,,,,0,0,0,0,0,2,2,0,,,,,,,,,,,,,,,,,,,,,,,,,,,,,,,,,,,,,,,,,,,,,,,,,,,,,,,,,,,,,,,,,,Sub045,001,2022_Sep_26_1459,1trainingbehavior_beforeMRI,2021.2.3,59.92882852330822,
,,,,,,,,,,,,,,,,,,,,,,,,,,,,,,,,,0,0,0,0,,,,,,,,,,,,,,,,,,,,,,,,,,,,,,,,,,,,,,,,,,,,,,,,,,,,,,,,,,,,,,,,,,,,716.8595476999999,None,Sub045,001,2022_Sep_26_1459,1trainingbehavior_beforeMRI,2021.2.3,59.92882852330822,
