﻿Target_Size,start_position,Run_Files,current_card_prob,current_WinLoss,start.thisRepN,start.thisTrialN,start.thisN,start.thisIndex,trials.thisRepN,trials.thisTrialN,trials.thisN,trials.thisIndex,Indi_Info.thisRepN,Indi_Info.thisTrialN,Indi_Info.thisN,Indi_Info.thisIndex,trials_bar_Q.thisRepN,trials_bar_Q.thisTrialN,trials_bar_Q.thisN,trials_bar_Q.thisIndex,Confi_bar_L.thisRepN,Confi_bar_L.thisTrialN,Confi_bar_L.thisN,Confi_bar_L.thisIndex,Confi_bar_R.thisRepN,Confi_bar_R.thisTrialN,Confi_bar_R.thisN,Confi_bar_R.thisIndex,StopGame.thisRepN,StopGame.thisTrialN,StopGame.thisN,StopGame.thisIndex,ContinuePlay.thisRepN,ContinuePlay.thisTrialN,ContinuePlay.thisN,ContinuePlay.thisIndex,Run_card.thisRepN,Run_card.thisTrialN,Run_card.thisN,Run_card.thisIndex,trials_card.thisRepN,trials_card.thisTrialN,trials_card.thisN,trials_card.thisIndex,Qlikely_card_L.thisRepN,Qlikely_card_L.thisTrialN,Qlikely_card_L.thisN,Qlikely_card_L.thisIndex,Qlikely_card_R.thisRepN,Qlikely_card_R.thisTrialN,Qlikely_card_R.thisN,Qlikely_card_R.thisIndex,run_L,run_R,instr.started,instr.stopped,key_resp_bar.keys,key_resp_bar.rt,key_resp_bar.started,key_resp_bar.stopped,Current_Target_Size,Start_position,key_resp_bar.position,key_resp_bar.hit,trial_speed,center.started,center.stopped,center2.started,center2.stopped,instr_4.started,instr_4.stopped,sigma_indi,targetSize_20,targetSize_50,targetSize_80,targetSize_indi,center_11.started,center_11.stopped,Slider_LikelyBar_R.response,Slider_LikelyBar_R.rt,Slider_LikelyBar_R.started,Slider_LikelyBar_R.stopped,key_resp_LikeQ_bar_R.keys,key_resp_LikeQ_bar_R.rt,key_resp_LikeQ_bar_R.started,key_resp_LikeQ_bar_R.stopped,bar_final_text.started,bar_final_text.stopped,card_instr_text.started,card_instr_text.stopped,instr_5.started,instr_5.stopped,current_card_prob,current_WinLoss,Q_card_prob,Slider_LikelyCard_R.response,Slider_LikelyCard_R.rt,Slider_LikelyCard_R.started,Slider_LikelyCard_R.stopped,key_resp_LikeQ_card_R.keys,key_resp_LikeQ_card_R.rt,key_resp_LikeQ_card_R.started,key_resp_LikeQ_card_R.stopped,bar_final_text_2.started,bar_final_text_2.stopped,participant,session,date,expName,psychopyVersion,frameRate,
,,,,,0,0,0,0,,,,,,,,,,,,,,,,,,,,,,,,,,,,,,,,,,,,,,,,,,,,,0,1,14.910766700282693,None,,,,,,,,,,,,,,,,,,,,,,,,,,,,,,,,,,,,,,,,,,,,,,,,,,Sub012,001,2022_May_20_1430,1trainingbehavior_beforeMRI,2021.2.3,59.959766927365806,
10,0,,,,,,,,0,0,0,9,,,,,,,,,,,,,,,,,,,,,,,,,,,,,,,,,,,,,,,,,,,,,space,3.0136021999642253,100.7161132004112,None,10,0,23,0,7,100.7161132004112,None,103.75414580013603,None,,,,,,,,,,,,,,,,,,,,,,,,,,,,,,,,,,,,,Sub012,001,2022_May_20_1430,1trainingbehavior_beforeMRI,2021.2.3,59.959766927365806,
10,0,,,,,,,,0,1,1,3,,,,,,,,,,,,,,,,,,,,,,,,,,,,,,,,,,,,,,,,,,,,,space,2.9924210999161005,104.26438560057431,None,10,0,16,0,7,104.26438560057431,None,107.28126980084926,None,,,,,,,,,,,,,,,,,,,,,,,,,,,,,,,,,,,,,Sub012,001,2022_May_20_1430,1trainingbehavior_beforeMRI,2021.2.3,59.959766927365806,
20,1,,,,,,,,0,2,2,30,,,,,,,,,,,,,,,,,,,,,,,,,,,,,,,,,,,,,,,,,,,,,space,1.7957482999190688,107.78102080058306,None,20,1,12,0,7,107.78102080058306,None,109.59790620021522,None,,,,,,,,,,,,,,,,,,,,,,,,,,,,,,,,,,,,,Sub012,001,2022_May_20_1430,1trainingbehavior_beforeMRI,2021.2.3,59.959766927365806,
10,1,,,,,,,,0,3,3,10,,,,,,,,,,,,,,,,,,,,,,,,,,,,,,,,,,,,,,,,,,,,,space,2.9927072999998927,110.098074500449,None,10,1,-16,0,7,110.098074500449,None,113.11424910090864,None,,,,,,,,,,,,,,,,,,,,,,,,,,,,,,,,,,,,,Sub012,001,2022_May_20_1430,1trainingbehavior_beforeMRI,2021.2.3,59.959766927365806,
10,0,,,,,,,,0,4,4,0,,,,,,,,,,,,,,,,,,,,,,,,,,,,,,,,,,,,,,,,,,,,,space,0.4864769000560045,113.61495420057327,None,10,0,-26,0,7,113.61495420057327,None,114.13145110011101,None,,,,,,,,,,,,,,,,,,,,,,,,,,,,,,,,,,,,,Sub012,001,2022_May_20_1430,1trainingbehavior_beforeMRI,2021.2.3,59.959766927365806,
20,1,,,,,,,,0,5,5,34,,,,,,,,,,,,,,,,,,,,,,,,,,,,,,,,,,,,,,,,,,,,,space,1.805880700238049,114.63153800088912,None,20,1,19,0,7,114.63153800088912,None,116.46451450046152,None,,,,,,,,,,,,,,,,,,,,,,,,,,,,,,,,,,,,,Sub012,001,2022_May_20_1430,1trainingbehavior_beforeMRI,2021.2.3,59.959766927365806,
20,0,,,,,,,,0,6,6,28,,,,,,,,,,,,,,,,,,,,,,,,,,,,,,,,,,,,,,,,,,,,,space,3.042693699710071,116.96482730004936,None,20,0,37,0,7,116.96482730004936,None,120.03135620057583,None,,,,,,,,,,,,,,,,,,,,,,,,,,,,,,,,,,,,,Sub012,001,2022_May_20_1430,1trainingbehavior_beforeMRI,2021.2.3,59.959766927365806,
20,0,,,,,,,,0,7,7,27,,,,,,,,,,,,,,,,,,,,,,,,,,,,,,,,,,,,,,,,,,,,,space,3.0113677997142076,120.53161440044641,None,20,0,23,0,7,120.53161440044641,None,123.56520140077919,None,,,,,,,,,,,,,,,,,,,,,,,,,,,,,,,,,,,,,Sub012,001,2022_May_20_1430,1trainingbehavior_beforeMRI,2021.2.3,59.959766927365806,
10,1,,,,,,,,0,8,8,13,,,,,,,,,,,,,,,,,,,,,,,,,,,,,,,,,,,,,,,,,,,,,space,1.8215479999780655,124.06531320046633,None,10,1,26,0,7,124.06531320046633,None,125.91507280059159,None,,,,,,,,,,,,,,,,,,,,,,,,,,,,,,,,,,,,,Sub012,001,2022_May_20_1430,1trainingbehavior_beforeMRI,2021.2.3,59.959766927365806,
10,1,,,,,,,,0,9,9,19,,,,,,,,,,,,,,,,,,,,,,,,,,,,,,,,,,,,,,,,,,,,,space,6.600376200862229,126.4154903003946,None,10,1,12,0,7,126.4154903003946,None,133.03194080013782,None,,,,,,,,,,,,,,,,,,,,,,,,,,,,,,,,,,,,,Sub012,001,2022_May_20_1430,1trainingbehavior_beforeMRI,2021.2.3,59.959766927365806,
20,1,,,,,,,,0,10,10,38,,,,,,,,,,,,,,,,,,,,,,,,,,,,,,,,,,,,,,,,,,,,,space,1.7814888004213572,133.53211940079927,None,20,1,5,1,7,133.53211940079927,None,135.33393860049546,None,,,,,,,,,,,,,,,,,,,,,,,,,,,,,,,,,,,,,Sub012,001,2022_May_20_1430,1trainingbehavior_beforeMRI,2021.2.3,59.959766927365806,
30,1,,,,,,,,0,11,11,55,,,,,,,,,,,,,,,,,,,,,,,,,,,,,,,,,,,,,,,,,,,,,space,1.8056859001517296,135.84885940048844,None,30,1,19,0,7,135.84885940048844,None,137.68290230073035,None,,,,,,,,,,,,,,,,,,,,,,,,,,,,,,,,,,,,,Sub012,001,2022_May_20_1430,1trainingbehavior_beforeMRI,2021.2.3,59.959766927365806,
10,0,,,,,,,,0,12,12,2,,,,,,,,,,,,,,,,,,,,,,,,,,,,,,,,,,,,,,,,,,,,,space,3.0364667996764183,138.18204490002245,None,10,0,37,0,7,138.18204490002245,None,141.24886050075293,None,,,,,,,,,,,,,,,,,,,,,,,,,,,,,,,,,,,,,Sub012,001,2022_May_20_1430,1trainingbehavior_beforeMRI,2021.2.3,59.959766927365806,
20,0,,,,,,,,0,13,13,26,,,,,,,,,,,,,,,,,,,,,,,,,,,,,,,,,,,,,,,,,,,,,space,3.054814599454403,141.74895580019802,None,20,0,44,0,7,141.74895580019802,None,144.83261390030384,None,,,,,,,,,,,,,,,,,,,,,,,,,,,,,,,,,,,,,Sub012,001,2022_May_20_1430,1trainingbehavior_beforeMRI,2021.2.3,59.959766927365806,
30,0,,,,,,,,0,14,14,41,,,,,,,,,,,,,,,,,,,,,,,,,,,,,,,,,,,,,,,,,,,,,space,2.94769539963454,145.33199380058795,None,30,0,-5,1,7,145.33199380058795,None,148.29943820089102,None,,,,,,,,,,,,,,,,,,,,,,,,,,,,,,,,,,,,,Sub012,001,2022_May_20_1430,1trainingbehavior_beforeMRI,2021.2.3,59.959766927365806,
10,0,,,,,,,,0,15,15,1,,,,,,,,,,,,,,,,,,,,,,,,,,,,,,,,,,,,,,,,,,,,,space,3.0194605998694897,148.7995573002845,None,10,0,30,0,7,148.7995573002845,None,151.84937559999526,None,,,,,,,,,,,,,,,,,,,,,,,,,,,,,,,,,,,,,Sub012,001,2022_May_20_1430,1trainingbehavior_beforeMRI,2021.2.3,59.959766927365806,
10,0,,,,,,,,0,16,16,6,,,,,,,,,,,,,,,,,,,,,,,,,,,,,,,,,,,,,,,,,,,,,space,2.9703971995040774,152.34978450089693,None,10,0,9,0,7,152.34978450089693,None,155.34948990028352,None,,,,,,,,,,,,,,,,,,,,,,,,,,,,,,,,,,,,,Sub012,001,2022_May_20_1430,1trainingbehavior_beforeMRI,2021.2.3,59.959766927365806,
30,0,,,,,,,,0,17,17,48,,,,,,,,,,,,,,,,,,,,,,,,,,,,,,,,,,,,,,,,,,,,,space,1.814019000157714,155.84960020054132,None,30,0,-19,0,7,155.84960020054132,None,157.68314690049738,None,,,,,,,,,,,,,,,,,,,,,,,,,,,,,,,,,,,,,Sub012,001,2022_May_20_1430,1trainingbehavior_beforeMRI,2021.2.3,59.959766927365806,
10,0,,,,,,,,0,18,18,4,,,,,,,,,,,,,,,,,,,,,,,,,,,,,,,,,,,,,,,,,,,,,space,3.0218135993927717,158.18279440049082,None,10,0,30,0,7,158.18279440049082,None,161.2331774001941,None,,,,,,,,,,,,,,,,,,,,,,,,,,,,,,,,,,,,,Sub012,001,2022_May_20_1430,1trainingbehavior_beforeMRI,2021.2.3,59.959766927365806,
30,0,,,,,,,,0,19,19,40,,,,,,,,,,,,,,,,,,,,,,,,,,,,,,,,,,,,,,,,,,,,,space,3.000576799735427,161.73315190058202,None,30,0,16,0,7,161.73315190058202,None,164.74980210047215,None,,,,,,,,,,,,,,,,,,,,,,,,,,,,,,,,,,,,,Sub012,001,2022_May_20_1430,1trainingbehavior_beforeMRI,2021.2.3,59.959766927365806,
10,0,,,,,,,,0,20,20,8,,,,,,,,,,,,,,,,,,,,,,,,,,,,,,,,,,,,,,,,,,,,,space,3.031316699460149,165.25018160045147,None,10,0,30,0,7,165.25018160045147,None,168.29988430067897,None,,,,,,,,,,,,,,,,,,,,,,,,,,,,,,,,,,,,,Sub012,001,2022_May_20_1430,1trainingbehavior_beforeMRI,2021.2.3,59.959766927365806,
10,1,,,,,,,,0,21,21,17,,,,,,,,,,,,,,,,,,,,,,,,,,,,,,,,,,,,,,,,,,,,,space,4.140323399566114,168.80001470074058,None,10,1,-9,0,7,168.80001470074058,None,172.96674280054867,None,,,,,,,,,,,,,,,,,,,,,,,,,,,,,,,,,,,,,Sub012,001,2022_May_20_1430,1trainingbehavior_beforeMRI,2021.2.3,59.959766927365806,
10,1,,,,,,,,0,22,22,12,,,,,,,,,,,,,,,,,,,,,,,,,,,,,,,,,,,,,,,,,,,,,space,1.7800479996949434,173.46694790013134,None,10,1,5,1,7,173.46694790013134,None,175.26707150042057,None,,,,,,,,,,,,,,,,,,,,,,,,,,,,,,,,,,,,,Sub012,001,2022_May_20_1430,1trainingbehavior_beforeMRI,2021.2.3,59.959766927365806,
10,1,,,,,,,,0,23,23,16,,,,,,,,,,,,,,,,,,,,,,,,,,,,,,,,,,,,,,,,,,,,,space,1.8016470996662974,175.76685250084847,None,10,1,12,0,7,175.76685250084847,None,177.58354900032282,None,,,,,,,,,,,,,,,,,,,,,,,,,,,,,,,,,,,,,Sub012,001,2022_May_20_1430,1trainingbehavior_beforeMRI,2021.2.3,59.959766927365806,
30,0,,,,,,,,0,24,24,43,,,,,,,,,,,,,,,,,,,,,,,,,,,,,,,,,,,,,,,,,,,,,space,2.9590483997017145,178.08390420023352,None,30,0,2,1,7,178.08390420023352,None,181.0668647000566,None,,,,,,,,,,,,,,,,,,,,,,,,,,,,,,,,,,,,,Sub012,001,2022_May_20_1430,1trainingbehavior_beforeMRI,2021.2.3,59.959766927365806,
30,1,,,,,,,,0,25,25,53,,,,,,,,,,,,,,,,,,,,,,,,,,,,,,,,,,,,,,,,,,,,,space,1.7735125003382564,181.5671596005559,None,30,1,5,1,7,181.5671596005559,None,183.366986900568,None,,,,,,,,,,,,,,,,,,,,,,,,,,,,,,,,,,,,,Sub012,001,2022_May_20_1430,1trainingbehavior_beforeMRI,2021.2.3,59.959766927365806,
30,0,,,,,,,,0,26,26,44,,,,,,,,,,,,,,,,,,,,,,,,,,,,,,,,,,,,,,,,,,,,,space,3.015617299824953,183.8674135003239,None,30,0,23,0,7,183.8674135003239,None,186.90044210013002,None,,,,,,,,,,,,,,,,,,,,,,,,,,,,,,,,,,,,,Sub012,001,2022_May_20_1430,1trainingbehavior_beforeMRI,2021.2.3,59.959766927365806,
20,0,,,,,,,,0,27,27,22,,,,,,,,,,,,,,,,,,,,,,,,,,,,,,,,,,,,,,,,,,,,,space,2.9951155995950103,187.4008147008717,None,20,0,16,0,7,187.4008147008717,None,190.41757290065289,None,,,,,,,,,,,,,,,,,,,,,,,,,,,,,,,,,,,,,Sub012,001,2022_May_20_1430,1trainingbehavior_beforeMRI,2021.2.3,59.959766927365806,
20,1,,,,,,,,0,28,28,37,,,,,,,,,,,,,,,,,,,,,,,,,,,,,,,,,,,,,,,,,,,,,space,1.7882629996165633,190.91779870074242,None,20,1,12,0,7,190.91779870074242,None,192.734441800043,None,,,,,,,,,,,,,,,,,,,,,,,,,,,,,,,,,,,,,Sub012,001,2022_May_20_1430,1trainingbehavior_beforeMRI,2021.2.3,59.959766927365806,
20,0,,,,,,,,0,29,29,24,,,,,,,,,,,,,,,,,,,,,,,,,,,,,,,,,,,,,,,,,,,,,space,2.9483207995072007,193.23441510088742,None,20,0,-5,1,7,193.23441510088742,None,196.20101250056177,None,,,,,,,,,,,,,,,,,,,,,,,,,,,,,,,,,,,,,Sub012,001,2022_May_20_1430,1trainingbehavior_beforeMRI,2021.2.3,59.959766927365806,
30,0,,,,,,,,0,30,30,42,,,,,,,,,,,,,,,,,,,,,,,,,,,,,,,,,,,,,,,,,,,,,space,3.0420037005096674,196.70116690080613,None,30,0,37,0,7,196.70116690080613,None,199.7677406007424,None,,,,,,,,,,,,,,,,,,,,,,,,,,,,,,,,,,,,,Sub012,001,2022_May_20_1430,1trainingbehavior_beforeMRI,2021.2.3,59.959766927365806,
10,0,,,,,,,,0,31,31,5,,,,,,,,,,,,,,,,,,,,,,,,,,,,,,,,,,,,,,,,,,,,,space,2.943127599544823,200.26822900027037,None,10,0,-5,1,7,200.26822900027037,None,203.2345680007711,None,,,,,,,,,,,,,,,,,,,,,,,,,,,,,,,,,,,,,Sub012,001,2022_May_20_1430,1trainingbehavior_beforeMRI,2021.2.3,59.959766927365806,
30,1,,,,,,,,0,32,32,54,,,,,,,,,,,,,,,,,,,,,,,,,,,,,,,,,,,,,,,,,,,,,space,1.7719608005136251,203.7348944004625,None,30,1,5,1,7,203.7348944004625,None,205.5349368005991,None,,,,,,,,,,,,,,,,,,,,,,,,,,,,,,,,,,,,,Sub012,001,2022_May_20_1430,1trainingbehavior_beforeMRI,2021.2.3,59.959766927365806,
30,0,,,,,,,,0,33,33,45,,,,,,,,,,,,,,,,,,,,,,,,,,,,,,,,,,,,,,,,,,,,,space,3.0222610998898745,206.03449900075793,None,30,0,30,0,7,206.03449900075793,None,209.08532890025526,None,,,,,,,,,,,,,,,,,,,,,,,,,,,,,,,,,,,,,Sub012,001,2022_May_20_1430,1trainingbehavior_beforeMRI,2021.2.3,59.959766927365806,
20,0,,,,,,,,0,34,34,29,,,,,,,,,,,,,,,,,,,,,,,,,,,,,,,,,,,,,,,,,,,,,space,2.93388759996742,209.58516580052674,None,20,0,-12,0,7,209.58516580052674,None,212.53524460084736,None,,,,,,,,,,,,,,,,,,,,,,,,,,,,,,,,,,,,,Sub012,001,2022_May_20_1430,1trainingbehavior_beforeMRI,2021.2.3,59.959766927365806,
30,1,,,,,,,,0,35,35,52,,,,,,,,,,,,,,,,,,,,,,,,,,,,,,,,,,,,,,,,,,,,,space,1.7639685003086925,213.03527960088104,None,30,1,-2,1,7,213.03527960088104,None,214.81813440006226,None,,,,,,,,,,,,,,,,,,,,,,,,,,,,,,,,,,,,,Sub012,001,2022_May_20_1430,1trainingbehavior_beforeMRI,2021.2.3,59.959766927365806,
30,1,,,,,,,,0,36,36,56,,,,,,,,,,,,,,,,,,,,,,,,,,,,,,,,,,,,,,,,,,,,,space,1.7856630999594927,215.31871140003204,None,30,1,12,1,7,215.31871140003204,None,217.13507369998842,None,,,,,,,,,,,,,,,,,,,,,,,,,,,,,,,,,,,,,Sub012,001,2022_May_20_1430,1trainingbehavior_beforeMRI,2021.2.3,59.959766927365806,
30,1,,,,,,,,0,37,37,50,,,,,,,,,,,,,,,,,,,,,,,,,,,,,,,,,,,,,,,,,,,,,space,1.7993888994678855,217.63540470041335,None,30,1,12,1,7,217.63540470041335,None,219.45210590027273,None,,,,,,,,,,,,,,,,,,,,,,,,,,,,,,,,,,,,,Sub012,001,2022_May_20_1430,1trainingbehavior_beforeMRI,2021.2.3,59.959766927365806,
20,1,,,,,,,,0,38,38,39,,,,,,,,,,,,,,,,,,,,,,,,,,,,,,,,,,,,,,,,,,,,,space,1.7502742996439338,219.95188170019537,None,20,1,-9,1,7,219.95188170019537,None,221.7186823002994,None,,,,,,,,,,,,,,,,,,,,,,,,,,,,,,,,,,,,,Sub012,001,2022_May_20_1430,1trainingbehavior_beforeMRI,2021.2.3,59.959766927365806,
20,0,,,,,,,,0,39,39,20,,,,,,,,,,,,,,,,,,,,,,,,,,,,,,,,,,,,,,,,,,,,,space,2.936311900615692,222.2186050005257,None,20,0,-5,1,7,222.2186050005257,None,225.1856225002557,None,,,,,,,,,,,,,,,,,,,,,,,,,,,,,,,,,,,,,Sub012,001,2022_May_20_1430,1trainingbehavior_beforeMRI,2021.2.3,59.959766927365806,
20,1,,,,,,,,0,40,40,35,,,,,,,,,,,,,,,,,,,,,,,,,,,,,,,,,,,,,,,,,,,,,space,1.7449393002316356,225.6854223003611,None,20,1,-9,1,7,225.6854223003611,None,227.4523101001978,None,,,,,,,,,,,,,,,,,,,,,,,,,,,,,,,,,,,,,Sub012,001,2022_May_20_1430,1trainingbehavior_beforeMRI,2021.2.3,59.959766927365806,
20,0,,,,,,,,0,41,41,23,,,,,,,,,,,,,,,,,,,,,,,,,,,,,,,,,,,,,,,,,,,,,space,2.945931099355221,227.95229440089315,None,20,0,-5,1,7,227.95229440089315,None,230.918973300606,None,,,,,,,,,,,,,,,,,,,,,,,,,,,,,,,,,,,,,Sub012,001,2022_May_20_1430,1trainingbehavior_beforeMRI,2021.2.3,59.959766927365806,
20,0,,,,,,,,0,42,42,25,,,,,,,,,,,,,,,,,,,,,,,,,,,,,,,,,,,,,,,,,,,,,space,2.9630046002566814,231.41923770029098,None,20,0,2,1,7,231.41923770029098,None,234.40273430012167,None,,,,,,,,,,,,,,,,,,,,,,,,,,,,,,,,,,,,,Sub012,001,2022_May_20_1430,1trainingbehavior_beforeMRI,2021.2.3,59.959766927365806,
10,0,,,,,,,,0,43,43,7,,,,,,,,,,,,,,,,,,,,,,,,,,,,,,,,,,,,,,,,,,,,,space,2.9527420001104474,234.9027662007138,None,10,0,2,1,7,234.9027662007138,None,237.8861977001652,None,,,,,,,,,,,,,,,,,,,,,,,,,,,,,,,,,,,,,Sub012,001,2022_May_20_1430,1trainingbehavior_beforeMRI,2021.2.3,59.959766927365806,
10,1,,,,,,,,0,44,44,11,,,,,,,,,,,,,,,,,,,,,,,,,,,,,,,,,,,,,,,,,,,,,space,1.777462700381875,238.38569930009544,None,10,1,5,1,7,238.38569930009544,None,240.18593220040202,None,,,,,,,,,,,,,,,,,,,,,,,,,,,,,,,,,,,,,Sub012,001,2022_May_20_1430,1trainingbehavior_beforeMRI,2021.2.3,59.959766927365806,
30,1,,,,,,,,0,45,45,51,,,,,,,,,,,,,,,,,,,,,,,,,,,,,,,,,,,,,,,,,,,,,space,1.7391953999176621,240.68623200058937,None,30,1,-9,1,7,240.68623200058937,None,242.45262400060892,None,,,,,,,,,,,,,,,,,,,,,,,,,,,,,,,,,,,,,Sub012,001,2022_May_20_1430,1trainingbehavior_beforeMRI,2021.2.3,59.959766927365806,
10,1,,,,,,,,0,46,46,15,,,,,,,,,,,,,,,,,,,,,,,,,,,,,,,,,,,,,,,,,,,,,space,1.7682829005643725,242.95272480044514,None,10,1,-2,1,7,242.95272480044514,None,244.7360941004008,None,,,,,,,,,,,,,,,,,,,,,,,,,,,,,,,,,,,,,Sub012,001,2022_May_20_1430,1trainingbehavior_beforeMRI,2021.2.3,59.959766927365806,
30,0,,,,,,,,0,47,47,49,,,,,,,,,,,,,,,,,,,,,,,,,,,,,,,,,,,,,,,,,,,,,space,2.904862300492823,245.2359897000715,None,30,0,-19,0,7,245.2359897000715,None,248.1693129008636,None,,,,,,,,,,,,,,,,,,,,,,,,,,,,,,,,,,,,,Sub012,001,2022_May_20_1430,1trainingbehavior_beforeMRI,2021.2.3,59.959766927365806,
20,1,,,,,,,,0,48,48,33,,,,,,,,,,,,,,,,,,,,,,,,,,,,,,,,,,,,,,,,,,,,,space,1.797911299392581,248.66964570060372,None,20,1,12,0,7,248.66964570060372,None,250.48628660012037,None,,,,,,,,,,,,,,,,,,,,,,,,,,,,,,,,,,,,,Sub012,001,2022_May_20_1430,1trainingbehavior_beforeMRI,2021.2.3,59.959766927365806,
20,1,,,,,,,,0,49,49,31,,,,,,,,,,,,,,,,,,,,,,,,,,,,,,,,,,,,,,,,,,,,,space,1.7266092002391815,250.98615120071918,None,20,1,-16,0,7,250.98615120071918,None,252.73644040059298,None,,,,,,,,,,,,,,,,,,,,,,,,,,,,,,,,,,,,,Sub012,001,2022_May_20_1430,1trainingbehavior_beforeMRI,2021.2.3,59.959766927365806,
30,0,,,,,,,,0,50,50,46,,,,,,,,,,,,,,,,,,,,,,,,,,,,,,,,,,,,,,,,,,,,,space,2.8928234996274114,253.23642930015922,None,30,0,-26,0,7,253.23642930015922,None,256.15317800082266,None,,,,,,,,,,,,,,,,,,,,,,,,,,,,,,,,,,,,,Sub012,001,2022_May_20_1430,1trainingbehavior_beforeMRI,2021.2.3,59.959766927365806,
10,1,,,,,,,,0,51,51,14,,,,,,,,,,,,,,,,,,,,,,,,,,,,,,,,,,,,,,,,,,,,,space,1.7947422005236149,256.65354860015213,None,10,1,12,0,7,256.65354860015213,None,258.46993610076606,None,,,,,,,,,,,,,,,,,,,,,,,,,,,,,,,,,,,,,Sub012,001,2022_May_20_1430,1trainingbehavior_beforeMRI,2021.2.3,59.959766927365806,
20,1,,,,,,,,0,52,52,36,,,,,,,,,,,,,,,,,,,,,,,,,,,,,,,,,,,,,,,,,,,,,space,1.783398000523448,258.9700362002477,None,20,1,5,1,7,258.9700362002477,None,260.77002020087093,None,,,,,,,,,,,,,,,,,,,,,,,,,,,,,,,,,,,,,Sub012,001,2022_May_20_1430,1trainingbehavior_beforeMRI,2021.2.3,59.959766927365806,
20,1,,,,,,,,0,53,53,32,,,,,,,,,,,,,,,,,,,,,,,,,,,,,,,,,,,,,,,,,,,,,space,1.7682692008093,261.2701639002189,None,20,1,-2,1,7,261.2701639002189,None,263.05354230012745,None,,,,,,,,,,,,,,,,,,,,,,,,,,,,,,,,,,,,,Sub012,001,2022_May_20_1430,1trainingbehavior_beforeMRI,2021.2.3,59.959766927365806,
30,1,,,,,,,,0,54,54,59,,,,,,,,,,,,,,,,,,,,,,,,,,,,,,,,,,,,,,,,,,,,,space,1.729807199910283,263.55380590073764,None,30,1,-16,0,7,263.55380590073764,None,265.30357570014894,None,,,,,,,,,,,,,,,,,,,,,,,,,,,,,,,,,,,,,Sub012,001,2022_May_20_1430,1trainingbehavior_beforeMRI,2021.2.3,59.959766927365806,
10,1,,,,,,,,0,55,55,18,,,,,,,,,,,,,,,,,,,,,,,,,,,,,,,,,,,,,,,,,,,,,space,1.8212602995336056,265.80363760050386,None,10,1,26,0,7,265.80363760050386,None,267.6540268007666,None,,,,,,,,,,,,,,,,,,,,,,,,,,,,,,,,,,,,,Sub012,001,2022_May_20_1430,1trainingbehavior_beforeMRI,2021.2.3,59.959766927365806,
30,1,,,,,,,,0,56,56,57,,,,,,,,,,,,,,,,,,,,,,,,,,,,,,,,,,,,,,,,,,,,,space,1.7190681993961334,268.153748200275,None,30,1,-16,0,7,268.153748200275,None,269.9039394007996,None,,,,,,,,,,,,,,,,,,,,,,,,,,,,,,,,,,,,,Sub012,001,2022_May_20_1430,1trainingbehavior_beforeMRI,2021.2.3,59.959766927365806,
20,0,,,,,,,,0,57,57,21,,,,,,,,,,,,,,,,,,,,,,,,,,,,,,,,,,,,,,,,,,,,,space,2.9548327000811696,270.40407190006226,None,20,0,2,1,7,270.40407190006226,None,273.38706200011075,None,,,,,,,,,,,,,,,,,,,,,,,,,,,,,,,,,,,,,Sub012,001,2022_May_20_1430,1trainingbehavior_beforeMRI,2021.2.3,59.959766927365806,
30,0,,,,,,,,0,58,58,47,,,,,,,,,,,,,,,,,,,,,,,,,,,,,,,,,,,,,,,,,,,,,space,2.9305229000747204,273.8875423008576,None,30,0,-12,1,7,273.8875423008576,None,276.8371647000313,None,,,,,,,,,,,,,,,,,,,,,,,,,,,,,,,,,,,,,Sub012,001,2022_May_20_1430,1trainingbehavior_beforeMRI,2021.2.3,59.959766927365806,
30,1,,,,,,,,0,59,59,58,,,,,,,,,,,,,,,,,,,,,,,,,,,,,,,,,,,,,,,,,,,,,space,4.125030900351703,277.3373682005331,None,30,1,-16,0,7,277.3373682005331,None,281.487201500684,None,,,,,,,,,,,,,,,,,,,,,,,,,,,,,,,,,,,,,Sub012,001,2022_May_20_1430,1trainingbehavior_beforeMRI,2021.2.3,59.959766927365806,
,,,,,,,,,,,,,0,0,0,0,,,,,,,,,,,,,,,,,,,,,,,,,,,,,,,,,,,,,,,,,,,,,,,,,,,,,,281.98761539999396,None,17.012609702479185,8.618588075275957,22.95001048864442,43.60672118939465,[ 8.61858808 22.95001049 43.60672119],,,,,,,,,,,,,,,,,,,,,,,,,,,,,,Sub012,001,2022_May_20_1430,1trainingbehavior_beforeMRI,2021.2.3,59.959766927365806,
10,,,,,,,,,,,,,,,,,0,0,0,0,,,,,0,0,0,0,,,,,,,,,,,,,,,,,,,,,,,,,,,,,,,,,,,,,,,,,,,,,,,,,299.33353490009904,None,None,None,299.33353490009904,None,5,41.07524599973112,299.33353490009904,None,,,,,,,,,,,,,,,,,,,,Sub012,001,2022_May_20_1430,1trainingbehavior_beforeMRI,2021.2.3,59.959766927365806,
10,,,,,,,,,,,,,,,,,0,0,0,0,,,,,,,,,,,,,,,,,,,,,,,,,,,,,,,,,,,,,,,,,,,,,,,,,,,,,,,,,,,,,,,,,,,,,,,,,,,,,,,,,,,,,,Sub012,001,2022_May_20_1430,1trainingbehavior_beforeMRI,2021.2.3,59.959766927365806,
20,,,,,,,,,,,,,,,,,0,1,1,1,,,,,0,0,0,0,,,,,,,,,,,,,,,,,,,,,,,,,,,,,,,,,,,,,,,,,,,,,,,,,340.4393047001213,None,None,None,340.4393047001213,None,4,7.021576800383627,340.4393047001213,None,,,,,,,,,,,,,,,,,,,,Sub012,001,2022_May_20_1430,1trainingbehavior_beforeMRI,2021.2.3,59.959766927365806,
20,,,,,,,,,,,,,,,,,0,1,1,1,,,,,,,,,,,,,,,,,,,,,,,,,,,,,,,,,,,,,,,,,,,,,,,,,,,,,,,,,,,,,,,,,,,,,,,,,,,,,,,,,,,,,,Sub012,001,2022_May_20_1430,1trainingbehavior_beforeMRI,2021.2.3,59.959766927365806,
30,,,,,,,,,,,,,,,,,0,2,2,2,,,,,0,0,0,0,,,,,,,,,,,,,,,,,,,,,,,,,,,,,,,,,,,,,,,,,,,,,,,,,347.4917696006596,None,None,None,347.4917696006596,None,3,3.1882990999147296,347.4917696006596,None,,,,,,,,,,,,,,,,,,,,Sub012,001,2022_May_20_1430,1trainingbehavior_beforeMRI,2021.2.3,59.959766927365806,
30,,,,,,,,,,,,,,,,,0,2,2,2,,,,,,,,,,,,,,,,,,,,,,,,,,,,,,,,,,,,,,,,,,,,,,,,,,,,,,,,,,,,,,,,,,,,,,,,,,,,,,,,,,,,,,Sub012,001,2022_May_20_1430,1trainingbehavior_beforeMRI,2021.2.3,59.959766927365806,
,,Card_80.xlsx,80,0,,,,,,,,,,,,,,,,,,,,,,,,,,,,,0,0,0,0,0,0,0,2,0,0,0,0,,,,,,,,,,,,,,,,,,,,,,,,,,,,,,,,,,,,,,,,,,,350.70689730066806,None,355.8237699000165,None,387.89156790077686,None,80,0,,,,,,,,,,,,Sub012,001,2022_May_20_1430,1trainingbehavior_beforeMRI,2021.2.3,59.959766927365806,
,,Card_80.xlsx,80,1,,,,,,,,,,,,,,,,,,,,,,,,,,,,,0,0,0,0,0,0,0,2,0,1,1,9,,,,,,,,,,,,,,,,,,,,,,,,,,,,,,,,,,,,,,,,,,,,,,,,,80,1,,,,,,,,,,,,Sub012,001,2022_May_20_1430,1trainingbehavior_beforeMRI,2021.2.3,59.959766927365806,
,,Card_80.xlsx,80,1,,,,,,,,,,,,,,,,,,,,,,,,,,,,,0,0,0,0,0,0,0,2,0,2,2,8,,,,,,,,,,,,,,,,,,,,,,,,,,,,,,,,,,,,,,,,,,,,,,,,,80,1,,,,,,,,,,,,Sub012,001,2022_May_20_1430,1trainingbehavior_beforeMRI,2021.2.3,59.959766927365806,
,,Card_80.xlsx,80,1,,,,,,,,,,,,,,,,,,,,,,,,,,,,,0,0,0,0,0,0,0,2,0,3,3,5,,,,,,,,,,,,,,,,,,,,,,,,,,,,,,,,,,,,,,,,,,,,,,,,,80,1,,,,,,,,,,,,Sub012,001,2022_May_20_1430,1trainingbehavior_beforeMRI,2021.2.3,59.959766927365806,
,,Card_80.xlsx,80,1,,,,,,,,,,,,,,,,,,,,,,,,,,,,,0,0,0,0,0,0,0,2,0,4,4,4,,,,,,,,,,,,,,,,,,,,,,,,,,,,,,,,,,,,,,,,,,,,,,,,,80,1,,,,,,,,,,,,Sub012,001,2022_May_20_1430,1trainingbehavior_beforeMRI,2021.2.3,59.959766927365806,
,,Card_80.xlsx,80,1,,,,,,,,,,,,,,,,,,,,,,,,,,,,,0,0,0,0,0,0,0,2,0,5,5,3,,,,,,,,,,,,,,,,,,,,,,,,,,,,,,,,,,,,,,,,,,,,,,,,,80,1,,,,,,,,,,,,Sub012,001,2022_May_20_1430,1trainingbehavior_beforeMRI,2021.2.3,59.959766927365806,
,,Card_80.xlsx,80,1,,,,,,,,,,,,,,,,,,,,,,,,,,,,,0,0,0,0,0,0,0,2,0,6,6,6,,,,,,,,,,,,,,,,,,,,,,,,,,,,,,,,,,,,,,,,,,,,,,,,,80,1,,,,,,,,,,,,Sub012,001,2022_May_20_1430,1trainingbehavior_beforeMRI,2021.2.3,59.959766927365806,
,,Card_80.xlsx,80,0,,,,,,,,,,,,,,,,,,,,,,,,,,,,,0,0,0,0,0,0,0,2,0,7,7,1,,,,,,,,,,,,,,,,,,,,,,,,,,,,,,,,,,,,,,,,,,,,,,,,,80,0,,,,,,,,,,,,Sub012,001,2022_May_20_1430,1trainingbehavior_beforeMRI,2021.2.3,59.959766927365806,
,,Card_80.xlsx,80,1,,,,,,,,,,,,,,,,,,,,,,,,,,,,,0,0,0,0,0,0,0,2,0,8,8,7,,,,,,,,,,,,,,,,,,,,,,,,,,,,,,,,,,,,,,,,,,,,,,,,,80,1,,,,,,,,,,,,Sub012,001,2022_May_20_1430,1trainingbehavior_beforeMRI,2021.2.3,59.959766927365806,
,,Card_80.xlsx,80,1,,,,,,,,,,,,,,,,,,,,,,,,,,,,,0,0,0,0,0,0,0,2,0,9,9,2,,,,,,,,,,,,,,,,,,,,,,,,,,,,,,,,,,,,,,,,,,,,,,,,,80,1,,,,,,,,,,,,Sub012,001,2022_May_20_1430,1trainingbehavior_beforeMRI,2021.2.3,59.959766927365806,
,,Card_80.xlsx,,,,,,,,,,,,,,,,,,,,,,,,,,,,,,,0,0,0,0,0,0,0,2,,,,,,,,,0,0,0,0,,,,,,,,,,,,,,,,,,,,,,,,,,,,,,,,,,,,,,,,,,,80,None,None,433.22887220047414,None,6,15.052951100282371,433.22887220047414,None,,,Sub012,001,2022_May_20_1430,1trainingbehavior_beforeMRI,2021.2.3,59.959766927365806,
,,Card_80.xlsx,,,,,,,,,,,,,,,,,,,,,,,,,,,,,,,0,0,0,0,0,0,0,2,,,,,,,,,,,,,,,,,,,,,,,,,,,,,,,,,,,,,,,,,,,,,,,,,,,,,,,,,,,,,,,,,,Sub012,001,2022_May_20_1430,1trainingbehavior_beforeMRI,2021.2.3,59.959766927365806,
,,Card_50.xlsx,50,0,,,,,,,,,,,,,,,,,,,,,,,,,,,,,0,0,0,0,0,1,1,1,0,0,0,2,,,,,,,,,,,,,,,,,,,,,,,,,,,,,,,,,,,,,,,,,,,,,,,,,50,0,,,,,,,,,,,,Sub012,001,2022_May_20_1430,1trainingbehavior_beforeMRI,2021.2.3,59.959766927365806,
,,Card_50.xlsx,50,1,,,,,,,,,,,,,,,,,,,,,,,,,,,,,0,0,0,0,0,1,1,1,0,1,1,8,,,,,,,,,,,,,,,,,,,,,,,,,,,,,,,,,,,,,,,,,,,,,,,,,50,1,,,,,,,,,,,,Sub012,001,2022_May_20_1430,1trainingbehavior_beforeMRI,2021.2.3,59.959766927365806,
,,Card_50.xlsx,50,0,,,,,,,,,,,,,,,,,,,,,,,,,,,,,0,0,0,0,0,1,1,1,0,2,2,1,,,,,,,,,,,,,,,,,,,,,,,,,,,,,,,,,,,,,,,,,,,,,,,,,50,0,,,,,,,,,,,,Sub012,001,2022_May_20_1430,1trainingbehavior_beforeMRI,2021.2.3,59.959766927365806,
,,Card_50.xlsx,50,0,,,,,,,,,,,,,,,,,,,,,,,,,,,,,0,0,0,0,0,1,1,1,0,3,3,3,,,,,,,,,,,,,,,,,,,,,,,,,,,,,,,,,,,,,,,,,,,,,,,,,50,0,,,,,,,,,,,,Sub012,001,2022_May_20_1430,1trainingbehavior_beforeMRI,2021.2.3,59.959766927365806,
,,Card_50.xlsx,50,1,,,,,,,,,,,,,,,,,,,,,,,,,,,,,0,0,0,0,0,1,1,1,0,4,4,9,,,,,,,,,,,,,,,,,,,,,,,,,,,,,,,,,,,,,,,,,,,,,,,,,50,1,,,,,,,,,,,,Sub012,001,2022_May_20_1430,1trainingbehavior_beforeMRI,2021.2.3,59.959766927365806,
,,Card_50.xlsx,50,0,,,,,,,,,,,,,,,,,,,,,,,,,,,,,0,0,0,0,0,1,1,1,0,5,5,4,,,,,,,,,,,,,,,,,,,,,,,,,,,,,,,,,,,,,,,,,,,,,,,,,50,0,,,,,,,,,,,,Sub012,001,2022_May_20_1430,1trainingbehavior_beforeMRI,2021.2.3,59.959766927365806,
,,Card_50.xlsx,50,1,,,,,,,,,,,,,,,,,,,,,,,,,,,,,0,0,0,0,0,1,1,1,0,6,6,7,,,,,,,,,,,,,,,,,,,,,,,,,,,,,,,,,,,,,,,,,,,,,,,,,50,1,,,,,,,,,,,,Sub012,001,2022_May_20_1430,1trainingbehavior_beforeMRI,2021.2.3,59.959766927365806,
,,Card_50.xlsx,50,1,,,,,,,,,,,,,,,,,,,,,,,,,,,,,0,0,0,0,0,1,1,1,0,7,7,6,,,,,,,,,,,,,,,,,,,,,,,,,,,,,,,,,,,,,,,,,,,,,,,,,50,1,,,,,,,,,,,,Sub012,001,2022_May_20_1430,1trainingbehavior_beforeMRI,2021.2.3,59.959766927365806,
,,Card_50.xlsx,50,0,,,,,,,,,,,,,,,,,,,,,,,,,,,,,0,0,0,0,0,1,1,1,0,8,8,0,,,,,,,,,,,,,,,,,,,,,,,,,,,,,,,,,,,,,,,,,,,,,,,,,50,0,,,,,,,,,,,,Sub012,001,2022_May_20_1430,1trainingbehavior_beforeMRI,2021.2.3,59.959766927365806,
,,Card_50.xlsx,50,1,,,,,,,,,,,,,,,,,,,,,,,,,,,,,0,0,0,0,0,1,1,1,0,9,9,5,,,,,,,,,,,,,,,,,,,,,,,,,,,,,,,,,,,,,,,,,,,,,,,,,50,1,,,,,,,,,,,,Sub012,001,2022_May_20_1430,1trainingbehavior_beforeMRI,2021.2.3,59.959766927365806,
,,Card_50.xlsx,,,,,,,,,,,,,,,,,,,,,,,,,,,,,,,0,0,0,0,0,1,1,1,,,,,,,,,0,0,0,0,,,,,,,,,,,,,,,,,,,,,,,,,,,,,,,,,,,,,,,,,,,50,None,None,483.31290220003575,None,4,5.264810799621046,483.31290220003575,None,,,Sub012,001,2022_May_20_1430,1trainingbehavior_beforeMRI,2021.2.3,59.959766927365806,
,,Card_50.xlsx,,,,,,,,,,,,,,,,,,,,,,,,,,,,,,,0,0,0,0,0,1,1,1,,,,,,,,,,,,,,,,,,,,,,,,,,,,,,,,,,,,,,,,,,,,,,,,,,,,,,,,,,,,,,,,,,Sub012,001,2022_May_20_1430,1trainingbehavior_beforeMRI,2021.2.3,59.959766927365806,
,,Card_20.xlsx,20,1,,,,,,,,,,,,,,,,,,,,,,,,,,,,,0,0,0,0,0,2,2,0,0,0,0,9,,,,,,,,,,,,,,,,,,,,,,,,,,,,,,,,,,,,,,,,,,,,,,,,,20,1,,,,,,,,,,,,Sub012,001,2022_May_20_1430,1trainingbehavior_beforeMRI,2021.2.3,59.959766927365806,
,,Card_20.xlsx,20,0,,,,,,,,,,,,,,,,,,,,,,,,,,,,,0,0,0,0,0,2,2,0,0,1,1,0,,,,,,,,,,,,,,,,,,,,,,,,,,,,,,,,,,,,,,,,,,,,,,,,,20,0,,,,,,,,,,,,Sub012,001,2022_May_20_1430,1trainingbehavior_beforeMRI,2021.2.3,59.959766927365806,
,,Card_20.xlsx,20,0,,,,,,,,,,,,,,,,,,,,,,,,,,,,,0,0,0,0,0,2,2,0,0,2,2,5,,,,,,,,,,,,,,,,,,,,,,,,,,,,,,,,,,,,,,,,,,,,,,,,,20,0,,,,,,,,,,,,Sub012,001,2022_May_20_1430,1trainingbehavior_beforeMRI,2021.2.3,59.959766927365806,
,,Card_20.xlsx,20,0,,,,,,,,,,,,,,,,,,,,,,,,,,,,,0,0,0,0,0,2,2,0,0,3,3,2,,,,,,,,,,,,,,,,,,,,,,,,,,,,,,,,,,,,,,,,,,,,,,,,,20,0,,,,,,,,,,,,Sub012,001,2022_May_20_1430,1trainingbehavior_beforeMRI,2021.2.3,59.959766927365806,
,,Card_20.xlsx,20,1,,,,,,,,,,,,,,,,,,,,,,,,,,,,,0,0,0,0,0,2,2,0,0,4,4,8,,,,,,,,,,,,,,,,,,,,,,,,,,,,,,,,,,,,,,,,,,,,,,,,,20,1,,,,,,,,,,,,Sub012,001,2022_May_20_1430,1trainingbehavior_beforeMRI,2021.2.3,59.959766927365806,
,,Card_20.xlsx,20,0,,,,,,,,,,,,,,,,,,,,,,,,,,,,,0,0,0,0,0,2,2,0,0,5,5,7,,,,,,,,,,,,,,,,,,,,,,,,,,,,,,,,,,,,,,,,,,,,,,,,,20,0,,,,,,,,,,,,Sub012,001,2022_May_20_1430,1trainingbehavior_beforeMRI,2021.2.3,59.959766927365806,
,,Card_20.xlsx,20,0,,,,,,,,,,,,,,,,,,,,,,,,,,,,,0,0,0,0,0,2,2,0,0,6,6,1,,,,,,,,,,,,,,,,,,,,,,,,,,,,,,,,,,,,,,,,,,,,,,,,,20,0,,,,,,,,,,,,Sub012,001,2022_May_20_1430,1trainingbehavior_beforeMRI,2021.2.3,59.959766927365806,
,,Card_20.xlsx,20,0,,,,,,,,,,,,,,,,,,,,,,,,,,,,,0,0,0,0,0,2,2,0,0,7,7,4,,,,,,,,,,,,,,,,,,,,,,,,,,,,,,,,,,,,,,,,,,,,,,,,,20,0,,,,,,,,,,,,Sub012,001,2022_May_20_1430,1trainingbehavior_beforeMRI,2021.2.3,59.959766927365806,
,,Card_20.xlsx,20,0,,,,,,,,,,,,,,,,,,,,,,,,,,,,,0,0,0,0,0,2,2,0,0,8,8,3,,,,,,,,,,,,,,,,,,,,,,,,,,,,,,,,,,,,,,,,,,,,,,,,,20,0,,,,,,,,,,,,Sub012,001,2022_May_20_1430,1trainingbehavior_beforeMRI,2021.2.3,59.959766927365806,
,,Card_20.xlsx,20,0,,,,,,,,,,,,,,,,,,,,,,,,,,,,,0,0,0,0,0,2,2,0,0,9,9,6,,,,,,,,,,,,,,,,,,,,,,,,,,,,,,,,,,,,,,,,,,,,,,,,,20,0,,,,,,,,,,,,Sub012,001,2022_May_20_1430,1trainingbehavior_beforeMRI,2021.2.3,59.959766927365806,
,,Card_20.xlsx,,,,,,,,,,,,,,,,,,,,,,,,,,,,,,,0,0,0,0,0,2,2,0,,,,,,,,,0,0,0,0,,,,,,,,,,,,,,,,,,,,,,,,,,,,,,,,,,,,,,,,,,,20,None,None,523.5998308006674,None,6,14.35368540044874,523.5998308006674,None,,,Sub012,001,2022_May_20_1430,1trainingbehavior_beforeMRI,2021.2.3,59.959766927365806,
,,Card_20.xlsx,,,,,,,,,,,,,,,,,,,,,,,,,,,,,,,0,0,0,0,0,2,2,0,,,,,,,,,,,,,,,,,,,,,,,,,,,,,,,,,,,,,,,,,,,,,,,,,,,,,,,,,,,,,,,,,,Sub012,001,2022_May_20_1430,1trainingbehavior_beforeMRI,2021.2.3,59.959766927365806,
,,,,,,,,,,,,,,,,,,,,,,,,,,,,,,,,,0,0,0,0,,,,,,,,,,,,,,,,,,,,,,,,,,,,,,,,,,,,,,,,,,,,,,,,,,,,,,,,,,,,,,,,,,,,537.9804278006777,None,Sub012,001,2022_May_20_1430,1trainingbehavior_beforeMRI,2021.2.3,59.959766927365806,
