﻿Target_Size,start_position,Run_Files,current_card_prob,current_WinLoss,start.thisRepN,start.thisTrialN,start.thisN,start.thisIndex,trials.thisRepN,trials.thisTrialN,trials.thisN,trials.thisIndex,Indi_Info.thisRepN,Indi_Info.thisTrialN,Indi_Info.thisN,Indi_Info.thisIndex,trials_bar_Q.thisRepN,trials_bar_Q.thisTrialN,trials_bar_Q.thisN,trials_bar_Q.thisIndex,Confi_bar_L.thisRepN,Confi_bar_L.thisTrialN,Confi_bar_L.thisN,Confi_bar_L.thisIndex,Confi_bar_R.thisRepN,Confi_bar_R.thisTrialN,Confi_bar_R.thisN,Confi_bar_R.thisIndex,StopGame.thisRepN,StopGame.thisTrialN,StopGame.thisN,StopGame.thisIndex,ContinuePlay.thisRepN,ContinuePlay.thisTrialN,ContinuePlay.thisN,ContinuePlay.thisIndex,Run_card.thisRepN,Run_card.thisTrialN,Run_card.thisN,Run_card.thisIndex,trials_card.thisRepN,trials_card.thisTrialN,trials_card.thisN,trials_card.thisIndex,Qlikely_card_L.thisRepN,Qlikely_card_L.thisTrialN,Qlikely_card_L.thisN,Qlikely_card_L.thisIndex,Qlikely_card_R.thisRepN,Qlikely_card_R.thisTrialN,Qlikely_card_R.thisN,Qlikely_card_R.thisIndex,run_L,run_R,instr.started,instr.stopped,key_resp_bar.keys,key_resp_bar.rt,key_resp_bar.started,key_resp_bar.stopped,Current_Target_Size,Start_position,key_resp_bar.position,key_resp_bar.hit,trial_speed,center.started,center.stopped,center2.started,center2.stopped,instr_4.started,instr_4.stopped,sigma_indi,targetSize_20,targetSize_50,targetSize_80,targetSize_indi,center_2.started,center_2.stopped,Slider_LikelyBar_L.response,Slider_LikelyBar_L.rt,Slider_LikelyBar_L.started,Slider_LikelyBar_L.stopped,key_resp_LikeQ_bar_L.keys,key_resp_LikeQ_bar_L.rt,key_resp_LikeQ_bar_L.started,key_resp_LikeQ_bar_L.stopped,bar_final_text.started,bar_final_text.stopped,card_instr_text.started,card_instr_text.stopped,instr_5.started,instr_5.stopped,current_card_prob,current_WinLoss,Q_card_prob,Slider_LikelyCard_L.response,Slider_LikelyCard_L.rt,Slider_LikelyCard_L.started,Slider_LikelyCard_L.stopped,key_resp_LikeQ_card_L.keys,key_resp_LikeQ_card_L.rt,key_resp_LikeQ_card_L.started,key_resp_LikeQ_card_L.stopped,bar_final_text_2.started,bar_final_text_2.stopped,participant,session,date,expName,psychopyVersion,frameRate,
,,,,,0,0,0,0,,,,,,,,,,,,,,,,,,,,,,,,,,,,,,,,,,,,,,,,,,,,,1,0,11.755713200000173,None,,,,,,,,,,,,,,,,,,,,,,,,,,,,,,,,,,,,,,,,,,,,,,,,,,Sub026,001,2022_Jun_16_1403,1trainingbehavior_beforeMRI,2021.2.3,60.00722486965686,
20,0,,,,,,,,0,0,0,29,,,,,,,,,,,,,,,,,,,,,,,,,,,,,,,,,,,,,,,,,,,,,space,4.202451999999539,107.29634480000095,None,20,0,-19,0,7,107.29634480000095,None,111.52768239999932,None,,,,,,,,,,,,,,,,,,,,,,,,,,,,,,,,,,,,,Sub026,001,2022_Jun_16_1403,1trainingbehavior_beforeMRI,2021.2.3,60.00722486965686,
20,0,,,,,,,,0,1,1,26,,,,,,,,,,,,,,,,,,,,,,,,,,,,,,,,,,,,,,,,,,,,,space,1.8178971000015736,112.02778399999988,None,20,0,-19,0,7,112.02778399999988,None,113.86126139999942,None,,,,,,,,,,,,,,,,,,,,,,,,,,,,,,,,,,,,,Sub026,001,2022_Jun_16_1403,1trainingbehavior_beforeMRI,2021.2.3,60.00722486965686,
20,0,,,,,,,,0,2,2,25,,,,,,,,,,,,,,,,,,,,,,,,,,,,,,,,,,,,,,,,,,,,,space,1.7745512000001327,114.36123609999959,None,20,0,-5,1,7,114.36123609999959,None,116.16120790000059,None,,,,,,,,,,,,,,,,,,,,,,,,,,,,,,,,,,,,,Sub026,001,2022_Jun_16_1403,1trainingbehavior_beforeMRI,2021.2.3,60.00722486965686,
10,1,,,,,,,,0,3,3,12,,,,,,,,,,,,,,,,,,,,,,,,,,,,,,,,,,,,,,,,,,,,,space,1.8001805000003515,116.66121829999975,None,10,1,12,0,7,116.66121829999975,None,118.47796709999966,None,,,,,,,,,,,,,,,,,,,,,,,,,,,,,,,,,,,,,Sub026,001,2022_Jun_16_1403,1trainingbehavior_beforeMRI,2021.2.3,60.00722486965686,
10,1,,,,,,,,0,4,4,19,,,,,,,,,,,,,,,,,,,,,,,,,,,,,,,,,,,,,,,,,,,,,space,1.7288917999994737,118.97807509999984,None,10,1,-16,0,7,118.97807509999984,None,120.72800690000076,None,,,,,,,,,,,,,,,,,,,,,,,,,,,,,,,,,,,,,Sub026,001,2022_Jun_16_1403,1trainingbehavior_beforeMRI,2021.2.3,60.00722486965686,
20,0,,,,,,,,0,5,5,21,,,,,,,,,,,,,,,,,,,,,,,,,,,,,,,,,,,,,,,,,,,,,space,1.8220823999999993,121.22808439999972,None,20,0,-26,0,7,121.22808439999972,None,123.0783905999997,None,,,,,,,,,,,,,,,,,,,,,,,,,,,,,,,,,,,,,Sub026,001,2022_Jun_16_1403,1trainingbehavior_beforeMRI,2021.2.3,60.00722486965686,
20,1,,,,,,,,0,6,6,36,,,,,,,,,,,,,,,,,,,,,,,,,,,,,,,,,,,,,,,,,,,,,space,1.7976899000004778,123.57811550000042,None,20,1,12,0,7,123.57811550000042,None,125.39517680000063,None,,,,,,,,,,,,,,,,,,,,,,,,,,,,,,,,,,,,,Sub026,001,2022_Jun_16_1403,1trainingbehavior_beforeMRI,2021.2.3,60.00722486965686,
10,0,,,,,,,,0,7,7,3,,,,,,,,,,,,,,,,,,,,,,,,,,,,,,,,,,,,,,,,,,,,,space,1.7859589999989112,125.89511920000041,None,10,0,-12,0,7,125.89511920000041,None,127.71172400000069,None,,,,,,,,,,,,,,,,,,,,,,,,,,,,,,,,,,,,,Sub026,001,2022_Jun_16_1403,1trainingbehavior_beforeMRI,2021.2.3,60.00722486965686,
20,0,,,,,,,,0,8,8,23,,,,,,,,,,,,,,,,,,,,,,,,,,,,,,,,,,,,,,,,,,,,,space,1.8300374999998894,128.21168820000094,None,20,0,-26,0,7,128.21168820000094,None,130.06190090000018,None,,,,,,,,,,,,,,,,,,,,,,,,,,,,,,,,,,,,,Sub026,001,2022_Jun_16_1403,1trainingbehavior_beforeMRI,2021.2.3,60.00722486965686,
10,1,,,,,,,,0,9,9,14,,,,,,,,,,,,,,,,,,,,,,,,,,,,,,,,,,,,,,,,,,,,,space,2.9764624999988882,130.5617672999997,None,10,1,-9,0,7,130.5617672999997,None,133.56192460000057,None,,,,,,,,,,,,,,,,,,,,,,,,,,,,,,,,,,,,,Sub026,001,2022_Jun_16_1403,1trainingbehavior_beforeMRI,2021.2.3,60.00722486965686,
10,0,,,,,,,,0,10,10,8,,,,,,,,,,,,,,,,,,,,,,,,,,,,,,,,,,,,,,,,,,,,,space,1.827433000000383,134.06227089999993,None,10,0,-26,0,7,134.06227089999993,None,135.9122929999994,None,,,,,,,,,,,,,,,,,,,,,,,,,,,,,,,,,,,,,Sub026,001,2022_Jun_16_1403,1trainingbehavior_beforeMRI,2021.2.3,60.00722486965686,
10,1,,,,,,,,0,11,11,17,,,,,,,,,,,,,,,,,,,,,,,,,,,,,,,,,,,,,,,,,,,,,space,1.7950922999989416,136.41191629999958,None,10,1,12,0,7,136.41191629999958,None,138.22870440000042,None,,,,,,,,,,,,,,,,,,,,,,,,,,,,,,,,,,,,,Sub026,001,2022_Jun_16_1403,1trainingbehavior_beforeMRI,2021.2.3,60.00722486965686,
30,1,,,,,,,,0,12,12,53,,,,,,,,,,,,,,,,,,,,,,,,,,,,,,,,,,,,,,,,,,,,,space,1.8006679999998596,138.7287139,None,30,1,12,1,7,138.7287139,None,140.54547240000102,None,,,,,,,,,,,,,,,,,,,,,,,,,,,,,,,,,,,,,Sub026,001,2022_Jun_16_1403,1trainingbehavior_beforeMRI,2021.2.3,60.00722486965686,
20,1,,,,,,,,0,13,13,38,,,,,,,,,,,,,,,,,,,,,,,,,,,,,,,,,,,,,,,,,,,,,space,1.832367000000886,141.04560560000027,None,20,1,26,0,7,141.04560560000027,None,142.89558450000004,None,,,,,,,,,,,,,,,,,,,,,,,,,,,,,,,,,,,,,Sub026,001,2022_Jun_16_1403,1trainingbehavior_beforeMRI,2021.2.3,60.00722486965686,
30,1,,,,,,,,0,14,14,59,,,,,,,,,,,,,,,,,,,,,,,,,,,,,,,,,,,,,,,,,,,,,space,1.7409834999998566,143.39574410000023,None,30,1,-9,1,7,143.39574410000023,None,145.16233199999988,None,,,,,,,,,,,,,,,,,,,,,,,,,,,,,,,,,,,,,Sub026,001,2022_Jun_16_1403,1trainingbehavior_beforeMRI,2021.2.3,60.00722486965686,
20,1,,,,,,,,0,15,15,37,,,,,,,,,,,,,,,,,,,,,,,,,,,,,,,,,,,,,,,,,,,,,space,1.776611100000082,145.66240049999942,None,20,1,5,1,7,145.66240049999942,None,147.4624141000004,None,,,,,,,,,,,,,,,,,,,,,,,,,,,,,,,,,,,,,Sub026,001,2022_Jun_16_1403,1trainingbehavior_beforeMRI,2021.2.3,60.00722486965686,
10,0,,,,,,,,0,16,16,2,,,,,,,,,,,,,,,,,,,,,,,,,,,,,,,,,,,,,,,,,,,,,space,2.9488694000010582,147.96249999999964,None,10,0,-5,1,7,147.96249999999964,None,150.9291219000006,None,,,,,,,,,,,,,,,,,,,,,,,,,,,,,,,,,,,,,Sub026,001,2022_Jun_16_1403,1trainingbehavior_beforeMRI,2021.2.3,60.00722486965686,
30,0,,,,,,,,0,17,17,40,,,,,,,,,,,,,,,,,,,,,,,,,,,,,,,,,,,,,,,,,,,,,space,3.0029923000001872,151.42923569999948,None,30,0,23,0,7,151.42923569999948,None,154.46278940000047,None,,,,,,,,,,,,,,,,,,,,,,,,,,,,,,,,,,,,,Sub026,001,2022_Jun_16_1403,1trainingbehavior_beforeMRI,2021.2.3,60.00722486965686,
10,0,,,,,,,,0,18,18,5,,,,,,,,,,,,,,,,,,,,,,,,,,,,,,,,,,,,,,,,,,,,,space,5.346040700000231,154.96262209999986,None,10,0,-5,1,7,154.96262209999986,None,160.32949820000067,None,,,,,,,,,,,,,,,,,,,,,,,,,,,,,,,,,,,,,Sub026,001,2022_Jun_16_1403,1trainingbehavior_beforeMRI,2021.2.3,60.00722486965686,
10,0,,,,,,,,0,19,19,1,,,,,,,,,,,,,,,,,,,,,,,,,,,,,,,,,,,,,,,,,,,,,space,3.049067100000684,160.82959590000064,None,10,0,37,0,7,160.82959590000064,None,163.89632150000034,None,,,,,,,,,,,,,,,,,,,,,,,,,,,,,,,,,,,,,Sub026,001,2022_Jun_16_1403,1trainingbehavior_beforeMRI,2021.2.3,60.00722486965686,
20,1,,,,,,,,0,20,20,39,,,,,,,,,,,,,,,,,,,,,,,,,,,,,,,,,,,,,,,,,,,,,space,1.7911345000011352,164.3964262999998,None,20,1,12,0,7,164.3964262999998,None,166.21310769999945,None,,,,,,,,,,,,,,,,,,,,,,,,,,,,,,,,,,,,,Sub026,001,2022_Jun_16_1403,1trainingbehavior_beforeMRI,2021.2.3,60.00722486965686,
30,1,,,,,,,,0,21,21,52,,,,,,,,,,,,,,,,,,,,,,,,,,,,,,,,,,,,,,,,,,,,,space,1.8282068999997136,166.71331090000058,None,30,1,26,0,7,166.71331090000058,None,168.5631926999995,None,,,,,,,,,,,,,,,,,,,,,,,,,,,,,,,,,,,,,Sub026,001,2022_Jun_16_1403,1trainingbehavior_beforeMRI,2021.2.3,60.00722486965686,
30,0,,,,,,,,0,22,22,43,,,,,,,,,,,,,,,,,,,,,,,,,,,,,,,,,,,,,,,,,,,,,space,1.860037899999952,169.0632043000005,None,30,0,-40,0,7,169.0632043000005,None,170.94658449999952,None,,,,,,,,,,,,,,,,,,,,,,,,,,,,,,,,,,,,,Sub026,001,2022_Jun_16_1403,1trainingbehavior_beforeMRI,2021.2.3,60.00722486965686,
20,1,,,,,,,,0,23,23,35,,,,,,,,,,,,,,,,,,,,,,,,,,,,,,,,,,,,,,,,,,,,,space,3.072570700000142,171.44667420000042,None,20,1,-51,0,7,171.44667420000042,None,174.54673469999943,None,,,,,,,,,,,,,,,,,,,,,,,,,,,,,,,,,,,,,Sub026,001,2022_Jun_16_1403,1trainingbehavior_beforeMRI,2021.2.3,60.00722486965686,
20,1,,,,,,,,0,24,24,31,,,,,,,,,,,,,,,,,,,,,,,,,,,,,,,,,,,,,,,,,,,,,space,1.8166567999996914,175.0469076999998,None,20,1,19,0,7,175.0469076999998,None,176.88018179999926,None,,,,,,,,,,,,,,,,,,,,,,,,,,,,,,,,,,,,,Sub026,001,2022_Jun_16_1403,1trainingbehavior_beforeMRI,2021.2.3,60.00722486965686,
30,0,,,,,,,,0,25,25,41,,,,,,,,,,,,,,,,,,,,,,,,,,,,,,,,,,,,,,,,,,,,,space,1.7597002000002249,177.38024810000024,None,30,0,2,1,7,177.38024810000024,None,179.16361150000012,None,,,,,,,,,,,,,,,,,,,,,,,,,,,,,,,,,,,,,Sub026,001,2022_Jun_16_1403,1trainingbehavior_beforeMRI,2021.2.3,60.00722486965686,
30,0,,,,,,,,0,26,26,44,,,,,,,,,,,,,,,,,,,,,,,,,,,,,,,,,,,,,,,,,,,,,space,1.8048914000009972,179.66355300000032,None,30,0,-19,0,7,179.66355300000032,None,181.49700380000104,None,,,,,,,,,,,,,,,,,,,,,,,,,,,,,,,,,,,,,Sub026,001,2022_Jun_16_1403,1trainingbehavior_beforeMRI,2021.2.3,60.00722486965686,
10,1,,,,,,,,0,27,27,11,,,,,,,,,,,,,,,,,,,,,,,,,,,,,,,,,,,,,,,,,,,,,space,1.8229284999997617,181.9970787000002,None,10,1,26,0,7,181.9970787000002,None,183.8470670000006,None,,,,,,,,,,,,,,,,,,,,,,,,,,,,,,,,,,,,,Sub026,001,2022_Jun_16_1403,1trainingbehavior_beforeMRI,2021.2.3,60.00722486965686,
10,0,,,,,,,,0,28,28,7,,,,,,,,,,,,,,,,,,,,,,,,,,,,,,,,,,,,,,,,,,,,,space,1.841486299999815,184.3470852999999,None,10,0,-33,0,7,184.3470852999999,None,186.2138319000005,None,,,,,,,,,,,,,,,,,,,,,,,,,,,,,,,,,,,,,Sub026,001,2022_Jun_16_1403,1trainingbehavior_beforeMRI,2021.2.3,60.00722486965686,
10,1,,,,,,,,0,29,29,13,,,,,,,,,,,,,,,,,,,,,,,,,,,,,,,,,,,,,,,,,,,,,space,1.8242166999989422,186.71390070000052,None,10,1,26,0,7,186.71390070000052,None,188.56388850000076,None,,,,,,,,,,,,,,,,,,,,,,,,,,,,,,,,,,,,,Sub026,001,2022_Jun_16_1403,1trainingbehavior_beforeMRI,2021.2.3,60.00722486965686,
30,1,,,,,,,,0,30,30,55,,,,,,,,,,,,,,,,,,,,,,,,,,,,,,,,,,,,,,,,,,,,,space,1.7421947000002547,189.06390359999932,None,30,1,-9,1,7,189.06390359999932,None,190.8306551000005,None,,,,,,,,,,,,,,,,,,,,,,,,,,,,,,,,,,,,,Sub026,001,2022_Jun_16_1403,1trainingbehavior_beforeMRI,2021.2.3,60.00722486965686,
20,1,,,,,,,,0,31,31,30,,,,,,,,,,,,,,,,,,,,,,,,,,,,,,,,,,,,,,,,,,,,,space,1.7994034999992436,191.3308988000008,None,20,1,12,0,7,191.3308988000008,None,193.1474474000006,None,,,,,,,,,,,,,,,,,,,,,,,,,,,,,,,,,,,,,Sub026,001,2022_Jun_16_1403,1trainingbehavior_beforeMRI,2021.2.3,60.00722486965686,
30,0,,,,,,,,0,32,32,47,,,,,,,,,,,,,,,,,,,,,,,,,,,,,,,,,,,,,,,,,,,,,space,2.974499399999331,193.64752390000103,None,30,0,9,1,7,193.64752390000103,None,196.64781290000064,None,,,,,,,,,,,,,,,,,,,,,,,,,,,,,,,,,,,,,Sub026,001,2022_Jun_16_1403,1trainingbehavior_beforeMRI,2021.2.3,60.00722486965686,
30,0,,,,,,,,0,33,33,46,,,,,,,,,,,,,,,,,,,,,,,,,,,,,,,,,,,,,,,,,,,,,space,3.0164235000011104,197.1475535999998,None,30,0,23,0,7,197.1475535999998,None,200.1810241000003,None,,,,,,,,,,,,,,,,,,,,,,,,,,,,,,,,,,,,,Sub026,001,2022_Jun_16_1403,1trainingbehavior_beforeMRI,2021.2.3,60.00722486965686,
10,0,,,,,,,,0,34,34,6,,,,,,,,,,,,,,,,,,,,,,,,,,,,,,,,,,,,,,,,,,,,,space,2.958388000000923,200.68098479999935,None,10,0,2,1,7,200.68098479999935,None,203.66457420000006,None,,,,,,,,,,,,,,,,,,,,,,,,,,,,,,,,,,,,,Sub026,001,2022_Jun_16_1403,1trainingbehavior_beforeMRI,2021.2.3,60.00722486965686,
10,1,,,,,,,,0,35,35,16,,,,,,,,,,,,,,,,,,,,,,,,,,,,,,,,,,,,,,,,,,,,,space,1.8300178999998025,204.164635000001,None,10,1,26,0,7,204.164635000001,None,206.014688700001,None,,,,,,,,,,,,,,,,,,,,,,,,,,,,,,,,,,,,,Sub026,001,2022_Jun_16_1403,1trainingbehavior_beforeMRI,2021.2.3,60.00722486965686,
30,1,,,,,,,,0,36,36,57,,,,,,,,,,,,,,,,,,,,,,,,,,,,,,,,,,,,,,,,,,,,,space,1.7774811999988742,206.5145749000003,None,30,1,5,1,7,206.5145749000003,None,208.31468959999984,None,,,,,,,,,,,,,,,,,,,,,,,,,,,,,,,,,,,,,Sub026,001,2022_Jun_16_1403,1trainingbehavior_beforeMRI,2021.2.3,60.00722486965686,
20,1,,,,,,,,0,37,37,33,,,,,,,,,,,,,,,,,,,,,,,,,,,,,,,,,,,,,,,,,,,,,space,1.789697399999568,208.81465229999958,None,20,1,12,0,7,208.81465229999958,None,210.6312911999994,None,,,,,,,,,,,,,,,,,,,,,,,,,,,,,,,,,,,,,Sub026,001,2022_Jun_16_1403,1trainingbehavior_beforeMRI,2021.2.3,60.00722486965686,
20,0,,,,,,,,0,38,38,22,,,,,,,,,,,,,,,,,,,,,,,,,,,,,,,,,,,,,,,,,,,,,space,2.917322299999796,211.13130939999974,None,20,0,-19,0,7,211.13130939999974,None,214.06488530000024,None,,,,,,,,,,,,,,,,,,,,,,,,,,,,,,,,,,,,,Sub026,001,2022_Jun_16_1403,1trainingbehavior_beforeMRI,2021.2.3,60.00722486965686,
20,0,,,,,,,,0,39,39,20,,,,,,,,,,,,,,,,,,,,,,,,,,,,,,,,,,,,,,,,,,,,,space,2.976418199999898,214.5648354999994,None,20,0,9,1,7,214.5648354999994,None,217.5649570000005,None,,,,,,,,,,,,,,,,,,,,,,,,,,,,,,,,,,,,,Sub026,001,2022_Jun_16_1403,1trainingbehavior_beforeMRI,2021.2.3,60.00722486965686,
10,0,,,,,,,,0,40,40,9,,,,,,,,,,,,,,,,,,,,,,,,,,,,,,,,,,,,,,,,,,,,,space,3.041204099999959,218.0650201999997,None,10,0,37,0,7,218.0650201999997,None,221.1316941999994,None,,,,,,,,,,,,,,,,,,,,,,,,,,,,,,,,,,,,,Sub026,001,2022_Jun_16_1403,1trainingbehavior_beforeMRI,2021.2.3,60.00722486965686,
30,1,,,,,,,,0,41,41,51,,,,,,,,,,,,,,,,,,,,,,,,,,,,,,,,,,,,,,,,,,,,,space,1.7998605999982829,221.63165020000088,None,30,1,12,1,7,221.63165020000088,None,223.44853610000064,None,,,,,,,,,,,,,,,,,,,,,,,,,,,,,,,,,,,,,Sub026,001,2022_Jun_16_1403,1trainingbehavior_beforeMRI,2021.2.3,60.00722486965686,
20,1,,,,,,,,0,42,42,32,,,,,,,,,,,,,,,,,,,,,,,,,,,,,,,,,,,,,,,,,,,,,space,1.7589772999999695,223.94865050000044,None,20,1,-2,1,7,223.94865050000044,None,225.7319193000003,None,,,,,,,,,,,,,,,,,,,,,,,,,,,,,,,,,,,,,Sub026,001,2022_Jun_16_1403,1trainingbehavior_beforeMRI,2021.2.3,60.00722486965686,
30,1,,,,,,,,0,43,43,50,,,,,,,,,,,,,,,,,,,,,,,,,,,,,,,,,,,,,,,,,,,,,space,1.763767699998425,226.23194650000005,None,30,1,-2,1,7,226.23194650000005,None,228.0153491000001,None,,,,,,,,,,,,,,,,,,,,,,,,,,,,,,,,,,,,,Sub026,001,2022_Jun_16_1403,1trainingbehavior_beforeMRI,2021.2.3,60.00722486965686,
30,1,,,,,,,,0,44,44,56,,,,,,,,,,,,,,,,,,,,,,,,,,,,,,,,,,,,,,,,,,,,,space,1.7733633999996528,228.51549909999994,None,30,1,5,1,7,228.51549909999994,None,230.31551630000104,None,,,,,,,,,,,,,,,,,,,,,,,,,,,,,,,,,,,,,Sub026,001,2022_Jun_16_1403,1trainingbehavior_beforeMRI,2021.2.3,60.00722486965686,
10,1,,,,,,,,0,45,45,10,,,,,,,,,,,,,,,,,,,,,,,,,,,,,,,,,,,,,,,,,,,,,space,1.8105981999997312,230.81547259999934,None,10,1,19,0,7,230.81547259999934,None,232.64886990000014,None,,,,,,,,,,,,,,,,,,,,,,,,,,,,,,,,,,,,,Sub026,001,2022_Jun_16_1403,1trainingbehavior_beforeMRI,2021.2.3,60.00722486965686,
10,1,,,,,,,,0,46,46,15,,,,,,,,,,,,,,,,,,,,,,,,,,,,,,,,,,,,,,,,,,,,,space,1.7462892000003194,233.14892019999934,None,10,1,-9,0,7,233.14892019999934,None,234.91566070000044,None,,,,,,,,,,,,,,,,,,,,,,,,,,,,,,,,,,,,,Sub026,001,2022_Jun_16_1403,1trainingbehavior_beforeMRI,2021.2.3,60.00722486965686,
20,0,,,,,,,,0,47,47,27,,,,,,,,,,,,,,,,,,,,,,,,,,,,,,,,,,,,,,,,,,,,,space,2.9943536999999196,235.41564599999947,None,20,0,16,0,7,235.41564599999947,None,238.4324572000005,None,,,,,,,,,,,,,,,,,,,,,,,,,,,,,,,,,,,,,Sub026,001,2022_Jun_16_1403,1trainingbehavior_beforeMRI,2021.2.3,60.00722486965686,
20,0,,,,,,,,0,48,48,24,,,,,,,,,,,,,,,,,,,,,,,,,,,,,,,,,,,,,,,,,,,,,space,2.9741914000005636,238.93238089999977,None,20,0,9,1,7,238.93238089999977,None,241.93245630000092,None,,,,,,,,,,,,,,,,,,,,,,,,,,,,,,,,,,,,,Sub026,001,2022_Jun_16_1403,1trainingbehavior_beforeMRI,2021.2.3,60.00722486965686,
20,0,,,,,,,,0,49,49,28,,,,,,,,,,,,,,,,,,,,,,,,,,,,,,,,,,,,,,,,,,,,,space,2.9937628999996377,242.43254660000093,None,20,0,16,0,7,242.43254660000093,None,245.4494537999999,None,,,,,,,,,,,,,,,,,,,,,,,,,,,,,,,,,,,,,Sub026,001,2022_Jun_16_1403,1trainingbehavior_beforeMRI,2021.2.3,60.00722486965686,
30,0,,,,,,,,0,50,50,45,,,,,,,,,,,,,,,,,,,,,,,,,,,,,,,,,,,,,,,,,,,,,space,2.8958958000002895,245.9494926999996,None,30,0,-26,0,7,245.9494926999996,None,248.8661630000006,None,,,,,,,,,,,,,,,,,,,,,,,,,,,,,,,,,,,,,Sub026,001,2022_Jun_16_1403,1trainingbehavior_beforeMRI,2021.2.3,60.00722486965686,
20,1,,,,,,,,0,51,51,34,,,,,,,,,,,,,,,,,,,,,,,,,,,,,,,,,,,,,,,,,,,,,space,1.767124199999671,249.3663815,None,20,1,-2,1,7,249.3663815,None,251.14957959999992,None,,,,,,,,,,,,,,,,,,,,,,,,,,,,,,,,,,,,,Sub026,001,2022_Jun_16_1403,1trainingbehavior_beforeMRI,2021.2.3,60.00722486965686,
10,0,,,,,,,,0,52,52,4,,,,,,,,,,,,,,,,,,,,,,,,,,,,,,,,,,,,,,,,,,,,,space,1.8205194999991363,251.64948770000046,None,10,0,-26,0,7,251.64948770000046,None,253.49977659999968,None,,,,,,,,,,,,,,,,,,,,,,,,,,,,,,,,,,,,,Sub026,001,2022_Jun_16_1403,1trainingbehavior_beforeMRI,2021.2.3,60.00722486965686,
30,1,,,,,,,,0,53,53,54,,,,,,,,,,,,,,,,,,,,,,,,,,,,,,,,,,,,,,,,,,,,,space,1.7702092999988963,253.9996742000003,None,30,1,5,1,7,253.9996742000003,None,255.7997415000009,None,,,,,,,,,,,,,,,,,,,,,,,,,,,,,,,,,,,,,Sub026,001,2022_Jun_16_1403,1trainingbehavior_beforeMRI,2021.2.3,60.00722486965686,
30,0,,,,,,,,0,54,54,49,,,,,,,,,,,,,,,,,,,,,,,,,,,,,,,,,,,,,,,,,,,,,space,2.988329800000429,256.2996856999998,None,30,0,16,0,7,256.2996856999998,None,259.31657070000074,None,,,,,,,,,,,,,,,,,,,,,,,,,,,,,,,,,,,,,Sub026,001,2022_Jun_16_1403,1trainingbehavior_beforeMRI,2021.2.3,60.00722486965686,
10,1,,,,,,,,0,55,55,18,,,,,,,,,,,,,,,,,,,,,,,,,,,,,,,,,,,,,,,,,,,,,space,1.79789510000046,259.816556400001,None,10,1,12,0,7,259.816556400001,None,261.6333030000005,None,,,,,,,,,,,,,,,,,,,,,,,,,,,,,,,,,,,,,Sub026,001,2022_Jun_16_1403,1trainingbehavior_beforeMRI,2021.2.3,60.00722486965686,
30,1,,,,,,,,0,56,56,58,,,,,,,,,,,,,,,,,,,,,,,,,,,,,,,,,,,,,,,,,,,,,space,1.7954620000000432,262.133174300001,None,30,1,12,1,7,262.133174300001,None,263.95016100000066,None,,,,,,,,,,,,,,,,,,,,,,,,,,,,,,,,,,,,,Sub026,001,2022_Jun_16_1403,1trainingbehavior_beforeMRI,2021.2.3,60.00722486965686,
30,0,,,,,,,,0,57,57,42,,,,,,,,,,,,,,,,,,,,,,,,,,,,,,,,,,,,,,,,,,,,,space,3.025407199998881,264.4500551000001,None,30,0,30,0,7,264.4500551000001,None,267.50018310000087,None,,,,,,,,,,,,,,,,,,,,,,,,,,,,,,,,,,,,,Sub026,001,2022_Jun_16_1403,1trainingbehavior_beforeMRI,2021.2.3,60.00722486965686,
30,0,,,,,,,,0,58,58,48,,,,,,,,,,,,,,,,,,,,,,,,,,,,,,,,,,,,,,,,,,,,,space,2.886287399998764,268.0002798000005,None,30,0,-26,0,7,268.0002798000005,None,270.91708130000006,None,,,,,,,,,,,,,,,,,,,,,,,,,,,,,,,,,,,,,Sub026,001,2022_Jun_16_1403,1trainingbehavior_beforeMRI,2021.2.3,60.00722486965686,
10,0,,,,,,,,0,59,59,0,,,,,,,,,,,,,,,,,,,,,,,,,,,,,,,,,,,,,,,,,,,,,space,3.025547400000505,271.41693660000055,None,10,0,30,0,7,271.41693660000055,None,274.4671005,None,,,,,,,,,,,,,,,,,,,,,,,,,,,,,,,,,,,,,Sub026,001,2022_Jun_16_1403,1trainingbehavior_beforeMRI,2021.2.3,60.00722486965686,
,,,,,,,,,,,,,0,0,0,0,,,,,,,,,,,,,,,,,,,,,,,,,,,,,,,,,,,,,,,,,,,,,,,,,,,,,,274.9673745,None,18.7426821878092,9.495042796344142,25.283878271354613,48.04124298379255,[ 9.4950428  25.28387827 48.04124298],,,,,,,,,,,,,,,,,,,,,,,,,,,,,,Sub026,001,2022_Jun_16_1403,1trainingbehavior_beforeMRI,2021.2.3,60.00722486965686,
10,,,,,,,,,,,,,,,,,0,0,0,0,0,0,0,0,,,,,,,,,,,,,,,,,,,,,,,,,,,,,,,,,,,,,,,,,,,,,,,,,,,,,287.83111869999993,None,None,None,287.83111869999993,None,2,9.775763800000277,287.83111869999993,None,,,,,,,,,,,,,,,,,,,,Sub026,001,2022_Jun_16_1403,1trainingbehavior_beforeMRI,2021.2.3,60.00722486965686,
10,,,,,,,,,,,,,,,,,0,0,0,0,,,,,,,,,,,,,,,,,,,,,,,,,,,,,,,,,,,,,,,,,,,,,,,,,,,,,,,,,,,,,,,,,,,,,,,,,,,,,,,,,,,,,,Sub026,001,2022_Jun_16_1403,1trainingbehavior_beforeMRI,2021.2.3,60.00722486965686,
20,,,,,,,,,,,,,,,,,0,1,1,1,0,0,0,0,,,,,,,,,,,,,,,,,,,,,,,,,,,,,,,,,,,,,,,,,,,,,,,,,,,,,297.64142060000086,None,None,None,297.64142060000086,None,5,9.056022000000667,297.64142060000086,None,,,,,,,,,,,,,,,,,,,,Sub026,001,2022_Jun_16_1403,1trainingbehavior_beforeMRI,2021.2.3,60.00722486965686,
20,,,,,,,,,,,,,,,,,0,1,1,1,,,,,,,,,,,,,,,,,,,,,,,,,,,,,,,,,,,,,,,,,,,,,,,,,,,,,,,,,,,,,,,,,,,,,,,,,,,,,,,,,,,,,,Sub026,001,2022_Jun_16_1403,1trainingbehavior_beforeMRI,2021.2.3,60.00722486965686,
30,,,,,,,,,,,,,,,,,0,2,2,2,0,0,0,0,,,,,,,,,,,,,,,,,,,,,,,,,,,,,,,,,,,,,,,,,,,,,,,,,,,,,306.7237227000005,None,None,None,306.7237227000005,None,6,3.4928662000002078,306.7237227000005,None,,,,,,,,,,,,,,,,,,,,Sub026,001,2022_Jun_16_1403,1trainingbehavior_beforeMRI,2021.2.3,60.00722486965686,
30,,,,,,,,,,,,,,,,,0,2,2,2,,,,,,,,,,,,,,,,,,,,,,,,,,,,,,,,,,,,,,,,,,,,,,,,,,,,,,,,,,,,,,,,,,,,,,,,,,,,,,,,,,,,,,Sub026,001,2022_Jun_16_1403,1trainingbehavior_beforeMRI,2021.2.3,60.00722486965686,
,,Card_80.xlsx,80,1,,,,,,,,,,,,,,,,,,,,,,,,,,,,,0,0,0,0,0,0,0,2,0,0,0,8,,,,,,,,,,,,,,,,,,,,,,,,,,,,,,,,,,,,,,,,,,,310.2349639999993,None,315.93523020000066,None,357.5201964000007,None,80,1,,,,,,,,,,,,Sub026,001,2022_Jun_16_1403,1trainingbehavior_beforeMRI,2021.2.3,60.00722486965686,
,,Card_80.xlsx,80,1,,,,,,,,,,,,,,,,,,,,,,,,,,,,,0,0,0,0,0,0,0,2,0,1,1,5,,,,,,,,,,,,,,,,,,,,,,,,,,,,,,,,,,,,,,,,,,,,,,,,,80,1,,,,,,,,,,,,Sub026,001,2022_Jun_16_1403,1trainingbehavior_beforeMRI,2021.2.3,60.00722486965686,
,,Card_80.xlsx,80,1,,,,,,,,,,,,,,,,,,,,,,,,,,,,,0,0,0,0,0,0,0,2,0,2,2,2,,,,,,,,,,,,,,,,,,,,,,,,,,,,,,,,,,,,,,,,,,,,,,,,,80,1,,,,,,,,,,,,Sub026,001,2022_Jun_16_1403,1trainingbehavior_beforeMRI,2021.2.3,60.00722486965686,
,,Card_80.xlsx,80,1,,,,,,,,,,,,,,,,,,,,,,,,,,,,,0,0,0,0,0,0,0,2,0,3,3,4,,,,,,,,,,,,,,,,,,,,,,,,,,,,,,,,,,,,,,,,,,,,,,,,,80,1,,,,,,,,,,,,Sub026,001,2022_Jun_16_1403,1trainingbehavior_beforeMRI,2021.2.3,60.00722486965686,
,,Card_80.xlsx,80,1,,,,,,,,,,,,,,,,,,,,,,,,,,,,,0,0,0,0,0,0,0,2,0,4,4,6,,,,,,,,,,,,,,,,,,,,,,,,,,,,,,,,,,,,,,,,,,,,,,,,,80,1,,,,,,,,,,,,Sub026,001,2022_Jun_16_1403,1trainingbehavior_beforeMRI,2021.2.3,60.00722486965686,
,,Card_80.xlsx,80,0,,,,,,,,,,,,,,,,,,,,,,,,,,,,,0,0,0,0,0,0,0,2,0,5,5,1,,,,,,,,,,,,,,,,,,,,,,,,,,,,,,,,,,,,,,,,,,,,,,,,,80,0,,,,,,,,,,,,Sub026,001,2022_Jun_16_1403,1trainingbehavior_beforeMRI,2021.2.3,60.00722486965686,
,,Card_80.xlsx,80,1,,,,,,,,,,,,,,,,,,,,,,,,,,,,,0,0,0,0,0,0,0,2,0,6,6,7,,,,,,,,,,,,,,,,,,,,,,,,,,,,,,,,,,,,,,,,,,,,,,,,,80,1,,,,,,,,,,,,Sub026,001,2022_Jun_16_1403,1trainingbehavior_beforeMRI,2021.2.3,60.00722486965686,
,,Card_80.xlsx,80,0,,,,,,,,,,,,,,,,,,,,,,,,,,,,,0,0,0,0,0,0,0,2,0,7,7,0,,,,,,,,,,,,,,,,,,,,,,,,,,,,,,,,,,,,,,,,,,,,,,,,,80,0,,,,,,,,,,,,Sub026,001,2022_Jun_16_1403,1trainingbehavior_beforeMRI,2021.2.3,60.00722486965686,
,,Card_80.xlsx,80,1,,,,,,,,,,,,,,,,,,,,,,,,,,,,,0,0,0,0,0,0,0,2,0,8,8,3,,,,,,,,,,,,,,,,,,,,,,,,,,,,,,,,,,,,,,,,,,,,,,,,,80,1,,,,,,,,,,,,Sub026,001,2022_Jun_16_1403,1trainingbehavior_beforeMRI,2021.2.3,60.00722486965686,
,,Card_80.xlsx,80,1,,,,,,,,,,,,,,,,,,,,,,,,,,,,,0,0,0,0,0,0,0,2,0,9,9,9,,,,,,,,,,,,,,,,,,,,,,,,,,,,,,,,,,,,,,,,,,,,,,,,,80,1,,,,,,,,,,,,Sub026,001,2022_Jun_16_1403,1trainingbehavior_beforeMRI,2021.2.3,60.00722486965686,
,,Card_80.xlsx,,,,,,,,,,,,,,,,,,,,,,,,,,,,,,,0,0,0,0,0,0,0,2,,,,,0,0,0,0,,,,,,,,,,,,,,,,,,,,,,,,,,,,,,,,,,,,,,,,,,,,,,,80,None,None,401.8751142000001,None,5,5.390058799999679,401.8751142000001,None,,,Sub026,001,2022_Jun_16_1403,1trainingbehavior_beforeMRI,2021.2.3,60.00722486965686,
,,Card_80.xlsx,,,,,,,,,,,,,,,,,,,,,,,,,,,,,,,0,0,0,0,0,0,0,2,,,,,,,,,,,,,,,,,,,,,,,,,,,,,,,,,,,,,,,,,,,,,,,,,,,,,,,,,,,,,,,,,,Sub026,001,2022_Jun_16_1403,1trainingbehavior_beforeMRI,2021.2.3,60.00722486965686,
,,Card_20.xlsx,20,1,,,,,,,,,,,,,,,,,,,,,,,,,,,,,0,0,0,0,0,1,1,0,0,0,0,9,,,,,,,,,,,,,,,,,,,,,,,,,,,,,,,,,,,,,,,,,,,,,,,,,20,1,,,,,,,,,,,,Sub026,001,2022_Jun_16_1403,1trainingbehavior_beforeMRI,2021.2.3,60.00722486965686,
,,Card_20.xlsx,20,0,,,,,,,,,,,,,,,,,,,,,,,,,,,,,0,0,0,0,0,1,1,0,0,1,1,3,,,,,,,,,,,,,,,,,,,,,,,,,,,,,,,,,,,,,,,,,,,,,,,,,20,0,,,,,,,,,,,,Sub026,001,2022_Jun_16_1403,1trainingbehavior_beforeMRI,2021.2.3,60.00722486965686,
,,Card_20.xlsx,20,1,,,,,,,,,,,,,,,,,,,,,,,,,,,,,0,0,0,0,0,1,1,0,0,2,2,8,,,,,,,,,,,,,,,,,,,,,,,,,,,,,,,,,,,,,,,,,,,,,,,,,20,1,,,,,,,,,,,,Sub026,001,2022_Jun_16_1403,1trainingbehavior_beforeMRI,2021.2.3,60.00722486965686,
,,Card_20.xlsx,20,0,,,,,,,,,,,,,,,,,,,,,,,,,,,,,0,0,0,0,0,1,1,0,0,3,3,0,,,,,,,,,,,,,,,,,,,,,,,,,,,,,,,,,,,,,,,,,,,,,,,,,20,0,,,,,,,,,,,,Sub026,001,2022_Jun_16_1403,1trainingbehavior_beforeMRI,2021.2.3,60.00722486965686,
,,Card_20.xlsx,20,0,,,,,,,,,,,,,,,,,,,,,,,,,,,,,0,0,0,0,0,1,1,0,0,4,4,6,,,,,,,,,,,,,,,,,,,,,,,,,,,,,,,,,,,,,,,,,,,,,,,,,20,0,,,,,,,,,,,,Sub026,001,2022_Jun_16_1403,1trainingbehavior_beforeMRI,2021.2.3,60.00722486965686,
,,Card_20.xlsx,20,0,,,,,,,,,,,,,,,,,,,,,,,,,,,,,0,0,0,0,0,1,1,0,0,5,5,2,,,,,,,,,,,,,,,,,,,,,,,,,,,,,,,,,,,,,,,,,,,,,,,,,20,0,,,,,,,,,,,,Sub026,001,2022_Jun_16_1403,1trainingbehavior_beforeMRI,2021.2.3,60.00722486965686,
,,Card_20.xlsx,20,0,,,,,,,,,,,,,,,,,,,,,,,,,,,,,0,0,0,0,0,1,1,0,0,6,6,1,,,,,,,,,,,,,,,,,,,,,,,,,,,,,,,,,,,,,,,,,,,,,,,,,20,0,,,,,,,,,,,,Sub026,001,2022_Jun_16_1403,1trainingbehavior_beforeMRI,2021.2.3,60.00722486965686,
,,Card_20.xlsx,20,0,,,,,,,,,,,,,,,,,,,,,,,,,,,,,0,0,0,0,0,1,1,0,0,7,7,7,,,,,,,,,,,,,,,,,,,,,,,,,,,,,,,,,,,,,,,,,,,,,,,,,20,0,,,,,,,,,,,,Sub026,001,2022_Jun_16_1403,1trainingbehavior_beforeMRI,2021.2.3,60.00722486965686,
,,Card_20.xlsx,20,0,,,,,,,,,,,,,,,,,,,,,,,,,,,,,0,0,0,0,0,1,1,0,0,8,8,5,,,,,,,,,,,,,,,,,,,,,,,,,,,,,,,,,,,,,,,,,,,,,,,,,20,0,,,,,,,,,,,,Sub026,001,2022_Jun_16_1403,1trainingbehavior_beforeMRI,2021.2.3,60.00722486965686,
,,Card_20.xlsx,20,0,,,,,,,,,,,,,,,,,,,,,,,,,,,,,0,0,0,0,0,1,1,0,0,9,9,4,,,,,,,,,,,,,,,,,,,,,,,,,,,,,,,,,,,,,,,,,,,,,,,,,20,0,,,,,,,,,,,,Sub026,001,2022_Jun_16_1403,1trainingbehavior_beforeMRI,2021.2.3,60.00722486965686,
,,Card_20.xlsx,,,,,,,,,,,,,,,,,,,,,,,,,,,,,,,0,0,0,0,0,1,1,0,,,,,0,0,0,0,,,,,,,,,,,,,,,,,,,,,,,,,,,,,,,,,,,,,,,,,,,,,,,20,None,None,442.30658890000086,None,2,2.697088900000381,442.30658890000086,None,,,Sub026,001,2022_Jun_16_1403,1trainingbehavior_beforeMRI,2021.2.3,60.00722486965686,
,,Card_20.xlsx,,,,,,,,,,,,,,,,,,,,,,,,,,,,,,,0,0,0,0,0,1,1,0,,,,,,,,,,,,,,,,,,,,,,,,,,,,,,,,,,,,,,,,,,,,,,,,,,,,,,,,,,,,,,,,,,Sub026,001,2022_Jun_16_1403,1trainingbehavior_beforeMRI,2021.2.3,60.00722486965686,
,,Card_50.xlsx,50,1,,,,,,,,,,,,,,,,,,,,,,,,,,,,,0,0,0,0,0,2,2,1,0,0,0,9,,,,,,,,,,,,,,,,,,,,,,,,,,,,,,,,,,,,,,,,,,,,,,,,,50,1,,,,,,,,,,,,Sub026,001,2022_Jun_16_1403,1trainingbehavior_beforeMRI,2021.2.3,60.00722486965686,
,,Card_50.xlsx,50,1,,,,,,,,,,,,,,,,,,,,,,,,,,,,,0,0,0,0,0,2,2,1,0,1,1,5,,,,,,,,,,,,,,,,,,,,,,,,,,,,,,,,,,,,,,,,,,,,,,,,,50,1,,,,,,,,,,,,Sub026,001,2022_Jun_16_1403,1trainingbehavior_beforeMRI,2021.2.3,60.00722486965686,
,,Card_50.xlsx,50,0,,,,,,,,,,,,,,,,,,,,,,,,,,,,,0,0,0,0,0,2,2,1,0,2,2,2,,,,,,,,,,,,,,,,,,,,,,,,,,,,,,,,,,,,,,,,,,,,,,,,,50,0,,,,,,,,,,,,Sub026,001,2022_Jun_16_1403,1trainingbehavior_beforeMRI,2021.2.3,60.00722486965686,
,,Card_50.xlsx,50,0,,,,,,,,,,,,,,,,,,,,,,,,,,,,,0,0,0,0,0,2,2,1,0,3,3,3,,,,,,,,,,,,,,,,,,,,,,,,,,,,,,,,,,,,,,,,,,,,,,,,,50,0,,,,,,,,,,,,Sub026,001,2022_Jun_16_1403,1trainingbehavior_beforeMRI,2021.2.3,60.00722486965686,
,,Card_50.xlsx,50,0,,,,,,,,,,,,,,,,,,,,,,,,,,,,,0,0,0,0,0,2,2,1,0,4,4,4,,,,,,,,,,,,,,,,,,,,,,,,,,,,,,,,,,,,,,,,,,,,,,,,,50,0,,,,,,,,,,,,Sub026,001,2022_Jun_16_1403,1trainingbehavior_beforeMRI,2021.2.3,60.00722486965686,
,,Card_50.xlsx,50,1,,,,,,,,,,,,,,,,,,,,,,,,,,,,,0,0,0,0,0,2,2,1,0,5,5,6,,,,,,,,,,,,,,,,,,,,,,,,,,,,,,,,,,,,,,,,,,,,,,,,,50,1,,,,,,,,,,,,Sub026,001,2022_Jun_16_1403,1trainingbehavior_beforeMRI,2021.2.3,60.00722486965686,
,,Card_50.xlsx,50,1,,,,,,,,,,,,,,,,,,,,,,,,,,,,,0,0,0,0,0,2,2,1,0,6,6,8,,,,,,,,,,,,,,,,,,,,,,,,,,,,,,,,,,,,,,,,,,,,,,,,,50,1,,,,,,,,,,,,Sub026,001,2022_Jun_16_1403,1trainingbehavior_beforeMRI,2021.2.3,60.00722486965686,
,,Card_50.xlsx,50,0,,,,,,,,,,,,,,,,,,,,,,,,,,,,,0,0,0,0,0,2,2,1,0,7,7,1,,,,,,,,,,,,,,,,,,,,,,,,,,,,,,,,,,,,,,,,,,,,,,,,,50,0,,,,,,,,,,,,Sub026,001,2022_Jun_16_1403,1trainingbehavior_beforeMRI,2021.2.3,60.00722486965686,
,,Card_50.xlsx,50,1,,,,,,,,,,,,,,,,,,,,,,,,,,,,,0,0,0,0,0,2,2,1,0,8,8,7,,,,,,,,,,,,,,,,,,,,,,,,,,,,,,,,,,,,,,,,,,,,,,,,,50,1,,,,,,,,,,,,Sub026,001,2022_Jun_16_1403,1trainingbehavior_beforeMRI,2021.2.3,60.00722486965686,
,,Card_50.xlsx,50,0,,,,,,,,,,,,,,,,,,,,,,,,,,,,,0,0,0,0,0,2,2,1,0,9,9,0,,,,,,,,,,,,,,,,,,,,,,,,,,,,,,,,,,,,,,,,,,,,,,,,,50,0,,,,,,,,,,,,Sub026,001,2022_Jun_16_1403,1trainingbehavior_beforeMRI,2021.2.3,60.00722486965686,
,,Card_50.xlsx,,,,,,,,,,,,,,,,,,,,,,,,,,,,,,,0,0,0,0,0,2,2,1,,,,,0,0,0,0,,,,,,,,,,,,,,,,,,,,,,,,,,,,,,,,,,,,,,,,,,,,,,,50,None,None,480.02464150000014,None,4,3.3973963999997068,480.02464150000014,None,,,Sub026,001,2022_Jun_16_1403,1trainingbehavior_beforeMRI,2021.2.3,60.00722486965686,
,,Card_50.xlsx,,,,,,,,,,,,,,,,,,,,,,,,,,,,,,,0,0,0,0,0,2,2,1,,,,,,,,,,,,,,,,,,,,,,,,,,,,,,,,,,,,,,,,,,,,,,,,,,,,,,,,,,,,,,,,,,Sub026,001,2022_Jun_16_1403,1trainingbehavior_beforeMRI,2021.2.3,60.00722486965686,
,,,,,,,,,,,,,,,,,,,,,,,,,,,,,,,,,0,0,0,0,,,,,,,,,,,,,,,,,,,,,,,,,,,,,,,,,,,,,,,,,,,,,,,,,,,,,,,,,,,,,,,,,,,,483.4413783,None,Sub026,001,2022_Jun_16_1403,1trainingbehavior_beforeMRI,2021.2.3,60.00722486965686,
