﻿current_pair,current_pair_SE,current_pair_RE,current_card_prob,ITI_Play,Play_block_Q,start_MRI.thisRepN,start_MRI.thisTrialN,start_MRI.thisN,start_MRI.thisIndex,L_subjects.thisRepN,L_subjects.thisTrialN,L_subjects.thisN,L_subjects.thisIndex,fMRI_trials_Play_L.thisRepN,fMRI_trials_Play_L.thisTrialN,fMRI_trials_Play_L.thisN,fMRI_trials_Play_L.thisIndex,Q_Play_L.thisRepN,Q_Play_L.thisTrialN,Q_Play_L.thisN,Q_Play_L.thisIndex,R_subjects.thisRepN,R_subjects.thisTrialN,R_subjects.thisN,R_subjects.thisIndex,fMRI_center.started,fMRI_center.stopped,fMR_Instr1_text.started,fMR_Instr1_text.stopped,text_SE_7.started,text_SE_7.stopped,fMRI_center_2.started,fMRI_center_2.stopped,fMR_Instr2_text_2.started,fMR_Instr2_text_2.stopped,text_SE_8.started,text_SE_8.stopped,Slider_rating_Play_instr_L.response,Slider_rating_Play_instr_L.rt,Slider_rating_Play_instr_L.started,Slider_rating_Play_instr_L.stopped,fMRI_center_instrTimePlay_L.started,fMRI_center_instrTimePlay_L.stopped,fMR_Instr2_text_6.started,fMR_Instr2_text_6.stopped,fMRI_instr3_Q_play.started,fMRI_instr3_Q_play.stopped,text_SE_3.started,text_SE_3.stopped,PairQuestionONSET_attri_R_2.started,PairQuestionONSET_attri_R_2.stopped,key_resp_rating_Attri_R_2.keys,key_resp_rating_Attri_R_2.rt,key_resp_rating_Attri_R_2.started,key_resp_rating_Attri_R_2.stopped,text_SE_18.started,text_SE_18.stopped,fMR_Instr2_text_9.started,fMR_Instr2_text_9.stopped,Ready_text.started,Ready_text.stopped,trigger_2.keys,trigger_2.rt,trigger_2.started,trigger_2.stopped,center_OnsetTime.started,center_OnsetTime.stopped,PairONSET_card_prob.started,PairONSET_card_prob.stopped,text_SE_9.started,text_SE_9.stopped,fixOnset_text_5.started,fixOnset_text_5.stopped,current_pair,current_pair_SE,current_pair_RE,target_pair,card_pair,ISI1_Play,type_Q,Play_block_Q,PairQuestionONSET_text_2.started,PairQuestionONSET_text_2.stopped,key_resp_rating_play_L.keys,key_resp_rating_play_L.rt,key_resp_rating_play_L.started,key_resp_rating_play_L.stopped,Rating_pair_Play,ISI2_Play,fixOnset_text.started,fixOnset_text.stopped,PairQuestionONSET_attri_2.started,PairQuestionONSET_attri_2.stopped,key_resp_rating_Attri_L2.keys,key_resp_rating_Attri_L2.started,key_resp_rating_Attri_L2.stopped,ITI_actual_Play,Attri_Ans,lagTime,text_SE_19.started,text_SE_19.stopped,fixOnset_text_ITI.started,fixOnset_text_ITI.stopped,key_resp_rating_Attri_L2.rt,Final_text_Q.started,Final_text_Q.stopped,key_resp_3.keys,participant,session,date,expName,psychopyVersion,frameRate,
,,,,,,0,0,0,0,,,,,,,,,,,,,,,,,13.095154100097716,None,13.095154100097716,None,13.095154100097716,None,,,,,,,,,,,,,,,,,,,,,,,,,,,,,,,,,,,,,,,,,,,,,,,,,,,,,,,,,,,,,,,,,,,,,,,,,,,,,Sub034,001,2022_Sep_15_1208,2_3_MRI_Rating_Play_Eyetracking,2021.2.3,60.127843941278,
0,0,0,20,3,1,,,,,0,0,0,0,0,0,0,63,0,0,0,0,,,,,,,,,,,54.06925280019641,None,54.06925280019641,None,54.06925280019641,None,None,None,144.39329450018704,None,144.39329450018704,None,144.39329450018704,None,144.39329450018704,None,144.39329450018704,None,160.82661120034754,None,g,4.332627899944782,160.82661120034754,None,160.82661120034754,None,160.82661120034754,None,165.184877499938,None,t,16.653218099847436,165.184877499938,None,181.93954230006784,None,181.93954230006784,None,181.93954230006784,None,183.98806300014257,None,0,0,0,11.041620467121463,20,3,2,1,187.09817280061543,None,b,1.8585454998537898,187.09817280061543,None,Definitely No,1.1414545001462102,189.0896950000897,None,190.34782820008695,None,None,190.34782820008695,None,0.6354048000000034,,-0.36459519999999657,190.34782820008695,None,192.33174760080874,None,,,,,Sub034,001,2022_Sep_15_1208,2_3_MRI_Rating_Play_Eyetracking,2021.2.3,60.127843941278,
0,0,0,20,3,1,,,,,0,0,0,0,0,0,0,63,,,,,,,,,,,,,,,,,,,,,,,,,,,,,,,,,,,,,,,,,,,,,,,,,,,,,,,,,0,0,0,,,,,1,,,,,,,,,,,,,,,,,,,,,,,,,,,Sub034,001,2022_Sep_15_1208,2_3_MRI_Rating_Play_Eyetracking,2021.2.3,60.127843941278,
4,1,1,50,1,1,,,,,0,0,0,0,0,1,1,31,0,0,0,0,,,,,,,,,,,,,,,,,,,,,,,,,,,,,,,,,,,,,,,,,,,,,193.07534170057625,None,193.07534170057625,None,193.07534170057625,None,195.08640200085938,None,4,1,1,29.40218320202695,50,1,2,1,196.18719840049744,None,g,0.7740415995940566,196.18719840049744,None,Yes,2.2259584004059434,197.08719800040126,None,199.42499670013785,None,g,199.42499670013785,None,1.3967422000000056,Bar,0.3967422000000056,199.42499670013785,None,200.7075477000326,None,1.1620186995714903,,,,Sub034,001,2022_Sep_15_1208,2_3_MRI_Rating_Play_Eyetracking,2021.2.3,60.127843941278,
4,1,1,50,1,1,,,,,0,0,0,0,0,1,1,31,,,,,,,,,,,,,,,,,,,,,,,,,,,,,,,,,,,,,,,,,,,,,,,,,,,,,,,,,4,1,1,,,,,1,,,,,,,,,,,,,,,,,,,,,,,,,,,Sub034,001,2022_Sep_15_1208,2_3_MRI_Rating_Play_Eyetracking,2021.2.3,60.127843941278,
5,1,2,80,1,1,,,,,0,0,0,0,0,2,2,59,0,0,0,0,,,,,,,,,,,,,,,,,,,,,,,,,,,,,,,,,,,,,,,,,,,,,202.2208511000499,None,202.2208511000499,None,202.2208511000499,None,204.2354054003954,None,5,1,2,29.40218320202695,80,1,2,1,205.33843500074,None,g,0.6424686005339026,205.33843500074,None,Yes,2.3575313994660974,206.08468650002033,None,208.55040810070932,None,b,208.55040810070932,None,1.6204936999999973,Definitely Card,0.6204936999999973,208.55040810070932,None,209.62036589998752,None,0.9377942997962236,,,,Sub034,001,2022_Sep_15_1208,2_3_MRI_Rating_Play_Eyetracking,2021.2.3,60.127843941278,
5,1,2,80,1,1,,,,,0,0,0,0,0,2,2,59,,,,,,,,,,,,,,,,,,,,,,,,,,,,,,,,,,,,,,,,,,,,,,,,,,,,,,,,,5,1,2,,,,,1,,,,,,,,,,,,,,,,,,,,,,,,,,,Sub034,001,2022_Sep_15_1208,2_3_MRI_Rating_Play_Eyetracking,2021.2.3,60.127843941278,
1,0,1,50,1,0,,,,,0,0,0,0,0,3,3,1,,,,,,,,,,,,,,,,,,,,,,,,,,,,,,,,,,,,,,,,,,,,,,,,,211.35679020080715,None,211.35679020080715,None,211.35679020080715,None,213.3706529000774,None,1,0,1,11.041620467121463,50,1,2,0,,,,,,,,,,,,,,,,,,,,,,,,,,,Sub034,001,2022_Sep_15_1208,2_3_MRI_Rating_Play_Eyetracking,2021.2.3,60.127843941278,
5,1,2,80,2,1,,,,,0,0,0,0,0,4,4,68,0,0,0,0,,,,,,,,,,,,,,,,,,,,,,,,,,,,,,,,,,,,,,,,,,,,,214.47303030081093,None,214.47303030081093,None,214.47303030081093,None,216.48834690079093,None,5,1,2,29.40218320202695,80,2,2,1,218.60226560011506,None,g,1.0566660994663835,218.60226560011506,None,Yes,1.9433339005336165,219.76751130074263,None,221.82001430075616,None,b,221.82001430075616,None,1.7122716000000082,Definitely Card,0.7122716000000082,221.82001430075616,None,222.76497460063547,None,0.8234753990545869,,,,Sub034,001,2022_Sep_15_1208,2_3_MRI_Rating_Play_Eyetracking,2021.2.3,60.127843941278,
5,1,2,80,2,1,,,,,0,0,0,0,0,4,4,68,,,,,,,,,,,,,,,,,,,,,,,,,,,,,,,,,,,,,,,,,,,,,,,,,,,,,,,,,5,1,2,,,,,1,,,,,,,,,,,,,,,,,,,,,,,,,,,Sub034,001,2022_Sep_15_1208,2_3_MRI_Rating_Play_Eyetracking,2021.2.3,60.127843941278,
5,1,2,80,3,0,,,,,0,0,0,0,0,5,5,23,,,,,,,,,,,,,,,,,,,,,,,,,,,,,,,,,,,,,,,,,,,,,,,,,224.5676794005558,None,224.5676794005558,None,224.5676794005558,None,226.60298310033977,None,5,1,2,29.40218320202695,80,3,2,0,,,,,,,,,,,,,,,,,,,,,,,,,,,Sub034,001,2022_Sep_15_1208,2_3_MRI_Rating_Play_Eyetracking,2021.2.3,60.127843941278,
8,2,2,80,1,0,,,,,0,0,0,0,0,6,6,8,,,,,,,,,,,,,,,,,,,,,,,,,,,,,,,,,,,,,,,,,,,,,,,,,229.705465500243,None,229.705465500243,None,229.705465500243,None,231.72126490063965,None,8,2,2,55.86632763783208,80,1,2,0,,,,,,,,,,,,,,,,,,,,,,,,,,,Sub034,001,2022_Sep_15_1208,2_3_MRI_Rating_Play_Eyetracking,2021.2.3,60.127843941278,
2,0,2,80,2,1,,,,,0,0,0,0,0,7,7,38,0,0,0,0,,,,,,,,,,,,,,,,,,,,,,,,,,,,,,,,,,,,,,,,,,,,,232.82398160081357,None,232.82398160081357,None,232.82398160081357,None,234.80543280020356,None,2,0,2,11.041620467121463,80,2,2,1,236.9020153004676,None,y,1.022028099745512,236.9020153004676,None,No,1.977971900254488,238.025369300507,None,240.08651380054653,None,r,240.08651380054653,None,1.7795657000000062,Definitely Bar,0.7795657000000062,240.08651380054653,None,241.03581290040165,None,0.838807700201869,,,,Sub034,001,2022_Sep_15_1208,2_3_MRI_Rating_Play_Eyetracking,2021.2.3,60.127843941278,
2,0,2,80,2,1,,,,,0,0,0,0,0,7,7,38,,,,,,,,,,,,,,,,,,,,,,,,,,,,,,,,,,,,,,,,,,,,,,,,,,,,,,,,,2,0,2,,,,,1,,,,,,,,,,,,,,,,,,,,,,,,,,,Sub034,001,2022_Sep_15_1208,2_3_MRI_Rating_Play_Eyetracking,2021.2.3,60.127843941278,
3,1,0,20,2,1,,,,,0,0,0,0,0,8,8,12,0,0,0,0,,,,,,,,,,,,,,,,,,,,,,,,,,,,,,,,,,,,,,,,,,,,,242.9196911007166,None,242.9196911007166,None,242.9196911007166,None,244.93827000074089,None,3,1,0,29.40218320202695,20,2,2,1,247.04129200056195,None,y,0.9605121994391084,247.04129200056195,None,No,2.0394878005608916,248.1163229001686,None,250.2615060005337,None,y,250.2615060005337,None,1.5403568999999777,Card,0.5403568999999777,250.2615060005337,None,251.40443730074912,None,1.0172445001080632,,,,Sub034,001,2022_Sep_15_1208,2_3_MRI_Rating_Play_Eyetracking,2021.2.3,60.127843941278,
3,1,0,20,2,1,,,,,0,0,0,0,0,8,8,12,,,,,,,,,,,,,,,,,,,,,,,,,,,,,,,,,,,,,,,,,,,,,,,,,,,,,,,,,3,1,0,,,,,1,,,,,,,,,,,,,,,,,,,,,,,,,,,Sub034,001,2022_Sep_15_1208,2_3_MRI_Rating_Play_Eyetracking,2021.2.3,60.127843941278,
0,0,0,20,2,1,,,,,0,0,0,0,0,9,9,9,0,0,0,0,,,,,,,,,,,,,,,,,,,,,,,,,,,,,,,,,,,,,,,,,,,,,253.05656359996647,None,253.05656359996647,None,253.05656359996647,None,255.0723838005215,None,0,0,0,11.041620467121463,20,2,2,1,257.1525396006182,None,y,1.0874618999660015,257.1525396006182,None,No,1.9125381000339985,258.36985990032554,None,260.38199910055846,None,b,260.38199910055846,None,1.3369742000000144,Definitely Card,0.33697420000001443,260.38199910055846,None,261.73910710029304,None,1.239261600188911,,,,Sub034,001,2022_Sep_15_1208,2_3_MRI_Rating_Play_Eyetracking,2021.2.3,60.127843941278,
0,0,0,20,2,1,,,,,0,0,0,0,0,9,9,9,,,,,,,,,,,,,,,,,,,,,,,,,,,,,,,,,,,,,,,,,,,,,,,,,,,,,,,,,0,0,0,,,,,1,,,,,,,,,,,,,,,,,,,,,,,,,,,Sub034,001,2022_Sep_15_1208,2_3_MRI_Rating_Play_Eyetracking,2021.2.3,60.127843941278,
0,0,0,20,3,1,,,,,0,0,0,0,0,10,10,45,0,0,0,0,,,,,,,,,,,,,,,,,,,,,,,,,,,,,,,,,,,,,,,,,,,,,263.1888306001201,None,263.1888306001201,None,263.1888306001201,None,265.2046594005078,None,0,0,0,11.041620467121463,20,3,2,1,268.31290640030056,None,y,0.6442057006061077,268.31290640030056,None,No,2.3557942993938923,269.09163499996066,None,271.5506871007383,None,None,271.5506871007383,None,0.6413592000000108,,-0.3586407999999892,271.5506871007383,None,273.56681180000305,None,,,,,Sub034,001,2022_Sep_15_1208,2_3_MRI_Rating_Play_Eyetracking,2021.2.3,60.127843941278,
0,0,0,20,3,1,,,,,0,0,0,0,0,10,10,45,,,,,,,,,,,,,,,,,,,,,,,,,,,,,,,,,,,,,,,,,,,,,,,,,,,,,,,,,0,0,0,,,,,1,,,,,,,,,,,,,,,,,,,,,,,,,,,Sub034,001,2022_Sep_15_1208,2_3_MRI_Rating_Play_Eyetracking,2021.2.3,60.127843941278,
8,2,2,80,2,1,,,,,0,0,0,0,0,11,11,17,0,0,0,0,,,,,,,,,,,,,,,,,,,,,,,,,,,,,,,,,,,,,,,,,,,,,274.32625270076096,None,274.32625270076096,None,274.32625270076096,None,276.3388233007863,None,8,2,2,55.86632763783208,80,2,2,1,278.4432056006044,None,r,0.5841614995151758,278.4432056006044,None,Definitely Yes,2.415838500484824,279.15928889997303,None,281.69397679995745,None,r,281.69397679995745,None,1.7075550999999791,Definitely Bar,0.7075550999999791,281.69397679995745,None,282.6397637007758,None,0.8214432997629046,,,,Sub034,001,2022_Sep_15_1208,2_3_MRI_Rating_Play_Eyetracking,2021.2.3,60.127843941278,
8,2,2,80,2,1,,,,,0,0,0,0,0,11,11,17,,,,,,,,,,,,,,,,,,,,,,,,,,,,,,,,,,,,,,,,,,,,,,,,,,,,,,,,,8,2,2,,,,,1,,,,,,,,,,,,,,,,,,,,,,,,,,,Sub034,001,2022_Sep_15_1208,2_3_MRI_Rating_Play_Eyetracking,2021.2.3,60.127843941278,
0,0,0,20,1,0,,,,,0,0,0,0,0,12,12,0,,,,,,,,,,,,,,,,,,,,,,,,,,,,,,,,,,,,,,,,,,,,,,,,,284.45796160027385,None,284.45796160027385,None,284.45796160027385,None,286.472584400326,None,0,0,0,11.041620467121463,20,1,2,0,,,,,,,,,,,,,,,,,,,,,,,,,,,Sub034,001,2022_Sep_15_1208,2_3_MRI_Rating_Play_Eyetracking,2021.2.3,60.127843941278,
5,1,2,80,2,1,,,,,0,0,0,0,0,13,13,14,0,0,0,0,,,,,,,,,,,,,,,,,,,,,,,,,,,,,,,,,,,,,,,,,,,,,287.55240230076015,None,287.55240230076015,None,287.55240230076015,None,289.58162680082023,None,5,1,2,29.40218320202695,80,2,2,1,291.69173830002546,None,g,0.6401939997449517,291.69173830002546,None,Yes,2.3598060002550483,292.4591962005943,None,294.9268126003444,None,b,294.9268126003444,None,1.6770156000000043,Definitely Card,0.6770156000000043,294.9268126003444,None,295.8820430999622,None,0.8549824003130198,,,,Sub034,001,2022_Sep_15_1208,2_3_MRI_Rating_Play_Eyetracking,2021.2.3,60.127843941278,
5,1,2,80,2,1,,,,,0,0,0,0,0,13,13,14,,,,,,,,,,,,,,,,,,,,,,,,,,,,,,,,,,,,,,,,,,,,,,,,,,,,,,,,,5,1,2,,,,,1,,,,,,,,,,,,,,,,,,,,,,,,,,,Sub034,001,2022_Sep_15_1208,2_3_MRI_Rating_Play_Eyetracking,2021.2.3,60.127843941278,
8,2,2,80,3,1,,,,,0,0,0,0,0,14,14,53,0,0,0,0,,,,,,,,,,,,,,,,,,,,,,,,,,,,,,,,,,,,,,,,,,,,,297.6776704005897,None,297.6776704005897,None,297.6776704005897,None,299.6878467006609,None,8,2,2,55.86632763783208,80,3,2,1,302.7927079005167,None,r,0.7772503001615405,302.7927079005167,None,Definitely Yes,2.2227496998384595,303.6910877004266,None,306.00289930030704,None,r,306.00289930030704,None,1.7111214999999902,Definitely Bar,0.7111214999999902,306.00289930030704,None,306.9848163006827,None,0.8649170994758606,,,,Sub034,001,2022_Sep_15_1208,2_3_MRI_Rating_Play_Eyetracking,2021.2.3,60.127843941278,
8,2,2,80,3,1,,,,,0,0,0,0,0,14,14,53,,,,,,,,,,,,,,,,,,,,,,,,,,,,,,,,,,,,,,,,,,,,,,,,,,,,,,,,,8,2,2,,,,,1,,,,,,,,,,,,,,,,,,,,,,,,,,,Sub034,001,2022_Sep_15_1208,2_3_MRI_Rating_Play_Eyetracking,2021.2.3,60.127843941278,
2,0,2,80,2,1,,,,,0,0,0,0,0,15,15,11,0,0,0,0,,,,,,,,,,,,,,,,,,,,,,,,,,,,,,,,,,,,,,,,,,,,,308.81182860024273,None,308.81182860024273,None,308.81182860024273,None,310.8219371000305,None,2,0,2,11.041620467121463,80,2,2,1,312.9032700005919,None,g,0.8595922999083996,312.9032700005919,None,Yes,2.1404077000916004,313.8943783007562,None,316.14505970012397,None,b,316.14505970012397,None,1.973692500000027,Definitely Card,0.9736925000000269,316.14505970012397,None,316.86455509997904,None,0.5890051005408168,,,,Sub034,001,2022_Sep_15_1208,2_3_MRI_Rating_Play_Eyetracking,2021.2.3,60.127843941278,
2,0,2,80,2,1,,,,,0,0,0,0,0,15,15,11,,,,,,,,,,,,,,,,,,,,,,,,,,,,,,,,,,,,,,,,,,,,,,,,,,,,,,,,,2,0,2,,,,,1,,,,,,,,,,,,,,,,,,,,,,,,,,,Sub034,001,2022_Sep_15_1208,2_3_MRI_Rating_Play_Eyetracking,2021.2.3,60.127843941278,
8,2,2,80,3,1,,,,,0,0,0,0,0,16,16,71,0,0,0,0,,,,,,,,,,,,,,,,,,,,,,,,,,,,,,,,,,,,,,,,,,,,,318.94336050003767,None,318.94336050003767,None,318.94336050003767,None,320.9550296999514,None,8,2,2,55.86632763783208,80,3,2,1,324.06192480027676,None,r,0.7040485003963113,324.06192480027676,None,Definitely Yes,2.2959514996036887,324.89405840076506,None,327.2916403003037,None,r,327.2916403003037,None,1.9228132000000073,Definitely Bar,0.9228132000000073,327.2916403003037,None,328.0409173006192,None,0.6172362994402647,,,,Sub034,001,2022_Sep_15_1208,2_3_MRI_Rating_Play_Eyetracking,2021.2.3,60.127843941278,
8,2,2,80,3,1,,,,,0,0,0,0,0,16,16,71,,,,,,,,,,,,,,,,,,,,,,,,,,,,,,,,,,,,,,,,,,,,,,,,,,,,,,,,,8,2,2,,,,,1,,,,,,,,,,,,,,,,,,,,,,,,,,,Sub034,001,2022_Sep_15_1208,2_3_MRI_Rating_Play_Eyetracking,2021.2.3,60.127843941278,
2,0,2,80,1,1,,,,,0,0,0,0,0,17,17,29,0,0,0,0,,,,,,,,,,,,,,,,,,,,,,,,,,,,,,,,,,,,,,,,,,,,,330.0781020000577,None,330.0781020000577,None,330.0781020000577,None,332.0678349006921,None,2,0,2,11.041620467121463,80,1,2,1,333.1578659005463,None,g,1.0499387998133898,333.1578659005463,None,Yes,1.9500612001866102,334.3167301006615,None,336.3804815001786,None,b,336.3804815001786,None,2.054373300000009,Definitely Card,1.0543733000000088,336.3804815001786,None,337.01997720077634,None,0.5307970996946096,,,,Sub034,001,2022_Sep_15_1208,2_3_MRI_Rating_Play_Eyetracking,2021.2.3,60.127843941278,
2,0,2,80,1,1,,,,,0,0,0,0,0,17,17,29,,,,,,,,,,,,,,,,,,,,,,,,,,,,,,,,,,,,,,,,,,,,,,,,,,,,,,,,,2,0,2,,,,,1,,,,,,,,,,,,,,,,,,,,,,,,,,,Sub034,001,2022_Sep_15_1208,2_3_MRI_Rating_Play_Eyetracking,2021.2.3,60.127843941278,
6,2,0,20,3,1,,,,,0,0,0,0,0,18,18,51,0,0,0,0,,,,,,,,,,,,,,,,,,,,,,,,,,,,,,,,,,,,,,,,,,,,,339.17239460069686,None,339.17239460069686,None,339.17239460069686,None,341.1873370008543,None,6,2,0,55.86632763783208,20,3,2,1,344.2918454008177,None,r,0.6107419999316335,344.2918454008177,None,Definitely Yes,2.3892580000683665,345.02606310043484,None,347.53059370070696,None,r,347.53059370070696,None,2.105563800000027,Definitely Bar,1.1055638000000272,347.53059370070696,None,348.09519440028816,None,0.4292651992291212,,,,Sub034,001,2022_Sep_15_1208,2_3_MRI_Rating_Play_Eyetracking,2021.2.3,60.127843941278,
6,2,0,20,3,1,,,,,0,0,0,0,0,18,18,51,,,,,,,,,,,,,,,,,,,,,,,,,,,,,,,,,,,,,,,,,,,,,,,,,,,,,,,,,6,2,0,,,,,1,,,,,,,,,,,,,,,,,,,,,,,,,,,Sub034,001,2022_Sep_15_1208,2_3_MRI_Rating_Play_Eyetracking,2021.2.3,60.127843941278,
7,2,1,50,1,1,,,,,0,0,0,0,0,19,19,61,0,0,0,0,,,,,,,,,,,,,,,,,,,,,,,,,,,,,,,,,,,,,,,,,,,,,350.31278430018574,None,350.31278430018574,None,350.31278430018574,None,352.3249200005084,None,7,2,1,55.86632763783208,50,1,2,1,353.4251089999452,None,r,0.6841582003980875,353.4251089999452,None,Definitely Yes,2.3158417996019125,354.20695750042796,None,356.6239999001846,None,r,356.6239999001846,None,2.0545528000000104,Definitely Bar,1.0545528000000104,356.6239999001846,None,357.27839850075543,None,0.5210004998371005,,,,Sub034,001,2022_Sep_15_1208,2_3_MRI_Rating_Play_Eyetracking,2021.2.3,60.127843941278,
7,2,1,50,1,1,,,,,0,0,0,0,0,19,19,61,,,,,,,,,,,,,,,,,,,,,,,,,,,,,,,,,,,,,,,,,,,,,,,,,,,,,,,,,7,2,1,,,,,1,,,,,,,,,,,,,,,,,,,,,,,,,,,Sub034,001,2022_Sep_15_1208,2_3_MRI_Rating_Play_Eyetracking,2021.2.3,60.127843941278,
4,1,1,50,2,1,,,,,0,0,0,0,0,20,20,13,0,0,0,0,,,,,,,,,,,,,,,,,,,,,,,,,,,,,,,,,,,,,,,,,,,,,359.43593060038984,None,359.43593060038984,None,359.43593060038984,None,361.45668870024383,None,4,1,1,29.40218320202695,50,2,2,1,363.56343070045114,None,g,0.6743436995893717,363.56343070045114,None,Yes,2.3256563004106283,364.35633810050786,None,366.7911477005109,None,g,366.7911477005109,None,2.0744928999999956,Bar,1.0744928999999956,366.7911477005109,None,367.39551880024374,None,0.48338930029422045,,,,Sub034,001,2022_Sep_15_1208,2_3_MRI_Rating_Play_Eyetracking,2021.2.3,60.127843941278,
4,1,1,50,2,1,,,,,0,0,0,0,0,20,20,13,,,,,,,,,,,,,,,,,,,,,,,,,,,,,,,,,,,,,,,,,,,,,,,,,,,,,,,,,4,1,1,,,,,1,,,,,,,,,,,,,,,,,,,,,,,,,,,Sub034,001,2022_Sep_15_1208,2_3_MRI_Rating_Play_Eyetracking,2021.2.3,60.127843941278,
5,1,2,80,1,0,,,,,0,0,0,0,0,21,21,5,,,,,,,,,,,,,,,,,,,,,,,,,,,,,,,,,,,,,,,,,,,,,,,,,369.58086140081286,None,369.58086140081286,None,369.58086140081286,None,371.5819932008162,None,5,1,2,29.40218320202695,80,1,2,0,,,,,,,,,,,,,,,,,,,,,,,,,,,Sub034,001,2022_Sep_15_1208,2_3_MRI_Rating_Play_Eyetracking,2021.2.3,60.127843941278,
2,0,2,80,3,1,,,,,0,0,0,0,0,22,22,47,0,0,0,0,,,,,,,,,,,,,,,,,,,,,,,,,,,,,,,,,,,,,,,,,,,,,372.6952539002523,None,372.6952539002523,None,372.6952539002523,None,374.7051776004955,None,2,0,2,11.041620467121463,80,3,2,1,377.8129296004772,None,g,0.7348996996879578,377.8129296004772,None,Yes,2.2651003003120422,378.68000070005655,None,381.06438600085676,None,b,381.06438600085676,None,1.9442440999999917,Definitely Card,0.9442440999999917,381.06438600085676,None,381.7618884006515,None,0.5759890992194414,,,,Sub034,001,2022_Sep_15_1208,2_3_MRI_Rating_Play_Eyetracking,2021.2.3,60.127843941278,
2,0,2,80,3,1,,,,,0,0,0,0,0,22,22,47,,,,,,,,,,,,,,,,,,,,,,,,,,,,,,,,,,,,,,,,,,,,,,,,,,,,,,,,,2,0,2,,,,,1,,,,,,,,,,,,,,,,,,,,,,,,,,,Sub034,001,2022_Sep_15_1208,2_3_MRI_Rating_Play_Eyetracking,2021.2.3,60.127843941278,
6,2,0,20,1,0,,,,,0,0,0,0,0,23,23,6,,,,,,,,,,,,,,,,,,,,,,,,,,,,,,,,,,,,,,,,,,,,,,,,,383.81107890047133,None,383.81107890047133,None,383.81107890047133,None,385.81717739999294,None,6,2,0,55.86632763783208,20,1,2,0,,,,,,,,,,,,,,,,,,,,,,,,,,,Sub034,001,2022_Sep_15_1208,2_3_MRI_Rating_Play_Eyetracking,2021.2.3,60.127843941278,
7,2,1,50,2,1,,,,,0,0,0,0,0,24,24,16,0,0,0,0,,,,,,,,,,,,,,,,,,,,,,,,,,,,,,,,,,,,,,,,,,,,,386.93141270056367,None,386.93141270056367,None,386.93141270056367,None,388.923843100667,None,7,2,1,55.86632763783208,50,2,2,1,391.03181309998035,None,g,0.8784429999068379,391.03181309998035,None,Yes,2.121557000093162,392.0300465002656,None,394.2659781007096,None,r,394.2659781007096,None,1.6945513999999662,Definitely Bar,0.6945513999999662,394.2659781007096,None,395.23525230027735,None,0.8560316003859043,,,,Sub034,001,2022_Sep_15_1208,2_3_MRI_Rating_Play_Eyetracking,2021.2.3,60.127843941278,
7,2,1,50,2,1,,,,,0,0,0,0,0,24,24,16,,,,,,,,,,,,,,,,,,,,,,,,,,,,,,,,,,,,,,,,,,,,,,,,,,,,,,,,,7,2,1,,,,,1,,,,,,,,,,,,,,,,,,,,,,,,,,,Sub034,001,2022_Sep_15_1208,2_3_MRI_Rating_Play_Eyetracking,2021.2.3,60.127843941278,
3,1,0,20,3,1,,,,,0,0,0,0,0,25,25,66,0,0,0,0,,,,,,,,,,,,,,,,,,,,,,,,,,,,,,,,,,,,,,,,,,,,,397.04590409994125,None,397.04590409994125,None,397.04590409994125,None,399.03766150027514,None,3,1,0,29.40218320202695,20,3,2,1,402.1376388007775,None,y,0.9325839998200536,402.1376388007775,None,No,2.0674160001799464,403.18653610069305,None,405.3568670004606,None,y,405.3568670004606,None,1.7387117000000103,Card,0.7387117000000103,405.3568670004606,None,406.32242490071803,None,0.8497138004750013,,,,Sub034,001,2022_Sep_15_1208,2_3_MRI_Rating_Play_Eyetracking,2021.2.3,60.127843941278,
3,1,0,20,3,1,,,,,0,0,0,0,0,25,25,66,,,,,,,,,,,,,,,,,,,,,,,,,,,,,,,,,,,,,,,,,,,,,,,,,,,,,,,,,3,1,0,,,,,1,,,,,,,,,,,,,,,,,,,,,,,,,,,Sub034,001,2022_Sep_15_1208,2_3_MRI_Rating_Play_Eyetracking,2021.2.3,60.127843941278,
7,2,1,50,3,1,,,,,0,0,0,0,0,26,26,52,0,0,0,0,,,,,,,,,,,,,,,,,,,,,,,,,,,,,,,,,,,,,,,,,,,,,408.1596197001636,None,408.1596197001636,None,408.1596197001636,None,410.15321640018374,None,7,2,1,55.86632763783208,50,3,2,1,413.24141050036997,None,g,0.528032599017024,413.24141050036997,None,Yes,2.471967400982976,413.8880004007369,None,416.46110270079225,None,r,416.46110270079225,None,2.0570163000000434,Definitely Bar,1.0570163000000434,416.46110270079225,None,417.13065980002284,None,0.5433227997273207,,,,Sub034,001,2022_Sep_15_1208,2_3_MRI_Rating_Play_Eyetracking,2021.2.3,60.127843941278,
7,2,1,50,3,1,,,,,0,0,0,0,0,26,26,52,,,,,,,,,,,,,,,,,,,,,,,,,,,,,,,,,,,,,,,,,,,,,,,,,,,,,,,,,7,2,1,,,,,1,,,,,,,,,,,,,,,,,,,,,,,,,,,Sub034,001,2022_Sep_15_1208,2_3_MRI_Rating_Play_Eyetracking,2021.2.3,60.127843941278,
8,2,2,80,1,1,,,,,0,0,0,0,0,27,27,62,0,0,0,0,,,,,,,,,,,,,,,,,,,,,,,,,,,,,,,,,,,,,,,,,,,,,419.2896570004523,None,419.2896570004523,None,419.2896570004523,None,421.31262980028987,None,8,2,2,55.86632763783208,80,1,2,1,422.42429430037737,None,r,0.6240175990387797,422.42429430037737,None,Definitely Yes,2.3759824009612203,423.1782655008137,None,425.6449620006606,None,r,425.6449620006606,None,1.82310480000001,Definitely Bar,0.8231048000000101,425.6449620006606,None,426.4736663000658,None,0.7274988004937768,,,,Sub034,001,2022_Sep_15_1208,2_3_MRI_Rating_Play_Eyetracking,2021.2.3,60.127843941278,
8,2,2,80,1,1,,,,,0,0,0,0,0,27,27,62,,,,,,,,,,,,,,,,,,,,,,,,,,,,,,,,,,,,,,,,,,,,,,,,,,,,,,,,,8,2,2,,,,,1,,,,,,,,,,,,,,,,,,,,,,,,,,,Sub034,001,2022_Sep_15_1208,2_3_MRI_Rating_Play_Eyetracking,2021.2.3,60.127843941278,
7,2,1,50,1,0,,,,,0,0,0,0,0,28,28,7,,,,,,,,,,,,,,,,,,,,,,,,,,,,,,,,,,,,,,,,,,,,,,,,,428.4054423002526,None,428.4054423002526,None,428.4054423002526,None,430.42968850024045,None,7,2,1,55.86632763783208,50,1,2,0,,,,,,,,,,,,,,,,,,,,,,,,,,,Sub034,001,2022_Sep_15_1208,2_3_MRI_Rating_Play_Eyetracking,2021.2.3,60.127843941278,
6,2,0,20,1,1,,,,,0,0,0,0,0,29,29,33,0,0,0,0,,,,,,,,,,,,,,,,,,,,,,,,,,,,,,,,,,,,,,,,,,,,,431.539155700244,None,431.539155700244,None,431.539155700244,None,433.5529499007389,None,6,2,0,55.86632763783208,20,1,2,1,434.660668800585,None,r,0.6715705003589392,434.660668800585,None,Definitely Yes,2.328429499641061,435.46806780062616,None,437.91481740027666,None,r,437.91481740027666,None,1.9105489000000375,Definitely Bar,0.9105489000000375,437.91481740027666,None,438.64976320043206,None,0.6115474002435803,,,,Sub034,001,2022_Sep_15_1208,2_3_MRI_Rating_Play_Eyetracking,2021.2.3,60.127843941278,
6,2,0,20,1,1,,,,,0,0,0,0,0,29,29,33,,,,,,,,,,,,,,,,,,,,,,,,,,,,,,,,,,,,,,,,,,,,,,,,,,,,,,,,,6,2,0,,,,,1,,,,,,,,,,,,,,,,,,,,,,,,,,,Sub034,001,2022_Sep_15_1208,2_3_MRI_Rating_Play_Eyetracking,2021.2.3,60.127843941278,
1,0,1,50,3,1,,,,,0,0,0,0,0,30,30,64,0,0,0,0,,,,,,,,,,,,,,,,,,,,,,,,,,,,,,,,,,,,,,,,,,,,,440.644744200632,None,440.644744200632,None,440.644744200632,None,442.675116000697,None,1,0,1,11.041620467121463,50,3,2,1,445.7839335007593,None,y,0.7925363006070256,445.7839335007593,None,No,2.2074636993929744,446.7030979003757,None,449.0096138007939,None,g,449.0096138007939,None,1.9893024000000423,Bar,0.9893024000000423,449.0096138007939,None,449.696058800444,None,0.56622379925102,,,,Sub034,001,2022_Sep_15_1208,2_3_MRI_Rating_Play_Eyetracking,2021.2.3,60.127843941278,
1,0,1,50,3,1,,,,,0,0,0,0,0,30,30,64,,,,,,,,,,,,,,,,,,,,,,,,,,,,,,,,,,,,,,,,,,,,,,,,,,,,,,,,,1,0,1,,,,,1,,,,,,,,,,,,,,,,,,,,,,,,,,,Sub034,001,2022_Sep_15_1208,2_3_MRI_Rating_Play_Eyetracking,2021.2.3,60.127843941278,
2,0,2,80,2,1,,,,,0,0,0,0,0,31,31,65,0,0,0,0,,,,,,,,,,,,,,,,,,,,,,,,,,,,,,,,,,,,,,,,,,,,,451.8031856007874,None,451.8031856007874,None,451.8031856007874,None,453.7873810008168,None,2,0,2,11.041620467121463,80,2,2,1,455.8976791007444,None,g,0.9194657001644373,455.8976791007444,None,Yes,2.0805342998355627,456.9498978005722,None,459.1367028001696,None,b,459.1367028001696,None,2.042457900000045,Definitely Card,1.042457900000045,459.1367028001696,None,459.7795320004225,None,0.5201219003647566,,,,Sub034,001,2022_Sep_15_1208,2_3_MRI_Rating_Play_Eyetracking,2021.2.3,60.127843941278,
2,0,2,80,2,1,,,,,0,0,0,0,0,31,31,65,,,,,,,,,,,,,,,,,,,,,,,,,,,,,,,,,,,,,,,,,,,,,,,,,,,,,,,,,2,0,2,,,,,1,,,,,,,,,,,,,,,,,,,,,,,,,,,Sub034,001,2022_Sep_15_1208,2_3_MRI_Rating_Play_Eyetracking,2021.2.3,60.127843941278,
4,1,1,50,1,0,,,,,0,0,0,0,0,32,32,4,,,,,,,,,,,,,,,,,,,,,,,,,,,,,,,,,,,,,,,,,,,,,,,,,461.9340128004551,None,461.9340128004551,None,461.9340128004551,None,463.9472008999437,None,4,1,1,29.40218320202695,50,1,2,0,,,,,,,,,,,,,,,,,,,,,,,,,,,Sub034,001,2022_Sep_15_1208,2_3_MRI_Rating_Play_Eyetracking,2021.2.3,60.127843941278,
6,2,0,20,2,1,,,,,0,0,0,0,0,33,33,15,0,0,0,0,,,,,,,,,,,,,,,,,,,,,,,,,,,,,,,,,,,,,,,,,,,,,465.0513445008546,None,465.0513445008546,None,465.0513445008546,None,467.06249930057675,None,6,2,0,55.86632763783208,20,2,2,1,469.16756310034543,None,r,0.7539300005882978,469.16756310034543,None,Definitely Yes,2.246069999411702,470.0478403000161,None,472.4010749999434,None,r,472.4010749999434,None,1.613059499999963,Definitely Bar,0.613059499999963,472.4010749999434,None,473.4478085003793,None,0.9244670001789927,,,,Sub034,001,2022_Sep_15_1208,2_3_MRI_Rating_Play_Eyetracking,2021.2.3,60.127843941278,
6,2,0,20,2,1,,,,,0,0,0,0,0,33,33,15,,,,,,,,,,,,,,,,,,,,,,,,,,,,,,,,,,,,,,,,,,,,,,,,,,,,,,,,,6,2,0,,,,,1,,,,,,,,,,,,,,,,,,,,,,,,,,,Sub034,001,2022_Sep_15_1208,2_3_MRI_Rating_Play_Eyetracking,2021.2.3,60.127843941278,
2,0,2,80,1,0,,,,,0,0,0,0,0,34,34,2,,,,,,,,,,,,,,,,,,,,,,,,,,,,,,,,,,,,,,,,,,,,,,,,,475.1628443002701,None,475.1628443002701,None,475.1628443002701,None,477.1790318004787,None,2,0,2,11.041620467121463,80,1,2,0,,,,,,,,,,,,,,,,,,,,,,,,,,,Sub034,001,2022_Sep_15_1208,2_3_MRI_Rating_Play_Eyetracking,2021.2.3,60.127843941278,
3,1,0,20,1,0,,,,,0,0,0,0,0,35,35,3,,,,,,,,,,,,,,,,,,,,,,,,,,,,,,,,,,,,,,,,,,,,,,,,,478.2802942004055,None,478.2802942004055,None,478.2802942004055,None,480.2971955006942,None,3,1,0,29.40218320202695,20,1,2,0,,,,,,,,,,,,,,,,,,,,,,,,,,,Sub034,001,2022_Sep_15_1208,2_3_MRI_Rating_Play_Eyetracking,2021.2.3,60.127843941278,
4,1,1,50,3,0,,,,,0,0,0,0,0,36,36,22,,,,,,,,,,,,,,,,,,,,,,,,,,,,,,,,,,,,,,,,,,,,,,,,,481.4014469003305,None,481.4014469003305,None,481.4014469003305,None,483.4058868000284,None,4,1,1,29.40218320202695,50,3,2,0,,,,,,,,,,,,,,,,,,,,,,,,,,,Sub034,001,2022_Sep_15_1208,2_3_MRI_Rating_Play_Eyetracking,2021.2.3,60.127843941278,
7,2,1,50,2,1,,,,,0,0,0,0,0,37,37,70,0,0,0,0,,,,,,,,,,,,,,,,,,,,,,,,,,,,,,,,,,,,,,,,,,,,,486.5166458003223,None,486.5166458003223,None,486.5166458003223,None,488.49872350040823,None,7,2,1,55.86632763783208,50,2,2,1,490.61430640053004,None,r,0.9629846001043916,490.61430640053004,None,Definitely Yes,2.0370153998956084,491.69843830075115,None,493.8513302002102,None,r,493.8513302002102,None,2.1610072999999943,Definitely Bar,1.1610072999999943,493.8513302002102,None,494.3430136004463,None,0.3834626004099846,,,,Sub034,001,2022_Sep_15_1208,2_3_MRI_Rating_Play_Eyetracking,2021.2.3,60.127843941278,
7,2,1,50,2,1,,,,,0,0,0,0,0,37,37,70,,,,,,,,,,,,,,,,,,,,,,,,,,,,,,,,,,,,,,,,,,,,,,,,,,,,,,,,,7,2,1,,,,,1,,,,,,,,,,,,,,,,,,,,,,,,,,,Sub034,001,2022_Sep_15_1208,2_3_MRI_Rating_Play_Eyetracking,2021.2.3,60.127843941278,
7,2,1,50,1,1,,,,,0,0,0,0,0,38,38,34,0,0,0,0,,,,,,,,,,,,,,,,,,,,,,,,,,,,,,,,,,,,,,,,,,,,,496.5981738008559,None,496.5981738008559,None,496.5981738008559,None,498.6228199005127,None,7,2,1,55.86632763783208,50,1,2,1,499.733527100645,None,r,0.9581920998170972,499.733527100645,None,Definitely Yes,2.041807900182903,500.81581440009177,None,502.96248590014875,None,r,502.96248590014875,None,1.756848600000012,Definitely Bar,0.7568486000000121,502.96248590014875,None,503.8630138002336,None,0.791155599988997,,,,Sub034,001,2022_Sep_15_1208,2_3_MRI_Rating_Play_Eyetracking,2021.2.3,60.127843941278,
7,2,1,50,1,1,,,,,0,0,0,0,0,38,38,34,,,,,,,,,,,,,,,,,,,,,,,,,,,,,,,,,,,,,,,,,,,,,,,,,,,,,,,,,7,2,1,,,,,1,,,,,,,,,,,,,,,,,,,,,,,,,,,Sub034,001,2022_Sep_15_1208,2_3_MRI_Rating_Play_Eyetracking,2021.2.3,60.127843941278,
4,1,1,50,2,1,,,,,0,0,0,0,0,39,39,40,0,0,0,0,,,,,,,,,,,,,,,,,,,,,,,,,,,,,,,,,,,,,,,,,,,,,505.73291560076177,None,505.73291560076177,None,505.73291560076177,None,507.7490852000192,None,4,1,1,29.40218320202695,50,2,2,1,509.8532331008464,None,g,1.1065747998654842,509.8532331008464,None,Yes,1.8934252001345158,511.0758630000055,None,513.0818457007408,None,g,513.0818457007408,None,2.0752235000000496,Bar,1.0752235000000496,513.0818457007408,None,513.6848252005875,None,0.4772076001390815,,,,Sub034,001,2022_Sep_15_1208,2_3_MRI_Rating_Play_Eyetracking,2021.2.3,60.127843941278,
4,1,1,50,2,1,,,,,0,0,0,0,0,39,39,40,,,,,,,,,,,,,,,,,,,,,,,,,,,,,,,,,,,,,,,,,,,,,,,,,,,,,,,,,4,1,1,,,,,1,,,,,,,,,,,,,,,,,,,,,,,,,,,Sub034,001,2022_Sep_15_1208,2_3_MRI_Rating_Play_Eyetracking,2021.2.3,60.127843941278,
0,0,0,20,2,1,,,,,0,0,0,0,0,40,40,36,0,0,0,0,,,,,,,,,,,,,,,,,,,,,,,,,,,,,,,,,,,,,,,,,,,,,515.8697748007253,None,515.8697748007253,None,515.8697748007253,None,517.8755228007212,None,0,0,0,11.041620467121463,20,2,2,1,519.9811001000926,None,y,0.5778077002614737,519.9811001000926,None,No,2.4221922997385263,520.6830990007147,None,523.2008832003921,None,g,523.2008832003921,None,2.1738351000000193,Bar,1.1738351000000193,523.2008832003921,None,523.6936362003908,None,0.38884170074015856,,,,Sub034,001,2022_Sep_15_1208,2_3_MRI_Rating_Play_Eyetracking,2021.2.3,60.127843941278,
0,0,0,20,2,1,,,,,0,0,0,0,0,40,40,36,,,,,,,,,,,,,,,,,,,,,,,,,,,,,,,,,,,,,,,,,,,,,,,,,,,,,,,,,0,0,0,,,,,1,,,,,,,,,,,,,,,,,,,,,,,,,,,Sub034,001,2022_Sep_15_1208,2_3_MRI_Rating_Play_Eyetracking,2021.2.3,60.127843941278,
6,2,0,20,2,1,,,,,0,0,0,0,0,41,41,42,0,0,0,0,,,,,,,,,,,,,,,,,,,,,,,,,,,,,,,,,,,,,,,,,,,,,525.9843006003648,None,525.9843006003648,None,525.9843006003648,None,527.9985702000558,None,6,2,0,55.86632763783208,20,2,2,1,530.0817971006036,None,g,0.9159695999696851,530.0817971006036,None,Yes,2.084030400030315,531.1203226000071,None,533.3206206001341,None,r,533.3206206001341,None,1.972317099999941,Definitely Bar,0.9723170999999411,533.3206206001341,None,534.0344261005521,None,0.5823928993195295,,,,Sub034,001,2022_Sep_15_1208,2_3_MRI_Rating_Play_Eyetracking,2021.2.3,60.127843941278,
6,2,0,20,2,1,,,,,0,0,0,0,0,41,41,42,,,,,,,,,,,,,,,,,,,,,,,,,,,,,,,,,,,,,,,,,,,,,,,,,,,,,,,,,6,2,0,,,,,1,,,,,,,,,,,,,,,,,,,,,,,,,,,Sub034,001,2022_Sep_15_1208,2_3_MRI_Rating_Play_Eyetracking,2021.2.3,60.127843941278,
2,0,2,80,1,1,,,,,0,0,0,0,0,42,42,56,0,0,0,0,,,,,,,,,,,,,,,,,,,,,,,,,,,,,,,,,,,,,,,,,,,,,536.1143533000723,None,536.1143533000723,None,536.1143533000723,None,538.1308150002733,None,2,0,2,11.041620467121463,80,1,2,1,539.2311651008204,None,y,0.6596573004499078,539.2311651008204,None,No,2.340342699550092,540.0170100005344,None,542.4707198003307,None,r,542.4707198003307,None,1.773082000000045,Definitely Bar,0.7730820000000449,542.4707198003307,None,543.3660083003342,None,0.7656733999028802,,,,Sub034,001,2022_Sep_15_1208,2_3_MRI_Rating_Play_Eyetracking,2021.2.3,60.127843941278,
2,0,2,80,1,1,,,,,0,0,0,0,0,42,42,56,,,,,,,,,,,,,,,,,,,,,,,,,,,,,,,,,,,,,,,,,,,,,,,,,,,,,,,,,2,0,2,,,,,1,,,,,,,,,,,,,,,,,,,,,,,,,,,Sub034,001,2022_Sep_15_1208,2_3_MRI_Rating_Play_Eyetracking,2021.2.3,60.127843941278,
8,2,2,80,2,1,,,,,0,0,0,0,0,43,43,44,0,0,0,0,,,,,,,,,,,,,,,,,,,,,,,,,,,,,,,,,,,,,,,,,,,,,545.2482034005225,None,545.2482034005225,None,545.2482034005225,None,547.235691900365,None,8,2,2,55.86632763783208,80,2,2,1,549.348779800348,None,r,0.7273885998874903,549.348779800348,None,Definitely Yes,2.2726114001125097,550.2010685000569,None,552.5854985006154,None,r,552.5854985006154,None,1.9045918000000484,Definitely Bar,0.9045918000000484,552.5854985006154,None,553.3681920999661,None,0.6648249998688698,,,,Sub034,001,2022_Sep_15_1208,2_3_MRI_Rating_Play_Eyetracking,2021.2.3,60.127843941278,
8,2,2,80,2,1,,,,,0,0,0,0,0,43,43,44,,,,,,,,,,,,,,,,,,,,,,,,,,,,,,,,,,,,,,,,,,,,,,,,,,,,,,,,,8,2,2,,,,,1,,,,,,,,,,,,,,,,,,,,,,,,,,,Sub034,001,2022_Sep_15_1208,2_3_MRI_Rating_Play_Eyetracking,2021.2.3,60.127843941278,
7,2,1,50,2,1,,,,,0,0,0,0,0,44,44,43,0,0,0,0,,,,,,,,,,,,,,,,,,,,,,,,,,,,,,,,,,,,,,,,,,,,,555.3892143005505,None,555.3892143005505,None,555.3892143005505,None,557.3961372002959,None,7,2,1,55.86632763783208,50,2,2,1,559.506201799959,None,g,0.8013198999688029,559.506201799959,None,Yes,2.198680100031197,560.4341557007283,None,562.7103551002219,None,g,562.7103551002219,None,1.6384282999999868,Bar,0.6384282999999868,562.7103551002219,None,563.7709883004427,None,0.9390995996072888,,,,Sub034,001,2022_Sep_15_1208,2_3_MRI_Rating_Play_Eyetracking,2021.2.3,60.127843941278,
7,2,1,50,2,1,,,,,0,0,0,0,0,44,44,43,,,,,,,,,,,,,,,,,,,,,,,,,,,,,,,,,,,,,,,,,,,,,,,,,,,,,,,,,7,2,1,,,,,1,,,,,,,,,,,,,,,,,,,,,,,,,,,Sub034,001,2022_Sep_15_1208,2_3_MRI_Rating_Play_Eyetracking,2021.2.3,60.127843941278,
4,1,1,50,1,1,,,,,0,0,0,0,0,45,45,58,0,0,0,0,,,,,,,,,,,,,,,,,,,,,,,,,,,,,,,,,,,,,,,,,,,,,565.5071285003796,None,565.5071285003796,None,565.5071285003796,None,567.5329395001754,None,4,1,1,29.40218320202695,50,1,2,1,568.6181884007528,None,g,0.9957688003778458,568.6181884007528,None,Yes,2.0042311996221542,569.7268510004506,None,571.8367571001872,None,g,571.8367571001872,None,2.0537851000000273,Bar,1.0537851000000273,571.8367571001872,None,572.4840060006827,None,0.5212556002661586,,,,Sub034,001,2022_Sep_15_1208,2_3_MRI_Rating_Play_Eyetracking,2021.2.3,60.127843941278,
4,1,1,50,1,1,,,,,0,0,0,0,0,45,45,58,,,,,,,,,,,,,,,,,,,,,,,,,,,,,,,,,,,,,,,,,,,,,,,,,,,,,,,,,4,1,1,,,,,1,,,,,,,,,,,,,,,,,,,,,,,,,,,Sub034,001,2022_Sep_15_1208,2_3_MRI_Rating_Play_Eyetracking,2021.2.3,60.127843941278,
7,2,1,50,3,0,,,,,0,0,0,0,0,46,46,25,,,,,,,,,,,,,,,,,,,,,,,,,,,,,,,,,,,,,,,,,,,,,,,,,574.6527231000364,None,574.6527231000364,None,574.6527231000364,None,576.6691108001396,None,7,2,1,55.86632763783208,50,3,2,0,,,,,,,,,,,,,,,,,,,,,,,,,,,Sub034,001,2022_Sep_15_1208,2_3_MRI_Rating_Play_Eyetracking,2021.2.3,60.127843941278,
3,1,0,20,3,0,,,,,0,0,0,0,0,47,47,21,,,,,,,,,,,,,,,,,,,,,,,,,,,,,,,,,,,,,,,,,,,,,,,,,579.7884060004726,None,579.7884060004726,None,579.7884060004726,None,581.800256700255,None,3,1,0,29.40218320202695,20,3,2,0,,,,,,,,,,,,,,,,,,,,,,,,,,,Sub034,001,2022_Sep_15_1208,2_3_MRI_Rating_Play_Eyetracking,2021.2.3,60.127843941278,
5,1,2,80,1,1,,,,,0,0,0,0,0,48,48,32,0,0,0,0,,,,,,,,,,,,,,,,,,,,,,,,,,,,,,,,,,,,,,,,,,,,,584.9065530002117,None,584.9065530002117,None,584.9065530002117,None,586.9109391001984,None,5,1,2,29.40218320202695,80,1,2,1,588.0142486002296,None,g,0.6629451001062989,588.0142486002296,None,Yes,2.337054899893701,588.7804999006912,None,591.2189486008137,None,b,591.2189486008137,None,2.0106073999999126,Definitely Card,1.0106073999999126,591.2189486008137,None,591.8972698999569,None,0.557120899669826,,,,Sub034,001,2022_Sep_15_1208,2_3_MRI_Rating_Play_Eyetracking,2021.2.3,60.127843941278,
5,1,2,80,1,1,,,,,0,0,0,0,0,48,48,32,,,,,,,,,,,,,,,,,,,,,,,,,,,,,,,,,,,,,,,,,,,,,,,,,,,,,,,,,5,1,2,,,,,1,,,,,,,,,,,,,,,,,,,,,,,,,,,Sub034,001,2022_Sep_15_1208,2_3_MRI_Rating_Play_Eyetracking,2021.2.3,60.127843941278,
5,1,2,80,2,1,,,,,0,0,0,0,0,49,49,41,0,0,0,0,,,,,,,,,,,,,,,,,,,,,,,,,,,,,,,,,,,,,,,,,,,,,594.0221416000277,None,594.0221416000277,None,594.0221416000277,None,596.0333804003894,None,5,1,2,29.40218320202695,80,2,2,1,598.1371425008401,None,g,0.9801270002499223,598.1371425008401,None,Yes,2.0198729997500777,599.2302902005613,None,601.3451463002712,None,y,601.3451463002712,None,2.0906916999999794,Card,1.0906916999999794,601.3451463002712,None,601.9554480006918,None,0.4805464996024966,,,,Sub034,001,2022_Sep_15_1208,2_3_MRI_Rating_Play_Eyetracking,2021.2.3,60.127843941278,
5,1,2,80,2,1,,,,,0,0,0,0,0,49,49,41,,,,,,,,,,,,,,,,,,,,,,,,,,,,,,,,,,,,,,,,,,,,,,,,,,,,,,,,,5,1,2,,,,,1,,,,,,,,,,,,,,,,,,,,,,,,,,,Sub034,001,2022_Sep_15_1208,2_3_MRI_Rating_Play_Eyetracking,2021.2.3,60.127843941278,
8,2,2,80,1,1,,,,,0,0,0,0,0,50,50,35,0,0,0,0,,,,,,,,,,,,,,,,,,,,,,,,,,,,,,,,,,,,,,,,,,,,,604.1528994003311,None,604.1528994003311,None,604.1528994003311,None,606.1698301006109,None,8,2,2,55.86632763783208,80,1,2,1,607.2562110004947,None,r,0.8785898992791772,607.2562110004947,None,Definitely Yes,2.121410100720823,608.231501000002,None,610.4555512005463,None,r,610.4555512005463,None,1.8053747999999814,Definitely Bar,0.8053747999999814,610.4555512005463,None,611.3614340005443,None,0.7957993000745773,,,,Sub034,001,2022_Sep_15_1208,2_3_MRI_Rating_Play_Eyetracking,2021.2.3,60.127843941278,
8,2,2,80,1,1,,,,,0,0,0,0,0,50,50,35,,,,,,,,,,,,,,,,,,,,,,,,,,,,,,,,,,,,,,,,,,,,,,,,,,,,,,,,,8,2,2,,,,,1,,,,,,,,,,,,,,,,,,,,,,,,,,,Sub034,001,2022_Sep_15_1208,2_3_MRI_Rating_Play_Eyetracking,2021.2.3,60.127843941278,
1,0,1,50,2,1,,,,,0,0,0,0,0,51,51,55,0,0,0,0,,,,,,,,,,,,,,,,,,,,,,,,,,,,,,,,,,,,,,,,,,,,,613.2744904002175,None,613.2744904002175,None,613.2744904002175,None,615.283953900449,None,1,0,1,11.041620467121463,50,2,2,1,617.390133799985,None,y,0.6299139996990561,617.390133799985,None,No,2.370086000300944,618.1375840008259,None,620.6199950007722,None,g,620.6199950007722,None,1.4198535999998967,Bar,0.4198535999998967,620.6199950007722,None,621.8721719002351,None,1.11936519946903,,,,Sub034,001,2022_Sep_15_1208,2_3_MRI_Rating_Play_Eyetracking,2021.2.3,60.127843941278,
1,0,1,50,2,1,,,,,0,0,0,0,0,51,51,55,,,,,,,,,,,,,,,,,,,,,,,,,,,,,,,,,,,,,,,,,,,,,,,,,,,,,,,,,1,0,1,,,,,1,,,,,,,,,,,,,,,,,,,,,,,,,,,Sub034,001,2022_Sep_15_1208,2_3_MRI_Rating_Play_Eyetracking,2021.2.3,60.127843941278,
3,1,0,20,2,1,,,,,0,0,0,0,0,52,52,57,0,0,0,0,,,,,,,,,,,,,,,,,,,,,,,,,,,,,,,,,,,,,,,,,,,,,623.4071416007355,None,623.4071416007355,None,623.4071416007355,None,625.4171807002276,None,3,1,0,29.40218320202695,20,2,2,1,627.52251229994,None,y,0.7429721001535654,627.52251229994,None,No,2.2570278998464346,628.3852941002697,None,630.7389159006998,None,y,630.7389159006998,None,1.7857721999999967,Card,0.7857721999999967,630.7389159006998,None,631.6328040007502,None,0.7685270998626947,,,,Sub034,001,2022_Sep_15_1208,2_3_MRI_Rating_Play_Eyetracking,2021.2.3,60.127843941278,
3,1,0,20,2,1,,,,,0,0,0,0,0,52,52,57,,,,,,,,,,,,,,,,,,,,,,,,,,,,,,,,,,,,,,,,,,,,,,,,,,,,,,,,,3,1,0,,,,,1,,,,,,,,,,,,,,,,,,,,,,,,,,,Sub034,001,2022_Sep_15_1208,2_3_MRI_Rating_Play_Eyetracking,2021.2.3,60.127843941278,
1,0,1,50,2,1,,,,,0,0,0,0,0,53,53,10,0,0,0,0,,,,,,,,,,,,,,,,,,,,,,,,,,,,,,,,,,,,,,,,,,,,,633.5217234008014,None,633.5217234008014,None,633.5217234008014,None,635.5353622008115,None,1,0,1,11.041620467121463,50,2,2,1,637.6114936005324,None,y,0.6579890996217728,637.6114936005324,None,No,2.3420109003782272,638.387010300532,None,640.8360589006916,None,g,640.8360589006916,None,1.939760299999989,Bar,0.939760299999989,640.8360589006916,None,641.6041172007099,None,0.6483543999493122,,,,Sub034,001,2022_Sep_15_1208,2_3_MRI_Rating_Play_Eyetracking,2021.2.3,60.127843941278,
1,0,1,50,2,1,,,,,0,0,0,0,0,53,53,10,,,,,,,,,,,,,,,,,,,,,,,,,,,,,,,,,,,,,,,,,,,,,,,,,,,,,,,,,1,0,1,,,,,1,,,,,,,,,,,,,,,,,,,,,,,,,,,Sub034,001,2022_Sep_15_1208,2_3_MRI_Rating_Play_Eyetracking,2021.2.3,60.127843941278,
1,0,1,50,2,1,,,,,0,0,0,0,0,54,54,37,0,0,0,0,,,,,,,,,,,,,,,,,,,,,,,,,,,,,,,,,,,,,,,,,,,,,643.6546074002981,None,643.6546074002981,None,643.6546074002981,None,645.6708085006103,None,1,0,1,11.041620467121463,50,2,2,1,647.7444536006078,None,y,0.7296585999429226,647.7444536006078,None,No,2.2703414000570774,648.6047272002324,None,650.983540000394,None,g,650.983540000394,None,1.5033958999999868,Bar,0.5033958999999868,650.983540000394,None,652.1699396008626,None,1.0617821998894215,,,,Sub034,001,2022_Sep_15_1208,2_3_MRI_Rating_Play_Eyetracking,2021.2.3,60.127843941278,
1,0,1,50,2,1,,,,,0,0,0,0,0,54,54,37,,,,,,,,,,,,,,,,,,,,,,,,,,,,,,,,,,,,,,,,,,,,,,,,,,,,,,,,,1,0,1,,,,,1,,,,,,,,,,,,,,,,,,,,,,,,,,,Sub034,001,2022_Sep_15_1208,2_3_MRI_Rating_Play_Eyetracking,2021.2.3,60.127843941278,
6,2,0,20,2,1,,,,,0,0,0,0,0,55,55,60,0,0,0,0,,,,,,,,,,,,,,,,,,,,,,,,,,,,,,,,,,,,,,,,,,,,,653.7880248008296,None,653.7880248008296,None,653.7880248008296,None,655.800268300809,None,6,2,0,55.86632763783208,20,2,2,1,657.9080878002569,None,r,0.8687778003513813,657.9080878002569,None,Definitely Yes,2.1312221996486187,658.9050038000569,None,661.1400719005615,None,r,661.1400719005615,None,1.787429300000099,Definitely Bar,0.7874293000000989,661.1400719005615,None,662.0019734008238,None,0.7548036994412541,,,,Sub034,001,2022_Sep_15_1208,2_3_MRI_Rating_Play_Eyetracking,2021.2.3,60.127843941278,
6,2,0,20,2,1,,,,,0,0,0,0,0,55,55,60,,,,,,,,,,,,,,,,,,,,,,,,,,,,,,,,,,,,,,,,,,,,,,,,,,,,,,,,,6,2,0,,,,,1,,,,,,,,,,,,,,,,,,,,,,,,,,,Sub034,001,2022_Sep_15_1208,2_3_MRI_Rating_Play_Eyetracking,2021.2.3,60.127843941278,
4,1,1,50,3,1,,,,,0,0,0,0,0,56,56,67,0,0,0,0,,,,,,,,,,,,,,,,,,,,,,,,,,,,,,,,,,,,,,,,,,,,,663.9080733004957,None,663.9080733004957,None,663.9080733004957,None,665.9184754006565,None,4,1,1,29.40218320202695,50,3,2,1,669.0187317002565,None,g,0.8841228997334838,669.0187317002565,None,Yes,2.115877100266516,670.0178049001843,None,672.2355371005833,None,g,672.2355371005833,None,1.9065846000000874,Bar,0.9065846000000874,672.2355371005833,None,673.0234192004427,None,0.6600369997322559,,,,Sub034,001,2022_Sep_15_1208,2_3_MRI_Rating_Play_Eyetracking,2021.2.3,60.127843941278,
4,1,1,50,3,1,,,,,0,0,0,0,0,56,56,67,,,,,,,,,,,,,,,,,,,,,,,,,,,,,,,,,,,,,,,,,,,,,,,,,,,,,,,,,4,1,1,,,,,1,,,,,,,,,,,,,,,,,,,,,,,,,,,Sub034,001,2022_Sep_15_1208,2_3_MRI_Rating_Play_Eyetracking,2021.2.3,60.127843941278,
1,0,1,50,1,1,,,,,0,0,0,0,0,57,57,28,0,0,0,0,,,,,,,,,,,,,,,,,,,,,,,,,,,,,,,,,,,,,,,,,,,,,675.0143023999408,None,675.0143023999408,None,675.0143023999408,None,677.0350951002911,None,1,0,1,11.041620467121463,50,1,2,1,678.1434214999899,None,y,1.2618384007364511,678.1434214999899,None,No,1.7381615992635489,679.5222546001896,None,681.3564606001601,None,g,681.3564606001601,None,1.5048074999999699,Bar,0.5048074999999699,681.3564606001601,None,682.5578347006813,None,1.06859300006181,,,,Sub034,001,2022_Sep_15_1208,2_3_MRI_Rating_Play_Eyetracking,2021.2.3,60.127843941278,
1,0,1,50,1,1,,,,,0,0,0,0,0,57,57,28,,,,,,,,,,,,,,,,,,,,,,,,,,,,,,,,,,,,,,,,,,,,,,,,,,,,,,,,,1,0,1,,,,,1,,,,,,,,,,,,,,,,,,,,,,,,,,,Sub034,001,2022_Sep_15_1208,2_3_MRI_Rating_Play_Eyetracking,2021.2.3,60.127843941278,
0,0,0,20,3,0,,,,,0,0,0,0,0,58,58,18,,,,,,,,,,,,,,,,,,,,,,,,,,,,,,,,,,,,,,,,,,,,,,,,,684.1738749006763,None,684.1738749006763,None,684.1738749006763,None,686.1583227999508,None,0,0,0,11.041620467121463,20,3,2,0,,,,,,,,,,,,,,,,,,,,,,,,,,,Sub034,001,2022_Sep_15_1208,2_3_MRI_Rating_Play_Eyetracking,2021.2.3,60.127843941278,
1,0,1,50,3,0,,,,,0,0,0,0,0,59,59,19,,,,,,,,,,,,,,,,,,,,,,,,,,,,,,,,,,,,,,,,,,,,,,,,,689.276076500304,None,689.276076500304,None,689.276076500304,None,691.2850458007306,None,1,0,1,11.041620467121463,50,3,2,0,,,,,,,,,,,,,,,,,,,,,,,,,,,Sub034,001,2022_Sep_15_1208,2_3_MRI_Rating_Play_Eyetracking,2021.2.3,60.127843941278,
6,2,0,20,3,0,,,,,0,0,0,0,0,60,60,24,,,,,,,,,,,,,,,,,,,,,,,,,,,,,,,,,,,,,,,,,,,,,,,,,694.3694477006793,None,694.3694477006793,None,694.3694477006793,None,696.3804760007188,None,6,2,0,55.86632763783208,20,3,2,0,,,,,,,,,,,,,,,,,,,,,,,,,,,Sub034,001,2022_Sep_15_1208,2_3_MRI_Rating_Play_Eyetracking,2021.2.3,60.127843941278,
0,0,0,20,1,1,,,,,0,0,0,0,0,61,61,54,0,0,0,0,,,,,,,,,,,,,,,,,,,,,,,,,,,,,,,,,,,,,,,,,,,,,699.485649600625,None,699.485649600625,None,699.485649600625,None,701.5034382008016,None,0,0,0,11.041620467121463,20,1,2,1,702.5876314006746,None,y,1.3195533994585276,702.5876314006746,None,No,1.6804466005414724,704.0396063001826,None,705.8327563004568,None,y,705.8327563004568,None,1.9602892999999995,Card,0.9602892999999995,705.8327563004568,None,706.5394672006369,None,0.5870008999481797,,,,Sub034,001,2022_Sep_15_1208,2_3_MRI_Rating_Play_Eyetracking,2021.2.3,60.127843941278,
0,0,0,20,1,1,,,,,0,0,0,0,0,61,61,54,,,,,,,,,,,,,,,,,,,,,,,,,,,,,,,,,,,,,,,,,,,,,,,,,,,,,,,,,0,0,0,,,,,1,,,,,,,,,,,,,,,,,,,,,,,,,,,Sub034,001,2022_Sep_15_1208,2_3_MRI_Rating_Play_Eyetracking,2021.2.3,60.127843941278,
4,1,1,50,3,1,,,,,0,0,0,0,0,62,62,49,0,0,0,0,,,,,,,,,,,,,,,,,,,,,,,,,,,,,,,,,,,,,,,,,,,,,708.5869505004957,None,708.5869505004957,None,708.5869505004957,None,710.6181143000722,None,4,1,1,29.40218320202695,50,3,2,1,713.7050309004262,None,g,0.7584975995123386,713.7050309004262,None,Yes,2.2415024004876614,714.590361200273,None,716.9253116007894,None,g,716.9253116007894,None,1.9890521999999464,Bar,0.9890521999999464,716.9253116007894,None,717.6321065006778,None,0.5852552996948361,,,,Sub034,001,2022_Sep_15_1208,2_3_MRI_Rating_Play_Eyetracking,2021.2.3,60.127843941278,
4,1,1,50,3,1,,,,,0,0,0,0,0,62,62,49,,,,,,,,,,,,,,,,,,,,,,,,,,,,,,,,,,,,,,,,,,,,,,,,,,,,,,,,,4,1,1,,,,,1,,,,,,,,,,,,,,,,,,,,,,,,,,,Sub034,001,2022_Sep_15_1208,2_3_MRI_Rating_Play_Eyetracking,2021.2.3,60.127843941278,
5,1,2,80,3,1,,,,,0,0,0,0,0,63,63,50,0,0,0,0,,,,,,,,,,,,,,,,,,,,,,,,,,,,,,,,,,,,,,,,,,,,,719.7261365000159,None,719.7261365000159,None,719.7261365000159,None,721.741125700064,None,5,1,2,29.40218320202695,80,3,2,1,724.860902200453,None,g,0.572495499625802,724.860902200453,None,Yes,2.427504500374198,725.5577309001237,None,728.0924357008189,None,y,728.0924357008189,None,1.939086399999951,Card,0.939086399999951,728.0924357008189,None,728.7791472999379,None,0.5846053995192051,,,,Sub034,001,2022_Sep_15_1208,2_3_MRI_Rating_Play_Eyetracking,2021.2.3,60.127843941278,
5,1,2,80,3,1,,,,,0,0,0,0,0,63,63,50,,,,,,,,,,,,,,,,,,,,,,,,,,,,,,,,,,,,,,,,,,,,,,,,,,,,,,,,,5,1,2,,,,,1,,,,,,,,,,,,,,,,,,,,,,,,,,,Sub034,001,2022_Sep_15_1208,2_3_MRI_Rating_Play_Eyetracking,2021.2.3,60.127843941278,
0,0,0,20,1,1,,,,,0,0,0,0,0,64,64,27,0,0,0,0,,,,,,,,,,,,,,,,,,,,,,,,,,,,,,,,,,,,,,,,,,,,,730.827838100493,None,730.827838100493,None,730.827838100493,None,732.8432191004977,None,0,0,0,11.041620467121463,20,1,2,1,733.9550584005192,None,b,0.7612295998260379,733.9550584005192,None,Definitely No,2.238770400173962,734.8403431000188,None,737.1925269002095,None,g,737.1925269002095,None,1.2033601000000544,Bar,0.20336010000005444,737.1925269002095,None,738.6411345005035,None,1.3276922004297376,,,,Sub034,001,2022_Sep_15_1208,2_3_MRI_Rating_Play_Eyetracking,2021.2.3,60.127843941278,
0,0,0,20,1,1,,,,,0,0,0,0,0,64,64,27,,,,,,,,,,,,,,,,,,,,,,,,,,,,,,,,,,,,,,,,,,,,,,,,,,,,,,,,,0,0,0,,,,,1,,,,,,,,,,,,,,,,,,,,,,,,,,,Sub034,001,2022_Sep_15_1208,2_3_MRI_Rating_Play_Eyetracking,2021.2.3,60.127843941278,
3,1,0,20,2,1,,,,,0,0,0,0,0,65,65,39,0,0,0,0,,,,,,,,,,,,,,,,,,,,,,,,,,,,,,,,,,,,,,,,,,,,,739.9617606000975,None,739.9617606000975,None,739.9617606000975,None,741.9742923006415,None,3,1,0,29.40218320202695,20,2,2,1,744.0755384005606,None,y,0.661103599704802,744.0755384005606,None,No,2.338896400295198,744.8385637002066,None,747.2905093003064,None,y,747.2905093003064,None,1.8565636999999242,Card,0.8565636999999242,747.2905093003064,None,748.1175530003384,None,0.7018117997795343,,,,Sub034,001,2022_Sep_15_1208,2_3_MRI_Rating_Play_Eyetracking,2021.2.3,60.127843941278,
3,1,0,20,2,1,,,,,0,0,0,0,0,65,65,39,,,,,,,,,,,,,,,,,,,,,,,,,,,,,,,,,,,,,,,,,,,,,,,,,,,,,,,,,3,1,0,,,,,1,,,,,,,,,,,,,,,,,,,,,,,,,,,Sub034,001,2022_Sep_15_1208,2_3_MRI_Rating_Play_Eyetracking,2021.2.3,60.127843941278,
6,2,0,20,3,1,,,,,0,0,0,0,0,66,66,69,0,0,0,0,,,,,,,,,,,,,,,,,,,,,,,,,,,,,,,,,,,,,,,,,,,,,750.0788140008226,None,750.0788140008226,None,750.0788140008226,None,752.0879471004009,None,6,2,0,55.86632763783208,20,3,2,1,755.1722945002839,None,g,0.9517275001853704,755.1722945002839,None,Yes,2.0482724998146296,756.2398532005027,None,758.3770123003051,None,r,758.3770123003051,None,1.7894909000000325,Definitely Bar,0.7894909000000325,758.3770123003051,None,759.3128836005926,None,0.8133455999195576,,,,Sub034,001,2022_Sep_15_1208,2_3_MRI_Rating_Play_Eyetracking,2021.2.3,60.127843941278,
6,2,0,20,3,1,,,,,0,0,0,0,0,66,66,69,,,,,,,,,,,,,,,,,,,,,,,,,,,,,,,,,,,,,,,,,,,,,,,,,,,,,,,,,6,2,0,,,,,1,,,,,,,,,,,,,,,,,,,,,,,,,,,Sub034,001,2022_Sep_15_1208,2_3_MRI_Rating_Play_Eyetracking,2021.2.3,60.127843941278,
1,0,1,50,3,1,,,,,0,0,0,0,0,67,67,46,0,0,0,0,,,,,,,,,,,,,,,,,,,,,,,,,,,,,,,,,,,,,,,,,,,,,761.1869857003912,None,761.1869857003912,None,761.1869857003912,None,763.2264776006341,None,1,0,1,11.041620467121463,50,3,2,1,766.3440531007946,None,y,1.4504963997751474,766.3440531007946,None,No,1.5495036002248526,767.9260814003646,None,769.5810778001323,None,y,769.5810778001323,None,1.2719321999999238,Card,0.2719321999999238,769.5810778001323,None,770.9612538004294,None,1.2490803999826312,,,,Sub034,001,2022_Sep_15_1208,2_3_MRI_Rating_Play_Eyetracking,2021.2.3,60.127843941278,
1,0,1,50,3,1,,,,,0,0,0,0,0,67,67,46,,,,,,,,,,,,,,,,,,,,,,,,,,,,,,,,,,,,,,,,,,,,,,,,,,,,,,,,,1,0,1,,,,,1,,,,,,,,,,,,,,,,,,,,,,,,,,,Sub034,001,2022_Sep_15_1208,2_3_MRI_Rating_Play_Eyetracking,2021.2.3,60.127843941278,
3,1,0,20,3,1,,,,,0,0,0,0,0,68,68,48,0,0,0,0,,,,,,,,,,,,,,,,,,,,,,,,,,,,,,,,,,,,,,,,,,,,,772.3454378005117,None,772.3454378005117,None,772.3454378005117,None,774.3576134005561,None,3,1,0,29.40218320202695,20,3,2,1,777.4631527001038,None,g,0.9598799999803305,777.4631527001038,None,Yes,2.0401200000196695,778.5439530005679,None,780.6985847000033,None,g,780.6985847000033,None,1.9568125000000691,Bar,0.9568125000000691,780.6985847000033,None,781.4027196001261,None,0.591856500133872,,,,Sub034,001,2022_Sep_15_1208,2_3_MRI_Rating_Play_Eyetracking,2021.2.3,60.127843941278,
3,1,0,20,3,1,,,,,0,0,0,0,0,68,68,48,,,,,,,,,,,,,,,,,,,,,,,,,,,,,,,,,,,,,,,,,,,,,,,,,,,,,,,,,3,1,0,,,,,1,,,,,,,,,,,,,,,,,,,,,,,,,,,Sub034,001,2022_Sep_15_1208,2_3_MRI_Rating_Play_Eyetracking,2021.2.3,60.127843941278,
3,1,0,20,1,1,,,,,0,0,0,0,0,69,69,30,0,0,0,0,,,,,,,,,,,,,,,,,,,,,,,,,,,,,,,,,,,,,,,,,,,,,783.4603893002495,None,783.4603893002495,None,783.4603893002495,None,785.4534188006073,None,3,1,0,29.40218320202695,20,1,2,1,786.5654144007713,None,g,0.7681550001725554,786.5654144007713,None,Yes,2.2318449998274446,787.46178709995,None,789.7908944999799,None,g,789.7908944999799,None,1.6227936999999883,Bar,0.6227936999999883,789.7908944999799,None,790.8392378007993,None,0.9500183993950486,,,,Sub034,001,2022_Sep_15_1208,2_3_MRI_Rating_Play_Eyetracking,2021.2.3,60.127843941278,
3,1,0,20,1,1,,,,,0,0,0,0,0,69,69,30,,,,,,,,,,,,,,,,,,,,,,,,,,,,,,,,,,,,,,,,,,,,,,,,,,,,,,,,,3,1,0,,,,,1,,,,,,,,,,,,,,,,,,,,,,,,,,,Sub034,001,2022_Sep_15_1208,2_3_MRI_Rating_Play_Eyetracking,2021.2.3,60.127843941278,
2,0,2,80,3,0,,,,,0,0,0,0,0,70,70,20,,,,,,,,,,,,,,,,,,,,,,,,,,,,,,,,,,,,,,,,,,,,,,,,,792.5771043002605,None,792.5771043002605,None,792.5771043002605,None,794.5873757004738,None,2,0,2,11.041620467121463,80,3,2,0,,,,,,,,,,,,,,,,,,,,,,,,,,,Sub034,001,2022_Sep_15_1208,2_3_MRI_Rating_Play_Eyetracking,2021.2.3,60.127843941278,
8,2,2,80,3,0,,,,,0,0,0,0,0,71,71,26,,,,,,,,,,,,,,,,,,,,,,,,,,,,,,,,,,,,,,,,,,,,,,,,,797.6953059006482,None,797.6953059006482,None,797.6953059006482,None,799.7081522000954,None,8,2,2,55.86632763783208,80,3,2,0,,,,,,,,,,,,,,,,,,,,,,,,,,,Sub034,001,2022_Sep_15_1208,2_3_MRI_Rating_Play_Eyetracking,2021.2.3,60.127843941278,
,,,,,,,,,,0,0,0,0,,,,,,,,,,,,,,,,,,,,,,,,,,,,,,,,,,,,,,,,,,,,,,,,,,,,,,,,,,,,,,,,,,,,,,,,,,,,,,,,,,,,,,,,,,,,,,,Sub034,001,2022_Sep_15_1208,2_3_MRI_Rating_Play_Eyetracking,2021.2.3,60.127843941278,
,,,,,,,,,,,,,,,,,,,,,,,,,,,,,,,,,,,,,,,,,,,,,,,,,,,,,,,,,,,,,,,,,,,,,,,,,,,,,,,,,,,,,,,,,,,,,,,,,,,,,,,,,802.7801098003983,None,None,Sub034,001,2022_Sep_15_1208,2_3_MRI_Rating_Play_Eyetracking,2021.2.3,60.127843941278,
