﻿current_pair,current_pair_SE,current_pair_RE,current_card_prob,ITI_Play,Play_block_Q,start_MRI.thisRepN,start_MRI.thisTrialN,start_MRI.thisN,start_MRI.thisIndex,L_subjects.thisRepN,L_subjects.thisTrialN,L_subjects.thisN,L_subjects.thisIndex,R_subjects.thisRepN,R_subjects.thisTrialN,R_subjects.thisN,R_subjects.thisIndex,fMRI_trials_Play_R.thisRepN,fMRI_trials_Play_R.thisTrialN,fMRI_trials_Play_R.thisN,fMRI_trials_Play_R.thisIndex,Q_Play_R.thisRepN,Q_Play_R.thisTrialN,Q_Play_R.thisN,Q_Play_R.thisIndex,fMRI_center.started,fMRI_center.stopped,fMR_Instr1_text.started,fMR_Instr1_text.stopped,text_SE_7.started,text_SE_7.stopped,fMRI_center_2.started,fMRI_center_2.stopped,fMR_Instr2_text_2.started,fMR_Instr2_text_2.stopped,text_SE_8.started,text_SE_8.stopped,Slider_rating_Play_instr_R_2.response,Slider_rating_Play_instr_R_2.rt,Slider_rating_Play_instr_R_2.started,Slider_rating_Play_instr_R_2.stopped,fMRI_center_instrTimePlay_R.started,fMRI_center_instrTimePlay_R.stopped,fMR_Instr2_text_8.started,fMR_Instr2_text_8.stopped,fMRI_instr3_Q_play_R.started,fMRI_instr3_Q_play_R.stopped,text_SE_6.started,text_SE_6.stopped,PairQuestionONSET_attri_R_2.started,PairQuestionONSET_attri_R_2.stopped,key_resp_rating_Attri_R_2.keys,key_resp_rating_Attri_R_2.rt,key_resp_rating_Attri_R_2.started,key_resp_rating_Attri_R_2.stopped,text_SE_18.started,text_SE_18.stopped,fMR_Instr2_text_9.started,fMR_Instr2_text_9.stopped,Ready_text.started,Ready_text.stopped,trigger_2.keys,trigger_2.rt,trigger_2.started,trigger_2.stopped,center_OnsetTime.started,center_OnsetTime.stopped,PairONSET_card_prob.started,PairONSET_card_prob.stopped,text_SE_9.started,text_SE_9.stopped,fixOnset_text_4.started,fixOnset_text_4.stopped,current_pair,current_pair_SE,current_pair_RE,target_pair,card_pair,type_Q,ISI1_Play,Play_block_Q,PairQuestionONSET_text_4.started,PairQuestionONSET_text_4.stopped,key_resp_rating_play_R.keys,key_resp_rating_play_R.rt,key_resp_rating_play_R.started,key_resp_rating_play_R.stopped,Rating_pair_Play,ISI2_Play,fixOnset_text.started,fixOnset_text.stopped,PairQuestionONSET_attri.started,PairQuestionONSET_attri.stopped,key_resp_rating_Attri_R.keys,key_resp_rating_Attri_R.rt,key_resp_rating_Attri_R.started,key_resp_rating_Attri_R.stopped,ITI_actual_Play,Attri_Ans,lagTime,text_SE_17.started,text_SE_17.stopped,fixOnset_text_ITI.started,fixOnset_text_ITI.stopped,Final_text_Q.started,Final_text_Q.stopped,key_resp_3.keys,participant,session,date,expName,psychopyVersion,frameRate,
,,,,,,0,0,0,0,,,,,,,,,,,,,,,,,11.81554440036416,None,11.81554440036416,None,11.81554440036416,None,,,,,,,,,,,,,,,,,,,,,,,,,,,,,,,,,,,,,,,,,,,,,,,,,,,,,,,,,,,,,,,,,,,,,,,,,,,,,Sub012,001,2022_May_20_1545,2_3_MRI_Rating_Play_Eyetracking,2021.2.3,60.022460394028165,
7,2,1,50,3,0,,,,,,,,,0,0,0,0,0,0,0,25,,,,,,,,,,,38.97173220012337,None,38.97173220012337,None,38.97173220012337,None,None,None,124.58399999979883,None,124.58399999979883,None,124.58399999979883,None,124.58399999979883,None,124.58399999979883,None,127.71124350000173,None,g,4.441708800382912,127.71124350000173,None,127.71124350000173,None,127.71124350000173,None,132.17005360033363,None,t,16.957405200228095,132.17005360033363,None,149.24167490005493,None,149.24167490005493,None,149.24167490005493,None,151.2721905997023,None,7,2,1,43.60672118939465,50,2,3,0,,,,,,,,,,,,,,,,,,,,,,,,,,,Sub012,001,2022_May_20_1545,2_3_MRI_Rating_Play_Eyetracking,2021.2.3,60.022460394028165,
2,0,2,80,2,1,,,,,,,,,0,0,0,0,0,1,1,38,0,0,0,0,,,,,,,,,,,,,,,,,,,,,,,,,,,,,,,,,,,,,,,,,154.38891899958253,None,154.38891899958253,None,154.38891899958253,None,156.38201449997723,None,2,0,2,8.618588075275957,80,2,2,1,158.49255239963531,None,g,0.7299235006794333,158.49255239963531,None,No,2.2700764993205667,159.35919830016792,None,161.74477349966764,None,g,1.8581912005320191,161.74477349966764,None,0.6781053999999926,Bar,-0.32189460000000736,161.74477349966764,None,163.7223119996488,None,,,,Sub012,001,2022_May_20_1545,2_3_MRI_Rating_Play_Eyetracking,2021.2.3,60.022460394028165,
2,0,2,80,2,1,,,,,,,,,0,0,0,0,0,1,1,38,,,,,,,,,,,,,,,,,,,,,,,,,,,,,,,,,,,,,,,,,,,,,,,,,,,,,2,0,2,,,,,1,,,,,,,,,,,,,,,,,,,,,,,,,,,Sub012,001,2022_May_20_1545,2_3_MRI_Rating_Play_Eyetracking,2021.2.3,60.022460394028165,
8,2,2,80,3,0,,,,,,,,,0,0,0,0,0,2,2,26,,,,,,,,,,,,,,,,,,,,,,,,,,,,,,,,,,,,,,,,,,,,,164.50535389967263,None,164.50535389967263,None,164.50535389967263,None,166.51309069991112,None,8,2,2,43.60672118939465,80,2,3,0,,,,,,,,,,,,,,,,,,,,,,,,,,,Sub012,001,2022_May_20_1545,2_3_MRI_Rating_Play_Eyetracking,2021.2.3,60.022460394028165,
1,0,1,50,1,1,,,,,,,,,0,0,0,0,0,3,3,28,0,0,0,0,,,,,,,,,,,,,,,,,,,,,,,,,,,,,,,,,,,,,,,,,169.62102620024234,None,169.62102620024234,None,169.62102620024234,None,171.6152373002842,None,1,0,1,8.618588075275957,50,2,1,1,172.72150470037013,None,g,0.9523450005799532,172.72150470037013,None,No,2.047654999420047,173.80349109973758,None,175.96217450033873,None,g,1.1020967001095414,175.96217450033873,None,1.4429017999999871,Bar,0.44290179999998713,175.96217450033873,None,177.19259350001812,None,,,,Sub012,001,2022_May_20_1545,2_3_MRI_Rating_Play_Eyetracking,2021.2.3,60.022460394028165,
1,0,1,50,1,1,,,,,,,,,0,0,0,0,0,3,3,28,,,,,,,,,,,,,,,,,,,,,,,,,,,,,,,,,,,,,,,,,,,,,,,,,,,,,1,0,1,,,,,1,,,,,,,,,,,,,,,,,,,,,,,,,,,Sub012,001,2022_May_20_1545,2_3_MRI_Rating_Play_Eyetracking,2021.2.3,60.022460394028165,
2,0,2,80,3,1,,,,,,,,,0,0,0,0,0,4,4,47,0,0,0,0,,,,,,,,,,,,,,,,,,,,,,,,,,,,,,,,,,,,,,,,,178.73943439964205,None,178.73943439964205,None,178.73943439964205,None,180.7535530999303,None,2,0,2,8.618588075275957,80,2,3,1,183.86089510004967,None,g,0.5579117005690932,183.86089510004967,None,No,2.4420882994309068,184.5338616995141,None,187.09564519952983,None,g,0.9505200004205108,187.09564519952983,None,1.5914961000000005,Bar,0.5914961000000005,187.09564519952983,None,188.17382000014186,None,,,,Sub012,001,2022_May_20_1545,2_3_MRI_Rating_Play_Eyetracking,2021.2.3,60.022460394028165,
2,0,2,80,3,1,,,,,,,,,0,0,0,0,0,4,4,47,,,,,,,,,,,,,,,,,,,,,,,,,,,,,,,,,,,,,,,,,,,,,,,,,,,,,2,0,2,,,,,1,,,,,,,,,,,,,,,,,,,,,,,,,,,Sub012,001,2022_May_20_1545,2_3_MRI_Rating_Play_Eyetracking,2021.2.3,60.022460394028165,
6,2,0,20,1,1,,,,,,,,,0,0,0,0,0,5,5,33,0,0,0,0,,,,,,,,,,,,,,,,,,,,,,,,,,,,,,,,,,,,,,,,,189.85213389992714,None,189.85213389992714,None,189.85213389992714,None,191.88628930039704,None,6,2,0,43.60672118939465,20,2,1,1,192.99305890034884,None,y,0.6777744004502892,192.99305890034884,None,Yes,2.3222255995497108,193.79092929977924,None,196.20767540019006,None,g,1.0039946008473635,196.20767540019006,None,1.55564609999999,Bar,0.5556460999999899,196.20767540019006,None,197.3328443998471,None,,,,Sub012,001,2022_May_20_1545,2_3_MRI_Rating_Play_Eyetracking,2021.2.3,60.022460394028165,
6,2,0,20,1,1,,,,,,,,,0,0,0,0,0,5,5,33,,,,,,,,,,,,,,,,,,,,,,,,,,,,,,,,,,,,,,,,,,,,,,,,,,,,,6,2,0,,,,,1,,,,,,,,,,,,,,,,,,,,,,,,,,,Sub012,001,2022_May_20_1545,2_3_MRI_Rating_Play_Eyetracking,2021.2.3,60.022460394028165,
0,0,0,20,1,1,,,,,,,,,0,0,0,0,0,6,6,54,0,0,0,0,,,,,,,,,,,,,,,,,,,,,,,,,,,,,,,,,,,,,,,,,198.98876990005374,None,198.98876990005374,None,198.98876990005374,None,201.00505769997835,None,0,0,0,8.618588075275957,20,2,1,1,202.10708190035075,None,g,0.9702558005228639,202.10708190035075,None,No,2.029744199477136,203.1864093998447,None,205.327723399736,None,g,1.1321475002914667,205.327723399736,None,1.4228229,Bar,0.4228228999999999,205.327723399736,None,206.58200220018625,None,,,,Sub012,001,2022_May_20_1545,2_3_MRI_Rating_Play_Eyetracking,2021.2.3,60.022460394028165,
0,0,0,20,1,1,,,,,,,,,0,0,0,0,0,6,6,54,,,,,,,,,,,,,,,,,,,,,,,,,,,,,,,,,,,,,,,,,,,,,,,,,,,,,0,0,0,,,,,1,,,,,,,,,,,,,,,,,,,,,,,,,,,Sub012,001,2022_May_20_1545,2_3_MRI_Rating_Play_Eyetracking,2021.2.3,60.022460394028165,
3,1,0,20,3,1,,,,,,,,,0,0,0,0,0,7,7,48,0,0,0,0,,,,,,,,,,,,,,,,,,,,,,,,,,,,,,,,,,,,,,,,,208.10672200005502,None,208.10672200005502,None,208.10672200005502,None,210.0985521003604,None,3,1,0,22.950010488644423,20,2,3,1,213.20173020008951,None,g,0.7263224003836513,213.20173020008951,None,No,2.2736775996163487,214.06137419957668,None,216.45027669984847,None,y,0.7324908003211021,216.45027669984847,None,1.8204350999999974,Card,0.8204350999999974,216.45027669984847,None,217.31163439992815,None,,,,Sub012,001,2022_May_20_1545,2_3_MRI_Rating_Play_Eyetracking,2021.2.3,60.022460394028165,
3,1,0,20,3,1,,,,,,,,,0,0,0,0,0,7,7,48,,,,,,,,,,,,,,,,,,,,,,,,,,,,,,,,,,,,,,,,,,,,,,,,,,,,,3,1,0,,,,,1,,,,,,,,,,,,,,,,,,,,,,,,,,,Sub012,001,2022_May_20_1545,2_3_MRI_Rating_Play_Eyetracking,2021.2.3,60.022460394028165,
6,2,0,20,3,1,,,,,,,,,0,0,0,0,0,8,8,69,0,0,0,0,,,,,,,,,,,,,,,,,,,,,,,,,,,,,,,,,,,,,,,,,219.23518120031804,None,219.23518120031804,None,219.23518120031804,None,221.2575605995953,None,6,2,0,43.60672118939465,20,2,3,1,224.3587394002825,None,y,0.9080678001046181,224.3587394002825,None,Yes,2.091932199895382,225.37001470010728,None,227.5762796998024,None,g,1.0109453005716205,227.5762796998024,None,1.5566252000000134,Bar,0.5566252000000134,227.5762796998024,None,228.7083559995517,None,,,,Sub012,001,2022_May_20_1545,2_3_MRI_Rating_Play_Eyetracking,2021.2.3,60.022460394028165,
6,2,0,20,3,1,,,,,,,,,0,0,0,0,0,8,8,69,,,,,,,,,,,,,,,,,,,,,,,,,,,,,,,,,,,,,,,,,,,,,,,,,,,,,6,2,0,,,,,1,,,,,,,,,,,,,,,,,,,,,,,,,,,Sub012,001,2022_May_20_1545,2_3_MRI_Rating_Play_Eyetracking,2021.2.3,60.022460394028165,
3,1,0,20,1,1,,,,,,,,,0,0,0,0,0,9,9,30,0,0,0,0,,,,,,,,,,,,,,,,,,,,,,,,,,,,,,,,,,,,,,,,,230.36465920042247,None,230.36465920042247,None,230.36465920042247,None,232.38833979982883,None,3,1,0,22.950010488644423,20,2,1,1,233.49398500006646,None,g,0.6753463009372354,233.49398500006646,None,No,2.3246536990627646,234.29104719962925,None,236.73312290012836,None,y,0.7858384996652603,236.73312290012836,None,1.7532752999999843,Card,0.7532752999999843,236.73312290012836,None,237.64346770010889,None,,,,Sub012,001,2022_May_20_1545,2_3_MRI_Rating_Play_Eyetracking,2021.2.3,60.022460394028165,
3,1,0,20,1,1,,,,,,,,,0,0,0,0,0,9,9,30,,,,,,,,,,,,,,,,,,,,,,,,,,,,,,,,,,,,,,,,,,,,,,,,,,,,,3,1,0,,,,,1,,,,,,,,,,,,,,,,,,,,,,,,,,,Sub012,001,2022_May_20_1545,2_3_MRI_Rating_Play_Eyetracking,2021.2.3,60.022460394028165,
4,1,1,50,3,0,,,,,,,,,0,0,0,0,0,10,10,22,,,,,,,,,,,,,,,,,,,,,,,,,,,,,,,,,,,,,,,,,,,,,239.50213500019163,None,239.50213500019163,None,239.50213500019163,None,241.5248261000961,None,4,1,1,22.950010488644423,50,2,3,0,,,,,,,,,,,,,,,,,,,,,,,,,,,Sub012,001,2022_May_20_1545,2_3_MRI_Rating_Play_Eyetracking,2021.2.3,60.022460394028165,
5,1,2,80,3,0,,,,,,,,,0,0,0,0,0,11,11,23,,,,,,,,,,,,,,,,,,,,,,,,,,,,,,,,,,,,,,,,,,,,,244.62517779972404,None,244.62517779972404,None,244.62517779972404,None,246.64165760017931,None,5,1,2,22.950010488644423,80,2,3,0,,,,,,,,,,,,,,,,,,,,,,,,,,,Sub012,001,2022_May_20_1545,2_3_MRI_Rating_Play_Eyetracking,2021.2.3,60.022460394028165,
8,2,2,80,1,1,,,,,,,,,0,0,0,0,0,12,12,35,0,0,0,0,,,,,,,,,,,,,,,,,,,,,,,,,,,,,,,,,,,,,,,,,249.74149729963392,None,249.74149729963392,None,249.74149729963392,None,251.74561790004373,None,8,2,2,43.60672118939465,80,2,1,1,252.8386703999713,None,y,1.0523848002776504,252.8386703999713,None,Yes,1.9476151997223496,254.00091969966888,None,256.06139069981873,None,r,1.294980900362134,256.06139069981873,None,1.2768436000000065,Definitely Bar,0.2768436000000065,256.06139069981873,None,257.47695349995047,None,,,,Sub012,001,2022_May_20_1545,2_3_MRI_Rating_Play_Eyetracking,2021.2.3,60.022460394028165,
8,2,2,80,1,1,,,,,,,,,0,0,0,0,0,12,12,35,,,,,,,,,,,,,,,,,,,,,,,,,,,,,,,,,,,,,,,,,,,,,,,,,,,,,8,2,2,,,,,1,,,,,,,,,,,,,,,,,,,,,,,,,,,Sub012,001,2022_May_20_1545,2_3_MRI_Rating_Play_Eyetracking,2021.2.3,60.022460394028165,
1,0,1,50,2,1,,,,,,,,,0,0,0,0,0,13,13,37,0,0,0,0,,,,,,,,,,,,,,,,,,,,,,,,,,,,,,,,,,,,,,,,,258.860480199568,None,258.860480199568,None,258.860480199568,None,260.8777170004323,None,1,0,1,8.618588075275957,50,2,2,1,262.9937332998961,None,g,0.5482702003791928,262.9937332998961,None,No,2.451729799620807,263.6597149996087,None,266.20995990000665,None,r,0.8947621006518602,266.20995990000665,None,1.656097299999999,Definitely Bar,0.656097299999999,266.20995990000665,None,267.2298758998513,None,,,,Sub012,001,2022_May_20_1545,2_3_MRI_Rating_Play_Eyetracking,2021.2.3,60.022460394028165,
1,0,1,50,2,1,,,,,,,,,0,0,0,0,0,13,13,37,,,,,,,,,,,,,,,,,,,,,,,,,,,,,,,,,,,,,,,,,,,,,,,,,,,,,1,0,1,,,,,1,,,,,,,,,,,,,,,,,,,,,,,,,,,Sub012,001,2022_May_20_1545,2_3_MRI_Rating_Play_Eyetracking,2021.2.3,60.022460394028165,
8,2,2,80,2,1,,,,,,,,,0,0,0,0,0,14,14,17,0,0,0,0,,,,,,,,,,,,,,,,,,,,,,,,,,,,,,,,,,,,,,,,,268.9858614001423,None,268.9858614001423,None,268.9858614001423,None,271.003750000149,None,8,2,2,43.60672118939465,80,2,2,1,273.1118588000536,None,b,1.2314305007457733,273.1118588000536,None,Definitely Yes,1.7685694992542267,274.478863700293,None,276.3592312997207,None,g,1.0767423007637262,276.3592312997207,None,1.4517452000000048,Bar,0.45174520000000484,276.3592312997207,None,277.5546495001763,None,,,,Sub012,001,2022_May_20_1545,2_3_MRI_Rating_Play_Eyetracking,2021.2.3,60.022460394028165,
8,2,2,80,2,1,,,,,,,,,0,0,0,0,0,14,14,17,,,,,,,,,,,,,,,,,,,,,,,,,,,,,,,,,,,,,,,,,,,,,,,,,,,,,8,2,2,,,,,1,,,,,,,,,,,,,,,,,,,,,,,,,,,Sub012,001,2022_May_20_1545,2_3_MRI_Rating_Play_Eyetracking,2021.2.3,60.022460394028165,
7,2,1,50,2,1,,,,,,,,,0,0,0,0,0,15,15,16,0,0,0,0,,,,,,,,,,,,,,,,,,,,,,,,,,,,,,,,,,,,,,,,,279.10140889976174,None,279.10140889976174,None,279.10140889976174,None,281.12448920030147,None,7,2,1,43.60672118939465,50,2,2,1,283.2333118999377,None,y,0.7875617006793618,283.2333118999377,None,Yes,2.212438299320638,284.1471223998815,None,286.4555625002831,None,g,0.9909027004614472,286.4555625002831,None,1.5565429999999765,Bar,0.5565429999999765,286.4555625002831,None,287.572879999876,None,,,,Sub012,001,2022_May_20_1545,2_3_MRI_Rating_Play_Eyetracking,2021.2.3,60.022460394028165,
7,2,1,50,2,1,,,,,,,,,0,0,0,0,0,15,15,16,,,,,,,,,,,,,,,,,,,,,,,,,,,,,,,,,,,,,,,,,,,,,,,,,,,,,7,2,1,,,,,1,,,,,,,,,,,,,,,,,,,,,,,,,,,Sub012,001,2022_May_20_1545,2_3_MRI_Rating_Play_Eyetracking,2021.2.3,60.022460394028165,
4,1,1,50,2,1,,,,,,,,,0,0,0,0,0,16,16,13,0,0,0,0,,,,,,,,,,,,,,,,,,,,,,,,,,,,,,,,,,,,,,,,,289.24345260020345,None,289.24345260020345,None,289.24345260020345,None,291.25000020023435,None,4,1,1,22.950010488644423,50,2,2,1,293.36284019984305,None,y,1.3036642000079155,293.36284019984305,None,Yes,1.6963357999920845,294.7973852995783,None,296.6010996000841,None,g,1.2972611002624035,296.6010996000841,None,1.238516500000003,Bar,0.2385165000000029,296.6010996000841,None,298.0064853001386,None,,,,Sub012,001,2022_May_20_1545,2_3_MRI_Rating_Play_Eyetracking,2021.2.3,60.022460394028165,
4,1,1,50,2,1,,,,,,,,,0,0,0,0,0,16,16,13,,,,,,,,,,,,,,,,,,,,,,,,,,,,,,,,,,,,,,,,,,,,,,,,,,,,,4,1,1,,,,,1,,,,,,,,,,,,,,,,,,,,,,,,,,,Sub012,001,2022_May_20_1545,2_3_MRI_Rating_Play_Eyetracking,2021.2.3,60.022460394028165,
8,2,2,80,2,1,,,,,,,,,0,0,0,0,0,17,17,44,0,0,0,0,,,,,,,,,,,,,,,,,,,,,,,,,,,,,,,,,,,,,,,,,299.362870500423,None,299.362870500423,None,299.362870500423,None,301.36691940017045,None,8,2,2,43.60672118939465,80,2,2,1,303.4577252995223,None,b,0.6414543008431792,303.4577252995223,None,Definitely Yes,2.3585456991568208,304.22899310011417,None,306.6790076997131,None,g,1.6020908998325467,306.6790076997131,None,0.9711075999999821,Bar,-0.028892400000017915,306.6790076997131,None,308.38822320010513,None,,,,Sub012,001,2022_May_20_1545,2_3_MRI_Rating_Play_Eyetracking,2021.2.3,60.022460394028165,
8,2,2,80,2,1,,,,,,,,,0,0,0,0,0,17,17,44,,,,,,,,,,,,,,,,,,,,,,,,,,,,,,,,,,,,,,,,,,,,,,,,,,,,,8,2,2,,,,,1,,,,,,,,,,,,,,,,,,,,,,,,,,,Sub012,001,2022_May_20_1545,2_3_MRI_Rating_Play_Eyetracking,2021.2.3,60.022460394028165,
6,2,0,20,3,0,,,,,,,,,0,0,0,0,0,18,18,24,,,,,,,,,,,,,,,,,,,,,,,,,,,,,,,,,,,,,,,,,,,,,309.4403368998319,None,309.4403368998319,None,309.4403368998319,None,311.4771729996428,None,6,2,0,43.60672118939465,20,2,3,0,,,,,,,,,,,,,,,,,,,,,,,,,,,Sub012,001,2022_May_20_1545,2_3_MRI_Rating_Play_Eyetracking,2021.2.3,60.022460394028165,
5,1,2,80,1,1,,,,,,,,,0,0,0,0,0,19,19,59,0,0,0,0,,,,,,,,,,,,,,,,,,,,,,,,,,,,,,,,,,,,,,,,,314.5540263997391,None,314.5540263997391,None,314.5540263997391,None,316.57144939992577,None,5,1,2,22.950010488644423,80,2,1,1,317.65646869968623,None,y,0.5355502003803849,317.65646869968623,None,Yes,2.464449799619615,318.29123680014163,None,320.863740099594,None,y,1.095309100113809,320.863740099594,None,1.5091232999999988,Card,0.5091232999999988,320.863740099594,None,322.0789027996361,None,,,,Sub012,001,2022_May_20_1545,2_3_MRI_Rating_Play_Eyetracking,2021.2.3,60.022460394028165,
5,1,2,80,1,1,,,,,,,,,0,0,0,0,0,19,19,59,,,,,,,,,,,,,,,,,,,,,,,,,,,,,,,,,,,,,,,,,,,,,,,,,,,,,5,1,2,,,,,1,,,,,,,,,,,,,,,,,,,,,,,,,,,Sub012,001,2022_May_20_1545,2_3_MRI_Rating_Play_Eyetracking,2021.2.3,60.022460394028165,
1,0,1,50,2,1,,,,,,,,,0,0,0,0,0,20,20,55,0,0,0,0,,,,,,,,,,,,,,,,,,,,,,,,,,,,,,,,,,,,,,,,,323.6733854999766,None,323.6733854999766,None,323.6733854999766,None,325.7084550000727,None,1,0,1,8.618588075275957,50,2,2,1,327.79347120039165,None,r,1.1597231002524495,327.79347120039165,None,Definitely No,1.8402768997475505,329.07768949959427,None,331.0300503997132,None,g,1.3547434005886316,331.0300503997132,None,1.2103366999999707,Bar,0.21033669999997073,331.0300503997132,None,332.5043379999697,None,,,,Sub012,001,2022_May_20_1545,2_3_MRI_Rating_Play_Eyetracking,2021.2.3,60.022460394028165,
1,0,1,50,2,1,,,,,,,,,0,0,0,0,0,20,20,55,,,,,,,,,,,,,,,,,,,,,,,,,,,,,,,,,,,,,,,,,,,,,,,,,,,,,1,0,1,,,,,1,,,,,,,,,,,,,,,,,,,,,,,,,,,Sub012,001,2022_May_20_1545,2_3_MRI_Rating_Play_Eyetracking,2021.2.3,60.022460394028165,
7,2,1,50,2,1,,,,,,,,,0,0,0,0,0,21,21,70,0,0,0,0,,,,,,,,,,,,,,,,,,,,,,,,,,,,,,,,,,,,,,,,,333.82813610043377,None,333.82813610043377,None,333.82813610043377,None,335.82275689952075,None,7,2,1,43.60672118939465,50,2,2,1,337.9278977997601,None,y,0.615475800819695,337.9278977997601,None,Yes,2.384524199180305,338.65547049976885,None,341.15428830031306,None,g,1.4329567002132535,341.15428830031306,None,1.1371568999999795,Bar,0.1371568999999795,341.15428830031306,None,342.6905455002561,None,,,,Sub012,001,2022_May_20_1545,2_3_MRI_Rating_Play_Eyetracking,2021.2.3,60.022460394028165,
7,2,1,50,2,1,,,,,,,,,0,0,0,0,0,21,21,70,,,,,,,,,,,,,,,,,,,,,,,,,,,,,,,,,,,,,,,,,,,,,,,,,,,,,7,2,1,,,,,1,,,,,,,,,,,,,,,,,,,,,,,,,,,Sub012,001,2022_May_20_1545,2_3_MRI_Rating_Play_Eyetracking,2021.2.3,60.022460394028165,
8,2,2,80,3,1,,,,,,,,,0,0,0,0,0,22,22,53,0,0,0,0,,,,,,,,,,,,,,,,,,,,,,,,,,,,,,,,,,,,,,,,,343.93145489972085,None,343.93145489972085,None,343.93145489972085,None,345.94249089993536,None,8,2,2,43.60672118939465,80,2,3,1,349.0377495000139,None,b,0.6258813003078103,349.0377495000139,None,Definitely Yes,2.3741186996921897,349.79471649974585,None,352.28348449990153,None,g,1.353910400532186,352.28348449990153,None,1.1920615999999882,Bar,0.19206159999998818,352.28348449990153,None,353.7412008000538,None,,,,Sub012,001,2022_May_20_1545,2_3_MRI_Rating_Play_Eyetracking,2021.2.3,60.022460394028165,
8,2,2,80,3,1,,,,,,,,,0,0,0,0,0,22,22,53,,,,,,,,,,,,,,,,,,,,,,,,,,,,,,,,,,,,,,,,,,,,,,,,,,,,,8,2,2,,,,,1,,,,,,,,,,,,,,,,,,,,,,,,,,,Sub012,001,2022_May_20_1545,2_3_MRI_Rating_Play_Eyetracking,2021.2.3,60.022460394028165,
6,2,0,20,2,1,,,,,,,,,0,0,0,0,0,23,23,60,0,0,0,0,,,,,,,,,,,,,,,,,,,,,,,,,,,,,,,,,,,,,,,,,355.0437070000917,None,355.0437070000917,None,355.0437070000917,None,357.06193390022963,None,6,2,0,43.60672118939465,20,2,2,1,359.16935290023685,None,y,0.5074343997985125,359.16935290023685,None,Yes,2.4925656002014875,359.78895950037986,None,362.40244009997696,None,g,0.8943366007879376,362.40244009997696,None,1.6407717999999818,Bar,0.6407717999999818,362.40244009997696,None,363.4174717999995,None,,,,Sub012,001,2022_May_20_1545,2_3_MRI_Rating_Play_Eyetracking,2021.2.3,60.022460394028165,
6,2,0,20,2,1,,,,,,,,,0,0,0,0,0,23,23,60,,,,,,,,,,,,,,,,,,,,,,,,,,,,,,,,,,,,,,,,,,,,,,,,,,,,,6,2,0,,,,,1,,,,,,,,,,,,,,,,,,,,,,,,,,,Sub012,001,2022_May_20_1545,2_3_MRI_Rating_Play_Eyetracking,2021.2.3,60.022460394028165,
5,1,2,80,1,0,,,,,,,,,0,0,0,0,0,24,24,5,,,,,,,,,,,,,,,,,,,,,,,,,,,,,,,,,,,,,,,,,,,,,365.1651109000668,None,365.1651109000668,None,365.1651109000668,None,367.1817995002493,None,5,1,2,22.950010488644423,80,2,1,0,,,,,,,,,,,,,,,,,,,,,,,,,,,Sub012,001,2022_May_20_1545,2_3_MRI_Rating_Play_Eyetracking,2021.2.3,60.022460394028165,
0,0,0,20,1,1,,,,,,,,,0,0,0,0,0,25,25,27,0,0,0,0,,,,,,,,,,,,,,,,,,,,,,,,,,,,,,,,,,,,,,,,,368.2975890003145,None,368.2975890003145,None,368.2975890003145,None,370.31010700017214,None,0,0,0,8.618588075275957,20,2,1,1,371.3956786002964,None,r,0.6125996001064777,371.3956786002964,None,Definitely No,2.3874003998935223,372.10694730002433,None,374.57850379962474,None,g,1.082688300870359,374.57850379962474,None,1.5299468000000047,Bar,0.5299468000000047,374.57850379962474,None,375.7729038000107,None,,,,Sub012,001,2022_May_20_1545,2_3_MRI_Rating_Play_Eyetracking,2021.2.3,60.022460394028165,
0,0,0,20,1,1,,,,,,,,,0,0,0,0,0,25,25,27,,,,,,,,,,,,,,,,,,,,,,,,,,,,,,,,,,,,,,,,,,,,,,,,,,,,,0,0,0,,,,,1,,,,,,,,,,,,,,,,,,,,,,,,,,,Sub012,001,2022_May_20_1545,2_3_MRI_Rating_Play_Eyetracking,2021.2.3,60.022460394028165,
0,0,0,20,3,1,,,,,,,,,0,0,0,0,0,26,26,63,0,0,0,0,,,,,,,,,,,,,,,,,,,,,,,,,,,,,,,,,,,,,,,,,377.4134449996054,None,377.4134449996054,None,377.4134449996054,None,379.4266608003527,None,0,0,0,8.618588075275957,20,2,3,1,382.53077800013125,None,r,0.6404907004907727,382.53077800013125,None,Definitely No,2.3595092995092273,383.268725999631,None,385.737236100249,None,g,1.094598799943924,385.737236100249,None,1.4725439000000051,Bar,0.4725439000000051,385.737236100249,None,386.96075429953635,None,,,,Sub012,001,2022_May_20_1545,2_3_MRI_Rating_Play_Eyetracking,2021.2.3,60.022460394028165,
0,0,0,20,3,1,,,,,,,,,0,0,0,0,0,26,26,63,,,,,,,,,,,,,,,,,,,,,,,,,,,,,,,,,,,,,,,,,,,,,,,,,,,,,0,0,0,,,,,1,,,,,,,,,,,,,,,,,,,,,,,,,,,Sub012,001,2022_May_20_1545,2_3_MRI_Rating_Play_Eyetracking,2021.2.3,60.022460394028165,
3,1,0,20,1,0,,,,,,,,,0,0,0,0,0,27,27,3,,,,,,,,,,,,,,,,,,,,,,,,,,,,,,,,,,,,,,,,,,,,,388.55061430018395,None,388.55061430018395,None,388.55061430018395,None,390.5526224002242,None,3,1,0,22.950010488644423,20,2,1,0,,,,,,,,,,,,,,,,,,,,,,,,,,,Sub012,001,2022_May_20_1545,2_3_MRI_Rating_Play_Eyetracking,2021.2.3,60.022460394028165,
4,1,1,50,3,1,,,,,,,,,0,0,0,0,0,28,28,49,0,0,0,0,,,,,,,,,,,,,,,,,,,,,,,,,,,,,,,,,,,,,,,,,391.65984600037336,None,391.65984600037336,None,391.65984600037336,None,393.64644910022616,None,4,1,1,22.950010488644423,50,2,3,1,396.7479002000764,None,y,0.8077411008998752,396.7479002000764,None,Yes,2.192258899100125,397.6809866996482,None,399.9886601995677,None,None,,399.9886601995677,None,0.6809925000000021,,-0.3190074999999979,399.9886601995677,None,401.99752859957516,None,,,,Sub012,001,2022_May_20_1545,2_3_MRI_Rating_Play_Eyetracking,2021.2.3,60.022460394028165,
4,1,1,50,3,1,,,,,,,,,0,0,0,0,0,28,28,49,,,,,,,,,,,,,,,,,,,,,,,,,,,,,,,,,,,,,,,,,,,,,,,,,,,,,4,1,1,,,,,1,,,,,,,,,,,,,,,,,,,,,,,,,,,Sub012,001,2022_May_20_1545,2_3_MRI_Rating_Play_Eyetracking,2021.2.3,60.022460394028165,
0,0,0,20,2,1,,,,,,,,,0,0,0,0,0,29,29,36,0,0,0,0,,,,,,,,,,,,,,,,,,,,,,,,,,,,,,,,,,,,,,,,,402.78355230018497,None,402.78355230018497,None,402.78355230018497,None,404.79387910012156,None,0,0,0,8.618588075275957,20,2,2,1,406.8969762995839,None,r,0.9107841001823545,406.8969762995839,None,Definitely No,2.0892158998176455,407.9116473002359,None,410.11706699989736,None,g,1.1983447996899486,410.11706699989736,None,1.3563027999999804,Bar,0.3563027999999804,410.11706699989736,None,411.4241741001606,None,,,,Sub012,001,2022_May_20_1545,2_3_MRI_Rating_Play_Eyetracking,2021.2.3,60.022460394028165,
0,0,0,20,2,1,,,,,,,,,0,0,0,0,0,29,29,36,,,,,,,,,,,,,,,,,,,,,,,,,,,,,,,,,,,,,,,,,,,,,,,,,,,,,0,0,0,,,,,1,,,,,,,,,,,,,,,,,,,,,,,,,,,Sub012,001,2022_May_20_1545,2_3_MRI_Rating_Play_Eyetracking,2021.2.3,60.022460394028165,
0,0,0,20,1,0,,,,,,,,,0,0,0,0,0,30,30,0,,,,,,,,,,,,,,,,,,,,,,,,,,,,,,,,,,,,,,,,,,,,,412.88517950009555,None,412.88517950009555,None,412.88517950009555,None,414.8951735999435,None,0,0,0,8.618588075275957,20,2,1,0,,,,,,,,,,,,,,,,,,,,,,,,,,,Sub012,001,2022_May_20_1545,2_3_MRI_Rating_Play_Eyetracking,2021.2.3,60.022460394028165,
2,0,2,80,2,1,,,,,,,,,0,0,0,0,0,31,31,11,0,0,0,0,,,,,,,,,,,,,,,,,,,,,,,,,,,,,,,,,,,,,,,,,415.9760605003685,None,415.9760605003685,None,415.9760605003685,None,418.0132782999426,None,2,0,2,8.618588075275957,80,2,2,1,420.11906309984624,None,g,0.5401119003072381,420.11906309984624,None,No,2.459888099692762,420.7853530002758,None,423.3515341002494,None,r,0.6740044998005033,423.3515341002494,None,1.8598112999999898,Definitely Bar,0.8598112999999898,423.3515341002494,None,424.12598939985037,None,,,,Sub012,001,2022_May_20_1545,2_3_MRI_Rating_Play_Eyetracking,2021.2.3,60.022460394028165,
2,0,2,80,2,1,,,,,,,,,0,0,0,0,0,31,31,11,,,,,,,,,,,,,,,,,,,,,,,,,,,,,,,,,,,,,,,,,,,,,,,,,,,,,2,0,2,,,,,1,,,,,,,,,,,,,,,,,,,,,,,,,,,Sub012,001,2022_May_20_1545,2_3_MRI_Rating_Play_Eyetracking,2021.2.3,60.022460394028165,
5,1,2,80,3,1,,,,,,,,,0,0,0,0,0,32,32,50,0,0,0,0,,,,,,,,,,,,,,,,,,,,,,,,,,,,,,,,,,,,,,,,,426.09910069964826,None,426.09910069964826,None,426.09910069964826,None,428.0894576003775,None,5,1,2,22.950010488644423,80,2,3,1,431.19429059978575,None,y,0.5980647010728717,431.19429059978575,None,Yes,2.4019352989271283,431.886764800176,None,434.40494989976287,None,y,0.9749828008934855,434.40494989976287,None,1.6222386999999685,Card,0.6222386999999685,434.40494989976287,None,435.49744530022144,None,,,,Sub012,001,2022_May_20_1545,2_3_MRI_Rating_Play_Eyetracking,2021.2.3,60.022460394028165,
5,1,2,80,3,1,,,,,,,,,0,0,0,0,0,32,32,50,,,,,,,,,,,,,,,,,,,,,,,,,,,,,,,,,,,,,,,,,,,,,,,,,,,,,5,1,2,,,,,1,,,,,,,,,,,,,,,,,,,,,,,,,,,Sub012,001,2022_May_20_1545,2_3_MRI_Rating_Play_Eyetracking,2021.2.3,60.022460394028165,
3,1,0,20,2,1,,,,,,,,,0,0,0,0,0,33,33,39,0,0,0,0,,,,,,,,,,,,,,,,,,,,,,,,,,,,,,,,,,,,,,,,,437.2382269995287,None,437.2382269995287,None,437.2382269995287,None,439.2477965001017,None,3,1,0,22.950010488644423,20,2,2,1,441.3301870999858,None,g,0.4937427006661892,441.3301870999858,None,No,2.506257299333811,441.930022300221,None,444.5537494998425,None,b,0.7149434005841613,444.5537494998425,None,1.8559248999999909,Definitely Card,0.8559248999999909,444.5537494998425,None,445.39888979960233,None,,,,Sub012,001,2022_May_20_1545,2_3_MRI_Rating_Play_Eyetracking,2021.2.3,60.022460394028165,
3,1,0,20,2,1,,,,,,,,,0,0,0,0,0,33,33,39,,,,,,,,,,,,,,,,,,,,,,,,,,,,,,,,,,,,,,,,,,,,,,,,,,,,,3,1,0,,,,,1,,,,,,,,,,,,,,,,,,,,,,,,,,,Sub012,001,2022_May_20_1545,2_3_MRI_Rating_Play_Eyetracking,2021.2.3,60.022460394028165,
6,2,0,20,2,1,,,,,,,,,0,0,0,0,0,34,34,42,0,0,0,0,,,,,,,,,,,,,,,,,,,,,,,,,,,,,,,,,,,,,,,,,447.36928629968315,None,447.36928629968315,None,447.36928629968315,None,449.38155789952725,None,6,2,0,43.60672118939465,20,2,2,1,451.4615048998967,None,y,0.6017542006447911,451.4615048998967,None,Yes,2.398245799355209,452.1840129997581,None,454.66619979962707,None,None,,454.66619979962707,None,0.6904131999999663,,-0.3095868000000337,454.66619979962707,None,456.70101159997284,None,,,,Sub012,001,2022_May_20_1545,2_3_MRI_Rating_Play_Eyetracking,2021.2.3,60.022460394028165,
6,2,0,20,2,1,,,,,,,,,0,0,0,0,0,34,34,42,,,,,,,,,,,,,,,,,,,,,,,,,,,,,,,,,,,,,,,,,,,,,,,,,,,,,6,2,0,,,,,1,,,,,,,,,,,,,,,,,,,,,,,,,,,Sub012,001,2022_May_20_1545,2_3_MRI_Rating_Play_Eyetracking,2021.2.3,60.022460394028165,
8,2,2,80,1,0,,,,,,,,,0,0,0,0,0,35,35,8,,,,,,,,,,,,,,,,,,,,,,,,,,,,,,,,,,,,,,,,,,,,,457.50222820043564,None,457.50222820043564,None,457.50222820043564,None,459.49363519996405,None,8,2,2,43.60672118939465,80,2,1,0,,,,,,,,,,,,,,,,,,,,,,,,,,,Sub012,001,2022_May_20_1545,2_3_MRI_Rating_Play_Eyetracking,2021.2.3,60.022460394028165,
3,1,0,20,2,1,,,,,,,,,0,0,0,0,0,36,36,12,0,0,0,0,,,,,,,,,,,,,,,,,,,,,,,,,,,,,,,,,,,,,,,,,460.59982930030674,None,460.59982930030674,None,460.59982930030674,None,462.58358549978584,None,3,1,0,22.950010488644423,20,2,2,1,464.7034718003124,None,g,0.5807240009307861,464.7034718003124,None,No,2.419275999069214,465.41896730009466,None,467.9335556002334,None,b,1.2497190004214644,467.9335556002334,None,1.3086854000000017,Definitely Card,0.30868540000000166,467.9335556002334,None,469.294328100048,None,,,,Sub012,001,2022_May_20_1545,2_3_MRI_Rating_Play_Eyetracking,2021.2.3,60.022460394028165,
3,1,0,20,2,1,,,,,,,,,0,0,0,0,0,36,36,12,,,,,,,,,,,,,,,,,,,,,,,,,,,,,,,,,,,,,,,,,,,,,,,,,,,,,3,1,0,,,,,1,,,,,,,,,,,,,,,,,,,,,,,,,,,Sub012,001,2022_May_20_1545,2_3_MRI_Rating_Play_Eyetracking,2021.2.3,60.022460394028165,
5,1,2,80,2,1,,,,,,,,,0,0,0,0,0,37,37,14,0,0,0,0,,,,,,,,,,,,,,,,,,,,,,,,,,,,,,,,,,,,,,,,,470.7183170001954,None,470.7183170001954,None,470.7183170001954,None,472.7286486001685,None,5,1,2,22.950010488644423,80,2,2,1,474.83388930000365,None,y,0.9145686002448201,474.83388930000365,None,Yes,2.08543139975518,475.8599501000717,None,478.05494880024344,None,y,0.8023230005055666,478.05494880024344,None,1.75398789999997,Card,0.7539878999999701,478.05494880024344,None,478.9627289995551,None,,,,Sub012,001,2022_May_20_1545,2_3_MRI_Rating_Play_Eyetracking,2021.2.3,60.022460394028165,
5,1,2,80,2,1,,,,,,,,,0,0,0,0,0,37,37,14,,,,,,,,,,,,,,,,,,,,,,,,,,,,,,,,,,,,,,,,,,,,,,,,,,,,,5,1,2,,,,,1,,,,,,,,,,,,,,,,,,,,,,,,,,,Sub012,001,2022_May_20_1545,2_3_MRI_Rating_Play_Eyetracking,2021.2.3,60.022460394028165,
5,1,2,80,2,1,,,,,,,,,0,0,0,0,0,38,38,68,0,0,0,0,,,,,,,,,,,,,,,,,,,,,,,,,,,,,,,,,,,,,,,,,480.8190973997116,None,480.8190973997116,None,480.8190973997116,None,482.8240996999666,None,5,1,2,22.950010488644423,80,2,2,1,484.9279428003356,None,y,1.02519949991256,484.9279428003356,None,Yes,1.97480050008744,486.0831703003496,None,488.15192770026624,None,y,1.586994900368154,488.15192770026624,None,0.9725725000000125,Card,-0.027427499999987504,488.15192770026624,None,489.8718994995579,None,,,,Sub012,001,2022_May_20_1545,2_3_MRI_Rating_Play_Eyetracking,2021.2.3,60.022460394028165,
5,1,2,80,2,1,,,,,,,,,0,0,0,0,0,38,38,68,,,,,,,,,,,,,,,,,,,,,,,,,,,,,,,,,,,,,,,,,,,,,,,,,,,,,5,1,2,,,,,1,,,,,,,,,,,,,,,,,,,,,,,,,,,Sub012,001,2022_May_20_1545,2_3_MRI_Rating_Play_Eyetracking,2021.2.3,60.022460394028165,
7,2,1,50,1,1,,,,,,,,,0,0,0,0,0,39,39,61,0,0,0,0,,,,,,,,,,,,,,,,,,,,,,,,,,,,,,,,,,,,,,,,,490.95321599952877,None,490.95321599952877,None,490.95321599952877,None,492.9627678003162,None,7,2,1,43.60672118939465,50,2,1,1,494.06679419986904,None,y,0.49491090048104525,494.06679419986904,None,Yes,2.5050890995189548,494.66396869998425,None,497.2938850997016,None,g,1.445219200104475,497.2938850997016,None,1.1040070999999898,Bar,0.1040070999999898,497.2938850997016,None,498.86636369954795,None,,,,Sub012,001,2022_May_20_1545,2_3_MRI_Rating_Play_Eyetracking,2021.2.3,60.022460394028165,
7,2,1,50,1,1,,,,,,,,,0,0,0,0,0,39,39,61,,,,,,,,,,,,,,,,,,,,,,,,,,,,,,,,,,,,,,,,,,,,,,,,,,,,,7,2,1,,,,,1,,,,,,,,,,,,,,,,,,,,,,,,,,,Sub012,001,2022_May_20_1545,2_3_MRI_Rating_Play_Eyetracking,2021.2.3,60.022460394028165,
5,1,2,80,2,1,,,,,,,,,0,0,0,0,0,40,40,41,0,0,0,0,,,,,,,,,,,,,,,,,,,,,,,,,,,,,,,,,,,,,,,,,500.0849898001179,None,500.0849898001179,None,500.0849898001179,None,502.0783722996712,None,5,1,2,22.950010488644423,80,2,2,1,504.18554009962827,None,y,0.8025267003104091,504.18554009962827,None,Yes,2.197473299689591,505.11980309989303,None,507.3995452001691,None,y,1.5340983010828495,507.3995452001691,None,1.0580654000000322,Card,0.05806540000003224,507.3995452001691,None,509.0510227996856,None,,,,Sub012,001,2022_May_20_1545,2_3_MRI_Rating_Play_Eyetracking,2021.2.3,60.022460394028165,
5,1,2,80,2,1,,,,,,,,,0,0,0,0,0,40,40,41,,,,,,,,,,,,,,,,,,,,,,,,,,,,,,,,,,,,,,,,,,,,,,,,,,,,,5,1,2,,,,,1,,,,,,,,,,,,,,,,,,,,,,,,,,,Sub012,001,2022_May_20_1545,2_3_MRI_Rating_Play_Eyetracking,2021.2.3,60.022460394028165,
0,0,0,20,2,1,,,,,,,,,0,0,0,0,0,41,41,9,0,0,0,0,,,,,,,,,,,,,,,,,,,,,,,,,,,,,,,,,,,,,,,,,510.2111066002399,None,510.2111066002399,None,510.2111066002399,None,512.2119332998991,None,0,0,0,8.618588075275957,20,2,2,1,514.2916099000722,None,r,0.4120957003906369,514.2916099000722,None,Definitely No,2.587904299609363,514.8359092995524,None,517.5287854000926,None,g,1.4766276003792882,517.5287854000926,None,1.1077703999999926,Bar,0.1077703999999926,517.5287854000926,None,519.1332596000284,None,,,,Sub012,001,2022_May_20_1545,2_3_MRI_Rating_Play_Eyetracking,2021.2.3,60.022460394028165,
0,0,0,20,2,1,,,,,,,,,0,0,0,0,0,41,41,9,,,,,,,,,,,,,,,,,,,,,,,,,,,,,,,,,,,,,,,,,,,,,,,,,,,,,0,0,0,,,,,1,,,,,,,,,,,,,,,,,,,,,,,,,,,Sub012,001,2022_May_20_1545,2_3_MRI_Rating_Play_Eyetracking,2021.2.3,60.022460394028165,
2,0,2,80,1,1,,,,,,,,,0,0,0,0,0,42,42,29,0,0,0,0,,,,,,,,,,,,,,,,,,,,,,,,,,,,,,,,,,,,,,,,,520.3549605002627,None,520.3549605002627,None,520.3549605002627,None,522.3670738004148,None,2,0,2,8.618588075275957,80,2,1,1,523.4719168003649,None,g,0.8577513005584478,523.4719168003649,None,No,2.142248699441552,524.4536373997107,None,526.7030852995813,None,r,0.6775332000106573,526.7030852995813,None,1.873470599999905,Definitely Bar,0.8734705999999051,526.7030852995813,None,527.5034251995385,None,,,,Sub012,001,2022_May_20_1545,2_3_MRI_Rating_Play_Eyetracking,2021.2.3,60.022460394028165,
2,0,2,80,1,1,,,,,,,,,0,0,0,0,0,42,42,29,,,,,,,,,,,,,,,,,,,,,,,,,,,,,,,,,,,,,,,,,,,,,,,,,,,,,2,0,2,,,,,1,,,,,,,,,,,,,,,,,,,,,,,,,,,Sub012,001,2022_May_20_1545,2_3_MRI_Rating_Play_Eyetracking,2021.2.3,60.022460394028165,
2,0,2,80,1,0,,,,,,,,,0,0,0,0,0,43,43,2,,,,,,,,,,,,,,,,,,,,,,,,,,,,,,,,,,,,,,,,,,,,,529.4783688001335,None,529.4783688001335,None,529.4783688001335,None,531.5028317999095,None,2,0,2,8.618588075275957,80,2,1,0,,,,,,,,,,,,,,,,,,,,,,,,,,,Sub012,001,2022_May_20_1545,2_3_MRI_Rating_Play_Eyetracking,2021.2.3,60.022460394028165,
7,2,1,50,1,0,,,,,,,,,0,0,0,0,0,44,44,7,,,,,,,,,,,,,,,,,,,,,,,,,,,,,,,,,,,,,,,,,,,,,532.6141953999177,None,532.6141953999177,None,532.6141953999177,None,534.6018278002739,None,7,2,1,43.60672118939465,50,2,1,0,,,,,,,,,,,,,,,,,,,,,,,,,,,Sub012,001,2022_May_20_1545,2_3_MRI_Rating_Play_Eyetracking,2021.2.3,60.022460394028165,
7,2,1,50,1,1,,,,,,,,,0,0,0,0,0,45,45,34,0,0,0,0,,,,,,,,,,,,,,,,,,,,,,,,,,,,,,,,,,,,,,,,,535.7029571002349,None,535.7029571002349,None,535.7029571002349,None,537.7091413000599,None,7,2,1,43.60672118939465,50,2,1,1,538.8215506002307,None,y,0.6595241008326411,538.8215506002307,None,Yes,2.340475899167359,539.6020587999374,None,542.0545022003353,None,g,0.5705568008124828,542.0545022003353,None,1.9610097999999425,Bar,0.9610097999999425,542.0545022003353,None,542.7312562996522,None,,,,Sub012,001,2022_May_20_1545,2_3_MRI_Rating_Play_Eyetracking,2021.2.3,60.022460394028165,
7,2,1,50,1,1,,,,,,,,,0,0,0,0,0,45,45,34,,,,,,,,,,,,,,,,,,,,,,,,,,,,,,,,,,,,,,,,,,,,,,,,,,,,,7,2,1,,,,,1,,,,,,,,,,,,,,,,,,,,,,,,,,,Sub012,001,2022_May_20_1545,2_3_MRI_Rating_Play_Eyetracking,2021.2.3,60.022460394028165,
1,0,1,50,3,1,,,,,,,,,0,0,0,0,0,46,46,64,0,0,0,0,,,,,,,,,,,,,,,,,,,,,,,,,,,,,,,,,,,,,,,,,544.8044598996639,None,544.8044598996639,None,544.8044598996639,None,546.8183602998033,None,1,0,1,8.618588075275957,50,2,3,1,549.9173414995894,None,g,0.48773590102791786,549.9173414995894,None,No,2.512264098972082,550.529140399769,None,553.1600791998208,None,r,0.921704700216651,553.1600791998208,None,1.6226612000000387,Definitely Bar,0.6226612000000387,553.1600791998208,None,554.207112999633,None,,,,Sub012,001,2022_May_20_1545,2_3_MRI_Rating_Play_Eyetracking,2021.2.3,60.022460394028165,
1,0,1,50,3,1,,,,,,,,,0,0,0,0,0,46,46,64,,,,,,,,,,,,,,,,,,,,,,,,,,,,,,,,,,,,,,,,,,,,,,,,,,,,,1,0,1,,,,,1,,,,,,,,,,,,,,,,,,,,,,,,,,,Sub012,001,2022_May_20_1545,2_3_MRI_Rating_Play_Eyetracking,2021.2.3,60.022460394028165,
7,2,1,50,3,1,,,,,,,,,0,0,0,0,0,47,47,52,0,0,0,0,,,,,,,,,,,,,,,,,,,,,,,,,,,,,,,,,,,,,,,,,555.9369914000854,None,555.9369914000854,None,555.9369914000854,None,557.9504102999344,None,7,2,1,43.60672118939465,50,2,3,1,561.0563407996669,None,y,0.5070510003715754,561.0563407996669,None,Yes,2.4929489996284246,561.6802831003442,None,564.2841096995398,None,None,,564.2841096995398,None,0.6574854999998934,,-0.34251450000010664,564.2841096995398,None,566.2936308998615,None,,,,Sub012,001,2022_May_20_1545,2_3_MRI_Rating_Play_Eyetracking,2021.2.3,60.022460394028165,
7,2,1,50,3,1,,,,,,,,,0,0,0,0,0,47,47,52,,,,,,,,,,,,,,,,,,,,,,,,,,,,,,,,,,,,,,,,,,,,,,,,,,,,,7,2,1,,,,,1,,,,,,,,,,,,,,,,,,,,,,,,,,,Sub012,001,2022_May_20_1545,2_3_MRI_Rating_Play_Eyetracking,2021.2.3,60.022460394028165,
7,2,1,50,2,1,,,,,,,,,0,0,0,0,0,48,48,43,0,0,0,0,,,,,,,,,,,,,,,,,,,,,,,,,,,,,,,,,,,,,,,,,567.0558193996549,None,567.0558193996549,None,567.0558193996549,None,569.0585339004174,None,7,2,1,43.60672118939465,50,2,2,1,571.1725869998336,None,y,0.48957990016788244,571.1725869998336,None,Yes,2.5104200998321176,571.7919921996072,None,574.3825327996165,None,g,0.6717876009643078,574.3825327996165,None,1.8891554999999016,Bar,0.8891554999999016,574.3825327996165,None,575.1871988000348,None,,,,Sub012,001,2022_May_20_1545,2_3_MRI_Rating_Play_Eyetracking,2021.2.3,60.022460394028165,
7,2,1,50,2,1,,,,,,,,,0,0,0,0,0,48,48,43,,,,,,,,,,,,,,,,,,,,,,,,,,,,,,,,,,,,,,,,,,,,,,,,,,,,,7,2,1,,,,,1,,,,,,,,,,,,,,,,,,,,,,,,,,,Sub012,001,2022_May_20_1545,2_3_MRI_Rating_Play_Eyetracking,2021.2.3,60.022460394028165,
4,1,1,50,1,0,,,,,,,,,0,0,0,0,0,49,49,4,,,,,,,,,,,,,,,,,,,,,,,,,,,,,,,,,,,,,,,,,,,,,577.1865058001131,None,577.1865058001131,None,577.1865058001131,None,579.1958846002817,None,4,1,1,22.950010488644423,50,2,1,0,,,,,,,,,,,,,,,,,,,,,,,,,,,Sub012,001,2022_May_20_1545,2_3_MRI_Rating_Play_Eyetracking,2021.2.3,60.022460394028165,
1,0,1,50,3,0,,,,,,,,,0,0,0,0,0,50,50,19,,,,,,,,,,,,,,,,,,,,,,,,,,,,,,,,,,,,,,,,,,,,,580.280668400228,None,580.280668400228,None,580.280668400228,None,582.3107160003856,None,1,0,1,8.618588075275957,50,2,3,0,,,,,,,,,,,,,,,,,,,,,,,,,,,Sub012,001,2022_May_20_1545,2_3_MRI_Rating_Play_Eyetracking,2021.2.3,60.022460394028165,
4,1,1,50,3,1,,,,,,,,,0,0,0,0,0,51,51,67,0,0,0,0,,,,,,,,,,,,,,,,,,,,,,,,,,,,,,,,,,,,,,,,,585.4231123998761,None,585.4231123998761,None,585.4231123998761,None,587.4058493999764,None,4,1,1,22.950010488644423,50,2,3,1,590.52601660043,None,y,0.4957972997799516,590.52601660043,None,Yes,2.5042027002200484,591.1251878999174,None,593.7495967997238,None,g,0.8033127002418041,593.7495967997238,None,1.760130600000025,Bar,0.760130600000025,593.7495967997238,None,594.6641161004081,None,,,,Sub012,001,2022_May_20_1545,2_3_MRI_Rating_Play_Eyetracking,2021.2.3,60.022460394028165,
4,1,1,50,3,1,,,,,,,,,0,0,0,0,0,51,51,67,,,,,,,,,,,,,,,,,,,,,,,,,,,,,,,,,,,,,,,,,,,,,,,,,,,,,4,1,1,,,,,1,,,,,,,,,,,,,,,,,,,,,,,,,,,Sub012,001,2022_May_20_1545,2_3_MRI_Rating_Play_Eyetracking,2021.2.3,60.022460394028165,
6,2,0,20,1,0,,,,,,,,,0,0,0,0,0,52,52,6,,,,,,,,,,,,,,,,,,,,,,,,,,,,,,,,,,,,,,,,,,,,,596.5389032997191,None,596.5389032997191,None,596.5389032997191,None,598.5225002001971,None,6,2,0,43.60672118939465,20,2,1,0,,,,,,,,,,,,,,,,,,,,,,,,,,,Sub012,001,2022_May_20_1545,2_3_MRI_Rating_Play_Eyetracking,2021.2.3,60.022460394028165,
2,0,2,80,2,1,,,,,,,,,0,0,0,0,0,53,53,65,0,0,0,0,,,,,,,,,,,,,,,,,,,,,,,,,,,,,,,,,,,,,,,,,599.6389506999403,None,599.6389506999403,None,599.6389506999403,None,601.6492683002725,None,2,0,2,8.618588075275957,80,2,2,1,603.7494946997613,None,g,0.48132710065692663,603.7494946997613,None,No,2.5186728993430734,604.3599007995799,None,606.9703756999224,None,r,0.4184212004765868,606.9703756999224,None,2.125499799999943,Definitely Bar,1.1254997999999432,606.9703756999224,None,607.5227779997513,None,,,,Sub012,001,2022_May_20_1545,2_3_MRI_Rating_Play_Eyetracking,2021.2.3,60.022460394028165,
2,0,2,80,2,1,,,,,,,,,0,0,0,0,0,53,53,65,,,,,,,,,,,,,,,,,,,,,,,,,,,,,,,,,,,,,,,,,,,,,,,,,,,,,2,0,2,,,,,1,,,,,,,,,,,,,,,,,,,,,,,,,,,Sub012,001,2022_May_20_1545,2_3_MRI_Rating_Play_Eyetracking,2021.2.3,60.022460394028165,
1,0,1,50,2,1,,,,,,,,,0,0,0,0,0,54,54,10,0,0,0,0,,,,,,,,,,,,,,,,,,,,,,,,,,,,,,,,,,,,,,,,,609.7558140000328,None,609.7558140000328,None,609.7558140000328,None,611.7696984000504,None,1,0,1,8.618588075275957,50,2,2,1,613.8703474001959,None,r,0.6332502001896501,613.8703474001959,None,Definitely No,2.36674979981035,614.6040781997144,None,617.0719414995983,None,r,1.2001906000077724,617.0719414995983,None,1.3721461999999747,Definitely Bar,0.37214619999997467,617.0719414995983,None,618.3843195997179,None,,,,Sub012,001,2022_May_20_1545,2_3_MRI_Rating_Play_Eyetracking,2021.2.3,60.022460394028165,
1,0,1,50,2,1,,,,,,,,,0,0,0,0,0,54,54,10,,,,,,,,,,,,,,,,,,,,,,,,,,,,,,,,,,,,,,,,,,,,,,,,,,,,,1,0,1,,,,,1,,,,,,,,,,,,,,,,,,,,,,,,,,,Sub012,001,2022_May_20_1545,2_3_MRI_Rating_Play_Eyetracking,2021.2.3,60.022460394028165,
0,0,0,20,3,1,,,,,,,,,0,0,0,0,0,55,55,45,0,0,0,0,,,,,,,,,,,,,,,,,,,,,,,,,,,,,,,,,,,,,,,,,619.8503451999277,None,619.8503451999277,None,619.8503451999277,None,621.8868939001113,None,0,0,0,8.618588075275957,20,2,3,1,624.9917061002925,None,r,0.4863809999078512,624.9917061002925,None,Definitely No,2.513619000092149,625.5837094997987,None,628.2116649998352,None,g,0.6152915004640818,628.2116649998352,None,1.936988200000087,Bar,0.9369882000000871,628.2116649998352,None,628.9545933995396,None,,,,Sub012,001,2022_May_20_1545,2_3_MRI_Rating_Play_Eyetracking,2021.2.3,60.022460394028165,
0,0,0,20,3,1,,,,,,,,,0,0,0,0,0,55,55,45,,,,,,,,,,,,,,,,,,,,,,,,,,,,,,,,,,,,,,,,,,,,,,,,,,,,,0,0,0,,,,,1,,,,,,,,,,,,,,,,,,,,,,,,,,,Sub012,001,2022_May_20_1545,2_3_MRI_Rating_Play_Eyetracking,2021.2.3,60.022460394028165,
3,1,0,20,3,0,,,,,,,,,0,0,0,0,0,56,56,21,,,,,,,,,,,,,,,,,,,,,,,,,,,,,,,,,,,,,,,,,,,,,631.0093956002966,None,631.0093956002966,None,631.0093956002966,None,632.9997169002891,None,3,1,0,22.950010488644423,20,2,3,0,,,,,,,,,,,,,,,,,,,,,,,,,,,Sub012,001,2022_May_20_1545,2_3_MRI_Rating_Play_Eyetracking,2021.2.3,60.022460394028165,
3,1,0,20,2,1,,,,,,,,,0,0,0,0,0,57,57,57,0,0,0,0,,,,,,,,,,,,,,,,,,,,,,,,,,,,,,,,,,,,,,,,,636.0956659000367,None,636.0956659000367,None,636.0956659000367,None,638.1206115996465,None,3,1,0,22.950010488644423,20,2,2,1,640.2252802001312,None,g,0.6352471001446247,640.2252802001312,None,No,2.3647528998553753,640.965288599953,None,643.4239461999387,None,y,1.7389879003167152,643.4239461999387,None,0.8239048000000366,Card,-0.17609519999996337,643.4239461999387,None,645.2850639000535,None,,,,Sub012,001,2022_May_20_1545,2_3_MRI_Rating_Play_Eyetracking,2021.2.3,60.022460394028165,
3,1,0,20,2,1,,,,,,,,,0,0,0,0,0,57,57,57,,,,,,,,,,,,,,,,,,,,,,,,,,,,,,,,,,,,,,,,,,,,,,,,,,,,,3,1,0,,,,,1,,,,,,,,,,,,,,,,,,,,,,,,,,,Sub012,001,2022_May_20_1545,2_3_MRI_Rating_Play_Eyetracking,2021.2.3,60.022460394028165,
1,0,1,50,1,0,,,,,,,,,0,0,0,0,0,58,58,1,,,,,,,,,,,,,,,,,,,,,,,,,,,,,,,,,,,,,,,,,,,,,646.2056841002777,None,646.2056841002777,None,646.2056841002777,None,648.2378796003759,None,1,0,1,8.618588075275957,50,2,1,0,,,,,,,,,,,,,,,,,,,,,,,,,,,Sub012,001,2022_May_20_1545,2_3_MRI_Rating_Play_Eyetracking,2021.2.3,60.022460394028165,
0,0,0,20,3,0,,,,,,,,,0,0,0,0,0,59,59,18,,,,,,,,,,,,,,,,,,,,,,,,,,,,,,,,,,,,,,,,,,,,,649.3357058996335,None,649.3357058996335,None,649.3357058996335,None,651.3319912003353,None,0,0,0,8.618588075275957,20,2,3,0,,,,,,,,,,,,,,,,,,,,,,,,,,,Sub012,001,2022_May_20_1545,2_3_MRI_Rating_Play_Eyetracking,2021.2.3,60.022460394028165,
6,2,0,20,3,1,,,,,,,,,0,0,0,0,0,60,60,51,0,0,0,0,,,,,,,,,,,,,,,,,,,,,,,,,,,,,,,,,,,,,,,,,654.4191319998354,None,654.4191319998354,None,654.4191319998354,None,656.4558616997674,None,6,2,0,43.60672118939465,20,2,3,1,659.5355310998857,None,y,0.7023895001038909,659.5355310998857,None,Yes,2.297610499896109,660.3586504003033,None,662.7627774998546,None,g,0.7203409001231194,662.7627774998546,None,1.8429826000000276,Bar,0.8429826000000276,662.7627774998546,None,663.5860719997436,None,,,,Sub012,001,2022_May_20_1545,2_3_MRI_Rating_Play_Eyetracking,2021.2.3,60.022460394028165,
6,2,0,20,3,1,,,,,,,,,0,0,0,0,0,60,60,51,,,,,,,,,,,,,,,,,,,,,,,,,,,,,,,,,,,,,,,,,,,,,,,,,,,,,6,2,0,,,,,1,,,,,,,,,,,,,,,,,,,,,,,,,,,Sub012,001,2022_May_20_1545,2_3_MRI_Rating_Play_Eyetracking,2021.2.3,60.022460394028165,
5,1,2,80,1,1,,,,,,,,,0,0,0,0,0,61,61,32,0,0,0,0,,,,,,,,,,,,,,,,,,,,,,,,,,,,,,,,,,,,,,,,,665.514063199982,None,665.514063199982,None,665.514063199982,None,667.5542989997193,None,5,1,2,22.950010488644423,80,2,1,1,668.6599703999236,None,y,0.7656740006059408,668.6599703999236,None,Yes,2.234325999394059,669.5535882003605,None,671.8968460001051,None,y,0.41834260057657957,671.8968460001051,None,2.1213147999999364,Card,1.1213147999999364,671.8968460001051,None,672.4448009002954,None,,,,Sub012,001,2022_May_20_1545,2_3_MRI_Rating_Play_Eyetracking,2021.2.3,60.022460394028165,
5,1,2,80,1,1,,,,,,,,,0,0,0,0,0,61,61,32,,,,,,,,,,,,,,,,,,,,,,,,,,,,,,,,,,,,,,,,,,,,,,,,,,,,,5,1,2,,,,,1,,,,,,,,,,,,,,,,,,,,,,,,,,,Sub012,001,2022_May_20_1545,2_3_MRI_Rating_Play_Eyetracking,2021.2.3,60.022460394028165,
4,1,1,50,1,1,,,,,,,,,0,0,0,0,0,62,62,31,0,0,0,0,,,,,,,,,,,,,,,,,,,,,,,,,,,,,,,,,,,,,,,,,674.6735631003976,None,674.6735631003976,None,674.6735631003976,None,676.6810368997976,None,4,1,1,22.950010488644423,50,2,1,1,677.772669300437,None,y,0.7462298003956676,677.772669300437,None,Yes,2.2537701996043324,678.6209594001994,None,680.9796064002439,None,g,1.405692600645125,680.9796064002439,None,1.1868587000000161,Bar,0.18685870000001614,680.9796064002439,None,682.502449600026,None,,,,Sub012,001,2022_May_20_1545,2_3_MRI_Rating_Play_Eyetracking,2021.2.3,60.022460394028165,
4,1,1,50,1,1,,,,,,,,,0,0,0,0,0,62,62,31,,,,,,,,,,,,,,,,,,,,,,,,,,,,,,,,,,,,,,,,,,,,,,,,,,,,,4,1,1,,,,,1,,,,,,,,,,,,,,,,,,,,,,,,,,,Sub012,001,2022_May_20_1545,2_3_MRI_Rating_Play_Eyetracking,2021.2.3,60.022460394028165,
4,1,1,50,1,1,,,,,,,,,0,0,0,0,0,63,63,58,0,0,0,0,,,,,,,,,,,,,,,,,,,,,,,,,,,,,,,,,,,,,,,,,683.7711824001744,None,683.7711824001744,None,683.7711824001744,None,685.8061800999567,None,4,1,1,22.950010488644423,50,2,1,1,686.9094027997926,None,y,0.45301720034331083,686.9094027997926,None,Yes,2.546982799656689,687.4844295000657,None,690.1487192995846,None,g,0.8378911009058356,690.1487192995846,None,1.7066942000000154,Bar,0.7066942000000154,690.1487192995846,None,691.0988804996014,None,,,,Sub012,001,2022_May_20_1545,2_3_MRI_Rating_Play_Eyetracking,2021.2.3,60.022460394028165,
4,1,1,50,1,1,,,,,,,,,0,0,0,0,0,63,63,58,,,,,,,,,,,,,,,,,,,,,,,,,,,,,,,,,,,,,,,,,,,,,,,,,,,,,4,1,1,,,,,1,,,,,,,,,,,,,,,,,,,,,,,,,,,Sub012,001,2022_May_20_1545,2_3_MRI_Rating_Play_Eyetracking,2021.2.3,60.022460394028165,
6,2,0,20,2,1,,,,,,,,,0,0,0,0,0,64,64,15,0,0,0,0,,,,,,,,,,,,,,,,,,,,,,,,,,,,,,,,,,,,,,,,,692.9070322997868,None,692.9070322997868,None,692.9070322997868,None,694.9243563003838,None,6,2,0,43.60672118939465,20,2,2,1,697.0277778003365,None,y,0.5310957003384829,697.0277778003365,None,Yes,2.468904299661517,697.68715829961,None,700.2623712001368,None,g,0.6207245998084545,700.2623712001368,None,1.925081500000033,Bar,0.925081500000033,700.2623712001368,None,701.0103454999626,None,,,,Sub012,001,2022_May_20_1545,2_3_MRI_Rating_Play_Eyetracking,2021.2.3,60.022460394028165,
6,2,0,20,2,1,,,,,,,,,0,0,0,0,0,64,64,15,,,,,,,,,,,,,,,,,,,,,,,,,,,,,,,,,,,,,,,,,,,,,,,,,,,,,6,2,0,,,,,1,,,,,,,,,,,,,,,,,,,,,,,,,,,Sub012,001,2022_May_20_1545,2_3_MRI_Rating_Play_Eyetracking,2021.2.3,60.022460394028165,
1,0,1,50,3,1,,,,,,,,,0,0,0,0,0,65,65,46,0,0,0,0,,,,,,,,,,,,,,,,,,,,,,,,,,,,,,,,,,,,,,,,,703.0453075002879,None,703.0453075002879,None,703.0453075002879,None,705.056254000403,None,1,0,1,8.618588075275957,50,2,3,1,708.1403075996786,None,g,0.4639227008447051,708.1403075996786,None,No,2.536077299155295,708.7262672996148,None,711.372485499829,None,r,0.5953899007290602,711.372485499829,None,1.9727634999999282,Definitely Bar,0.9727634999999282,711.372485499829,None,712.085896300152,None,,,,Sub012,001,2022_May_20_1545,2_3_MRI_Rating_Play_Eyetracking,2021.2.3,60.022460394028165,
1,0,1,50,3,1,,,,,,,,,0,0,0,0,0,65,65,46,,,,,,,,,,,,,,,,,,,,,,,,,,,,,,,,,,,,,,,,,,,,,,,,,,,,,1,0,1,,,,,1,,,,,,,,,,,,,,,,,,,,,,,,,,,Sub012,001,2022_May_20_1545,2_3_MRI_Rating_Play_Eyetracking,2021.2.3,60.022460394028165,
2,0,2,80,1,1,,,,,,,,,0,0,0,0,0,66,66,56,0,0,0,0,,,,,,,,,,,,,,,,,,,,,,,,,,,,,,,,,,,,,,,,,714.1327863996848,None,714.1327863996848,None,714.1327863996848,None,716.1740950001404,None,2,0,2,8.618588075275957,80,2,1,1,717.2809602003545,None,g,0.6072608008980751,717.2809602003545,None,No,2.392739199101925,718.0082756001502,None,720.5092551996931,None,r,0.7481316002085805,720.5092551996931,None,1.8048598999999967,Definitely Bar,0.8048598999999967,720.5092551996931,None,721.3680020999163,None,,,,Sub012,001,2022_May_20_1545,2_3_MRI_Rating_Play_Eyetracking,2021.2.3,60.022460394028165,
2,0,2,80,1,1,,,,,,,,,0,0,0,0,0,66,66,56,,,,,,,,,,,,,,,,,,,,,,,,,,,,,,,,,,,,,,,,,,,,,,,,,,,,,2,0,2,,,,,1,,,,,,,,,,,,,,,,,,,,,,,,,,,Sub012,001,2022_May_20_1545,2_3_MRI_Rating_Play_Eyetracking,2021.2.3,60.022460394028165,
3,1,0,20,3,1,,,,,,,,,0,0,0,0,0,67,67,66,0,0,0,0,,,,,,,,,,,,,,,,,,,,,,,,,,,,,,,,,,,,,,,,,723.272152800113,None,723.272152800113,None,723.272152800113,None,725.2910048002377,None,3,1,0,22.950010488644423,20,2,3,1,728.3970312001184,None,g,0.41269570030272007,728.3970312001184,None,No,2.58730429969728,728.9194740997627,None,731.6168473996222,None,y,0.90712880063802,731.6168473996222,None,1.6561421999999766,Card,0.6561421999999766,731.6168473996222,None,732.634274000302,None,,,,Sub012,001,2022_May_20_1545,2_3_MRI_Rating_Play_Eyetracking,2021.2.3,60.022460394028165,
3,1,0,20,3,1,,,,,,,,,0,0,0,0,0,67,67,66,,,,,,,,,,,,,,,,,,,,,,,,,,,,,,,,,,,,,,,,,,,,,,,,,,,,,3,1,0,,,,,1,,,,,,,,,,,,,,,,,,,,,,,,,,,Sub012,001,2022_May_20_1545,2_3_MRI_Rating_Play_Eyetracking,2021.2.3,60.022460394028165,
8,2,2,80,1,1,,,,,,,,,0,0,0,0,0,68,68,62,0,0,0,0,,,,,,,,,,,,,,,,,,,,,,,,,,,,,,,,,,,,,,,,,734.3635347001255,None,734.3635347001255,None,734.3635347001255,None,736.4103245995939,None,8,2,2,43.60672118939465,80,2,1,1,737.5282674999908,None,b,0.4777407003566623,737.5282674999908,None,Definitely Yes,2.5222592996433377,738.1056145997718,None,740.7422498995438,None,g,0.7967629004269838,740.7422498995438,None,1.7555326000000377,Bar,0.7555326000000377,740.7422498995438,None,741.6569333998486,None,,,,Sub012,001,2022_May_20_1545,2_3_MRI_Rating_Play_Eyetracking,2021.2.3,60.022460394028165,
8,2,2,80,1,1,,,,,,,,,0,0,0,0,0,68,68,62,,,,,,,,,,,,,,,,,,,,,,,,,,,,,,,,,,,,,,,,,,,,,,,,,,,,,8,2,2,,,,,1,,,,,,,,,,,,,,,,,,,,,,,,,,,Sub012,001,2022_May_20_1545,2_3_MRI_Rating_Play_Eyetracking,2021.2.3,60.022460394028165,
8,2,2,80,3,1,,,,,,,,,0,0,0,0,0,69,69,71,0,0,0,0,,,,,,,,,,,,,,,,,,,,,,,,,,,,,,,,,,,,,,,,,743.5216483995318,None,743.5216483995318,None,743.5216483995318,None,745.5406408999115,None,8,2,2,43.60672118939465,80,2,3,1,748.643476399593,None,b,0.3732693996280432,748.643476399593,None,Definitely Yes,2.626730600371957,749.1495263995603,None,751.8807838996872,None,g,1.063566300086677,751.8807838996872,None,1.472079000000008,Bar,0.4720790000000079,751.8807838996872,None,753.0767424004152,None,,,,Sub012,001,2022_May_20_1545,2_3_MRI_Rating_Play_Eyetracking,2021.2.3,60.022460394028165,
8,2,2,80,3,1,,,,,,,,,0,0,0,0,0,69,69,71,,,,,,,,,,,,,,,,,,,,,,,,,,,,,,,,,,,,,,,,,,,,,,,,,,,,,8,2,2,,,,,1,,,,,,,,,,,,,,,,,,,,,,,,,,,Sub012,001,2022_May_20_1545,2_3_MRI_Rating_Play_Eyetracking,2021.2.3,60.022460394028165,
4,1,1,50,2,1,,,,,,,,,0,0,0,0,0,70,70,40,0,0,0,0,,,,,,,,,,,,,,,,,,,,,,,,,,,,,,,,,,,,,,,,,754.641655200161,None,754.641655200161,None,754.641655200161,None,756.6748630004004,None,4,1,1,22.950010488644423,50,2,2,1,758.780063400045,None,y,0.4580469001084566,758.780063400045,None,Yes,2.5419530998915434,759.3516201004386,None,762.0023715998977,None,g,0.38292290084064007,762.0023715998977,None,2.173343799999998,Bar,1.1733437999999978,762.0023715998977,None,762.5119353001937,None,,,,Sub012,001,2022_May_20_1545,2_3_MRI_Rating_Play_Eyetracking,2021.2.3,60.022460394028165,
4,1,1,50,2,1,,,,,,,,,0,0,0,0,0,70,70,40,,,,,,,,,,,,,,,,,,,,,,,,,,,,,,,,,,,,,,,,,,,,,,,,,,,,,4,1,1,,,,,1,,,,,,,,,,,,,,,,,,,,,,,,,,,Sub012,001,2022_May_20_1545,2_3_MRI_Rating_Play_Eyetracking,2021.2.3,60.022460394028165,
2,0,2,80,3,0,,,,,,,,,0,0,0,0,0,71,71,20,,,,,,,,,,,,,,,,,,,,,,,,,,,,,,,,,,,,,,,,,,,,,764.7967780996114,None,764.7967780996114,None,764.7967780996114,None,766.8089207997546,None,2,0,2,8.618588075275957,80,2,3,0,,,,,,,,,,,,,,,,,,,,,,,,,,,Sub012,001,2022_May_20_1545,2_3_MRI_Rating_Play_Eyetracking,2021.2.3,60.022460394028165,
,,,,,,,,,,,,,,0,0,0,0,,,,,,,,,,,,,,,,,,,,,,,,,,,,,,,,,,,,,,,,,,,,,,,,,,,,,,,,,,,,,,,,,,,,,,,,,,,,,,,,,,,,,,,,,,,Sub012,001,2022_May_20_1545,2_3_MRI_Rating_Play_Eyetracking,2021.2.3,60.022460394028165,
,,,,,,,,,,,,,,,,,,,,,,,,,,,,,,,,,,,,,,,,,,,,,,,,,,,,,,,,,,,,,,,,,,,,,,,,,,,,,,,,,,,,,,,,,,,,,,,,,,,,,,,,,769.8869526004419,None,None,Sub012,001,2022_May_20_1545,2_3_MRI_Rating_Play_Eyetracking,2021.2.3,60.022460394028165,
