﻿Current_Run_SE,Current_Run_RE,current_pair_SE,current_pair_RE,current_card_prob,ITI_SE,ITI_RE,Q_bar,Q_card,start_MRI.thisRepN,start_MRI.thisTrialN,start_MRI.thisN,start_MRI.thisIndex,L_subjects.thisRepN,L_subjects.thisTrialN,L_subjects.thisN,L_subjects.thisIndex,Bar_Card_L.thisRepN,Bar_Card_L.thisTrialN,Bar_Card_L.thisN,Bar_Card_L.thisIndex,trials_bar_L.thisRepN,trials_bar_L.thisTrialN,trials_bar_L.thisN,trials_bar_L.thisIndex,Q_bar_L.thisRepN,Q_bar_L.thisTrialN,Q_bar_L.thisN,Q_bar_L.thisIndex,trials_Card_L.thisRepN,trials_Card_L.thisTrialN,trials_Card_L.thisN,trials_Card_L.thisIndex,Q_card_L.thisRepN,Q_card_L.thisTrialN,Q_card_L.thisN,Q_card_L.thisIndex,R_subjects.thisRepN,R_subjects.thisTrialN,R_subjects.thisN,R_subjects.thisIndex,fMR_Instr1_text.started,fMR_Instr1_text.stopped,Ready_text.started,Ready_text.stopped,trigger_2.keys,trigger_2.rt,trigger_2.started,trigger_2.stopped,center_OnsetTime.started,center_OnsetTime.stopped,text_SE_9.started,text_SE_9.stopped,fixOnset_text_ISI_SE_2.started,fixOnset_text_ISI_SE_2.stopped,current_pair_SE,current_pair_RE,target_pair,ISI_SE,Q_bar,PairQuestionONSET_SE_text_L.started,PairQuestionONSET_SE_text_L.stopped,key_resp_rating_SE_L.keys,key_resp_rating_SE_L.started,key_resp_rating_SE_L.stopped,Rating_pair,current_ITI,lagTime,fixOnset_text_ITI.started,fixOnset_text_ITI.stopped,key_resp_rating_SE_L.rt,PairONSET_card_prob_2.started,PairONSET_card_prob_2.stopped,fixOnset_text_ISI_RE_2.started,fixOnset_text_ISI_RE_2.stopped,card_pair,ISI_RE,Q_card,PairQuestionONSET_RE_text_L.started,PairQuestionONSET_RE_text_L.stopped,key_resp_rating_RE_L.keys,key_resp_rating_RE_L.started,key_resp_rating_RE_L.stopped,key_resp_rating_RE_L.rt,participant,session,date,expName,psychopyVersion,frameRate,
,,,,,,,,,0,0,0,0,,,,,,,,,,,,,,,,,,,,,,,,,,,,,10.816042199730873,None,,,,,,,,,,,,,,,,,,,,,,,,,,,,,,,,,,,,,,,,,,Sub005,001,2022_Apr_29_1344,2_1_MRI_Rating_SE_RE,2021.2.3,60.12487938745365,
1,0,0,-1,-1,1,-1,0,0,,,,,0,0,0,0,0,0,0,9,0,0,0,0,,,,,,,,,,,,,,,,,,,48.55733669921756,None,t,10.27991050016135,48.55733669921756,None,58.888402899727225,None,58.888402899727225,None,60.88291259948164,None,0,-1,8.434256092296069,1,0,,,,,,,,,,,,,,,,,,0,,,,,,,Sub005,001,2022_Apr_29_1344,2_1_MRI_Rating_SE_RE,2021.2.3,60.12487938745365,
1,0,0,-1,-1,1,-1,0,0,,,,,0,0,0,0,0,0,0,9,,,,,,,,,,,,,,,,,,,,,,,,,,,,,,,,,,,0,-1,,,0,,,,,,,,,,,,,,,,,,0,,,,,,,Sub005,001,2022_Apr_29_1344,2_1_MRI_Rating_SE_RE,2021.2.3,60.12487938745365,
1,0,1,-1,-1,1,-1,0,0,,,,,0,0,0,0,0,1,1,12,0,0,0,0,,,,,,,,,,,,,,,,,,,,,,,,,61.89655699953437,None,61.89655699953437,None,63.89997470006347,None,1,-1,22.45916199863284,1,0,,,,,,,,,,,,,,,,,,0,,,,,,,Sub005,001,2022_Apr_29_1344,2_1_MRI_Rating_SE_RE,2021.2.3,60.12487938745365,
1,0,1,-1,-1,1,-1,0,0,,,,,0,0,0,0,0,1,1,12,,,,,,,,,,,,,,,,,,,,,,,,,,,,,,,,,,,1,-1,,,0,,,,,,,,,,,,,,,,,,0,,,,,,,Sub005,001,2022_Apr_29_1344,2_1_MRI_Rating_SE_RE,2021.2.3,60.12487938745365,
1,0,2,-1,-1,3,-1,1,0,,,,,0,0,0,0,0,2,2,26,0,0,0,0,0,0,0,0,,,,,,,,,,,,,,,,,,,,,64.9032162996009,None,64.9032162996009,None,66.91671509947628,None,2,-1,42.67407267227257,3,1,69.93947719968855,None,None,69.93947719968855,None,,0.9763910999999936,-0.023608900000006372,71.9335059998557,None,,,,,,,,0,,,,,,,Sub005,001,2022_Apr_29_1344,2_1_MRI_Rating_SE_RE,2021.2.3,60.12487938745365,
1,0,2,-1,-1,3,-1,1,0,,,,,0,0,0,0,0,2,2,26,0,0,0,0,,,,,,,,,,,,,,,,,,,,,,,,,,,,,,,2,-1,,,1,,,,,,,,,,,,,,,,,,0,,,,,,,Sub005,001,2022_Apr_29_1344,2_1_MRI_Rating_SE_RE,2021.2.3,60.12487938745365,
1,0,2,-1,-1,3,-1,1,0,,,,,0,0,0,0,0,2,2,26,,,,,,,,,,,,,,,,,,,,,,,,,,,,,,,,,,,2,-1,,,1,,,,,,,,,,,,,,,,,,0,,,,,,,Sub005,001,2022_Apr_29_1344,2_1_MRI_Rating_SE_RE,2021.2.3,60.12487938745365,
1,0,1,-1,-1,2,-1,1,0,,,,,0,0,0,0,0,3,3,40,0,0,0,0,0,0,0,0,,,,,,,,,,,,,,,,,,,,,72.9318340998143,None,72.9318340998143,None,74.93359909951687,None,1,-1,22.45916199863284,2,1,76.9356651995331,None,g,76.9356651995331,None,Slightly Likely,1.2187476000000004,0.21874760000000038,78.71738009992987,None,1.7564252996817231,,,,,,,0,,,,,,,Sub005,001,2022_Apr_29_1344,2_1_MRI_Rating_SE_RE,2021.2.3,60.12487938745365,
1,0,1,-1,-1,2,-1,1,0,,,,,0,0,0,0,0,3,3,40,0,0,0,0,,,,,,,,,,,,,,,,,,,,,,,,,,,,,,,1,-1,,,1,,,,,,,,,,,,,,,,,,0,,,,,,,Sub005,001,2022_Apr_29_1344,2_1_MRI_Rating_SE_RE,2021.2.3,60.12487938745365,
1,0,1,-1,-1,2,-1,1,0,,,,,0,0,0,0,0,3,3,40,,,,,,,,,,,,,,,,,,,,,,,,,,,,,,,,,,,1,-1,,,1,,,,,,,,,,,,,,,,,,0,,,,,,,Sub005,001,2022_Apr_29_1344,2_1_MRI_Rating_SE_RE,2021.2.3,60.12487938745365,
0,1,-1,0,20,-1,2,0,0,,,,,0,0,0,0,0,4,4,57,,,,,,,,,0,0,0,0,,,,,,,,,,,,,,,,,,,,,,,-1,0,,,0,,,,,,,,,,,,79.9595418991521,None,81.96719079930335,None,20,2,0,,,,,,,Sub005,001,2022_Apr_29_1344,2_1_MRI_Rating_SE_RE,2021.2.3,60.12487938745365,
0,1,-1,0,20,-1,2,0,0,,,,,0,0,0,0,0,4,4,57,,,,,,,,,,,,,,,,,,,,,,,,,,,,,,,,,,,-1,0,,,0,,,,,,,,,,,,,,,,,,0,,,,,,,Sub005,001,2022_Apr_29_1344,2_1_MRI_Rating_SE_RE,2021.2.3,60.12487938745365,
0,1,-1,2,80,-1,1,0,1,,,,,0,0,0,0,0,5,5,56,,,,,,,,,0,0,0,0,0,0,0,0,,,,,,,,,,,,,,,,,,,-1,2,,,0,,,,,,,0.9826091000000048,-0.017390899999995213,89.00128109939396,None,,83.9765374995768,None,85.98408099915832,None,80,1,1,86.98899889923632,None,None,86.98899889923632,None,,Sub005,001,2022_Apr_29_1344,2_1_MRI_Rating_SE_RE,2021.2.3,60.12487938745365,
0,1,-1,2,80,-1,1,0,1,,,,,0,0,0,0,0,5,5,56,,,,,,,,,0,0,0,0,,,,,,,,,,,,,,,,,,,,,,,-1,2,,,0,,,,,,,,,,,,,,,,,,1,,,,,,,Sub005,001,2022_Apr_29_1344,2_1_MRI_Rating_SE_RE,2021.2.3,60.12487938745365,
0,1,-1,2,80,-1,1,0,1,,,,,0,0,0,0,0,5,5,56,,,,,,,,,,,,,,,,,,,,,,,,,,,,,,,,,,,-1,2,,,0,,,,,,,,,,,,,,,,,,1,,,,,,,Sub005,001,2022_Apr_29_1344,2_1_MRI_Rating_SE_RE,2021.2.3,60.12487938745365,
1,0,0,-1,-1,2,-1,1,0,,,,,0,0,0,0,0,6,6,28,0,0,0,0,0,0,0,0,,,,,,,,,,,,,,,,,,,,,89.99878179933876,None,89.99878179933876,None,92.00077449996024,None,0,-1,8.434256092296069,2,1,94.00216989964247,None,r,94.00216989964247,None,Extremely Likely,1.2496591999999964,0.24965919999999642,95.75116849970073,None,1.7220155000686646,,,,,,,0,,,,,,,Sub005,001,2022_Apr_29_1344,2_1_MRI_Rating_SE_RE,2021.2.3,60.12487938745365,
1,0,0,-1,-1,2,-1,1,0,,,,,0,0,0,0,0,6,6,28,0,0,0,0,,,,,,,,,,,,,,,,,,,,,,,,,,,,,,,0,-1,,,1,,,,,,,,,,,,,,,,,,0,,,,,,,Sub005,001,2022_Apr_29_1344,2_1_MRI_Rating_SE_RE,2021.2.3,60.12487938745365,
1,0,0,-1,-1,2,-1,1,0,,,,,0,0,0,0,0,6,6,28,,,,,,,,,,,,,,,,,,,,,,,,,,,,,,,,,,,0,-1,,,1,,,,,,,,,,,,,,,,,,0,,,,,,,Sub005,001,2022_Apr_29_1344,2_1_MRI_Rating_SE_RE,2021.2.3,60.12487938745365,
1,0,1,-1,-1,1,-1,0,0,,,,,0,0,0,0,0,7,7,3,0,0,0,0,,,,,,,,,,,,,,,,,,,,,,,,,97.00764269940555,None,97.00764269940555,None,99.01773920003325,None,1,-1,22.45916199863284,1,0,,,,,,,,,,,,,,,,,,0,,,,,,,Sub005,001,2022_Apr_29_1344,2_1_MRI_Rating_SE_RE,2021.2.3,60.12487938745365,
1,0,1,-1,-1,1,-1,0,0,,,,,0,0,0,0,0,7,7,3,,,,,,,,,,,,,,,,,,,,,,,,,,,,,,,,,,,1,-1,,,0,,,,,,,,,,,,,,,,,,0,,,,,,,Sub005,001,2022_Apr_29_1344,2_1_MRI_Rating_SE_RE,2021.2.3,60.12487938745365,
0,1,-1,2,80,-1,2,0,1,,,,,0,0,0,0,0,8,8,86,,,,,,,,,0,0,0,0,0,0,0,0,,,,,,,,,,,,,,,,,,,-1,2,,,0,,,,,,Slightly Likely,1.2243899000000056,0.22438990000000558,105.80121499951929,None,,100.01938319951296,None,102.01816939935088,None,80,2,1,104.01946059986949,None,g,104.01946059986949,None,1.7577716996893287,Sub005,001,2022_Apr_29_1344,2_1_MRI_Rating_SE_RE,2021.2.3,60.12487938745365,
0,1,-1,2,80,-1,2,0,1,,,,,0,0,0,0,0,8,8,86,,,,,,,,,0,0,0,0,,,,,,,,,,,,,,,,,,,,,,,-1,2,,,0,,,,,,,,,,,,,,,,,,1,,,,,,,Sub005,001,2022_Apr_29_1344,2_1_MRI_Rating_SE_RE,2021.2.3,60.12487938745365,
0,1,-1,2,80,-1,2,0,1,,,,,0,0,0,0,0,8,8,86,,,,,,,,,,,,,,,,,,,,,,,,,,,,,,,,,,,-1,2,,,0,,,,,,,,,,,,,,,,,,1,,,,,,,Sub005,001,2022_Apr_29_1344,2_1_MRI_Rating_SE_RE,2021.2.3,60.12487938745365,
1,0,1,-1,-1,3,-1,1,0,,,,,0,0,0,0,0,9,9,23,0,0,0,0,0,0,0,0,,,,,,,,,,,,,,,,,,,,,107.04215949960053,None,107.04215949960053,None,109.05174080003053,None,1,-1,22.45916199863284,3,1,112.0533168995753,None,None,112.0533168995753,None,,0.983637299999998,-0.01636270000000195,114.06812889967114,None,,,,,,,,0,,,,,,,Sub005,001,2022_Apr_29_1344,2_1_MRI_Rating_SE_RE,2021.2.3,60.12487938745365,
1,0,1,-1,-1,3,-1,1,0,,,,,0,0,0,0,0,9,9,23,0,0,0,0,,,,,,,,,,,,,,,,,,,,,,,,,,,,,,,1,-1,,,1,,,,,,,,,,,,,,,,,,0,,,,,,,Sub005,001,2022_Apr_29_1344,2_1_MRI_Rating_SE_RE,2021.2.3,60.12487938745365,
1,0,1,-1,-1,3,-1,1,0,,,,,0,0,0,0,0,9,9,23,,,,,,,,,,,,,,,,,,,,,,,,,,,,,,,,,,,1,-1,,,1,,,,,,,,,,,,,,,,,,0,,,,,,,Sub005,001,2022_Apr_29_1344,2_1_MRI_Rating_SE_RE,2021.2.3,60.12487938745365,
0,1,-1,1,50,-1,3,0,0,,,,,0,0,0,0,0,10,10,52,,,,,,,,,0,0,0,0,,,,,,,,,,,,,,,,,,,,,,,-1,1,,,0,,,,,,,,,,,,115.0574161997065,None,117.06869389954954,None,50,3,0,,,,,,,Sub005,001,2022_Apr_29_1344,2_1_MRI_Rating_SE_RE,2021.2.3,60.12487938745365,
0,1,-1,1,50,-1,3,0,0,,,,,0,0,0,0,0,10,10,52,,,,,,,,,,,,,,,,,,,,,,,,,,,,,,,,,,,-1,1,,,0,,,,,,,,,,,,,,,,,,0,,,,,,,Sub005,001,2022_Apr_29_1344,2_1_MRI_Rating_SE_RE,2021.2.3,60.12487938745365,
1,0,1,-1,-1,1,-1,1,0,,,,,0,0,0,0,0,11,11,21,0,0,0,0,0,0,0,0,,,,,,,,,,,,,,,,,,,,,120.07095879968256,None,120.07095879968256,None,122.08548299968243,None,1,-1,22.45916199863284,1,1,123.0851255999878,None,g,123.0851255999878,None,Slightly Likely,2.438537199999999,1.438537199999999,123.63534949999303,None,0.5342412991449237,,,,,,,0,,,,,,,Sub005,001,2022_Apr_29_1344,2_1_MRI_Rating_SE_RE,2021.2.3,60.12487938745365,
1,0,1,-1,-1,1,-1,1,0,,,,,0,0,0,0,0,11,11,21,0,0,0,0,,,,,,,,,,,,,,,,,,,,,,,,,,,,,,,1,-1,,,1,,,,,,,,,,,,,,,,,,0,,,,,,,Sub005,001,2022_Apr_29_1344,2_1_MRI_Rating_SE_RE,2021.2.3,60.12487938745365,
1,0,1,-1,-1,1,-1,1,0,,,,,0,0,0,0,0,11,11,21,,,,,,,,,,,,,,,,,,,,,,,,,,,,,,,,,,,1,-1,,,1,,,,,,,,,,,,,,,,,,0,,,,,,,Sub005,001,2022_Apr_29_1344,2_1_MRI_Rating_SE_RE,2021.2.3,60.12487938745365,
0,1,-1,2,80,-1,1,0,1,,,,,0,0,0,0,0,12,12,65,,,,,,,,,0,0,0,0,0,0,0,0,,,,,,,,,,,,,,,,,,,-1,2,,,0,,,,,,,0.9849881999999894,-0.015011800000010567,131.11924349982291,None,,126.0938243996352,None,128.1024450995028,None,80,1,1,129.11764249950647,None,None,129.11764249950647,None,,Sub005,001,2022_Apr_29_1344,2_1_MRI_Rating_SE_RE,2021.2.3,60.12487938745365,
0,1,-1,2,80,-1,1,0,1,,,,,0,0,0,0,0,12,12,65,,,,,,,,,0,0,0,0,,,,,,,,,,,,,,,,,,,,,,,-1,2,,,0,,,,,,,,,,,,,,,,,,1,,,,,,,Sub005,001,2022_Apr_29_1344,2_1_MRI_Rating_SE_RE,2021.2.3,60.12487938745365,
0,1,-1,2,80,-1,1,0,1,,,,,0,0,0,0,0,12,12,65,,,,,,,,,,,,,,,,,,,,,,,,,,,,,,,,,,,-1,2,,,0,,,,,,,,,,,,,,,,,,1,,,,,,,Sub005,001,2022_Apr_29_1344,2_1_MRI_Rating_SE_RE,2021.2.3,60.12487938745365,
0,1,-1,0,20,-1,2,0,0,,,,,0,0,0,0,0,13,13,48,,,,,,,,,0,0,0,0,,,,,,,,,,,,,,,,,,,,,,,-1,0,,,0,,,,,,,,,,,,132.1239912994206,None,134.1357233999297,None,20,2,0,,,,,,,Sub005,001,2022_Apr_29_1344,2_1_MRI_Rating_SE_RE,2021.2.3,60.12487938745365,
0,1,-1,0,20,-1,2,0,0,,,,,0,0,0,0,0,13,13,48,,,,,,,,,,,,,,,,,,,,,,,,,,,,,,,,,,,-1,0,,,0,,,,,,,,,,,,,,,,,,0,,,,,,,Sub005,001,2022_Apr_29_1344,2_1_MRI_Rating_SE_RE,2021.2.3,60.12487938745365,
1,0,2,-1,-1,2,-1,1,0,,,,,0,0,0,0,0,14,14,25,0,0,0,0,0,0,0,0,,,,,,,,,,,,,,,,,,,,,136.13695099949837,None,136.13695099949837,None,138.13619629945606,None,2,-1,42.67407267227257,2,1,140.1396288992837,None,None,140.1396288992837,None,,0.9926818000000139,-0.007318199999986064,142.15327659994364,None,,,,,,,,0,,,,,,,Sub005,001,2022_Apr_29_1344,2_1_MRI_Rating_SE_RE,2021.2.3,60.12487938745365,
1,0,2,-1,-1,2,-1,1,0,,,,,0,0,0,0,0,14,14,25,0,0,0,0,,,,,,,,,,,,,,,,,,,,,,,,,,,,,,,2,-1,,,1,,,,,,,,,,,,,,,,,,0,,,,,,,Sub005,001,2022_Apr_29_1344,2_1_MRI_Rating_SE_RE,2021.2.3,60.12487938745365,
1,0,2,-1,-1,2,-1,1,0,,,,,0,0,0,0,0,14,14,25,,,,,,,,,,,,,,,,,,,,,,,,,,,,,,,,,,,2,-1,,,1,,,,,,,,,,,,,,,,,,0,,,,,,,Sub005,001,2022_Apr_29_1344,2_1_MRI_Rating_SE_RE,2021.2.3,60.12487938745365,
1,0,1,-1,-1,2,-1,1,0,,,,,0,0,0,0,0,15,15,22,0,0,0,0,0,0,0,0,,,,,,,,,,,,,,,,,,,,,143.16141609940678,None,143.16141609940678,None,145.17002729978412,None,1,-1,22.45916199863284,2,1,147.17165089957416,None,g,147.17165089957416,None,Slightly Likely,1.0458929999999782,0.0458929999999782,149.11982739996165,None,1.9213658003136516,,,,,,,0,,,,,,,Sub005,001,2022_Apr_29_1344,2_1_MRI_Rating_SE_RE,2021.2.3,60.12487938745365,
1,0,1,-1,-1,2,-1,1,0,,,,,0,0,0,0,0,15,15,22,0,0,0,0,,,,,,,,,,,,,,,,,,,,,,,,,,,,,,,1,-1,,,1,,,,,,,,,,,,,,,,,,0,,,,,,,Sub005,001,2022_Apr_29_1344,2_1_MRI_Rating_SE_RE,2021.2.3,60.12487938745365,
1,0,1,-1,-1,2,-1,1,0,,,,,0,0,0,0,0,15,15,22,,,,,,,,,,,,,,,,,,,,,,,,,,,,,,,,,,,1,-1,,,1,,,,,,,,,,,,,,,,,,0,,,,,,,Sub005,001,2022_Apr_29_1344,2_1_MRI_Rating_SE_RE,2021.2.3,60.12487938745365,
1,0,1,-1,-1,2,-1,1,0,,,,,0,0,0,0,0,16,16,13,0,0,0,0,0,0,0,0,,,,,,,,,,,,,,,,,,,,,150.17556579969823,None,150.17556579969823,None,152.18672019988298,None,1,-1,22.45916199863284,2,1,154.1904205000028,None,g,154.1904205000028,None,Slightly Likely,1.260473200000007,0.26047320000000695,155.9197329999879,None,1.7123735006898642,,,,,,,0,,,,,,,Sub005,001,2022_Apr_29_1344,2_1_MRI_Rating_SE_RE,2021.2.3,60.12487938745365,
1,0,1,-1,-1,2,-1,1,0,,,,,0,0,0,0,0,16,16,13,0,0,0,0,,,,,,,,,,,,,,,,,,,,,,,,,,,,,,,1,-1,,,1,,,,,,,,,,,,,,,,,,0,,,,,,,Sub005,001,2022_Apr_29_1344,2_1_MRI_Rating_SE_RE,2021.2.3,60.12487938745365,
1,0,1,-1,-1,2,-1,1,0,,,,,0,0,0,0,0,16,16,13,,,,,,,,,,,,,,,,,,,,,,,,,,,,,,,,,,,1,-1,,,1,,,,,,,,,,,,,,,,,,0,,,,,,,Sub005,001,2022_Apr_29_1344,2_1_MRI_Rating_SE_RE,2021.2.3,60.12487938745365,
1,0,1,-1,-1,1,-1,1,0,,,,,0,0,0,0,0,17,17,30,0,0,0,0,0,0,0,0,,,,,,,,,,,,,,,,,,,,,157.1916603995487,None,157.1916603995487,None,159.20329749956727,None,1,-1,22.45916199863284,1,1,160.2050083996728,None,g,160.2050083996728,None,Slightly Likely,1.4917642999999998,0.4917642999999998,161.70353189948946,None,1.4829650009050965,,,,,,,0,,,,,,,Sub005,001,2022_Apr_29_1344,2_1_MRI_Rating_SE_RE,2021.2.3,60.12487938745365,
1,0,1,-1,-1,1,-1,1,0,,,,,0,0,0,0,0,17,17,30,0,0,0,0,,,,,,,,,,,,,,,,,,,,,,,,,,,,,,,1,-1,,,1,,,,,,,,,,,,,,,,,,0,,,,,,,Sub005,001,2022_Apr_29_1344,2_1_MRI_Rating_SE_RE,2021.2.3,60.12487938745365,
1,0,1,-1,-1,1,-1,1,0,,,,,0,0,0,0,0,17,17,30,,,,,,,,,,,,,,,,,,,,,,,,,,,,,,,,,,,1,-1,,,1,,,,,,,,,,,,,,,,,,0,,,,,,,Sub005,001,2022_Apr_29_1344,2_1_MRI_Rating_SE_RE,2021.2.3,60.12487938745365,
1,0,1,-1,-1,3,-1,0,0,,,,,0,0,0,0,0,18,18,14,0,0,0,0,,,,,,,,,,,,,,,,,,,,,,,,,163.2115923995152,None,163.2115923995152,None,165.22093349974602,None,1,-1,22.45916199863284,3,0,,,,,,,,,,,,,,,,,,0,,,,,,,Sub005,001,2022_Apr_29_1344,2_1_MRI_Rating_SE_RE,2021.2.3,60.12487938745365,
1,0,1,-1,-1,3,-1,0,0,,,,,0,0,0,0,0,18,18,14,,,,,,,,,,,,,,,,,,,,,,,,,,,,,,,,,,,1,-1,,,0,,,,,,,,,,,,,,,,,,0,,,,,,,Sub005,001,2022_Apr_29_1344,2_1_MRI_Rating_SE_RE,2021.2.3,60.12487938745365,
0,1,-1,2,80,-1,2,0,1,,,,,0,0,0,0,0,19,19,68,,,,,,,,,0,0,0,0,0,0,0,0,,,,,,,,,,,,,,,,,,,-1,2,,,0,,,,,,Slightly Likely,1.417988699999995,0.4179886999999951,173.80406329967082,None,,168.22025009989738,None,170.22093109972775,None,80,2,1,172.2355266995728,None,g,172.2355266995728,None,1.5375368995591998,Sub005,001,2022_Apr_29_1344,2_1_MRI_Rating_SE_RE,2021.2.3,60.12487938745365,
0,1,-1,2,80,-1,2,0,1,,,,,0,0,0,0,0,19,19,68,,,,,,,,,0,0,0,0,,,,,,,,,,,,,,,,,,,,,,,-1,2,,,0,,,,,,,,,,,,,,,,,,1,,,,,,,Sub005,001,2022_Apr_29_1344,2_1_MRI_Rating_SE_RE,2021.2.3,60.12487938745365,
0,1,-1,2,80,-1,2,0,1,,,,,0,0,0,0,0,19,19,68,,,,,,,,,,,,,,,,,,,,,,,,,,,,,,,,,,,-1,2,,,0,,,,,,,,,,,,,,,,,,1,,,,,,,Sub005,001,2022_Apr_29_1344,2_1_MRI_Rating_SE_RE,2021.2.3,60.12487938745365,
0,1,-1,0,20,-1,2,0,1,,,,,0,0,0,0,0,20,20,84,,,,,,,,,0,0,0,0,0,0,0,0,,,,,,,,,,,,,,,,,,,-1,0,,,0,,,,,,Extremely Unlikely,2.2268535000000043,1.2268535000000043,180.02071079984307,None,,175.24172239936888,None,177.25432899966836,None,20,2,1,179.25829029921442,None,b,179.25829029921442,None,0.738684399984777,Sub005,001,2022_Apr_29_1344,2_1_MRI_Rating_SE_RE,2021.2.3,60.12487938745365,
0,1,-1,0,20,-1,2,0,1,,,,,0,0,0,0,0,20,20,84,,,,,,,,,0,0,0,0,,,,,,,,,,,,,,,,,,,,,,,-1,0,,,0,,,,,,,,,,,,,,,,,,1,,,,,,,Sub005,001,2022_Apr_29_1344,2_1_MRI_Rating_SE_RE,2021.2.3,60.12487938745365,
0,1,-1,0,20,-1,2,0,1,,,,,0,0,0,0,0,20,20,84,,,,,,,,,,,,,,,,,,,,,,,,,,,,,,,,,,,-1,0,,,0,,,,,,,,,,,,,,,,,,1,,,,,,,Sub005,001,2022_Apr_29_1344,2_1_MRI_Rating_SE_RE,2021.2.3,60.12487938745365,
1,0,2,-1,-1,1,-1,1,0,,,,,0,0,0,0,0,21,21,15,0,0,0,0,0,0,0,0,,,,,,,,,,,,,,,,,,,,,182.2575814994052,None,182.2575814994052,None,184.2709636995569,None,2,-1,42.67407267227257,1,1,185.27087799925357,None,None,185.27087799925357,None,,0.9915113000000133,-0.008488699999986693,187.27131660003215,None,,,,,,,,0,,,,,,,Sub005,001,2022_Apr_29_1344,2_1_MRI_Rating_SE_RE,2021.2.3,60.12487938745365,
1,0,2,-1,-1,1,-1,1,0,,,,,0,0,0,0,0,21,21,15,0,0,0,0,,,,,,,,,,,,,,,,,,,,,,,,,,,,,,,2,-1,,,1,,,,,,,,,,,,,,,,,,0,,,,,,,Sub005,001,2022_Apr_29_1344,2_1_MRI_Rating_SE_RE,2021.2.3,60.12487938745365,
1,0,2,-1,-1,1,-1,1,0,,,,,0,0,0,0,0,21,21,15,,,,,,,,,,,,,,,,,,,,,,,,,,,,,,,,,,,2,-1,,,1,,,,,,,,,,,,,,,,,,0,,,,,,,Sub005,001,2022_Apr_29_1344,2_1_MRI_Rating_SE_RE,2021.2.3,60.12487938745365,
0,1,-1,1,50,-1,2,0,1,,,,,0,0,0,0,0,22,22,85,,,,,,,,,0,0,0,0,0,0,0,0,,,,,,,,,,,,,,,,,,,-1,1,,,0,,,,,,Slightly Likely,1.5935460000000035,0.5935460000000035,193.68767649959773,None,,188.27760129980743,None,190.28860639967024,None,50,2,1,192.28760699927807,None,g,192.28760699927807,None,1.3836623998358846,Sub005,001,2022_Apr_29_1344,2_1_MRI_Rating_SE_RE,2021.2.3,60.12487938745365,
0,1,-1,1,50,-1,2,0,1,,,,,0,0,0,0,0,22,22,85,,,,,,,,,0,0,0,0,,,,,,,,,,,,,,,,,,,,,,,-1,1,,,0,,,,,,,,,,,,,,,,,,1,,,,,,,Sub005,001,2022_Apr_29_1344,2_1_MRI_Rating_SE_RE,2021.2.3,60.12487938745365,
0,1,-1,1,50,-1,2,0,1,,,,,0,0,0,0,0,22,22,85,,,,,,,,,,,,,,,,,,,,,,,,,,,,,,,,,,,-1,1,,,0,,,,,,,,,,,,,,,,,,1,,,,,,,Sub005,001,2022_Apr_29_1344,2_1_MRI_Rating_SE_RE,2021.2.3,60.12487938745365,
1,0,0,-1,-1,2,-1,0,0,,,,,0,0,0,0,0,23,23,10,0,0,0,0,,,,,,,,,,,,,,,,,,,,,,,,,195.29405059944838,None,195.29405059944838,None,197.30548499990255,None,0,-1,8.434256092296069,2,0,,,,,,,,,,,,,,,,,,0,,,,,,,Sub005,001,2022_Apr_29_1344,2_1_MRI_Rating_SE_RE,2021.2.3,60.12487938745365,
1,0,0,-1,-1,2,-1,0,0,,,,,0,0,0,0,0,23,23,10,,,,,,,,,,,,,,,,,,,,,,,,,,,,,,,,,,,0,-1,,,0,,,,,,,,,,,,,,,,,,0,,,,,,,Sub005,001,2022_Apr_29_1344,2_1_MRI_Rating_SE_RE,2021.2.3,60.12487938745365,
0,1,-1,0,20,-1,3,0,0,,,,,0,0,0,0,0,24,24,51,,,,,,,,,0,0,0,0,,,,,,,,,,,,,,,,,,,,,,,-1,0,,,0,,,,,,,,,,,,199.30832399986684,None,201.32173349987715,None,20,3,0,,,,,,,Sub005,001,2022_Apr_29_1344,2_1_MRI_Rating_SE_RE,2021.2.3,60.12487938745365,
0,1,-1,0,20,-1,3,0,0,,,,,0,0,0,0,0,24,24,51,,,,,,,,,,,,,,,,,,,,,,,,,,,,,,,,,,,-1,0,,,0,,,,,,,,,,,,,,,,,,0,,,,,,,Sub005,001,2022_Apr_29_1344,2_1_MRI_Rating_SE_RE,2021.2.3,60.12487938745365,
0,1,-1,2,80,-1,2,0,1,,,,,0,0,0,0,0,25,25,77,,,,,,,,,0,0,0,0,0,0,0,0,,,,,,,,,,,,,,,,,,,-1,2,,,0,,,,,,,0.990441699999991,-0.009558300000009012,210.33872999995947,None,,204.32311129942536,None,206.33871819917113,None,80,2,1,208.33886949997395,None,None,208.33886949997395,None,,Sub005,001,2022_Apr_29_1344,2_1_MRI_Rating_SE_RE,2021.2.3,60.12487938745365,
0,1,-1,2,80,-1,2,0,1,,,,,0,0,0,0,0,25,25,77,,,,,,,,,0,0,0,0,,,,,,,,,,,,,,,,,,,,,,,-1,2,,,0,,,,,,,,,,,,,,,,,,1,,,,,,,Sub005,001,2022_Apr_29_1344,2_1_MRI_Rating_SE_RE,2021.2.3,60.12487938745365,
0,1,-1,2,80,-1,2,0,1,,,,,0,0,0,0,0,25,25,77,,,,,,,,,,,,,,,,,,,,,,,,,,,,,,,,,,,-1,2,,,0,,,,,,,,,,,,,,,,,,1,,,,,,,Sub005,001,2022_Apr_29_1344,2_1_MRI_Rating_SE_RE,2021.2.3,60.12487938745365,
0,1,-1,1,50,-1,1,0,0,,,,,0,0,0,0,0,26,26,55,,,,,,,,,0,0,0,0,,,,,,,,,,,,,,,,,,,,,,,-1,1,,,0,,,,,,,,,,,,211.34232689999044,None,213.3557972991839,None,50,1,0,,,,,,,Sub005,001,2022_Apr_29_1344,2_1_MRI_Rating_SE_RE,2021.2.3,60.12487938745365,
0,1,-1,1,50,-1,1,0,0,,,,,0,0,0,0,0,26,26,55,,,,,,,,,,,,,,,,,,,,,,,,,,,,,,,,,,,-1,1,,,0,,,,,,,,,,,,,,,,,,0,,,,,,,Sub005,001,2022_Apr_29_1344,2_1_MRI_Rating_SE_RE,2021.2.3,60.12487938745365,
1,0,2,-1,-1,1,-1,0,0,,,,,0,0,0,0,0,27,27,6,0,0,0,0,,,,,,,,,,,,,,,,,,,,,,,,,214.35710419993848,None,214.35710419993848,None,216.37199629936367,None,2,-1,42.67407267227257,1,0,,,,,,,,,,,,,,,,,,0,,,,,,,Sub005,001,2022_Apr_29_1344,2_1_MRI_Rating_SE_RE,2021.2.3,60.12487938745365,
1,0,2,-1,-1,1,-1,0,0,,,,,0,0,0,0,0,27,27,6,,,,,,,,,,,,,,,,,,,,,,,,,,,,,,,,,,,2,-1,,,0,,,,,,,,,,,,,,,,,,0,,,,,,,Sub005,001,2022_Apr_29_1344,2_1_MRI_Rating_SE_RE,2021.2.3,60.12487938745365,
0,1,-1,0,20,-1,3,0,1,,,,,0,0,0,0,0,28,28,69,,,,,,,,,0,0,0,0,0,0,0,0,,,,,,,,,,,,,,,,,,,-1,0,,,0,,,,,,Extremely Unlikely,1.606527199999988,0.6065271999999879,223.7722946992144,None,,217.3753158999607,None,219.38926679920405,None,20,3,1,222.39070410002023,None,b,222.39070410002023,None,1.3662769002839923,Sub005,001,2022_Apr_29_1344,2_1_MRI_Rating_SE_RE,2021.2.3,60.12487938745365,
0,1,-1,0,20,-1,3,0,1,,,,,0,0,0,0,0,28,28,69,,,,,,,,,0,0,0,0,,,,,,,,,,,,,,,,,,,,,,,-1,0,,,0,,,,,,,,,,,,,,,,,,1,,,,,,,Sub005,001,2022_Apr_29_1344,2_1_MRI_Rating_SE_RE,2021.2.3,60.12487938745365,
0,1,-1,0,20,-1,3,0,1,,,,,0,0,0,0,0,28,28,69,,,,,,,,,,,,,,,,,,,,,,,,,,,,,,,,,,,-1,0,,,0,,,,,,,,,,,,,,,,,,1,,,,,,,Sub005,001,2022_Apr_29_1344,2_1_MRI_Rating_SE_RE,2021.2.3,60.12487938745365,
0,1,-1,1,50,-1,1,0,1,,,,,0,0,0,0,0,29,29,82,,,,,,,,,0,0,0,0,0,0,0,0,,,,,,,,,,,,,,,,,,,-1,1,,,0,,,,,,Slightly Likely,1.344881600000008,0.3448816000000079,230.05571289919317,None,,225.39431949984282,None,227.40657489933074,None,50,1,1,228.4079503994435,None,g,228.4079503994435,None,1.6311755003407598,Sub005,001,2022_Apr_29_1344,2_1_MRI_Rating_SE_RE,2021.2.3,60.12487938745365,
0,1,-1,1,50,-1,1,0,1,,,,,0,0,0,0,0,29,29,82,,,,,,,,,0,0,0,0,,,,,,,,,,,,,,,,,,,,,,,-1,1,,,0,,,,,,,,,,,,,,,,,,1,,,,,,,Sub005,001,2022_Apr_29_1344,2_1_MRI_Rating_SE_RE,2021.2.3,60.12487938745365,
0,1,-1,1,50,-1,1,0,1,,,,,0,0,0,0,0,29,29,82,,,,,,,,,,,,,,,,,,,,,,,,,,,,,,,,,,,-1,1,,,0,,,,,,,,,,,,,,,,,,1,,,,,,,Sub005,001,2022_Apr_29_1344,2_1_MRI_Rating_SE_RE,2021.2.3,60.12487938745365,
0,1,-1,0,20,-1,2,0,1,,,,,0,0,0,0,0,30,30,66,,,,,,,,,0,0,0,0,0,0,0,0,,,,,,,,,,,,,,,,,,,-1,0,,,0,,,,,,Extremely Unlikely,1.794474699999995,0.794474699999995,236.623101699166,None,,231.41155189927667,None,233.42305650003254,None,20,2,1,235.42445279937238,None,b,235.42445279937238,None,1.1696110991761088,Sub005,001,2022_Apr_29_1344,2_1_MRI_Rating_SE_RE,2021.2.3,60.12487938745365,
0,1,-1,0,20,-1,2,0,1,,,,,0,0,0,0,0,30,30,66,,,,,,,,,0,0,0,0,,,,,,,,,,,,,,,,,,,,,,,-1,0,,,0,,,,,,,,,,,,,,,,,,1,,,,,,,Sub005,001,2022_Apr_29_1344,2_1_MRI_Rating_SE_RE,2021.2.3,60.12487938745365,
0,1,-1,0,20,-1,2,0,1,,,,,0,0,0,0,0,30,30,66,,,,,,,,,,,,,,,,,,,,,,,,,,,,,,,,,,,-1,0,,,0,,,,,,,,,,,,,,,,,,1,,,,,,,Sub005,001,2022_Apr_29_1344,2_1_MRI_Rating_SE_RE,2021.2.3,60.12487938745365,
0,1,-1,1,50,-1,2,0,0,,,,,0,0,0,0,0,31,31,49,,,,,,,,,0,0,0,0,,,,,,,,,,,,,,,,,,,,,,,-1,1,,,0,,,,,,,,,,,,238.42919209972024,None,240.4404965993017,None,50,2,0,,,,,,,Sub005,001,2022_Apr_29_1344,2_1_MRI_Rating_SE_RE,2021.2.3,60.12487938745365,
0,1,-1,1,50,-1,2,0,0,,,,,0,0,0,0,0,31,31,49,,,,,,,,,,,,,,,,,,,,,,,,,,,,,,,,,,,-1,1,,,0,,,,,,,,,,,,,,,,,,0,,,,,,,Sub005,001,2022_Apr_29_1344,2_1_MRI_Rating_SE_RE,2021.2.3,60.12487938745365,
0,1,-1,2,80,-1,3,0,1,,,,,0,0,0,0,0,32,32,80,,,,,,,,,0,0,0,0,0,0,0,0,,,,,,,,,,,,,,,,,,,-1,2,,,0,,,,,,Extremely Likely,1.6544878999999924,0.6544878999999924,248.78990399930626,None,,242.44045639969409,None,244.44027619995177,None,80,3,1,247.44203219935298,None,r,247.44203219935298,None,1.3209299007430673,Sub005,001,2022_Apr_29_1344,2_1_MRI_Rating_SE_RE,2021.2.3,60.12487938745365,
0,1,-1,2,80,-1,3,0,1,,,,,0,0,0,0,0,32,32,80,,,,,,,,,0,0,0,0,,,,,,,,,,,,,,,,,,,,,,,-1,2,,,0,,,,,,,,,,,,,,,,,,1,,,,,,,Sub005,001,2022_Apr_29_1344,2_1_MRI_Rating_SE_RE,2021.2.3,60.12487938745365,
0,1,-1,2,80,-1,3,0,1,,,,,0,0,0,0,0,32,32,80,,,,,,,,,,,,,,,,,,,,,,,,,,,,,,,,,,,-1,2,,,0,,,,,,,,,,,,,,,,,,1,,,,,,,Sub005,001,2022_Apr_29_1344,2_1_MRI_Rating_SE_RE,2021.2.3,60.12487938745365,
0,1,-1,1,50,-1,3,0,0,,,,,0,0,0,0,0,33,33,61,,,,,,,,,0,0,0,0,,,,,,,,,,,,,,,,,,,,,,,-1,1,,,0,,,,,,,,,,,,250.46224669925869,None,252.47413569968194,None,50,3,0,,,,,,,Sub005,001,2022_Apr_29_1344,2_1_MRI_Rating_SE_RE,2021.2.3,60.12487938745365,
0,1,-1,1,50,-1,3,0,0,,,,,0,0,0,0,0,33,33,61,,,,,,,,,,,,,,,,,,,,,,,,,,,,,,,,,,,-1,1,,,0,,,,,,,,,,,,,,,,,,0,,,,,,,Sub005,001,2022_Apr_29_1344,2_1_MRI_Rating_SE_RE,2021.2.3,60.12487938745365,
0,1,-1,0,20,-1,1,0,1,,,,,0,0,0,0,0,34,34,81,,,,,,,,,0,0,0,0,0,0,0,0,,,,,,,,,,,,,,,,,,,-1,0,,,0,,,,,,Extremely Unlikely,1.5312758999999971,0.5312758999999971,259.94076299946755,None,,255.47336019948125,None,257.4744627997279,None,20,1,1,258.48886279948056,None,b,258.48886279948056,None,1.429088500328362,Sub005,001,2022_Apr_29_1344,2_1_MRI_Rating_SE_RE,2021.2.3,60.12487938745365,
0,1,-1,0,20,-1,1,0,1,,,,,0,0,0,0,0,34,34,81,,,,,,,,,0,0,0,0,,,,,,,,,,,,,,,,,,,,,,,-1,0,,,0,,,,,,,,,,,,,,,,,,1,,,,,,,Sub005,001,2022_Apr_29_1344,2_1_MRI_Rating_SE_RE,2021.2.3,60.12487938745365,
0,1,-1,0,20,-1,1,0,1,,,,,0,0,0,0,0,34,34,81,,,,,,,,,,,,,,,,,,,,,,,,,,,,,,,,,,,-1,0,,,0,,,,,,,,,,,,,,,,,,1,,,,,,,Sub005,001,2022_Apr_29_1344,2_1_MRI_Rating_SE_RE,2021.2.3,60.12487938745365,
1,0,2,-1,-1,2,-1,0,0,,,,,0,0,0,0,0,35,35,7,0,0,0,0,,,,,,,,,,,,,,,,,,,,,,,,,261.479641799815,None,261.479641799815,None,263.49083349946886,None,2,-1,42.67407267227257,2,0,,,,,,,,,,,,,,,,,,0,,,,,,,Sub005,001,2022_Apr_29_1344,2_1_MRI_Rating_SE_RE,2021.2.3,60.12487938745365,
1,0,2,-1,-1,2,-1,0,0,,,,,0,0,0,0,0,35,35,7,,,,,,,,,,,,,,,,,,,,,,,,,,,,,,,,,,,2,-1,,,0,,,,,,,,,,,,,,,,,,0,,,,,,,Sub005,001,2022_Apr_29_1344,2_1_MRI_Rating_SE_RE,2021.2.3,60.12487938745365,
1,0,1,-1,-1,3,-1,1,0,,,,,0,0,0,0,0,36,36,32,0,0,0,0,0,0,0,0,,,,,,,,,,,,,,,,,,,,,265.4956256998703,None,265.4956256998703,None,267.5081626996398,None,1,-1,22.45916199863284,3,1,270.50915079936385,None,None,270.50915079936385,None,,0.9765467000000285,-0.023453299999971478,272.5239701997489,None,,,,,,,,0,,,,,,,Sub005,001,2022_Apr_29_1344,2_1_MRI_Rating_SE_RE,2021.2.3,60.12487938745365,
1,0,1,-1,-1,3,-1,1,0,,,,,0,0,0,0,0,36,36,32,0,0,0,0,,,,,,,,,,,,,,,,,,,,,,,,,,,,,,,1,-1,,,1,,,,,,,,,,,,,,,,,,0,,,,,,,Sub005,001,2022_Apr_29_1344,2_1_MRI_Rating_SE_RE,2021.2.3,60.12487938745365,
1,0,1,-1,-1,3,-1,1,0,,,,,0,0,0,0,0,36,36,32,,,,,,,,,,,,,,,,,,,,,,,,,,,,,,,,,,,1,-1,,,1,,,,,,,,,,,,,,,,,,0,,,,,,,Sub005,001,2022_Apr_29_1344,2_1_MRI_Rating_SE_RE,2021.2.3,60.12487938745365,
1,0,0,-1,-1,3,-1,1,0,,,,,0,0,0,0,0,37,37,20,0,0,0,0,0,0,0,0,,,,,,,,,,,,,,,,,,,,,273.5138673996553,None,273.5138673996553,None,275.5250165993348,None,0,-1,8.434256092296069,3,1,278.5253061000258,None,b,278.5253061000258,None,Extremely Unlikely,2.2428769999999645,1.2428769999999645,279.2747129993513,None,0.7196662994101644,,,,,,,0,,,,,,,Sub005,001,2022_Apr_29_1344,2_1_MRI_Rating_SE_RE,2021.2.3,60.12487938745365,
1,0,0,-1,-1,3,-1,1,0,,,,,0,0,0,0,0,37,37,20,0,0,0,0,,,,,,,,,,,,,,,,,,,,,,,,,,,,,,,0,-1,,,1,,,,,,,,,,,,,,,,,,0,,,,,,,Sub005,001,2022_Apr_29_1344,2_1_MRI_Rating_SE_RE,2021.2.3,60.12487938745365,
1,0,0,-1,-1,3,-1,1,0,,,,,0,0,0,0,0,37,37,20,,,,,,,,,,,,,,,,,,,,,,,,,,,,,,,,,,,0,-1,,,1,,,,,,,,,,,,,,,,,,0,,,,,,,Sub005,001,2022_Apr_29_1344,2_1_MRI_Rating_SE_RE,2021.2.3,60.12487938745365,
0,1,-1,2,80,-1,3,0,0,,,,,0,0,0,0,0,38,38,62,,,,,,,,,0,0,0,0,,,,,,,,,,,,,,,,,,,,,,,-1,2,,,0,,,,,,,,,,,,281.5305687999353,None,283.54194949939847,None,80,3,0,,,,,,,Sub005,001,2022_Apr_29_1344,2_1_MRI_Rating_SE_RE,2021.2.3,60.12487938745365,
0,1,-1,2,80,-1,3,0,0,,,,,0,0,0,0,0,38,38,62,,,,,,,,,,,,,,,,,,,,,,,,,,,,,,,,,,,-1,2,,,0,,,,,,,,,,,,,,,,,,0,,,,,,,Sub005,001,2022_Apr_29_1344,2_1_MRI_Rating_SE_RE,2021.2.3,60.12487938745365,
1,0,0,-1,-1,3,-1,1,0,,,,,0,0,0,0,0,39,39,11,0,0,0,0,0,0,0,0,,,,,,,,,,,,,,,,,,,,,286.5411886991933,None,286.5411886991933,None,288.5415274994448,None,0,-1,8.434256092296069,3,1,291.543027699925,None,y,291.543027699925,None,Slightly Unlikely,2.367418499999985,1.3674184999999852,292.1748210992664,None,0.601868100464344,,,,,,,0,,,,,,,Sub005,001,2022_Apr_29_1344,2_1_MRI_Rating_SE_RE,2021.2.3,60.12487938745365,
1,0,0,-1,-1,3,-1,1,0,,,,,0,0,0,0,0,39,39,11,0,0,0,0,,,,,,,,,,,,,,,,,,,,,,,,,,,,,,,0,-1,,,1,,,,,,,,,,,,,,,,,,0,,,,,,,Sub005,001,2022_Apr_29_1344,2_1_MRI_Rating_SE_RE,2021.2.3,60.12487938745365,
1,0,0,-1,-1,3,-1,1,0,,,,,0,0,0,0,0,39,39,11,,,,,,,,,,,,,,,,,,,,,,,,,,,,,,,,,,,0,-1,,,1,,,,,,,,,,,,,,,,,,0,,,,,,,Sub005,001,2022_Apr_29_1344,2_1_MRI_Rating_SE_RE,2021.2.3,60.12487938745365,
0,1,-1,1,50,-1,3,0,1,,,,,0,0,0,0,0,40,40,70,,,,,,,,,0,0,0,0,0,0,0,0,,,,,,,,,,,,,,,,,,,-1,1,,,0,,,,,,,0.982240499999989,-0.01775950000001103,301.5756099000573,None,,294.5481612998992,None,296.55895749945194,None,50,3,1,299.560358999297,None,None,299.560358999297,None,,Sub005,001,2022_Apr_29_1344,2_1_MRI_Rating_SE_RE,2021.2.3,60.12487938745365,
0,1,-1,1,50,-1,3,0,1,,,,,0,0,0,0,0,40,40,70,,,,,,,,,0,0,0,0,,,,,,,,,,,,,,,,,,,,,,,-1,1,,,0,,,,,,,,,,,,,,,,,,1,,,,,,,Sub005,001,2022_Apr_29_1344,2_1_MRI_Rating_SE_RE,2021.2.3,60.12487938745365,
0,1,-1,1,50,-1,3,0,1,,,,,0,0,0,0,0,40,40,70,,,,,,,,,,,,,,,,,,,,,,,,,,,,,,,,,,,-1,1,,,0,,,,,,,,,,,,,,,,,,1,,,,,,,Sub005,001,2022_Apr_29_1344,2_1_MRI_Rating_SE_RE,2021.2.3,60.12487938745365,
0,1,-1,2,80,-1,2,0,0,,,,,0,0,0,0,0,41,41,59,,,,,,,,,0,0,0,0,,,,,,,,,,,,,,,,,,,,,,,-1,2,,,0,,,,,,,,,,,,302.562742899172,None,304.57578679919243,None,80,2,0,,,,,,,Sub005,001,2022_Apr_29_1344,2_1_MRI_Rating_SE_RE,2021.2.3,60.12487938745365,
0,1,-1,2,80,-1,2,0,0,,,,,0,0,0,0,0,41,41,59,,,,,,,,,,,,,,,,,,,,,,,,,,,,,,,,,,,-1,2,,,0,,,,,,,,,,,,,,,,,,0,,,,,,,Sub005,001,2022_Apr_29_1344,2_1_MRI_Rating_SE_RE,2021.2.3,60.12487938745365,
1,0,1,-1,-1,3,-1,0,0,,,,,0,0,0,0,0,42,42,5,0,0,0,0,,,,,,,,,,,,,,,,,,,,,,,,,306.5792841995135,None,306.5792841995135,None,308.5925177996978,None,1,-1,22.45916199863284,3,0,,,,,,,,,,,,,,,,,,0,,,,,,,Sub005,001,2022_Apr_29_1344,2_1_MRI_Rating_SE_RE,2021.2.3,60.12487938745365,
1,0,1,-1,-1,3,-1,0,0,,,,,0,0,0,0,0,42,42,5,,,,,,,,,,,,,,,,,,,,,,,,,,,,,,,,,,,1,-1,,,0,,,,,,,,,,,,,,,,,,0,,,,,,,Sub005,001,2022_Apr_29_1344,2_1_MRI_Rating_SE_RE,2021.2.3,60.12487938745365,
1,0,2,-1,-1,1,-1,1,0,,,,,0,0,0,0,0,43,43,33,0,0,0,0,0,0,0,0,,,,,,,,,,,,,,,,,,,,,311.59461599960923,None,311.59461599960923,None,313.6093277996406,None,2,-1,42.67407267227257,1,1,314.6096679000184,None,g,314.6096679000184,None,Slightly Likely,1.5730457999999885,0.5730457999999885,316.0258903997019,None,1.401244799606502,,,,,,,0,,,,,,,Sub005,001,2022_Apr_29_1344,2_1_MRI_Rating_SE_RE,2021.2.3,60.12487938745365,
1,0,2,-1,-1,1,-1,1,0,,,,,0,0,0,0,0,43,43,33,0,0,0,0,,,,,,,,,,,,,,,,,,,,,,,,,,,,,,,2,-1,,,1,,,,,,,,,,,,,,,,,,0,,,,,,,Sub005,001,2022_Apr_29_1344,2_1_MRI_Rating_SE_RE,2021.2.3,60.12487938745365,
1,0,2,-1,-1,1,-1,1,0,,,,,0,0,0,0,0,43,43,33,,,,,,,,,,,,,,,,,,,,,,,,,,,,,,,,,,,2,-1,,,1,,,,,,,,,,,,,,,,,,0,,,,,,,Sub005,001,2022_Apr_29_1344,2_1_MRI_Rating_SE_RE,2021.2.3,60.12487938745365,
0,1,-1,1,50,-1,1,0,1,,,,,0,0,0,0,0,44,44,73,,,,,,,,,0,0,0,0,0,0,0,0,,,,,,,,,,,,,,,,,,,-1,1,,,0,,,,,,Slightly Likely,1.3445548000000258,0.3445548000000258,322.2760912999511,None,,317.61568599939346,None,319.6262966999784,None,50,1,1,320.6278056995943,None,g,320.6278056995943,None,1.6230648001655936,Sub005,001,2022_Apr_29_1344,2_1_MRI_Rating_SE_RE,2021.2.3,60.12487938745365,
0,1,-1,1,50,-1,1,0,1,,,,,0,0,0,0,0,44,44,73,,,,,,,,,0,0,0,0,,,,,,,,,,,,,,,,,,,,,,,-1,1,,,0,,,,,,,,,,,,,,,,,,1,,,,,,,Sub005,001,2022_Apr_29_1344,2_1_MRI_Rating_SE_RE,2021.2.3,60.12487938745365,
0,1,-1,1,50,-1,1,0,1,,,,,0,0,0,0,0,44,44,73,,,,,,,,,,,,,,,,,,,,,,,,,,,,,,,,,,,-1,1,,,0,,,,,,,,,,,,,,,,,,1,,,,,,,Sub005,001,2022_Apr_29_1344,2_1_MRI_Rating_SE_RE,2021.2.3,60.12487938745365,
1,0,2,-1,-1,3,-1,0,0,,,,,0,0,0,0,0,45,45,17,0,0,0,0,,,,,,,,,,,,,,,,,,,,,,,,,323.6323373997584,None,323.6323373997584,None,325.6432119999081,None,2,-1,42.67407267227257,3,0,,,,,,,,,,,,,,,,,,0,,,,,,,Sub005,001,2022_Apr_29_1344,2_1_MRI_Rating_SE_RE,2021.2.3,60.12487938745365,
1,0,2,-1,-1,3,-1,0,0,,,,,0,0,0,0,0,45,45,17,,,,,,,,,,,,,,,,,,,,,,,,,,,,,,,,,,,2,-1,,,0,,,,,,,,,,,,,,,,,,0,,,,,,,Sub005,001,2022_Apr_29_1344,2_1_MRI_Rating_SE_RE,2021.2.3,60.12487938745365,
1,0,2,-1,-1,1,-1,1,0,,,,,0,0,0,0,0,46,46,42,0,0,0,0,0,0,0,0,,,,,,,,,,,,,,,,,,,,,328.64473469927907,None,328.64473469927907,None,330.6599626997486,None,2,-1,42.67407267227257,1,1,331.6618921998888,None,None,331.6618921998888,None,,0.9775492999999642,-0.022450700000035795,333.67649989947677,None,,,,,,,,0,,,,,,,Sub005,001,2022_Apr_29_1344,2_1_MRI_Rating_SE_RE,2021.2.3,60.12487938745365,
1,0,2,-1,-1,1,-1,1,0,,,,,0,0,0,0,0,46,46,42,0,0,0,0,,,,,,,,,,,,,,,,,,,,,,,,,,,,,,,2,-1,,,1,,,,,,,,,,,,,,,,,,0,,,,,,,Sub005,001,2022_Apr_29_1344,2_1_MRI_Rating_SE_RE,2021.2.3,60.12487938745365,
1,0,2,-1,-1,1,-1,1,0,,,,,0,0,0,0,0,46,46,42,,,,,,,,,,,,,,,,,,,,,,,,,,,,,,,,,,,2,-1,,,1,,,,,,,,,,,,,,,,,,0,,,,,,,Sub005,001,2022_Apr_29_1344,2_1_MRI_Rating_SE_RE,2021.2.3,60.12487938745365,
1,0,2,-1,-1,2,-1,0,0,,,,,0,0,0,0,0,47,47,16,0,0,0,0,,,,,,,,,,,,,,,,,,,,,,,,,334.66611659992486,None,334.66611659992486,None,336.67663809936494,None,2,-1,42.67407267227257,2,0,,,,,,,,,,,,,,,,,,0,,,,,,,Sub005,001,2022_Apr_29_1344,2_1_MRI_Rating_SE_RE,2021.2.3,60.12487938745365,
1,0,2,-1,-1,2,-1,0,0,,,,,0,0,0,0,0,47,47,16,,,,,,,,,,,,,,,,,,,,,,,,,,,,,,,,,,,2,-1,,,0,,,,,,,,,,,,,,,,,,0,,,,,,,Sub005,001,2022_Apr_29_1344,2_1_MRI_Rating_SE_RE,2021.2.3,60.12487938745365,
1,0,0,-1,-1,2,-1,1,0,,,,,0,0,0,0,0,48,48,19,0,0,0,0,0,0,0,0,,,,,,,,,,,,,,,,,,,,,338.67897529993206,None,338.67897529993206,None,340.6938014999032,None,0,-1,8.434256092296069,2,1,342.6969759995118,None,None,342.6969759995118,None,,0.9766038000000208,-0.023396199999979217,344.71100499946624,None,,,,,,,,0,,,,,,,Sub005,001,2022_Apr_29_1344,2_1_MRI_Rating_SE_RE,2021.2.3,60.12487938745365,
1,0,0,-1,-1,2,-1,1,0,,,,,0,0,0,0,0,48,48,19,0,0,0,0,,,,,,,,,,,,,,,,,,,,,,,,,,,,,,,0,-1,,,1,,,,,,,,,,,,,,,,,,0,,,,,,,Sub005,001,2022_Apr_29_1344,2_1_MRI_Rating_SE_RE,2021.2.3,60.12487938745365,
1,0,0,-1,-1,2,-1,1,0,,,,,0,0,0,0,0,48,48,19,,,,,,,,,,,,,,,,,,,,,,,,,,,,,,,,,,,0,-1,,,1,,,,,,,,,,,,,,,,,,0,,,,,,,Sub005,001,2022_Apr_29_1344,2_1_MRI_Rating_SE_RE,2021.2.3,60.12487938745365,
1,0,0,-1,-1,3,-1,1,0,,,,,0,0,0,0,0,49,49,38,0,0,0,0,0,0,0,0,,,,,,,,,,,,,,,,,,,,,345.69403450004756,None,345.69403450004756,None,347.6937508992851,None,0,-1,8.434256092296069,3,1,350.69591659959406,None,y,350.69591659959406,None,Slightly Unlikely,1.6226209000000154,0.6226209000000154,352.0772733995691,None,1.3540418995544314,,,,,,,0,,,,,,,Sub005,001,2022_Apr_29_1344,2_1_MRI_Rating_SE_RE,2021.2.3,60.12487938745365,
1,0,0,-1,-1,3,-1,1,0,,,,,0,0,0,0,0,49,49,38,0,0,0,0,,,,,,,,,,,,,,,,,,,,,,,,,,,,,,,0,-1,,,1,,,,,,,,,,,,,,,,,,0,,,,,,,Sub005,001,2022_Apr_29_1344,2_1_MRI_Rating_SE_RE,2021.2.3,60.12487938745365,
1,0,0,-1,-1,3,-1,1,0,,,,,0,0,0,0,0,49,49,38,,,,,,,,,,,,,,,,,,,,,,,,,,,,,,,,,,,0,-1,,,1,,,,,,,,,,,,,,,,,,0,,,,,,,Sub005,001,2022_Apr_29_1344,2_1_MRI_Rating_SE_RE,2021.2.3,60.12487938745365,
0,1,-1,2,80,-1,3,0,1,,,,,0,0,0,0,0,50,50,71,,,,,,,,,0,0,0,0,0,0,0,0,,,,,,,,,,,,,,,,,,,-1,2,,,0,,,,,,Slightly Likely,2.0117749000000344,1.0117749000000344,359.7110272999853,None,,353.71713769994676,None,355.7279417999089,None,80,3,1,358.72861619945616,None,g,358.72861619945616,None,0.9592679999768734,Sub005,001,2022_Apr_29_1344,2_1_MRI_Rating_SE_RE,2021.2.3,60.12487938745365,
0,1,-1,2,80,-1,3,0,1,,,,,0,0,0,0,0,50,50,71,,,,,,,,,0,0,0,0,,,,,,,,,,,,,,,,,,,,,,,-1,2,,,0,,,,,,,,,,,,,,,,,,1,,,,,,,Sub005,001,2022_Apr_29_1344,2_1_MRI_Rating_SE_RE,2021.2.3,60.12487938745365,
0,1,-1,2,80,-1,3,0,1,,,,,0,0,0,0,0,50,50,71,,,,,,,,,,,,,,,,,,,,,,,,,,,,,,,,,,,-1,2,,,0,,,,,,,,,,,,,,,,,,1,,,,,,,Sub005,001,2022_Apr_29_1344,2_1_MRI_Rating_SE_RE,2021.2.3,60.12487938745365,
1,0,1,-1,-1,2,-1,1,0,,,,,0,0,0,0,0,51,51,31,0,0,0,0,0,0,0,0,,,,,,,,,,,,,,,,,,,,,361.7294534994289,None,361.7294534994289,None,363.744475399144,None,1,-1,22.45916199863284,2,1,365.74639899935573,None,None,365.74639899935573,None,,0.9749091999999564,-0.0250908000000436,367.7615984994918,None,,,,,,,,0,,,,,,,Sub005,001,2022_Apr_29_1344,2_1_MRI_Rating_SE_RE,2021.2.3,60.12487938745365,
1,0,1,-1,-1,2,-1,1,0,,,,,0,0,0,0,0,51,51,31,0,0,0,0,,,,,,,,,,,,,,,,,,,,,,,,,,,,,,,1,-1,,,1,,,,,,,,,,,,,,,,,,0,,,,,,,Sub005,001,2022_Apr_29_1344,2_1_MRI_Rating_SE_RE,2021.2.3,60.12487938745365,
1,0,1,-1,-1,2,-1,1,0,,,,,0,0,0,0,0,51,51,31,,,,,,,,,,,,,,,,,,,,,,,,,,,,,,,,,,,1,-1,,,1,,,,,,,,,,,,,,,,,,0,,,,,,,Sub005,001,2022_Apr_29_1344,2_1_MRI_Rating_SE_RE,2021.2.3,60.12487938745365,
0,1,-1,0,20,-1,1,0,1,,,,,0,0,0,0,0,52,52,63,,,,,,,,,0,0,0,0,0,0,0,0,,,,,,,,,,,,,,,,,,,-1,0,,,0,,,,,,Extremely Unlikely,2.4281691999999566,1.4281691999999566,372.3277819994837,None,,368.7506965994835,None,370.76187999919057,None,20,1,1,371.77662909962237,None,b,371.77662909962237,None,0.5336668007075787,Sub005,001,2022_Apr_29_1344,2_1_MRI_Rating_SE_RE,2021.2.3,60.12487938745365,
0,1,-1,0,20,-1,1,0,1,,,,,0,0,0,0,0,52,52,63,,,,,,,,,0,0,0,0,,,,,,,,,,,,,,,,,,,,,,,-1,0,,,0,,,,,,,,,,,,,,,,,,1,,,,,,,Sub005,001,2022_Apr_29_1344,2_1_MRI_Rating_SE_RE,2021.2.3,60.12487938745365,
0,1,-1,0,20,-1,1,0,1,,,,,0,0,0,0,0,52,52,63,,,,,,,,,,,,,,,,,,,,,,,,,,,,,,,,,,,-1,0,,,0,,,,,,,,,,,,,,,,,,1,,,,,,,Sub005,001,2022_Apr_29_1344,2_1_MRI_Rating_SE_RE,2021.2.3,60.12487938745365,
1,0,2,-1,-1,2,-1,1,0,,,,,0,0,0,0,0,53,53,34,0,0,0,0,0,0,0,0,,,,,,,,,,,,,,,,,,,,,374.76627089921385,None,374.76627089921385,None,376.77805349975824,None,2,-1,42.67407267227257,2,1,378.7803202997893,None,g,378.7803202997893,None,Slightly Likely,2.3254375999999866,1.3254375999999866,379.4448182992637,None,0.6375940004363656,,,,,,,0,,,,,,,Sub005,001,2022_Apr_29_1344,2_1_MRI_Rating_SE_RE,2021.2.3,60.12487938745365,
1,0,2,-1,-1,2,-1,1,0,,,,,0,0,0,0,0,53,53,34,0,0,0,0,,,,,,,,,,,,,,,,,,,,,,,,,,,,,,,2,-1,,,1,,,,,,,,,,,,,,,,,,0,,,,,,,Sub005,001,2022_Apr_29_1344,2_1_MRI_Rating_SE_RE,2021.2.3,60.12487938745365,
1,0,2,-1,-1,2,-1,1,0,,,,,0,0,0,0,0,53,53,34,,,,,,,,,,,,,,,,,,,,,,,,,,,,,,,,,,,2,-1,,,1,,,,,,,,,,,,,,,,,,0,,,,,,,Sub005,001,2022_Apr_29_1344,2_1_MRI_Rating_SE_RE,2021.2.3,60.12487938745365,
1,0,0,-1,-1,1,-1,0,0,,,,,0,0,0,0,0,54,54,0,0,0,0,0,,,,,,,,,,,,,,,,,,,,,,,,,381.7858377993107,None,381.7858377993107,None,383.79578039981425,None,0,-1,8.434256092296069,1,0,,,,,,,,,,,,,,,,,,0,,,,,,,Sub005,001,2022_Apr_29_1344,2_1_MRI_Rating_SE_RE,2021.2.3,60.12487938745365,
1,0,0,-1,-1,1,-1,0,0,,,,,0,0,0,0,0,54,54,0,,,,,,,,,,,,,,,,,,,,,,,,,,,,,,,,,,,0,-1,,,0,,,,,,,,,,,,,,,,,,0,,,,,,,Sub005,001,2022_Apr_29_1344,2_1_MRI_Rating_SE_RE,2021.2.3,60.12487938745365,
1,0,2,-1,-1,3,-1,1,0,,,,,0,0,0,0,0,55,55,35,0,0,0,0,0,0,0,0,,,,,,,,,,,,,,,,,,,,,384.79737709928304,None,384.79737709928304,None,386.81185839977115,None,2,-1,42.67407267227257,3,1,389.81386169977486,None,g,389.81386169977486,None,Slightly Likely,1.6391504000000054,0.6391504000000054,391.16162239946425,None,1.3291530003771186,,,,,,,0,,,,,,,Sub005,001,2022_Apr_29_1344,2_1_MRI_Rating_SE_RE,2021.2.3,60.12487938745365,
1,0,2,-1,-1,3,-1,1,0,,,,,0,0,0,0,0,55,55,35,0,0,0,0,,,,,,,,,,,,,,,,,,,,,,,,,,,,,,,2,-1,,,1,,,,,,,,,,,,,,,,,,0,,,,,,,Sub005,001,2022_Apr_29_1344,2_1_MRI_Rating_SE_RE,2021.2.3,60.12487938745365,
1,0,2,-1,-1,3,-1,1,0,,,,,0,0,0,0,0,55,55,35,,,,,,,,,,,,,,,,,,,,,,,,,,,,,,,,,,,2,-1,,,1,,,,,,,,,,,,,,,,,,0,,,,,,,Sub005,001,2022_Apr_29_1344,2_1_MRI_Rating_SE_RE,2021.2.3,60.12487938745365,
1,0,0,-1,-1,1,-1,1,0,,,,,0,0,0,0,0,56,56,18,0,0,0,0,0,0,0,0,,,,,,,,,,,,,,,,,,,,,392.8223242992535,None,392.8223242992535,None,394.82914029993117,None,0,-1,8.434256092296069,1,1,395.82905919943005,None,None,395.82905919943005,None,,0.9968440999999757,-0.003155900000024303,397.82876589987427,None,,,,,,,,0,,,,,,,Sub005,001,2022_Apr_29_1344,2_1_MRI_Rating_SE_RE,2021.2.3,60.12487938745365,
1,0,0,-1,-1,1,-1,1,0,,,,,0,0,0,0,0,56,56,18,0,0,0,0,,,,,,,,,,,,,,,,,,,,,,,,,,,,,,,0,-1,,,1,,,,,,,,,,,,,,,,,,0,,,,,,,Sub005,001,2022_Apr_29_1344,2_1_MRI_Rating_SE_RE,2021.2.3,60.12487938745365,
1,0,0,-1,-1,1,-1,1,0,,,,,0,0,0,0,0,56,56,18,,,,,,,,,,,,,,,,,,,,,,,,,,,,,,,,,,,0,-1,,,1,,,,,,,,,,,,,,,,,,0,,,,,,,Sub005,001,2022_Apr_29_1344,2_1_MRI_Rating_SE_RE,2021.2.3,60.12487938745365,
1,0,0,-1,-1,3,-1,0,0,,,,,0,0,0,0,0,57,57,2,0,0,0,0,,,,,,,,,,,,,,,,,,,,,,,,,398.8335110992193,None,398.8335110992193,None,400.8463834999129,None,0,-1,8.434256092296069,3,0,,,,,,,,,,,,,,,,,,0,,,,,,,Sub005,001,2022_Apr_29_1344,2_1_MRI_Rating_SE_RE,2021.2.3,60.12487938745365,
1,0,0,-1,-1,3,-1,0,0,,,,,0,0,0,0,0,57,57,2,,,,,,,,,,,,,,,,,,,,,,,,,,,,,,,,,,,0,-1,,,0,,,,,,,,,,,,,,,,,,0,,,,,,,Sub005,001,2022_Apr_29_1344,2_1_MRI_Rating_SE_RE,2021.2.3,60.12487938745365,
0,1,-1,1,50,-1,1,0,0,,,,,0,0,0,0,0,58,58,46,,,,,,,,,0,0,0,0,,,,,,,,,,,,,,,,,,,,,,,-1,1,,,0,,,,,,,,,,,,403.84982059989125,None,405.86270529963076,None,50,1,0,,,,,,,Sub005,001,2022_Apr_29_1344,2_1_MRI_Rating_SE_RE,2021.2.3,60.12487938745365,
0,1,-1,1,50,-1,1,0,0,,,,,0,0,0,0,0,58,58,46,,,,,,,,,,,,,,,,,,,,,,,,,,,,,,,,,,,-1,1,,,0,,,,,,,,,,,,,,,,,,0,,,,,,,Sub005,001,2022_Apr_29_1344,2_1_MRI_Rating_SE_RE,2021.2.3,60.12487938745365,
0,1,-1,2,80,-1,1,0,1,,,,,0,0,0,0,0,59,59,74,,,,,,,,,0,0,0,0,0,0,0,0,,,,,,,,,,,,,,,,,,,-1,2,,,0,,,,,,,0.9763815000000022,-0.023618499999997766,411.89659119956195,None,,406.863936599344,None,408.87930019944906,None,80,1,1,409.88149609975517,None,None,409.88149609975517,None,,Sub005,001,2022_Apr_29_1344,2_1_MRI_Rating_SE_RE,2021.2.3,60.12487938745365,
0,1,-1,2,80,-1,1,0,1,,,,,0,0,0,0,0,59,59,74,,,,,,,,,0,0,0,0,,,,,,,,,,,,,,,,,,,,,,,-1,2,,,0,,,,,,,,,,,,,,,,,,1,,,,,,,Sub005,001,2022_Apr_29_1344,2_1_MRI_Rating_SE_RE,2021.2.3,60.12487938745365,
0,1,-1,2,80,-1,1,0,1,,,,,0,0,0,0,0,59,59,74,,,,,,,,,,,,,,,,,,,,,,,,,,,,,,,,,,,-1,2,,,0,,,,,,,,,,,,,,,,,,1,,,,,,,Sub005,001,2022_Apr_29_1344,2_1_MRI_Rating_SE_RE,2021.2.3,60.12487938745365,
1,0,2,-1,-1,3,-1,0,0,,,,,0,0,0,0,0,60,60,8,0,0,0,0,,,,,,,,,,,,,,,,,,,,,,,,,412.8848206996918,None,412.8848206996918,None,414.8966156998649,None,2,-1,42.67407267227257,3,0,,,,,,,,,,,,,,,,,,0,,,,,,,Sub005,001,2022_Apr_29_1344,2_1_MRI_Rating_SE_RE,2021.2.3,60.12487938745365,
1,0,2,-1,-1,3,-1,0,0,,,,,0,0,0,0,0,60,60,8,,,,,,,,,,,,,,,,,,,,,,,,,,,,,,,,,,,2,-1,,,0,,,,,,,,,,,,,,,,,,0,,,,,,,Sub005,001,2022_Apr_29_1344,2_1_MRI_Rating_SE_RE,2021.2.3,60.12487938745365,
0,1,-1,1,50,-1,2,0,1,,,,,0,0,0,0,0,61,61,76,,,,,,,,,0,0,0,0,0,0,0,0,,,,,,,,,,,,,,,,,,,-1,1,,,0,,,,,,Extremely Likely,2.4549425000000156,1.4549425000000156,422.44685839954764,None,,417.89770399965346,None,419.91345559991896,None,50,2,1,421.9137085992843,None,r,421.9137085992843,None,0.5052458001300693,Sub005,001,2022_Apr_29_1344,2_1_MRI_Rating_SE_RE,2021.2.3,60.12487938745365,
0,1,-1,1,50,-1,2,0,1,,,,,0,0,0,0,0,61,61,76,,,,,,,,,0,0,0,0,,,,,,,,,,,,,,,,,,,,,,,-1,1,,,0,,,,,,,,,,,,,,,,,,1,,,,,,,Sub005,001,2022_Apr_29_1344,2_1_MRI_Rating_SE_RE,2021.2.3,60.12487938745365,
0,1,-1,1,50,-1,2,0,1,,,,,0,0,0,0,0,61,61,76,,,,,,,,,,,,,,,,,,,,,,,,,,,,,,,,,,,-1,1,,,0,,,,,,,,,,,,,,,,,,1,,,,,,,Sub005,001,2022_Apr_29_1344,2_1_MRI_Rating_SE_RE,2021.2.3,60.12487938745365,
1,0,0,-1,-1,1,-1,1,0,,,,,0,0,0,0,0,62,62,27,0,0,0,0,0,0,0,0,,,,,,,,,,,,,,,,,,,,,424.9179974999279,None,424.9179974999279,None,426.93011309951544,None,0,-1,8.434256092296069,1,1,427.9327559992671,None,b,427.9327559992671,None,Extremely Unlikely,2.242974600000025,1.242974600000025,428.6799181997776,None,0.7301933998242021,,,,,,,0,,,,,,,Sub005,001,2022_Apr_29_1344,2_1_MRI_Rating_SE_RE,2021.2.3,60.12487938745365,
1,0,0,-1,-1,1,-1,1,0,,,,,0,0,0,0,0,62,62,27,0,0,0,0,,,,,,,,,,,,,,,,,,,,,,,,,,,,,,,0,-1,,,1,,,,,,,,,,,,,,,,,,0,,,,,,,Sub005,001,2022_Apr_29_1344,2_1_MRI_Rating_SE_RE,2021.2.3,60.12487938745365,
1,0,0,-1,-1,1,-1,1,0,,,,,0,0,0,0,0,62,62,27,,,,,,,,,,,,,,,,,,,,,,,,,,,,,,,,,,,0,-1,,,1,,,,,,,,,,,,,,,,,,0,,,,,,,Sub005,001,2022_Apr_29_1344,2_1_MRI_Rating_SE_RE,2021.2.3,60.12487938745365,
0,1,-1,1,50,-1,1,0,1,,,,,0,0,0,0,0,63,63,64,,,,,,,,,0,0,0,0,0,0,0,0,,,,,,,,,,,,,,,,,,,-1,1,,,0,,,,,,Slightly Likely,1.444202099999984,0.44420209999998406,435.49691129941493,None,,430.9351953994483,None,432.94763149973005,None,50,1,1,433.96249349974096,None,g,433.96249349974096,None,1.519391999579966,Sub005,001,2022_Apr_29_1344,2_1_MRI_Rating_SE_RE,2021.2.3,60.12487938745365,
0,1,-1,1,50,-1,1,0,1,,,,,0,0,0,0,0,63,63,64,,,,,,,,,0,0,0,0,,,,,,,,,,,,,,,,,,,,,,,-1,1,,,0,,,,,,,,,,,,,,,,,,1,,,,,,,Sub005,001,2022_Apr_29_1344,2_1_MRI_Rating_SE_RE,2021.2.3,60.12487938745365,
0,1,-1,1,50,-1,1,0,1,,,,,0,0,0,0,0,63,63,64,,,,,,,,,,,,,,,,,,,,,,,,,,,,,,,,,,,-1,1,,,0,,,,,,,,,,,,,,,,,,1,,,,,,,Sub005,001,2022_Apr_29_1344,2_1_MRI_Rating_SE_RE,2021.2.3,60.12487938745365,
1,0,0,-1,-1,1,-1,1,0,,,,,0,0,0,0,0,64,64,36,0,0,0,0,0,0,0,0,,,,,,,,,,,,,,,,,,,,,436.9524827999994,None,436.9524827999994,None,438.9644571999088,None,0,-1,8.434256092296069,1,1,439.964074799791,None,b,439.964074799791,None,Extremely Unlikely,2.643067500000029,1.6430675000000292,440.31357839982957,None,0.33283920027315617,,,,,,,0,,,,,,,Sub005,001,2022_Apr_29_1344,2_1_MRI_Rating_SE_RE,2021.2.3,60.12487938745365,
1,0,0,-1,-1,1,-1,1,0,,,,,0,0,0,0,0,64,64,36,0,0,0,0,,,,,,,,,,,,,,,,,,,,,,,,,,,,,,,0,-1,,,1,,,,,,,,,,,,,,,,,,0,,,,,,,Sub005,001,2022_Apr_29_1344,2_1_MRI_Rating_SE_RE,2021.2.3,60.12487938745365,
1,0,0,-1,-1,1,-1,1,0,,,,,0,0,0,0,0,64,64,36,,,,,,,,,,,,,,,,,,,,,,,,,,,,,,,,,,,0,-1,,,1,,,,,,,,,,,,,,,,,,0,,,,,,,Sub005,001,2022_Apr_29_1344,2_1_MRI_Rating_SE_RE,2021.2.3,60.12487938745365,
0,1,-1,0,20,-1,3,0,1,,,,,0,0,0,0,0,65,65,60,,,,,,,,,0,0,0,0,0,0,0,0,,,,,,,,,,,,,,,,,,,-1,0,,,0,,,,,,Extremely Unlikely,2.661821199999963,1.661821199999963,448.31390629988164,None,,442.9704272998497,None,444.98082329984754,None,20,3,1,447.98119769990444,None,b,447.98119769990444,None,0.3057144992053509,Sub005,001,2022_Apr_29_1344,2_1_MRI_Rating_SE_RE,2021.2.3,60.12487938745365,
0,1,-1,0,20,-1,3,0,1,,,,,0,0,0,0,0,65,65,60,,,,,,,,,0,0,0,0,,,,,,,,,,,,,,,,,,,,,,,-1,0,,,0,,,,,,,,,,,,,,,,,,1,,,,,,,Sub005,001,2022_Apr_29_1344,2_1_MRI_Rating_SE_RE,2021.2.3,60.12487938745365,
0,1,-1,0,20,-1,3,0,1,,,,,0,0,0,0,0,65,65,60,,,,,,,,,,,,,,,,,,,,,,,,,,,,,,,,,,,-1,0,,,0,,,,,,,,,,,,,,,,,,1,,,,,,,Sub005,001,2022_Apr_29_1344,2_1_MRI_Rating_SE_RE,2021.2.3,60.12487938745365,
0,1,-1,2,80,-1,3,0,0,,,,,0,0,0,0,0,66,66,53,,,,,,,,,0,0,0,0,,,,,,,,,,,,,,,,,,,,,,,-1,2,,,0,,,,,,,,,,,,450.98581059928983,None,452.9977515991777,None,80,3,0,,,,,,,Sub005,001,2022_Apr_29_1344,2_1_MRI_Rating_SE_RE,2021.2.3,60.12487938745365,
0,1,-1,2,80,-1,3,0,0,,,,,0,0,0,0,0,66,66,53,,,,,,,,,,,,,,,,,,,,,,,,,,,,,,,,,,,-1,2,,,0,,,,,,,,,,,,,,,,,,0,,,,,,,Sub005,001,2022_Apr_29_1344,2_1_MRI_Rating_SE_RE,2021.2.3,60.12487938745365,
0,1,-1,0,20,-1,2,0,1,,,,,0,0,0,0,0,67,67,75,,,,,,,,,0,0,0,0,0,0,0,0,,,,,,,,,,,,,,,,,,,-1,0,,,0,,,,,,Slightly Unlikely,2.487239700000032,1.487239700000032,460.51438589952886,None,,455.99806510005146,None,457.9984610993415,None,20,2,1,459.99914569966495,None,y,459.99914569966495,None,0.49004389997571707,Sub005,001,2022_Apr_29_1344,2_1_MRI_Rating_SE_RE,2021.2.3,60.12487938745365,
0,1,-1,0,20,-1,2,0,1,,,,,0,0,0,0,0,67,67,75,,,,,,,,,0,0,0,0,,,,,,,,,,,,,,,,,,,,,,,-1,0,,,0,,,,,,,,,,,,,,,,,,1,,,,,,,Sub005,001,2022_Apr_29_1344,2_1_MRI_Rating_SE_RE,2021.2.3,60.12487938745365,
0,1,-1,0,20,-1,2,0,1,,,,,0,0,0,0,0,67,67,75,,,,,,,,,,,,,,,,,,,,,,,,,,,,,,,,,,,-1,0,,,0,,,,,,,,,,,,,,,,,,1,,,,,,,Sub005,001,2022_Apr_29_1344,2_1_MRI_Rating_SE_RE,2021.2.3,60.12487938745365,
1,0,0,-1,-1,3,-1,1,0,,,,,0,0,0,0,0,68,68,29,0,0,0,0,0,0,0,0,,,,,,,,,,,,,,,,,,,,,463.0201286999509,None,463.0201286999509,None,465.03161679953337,None,0,-1,8.434256092296069,3,1,468.0346703995019,None,b,468.0346703995019,None,Extremely Unlikely,2.093288400000006,1.0932884000000058,468.9315424999222,None,0.8681545006111264,,,,,,,0,,,,,,,Sub005,001,2022_Apr_29_1344,2_1_MRI_Rating_SE_RE,2021.2.3,60.12487938745365,
1,0,0,-1,-1,3,-1,1,0,,,,,0,0,0,0,0,68,68,29,0,0,0,0,,,,,,,,,,,,,,,,,,,,,,,,,,,,,,,0,-1,,,1,,,,,,,,,,,,,,,,,,0,,,,,,,Sub005,001,2022_Apr_29_1344,2_1_MRI_Rating_SE_RE,2021.2.3,60.12487938745365,
1,0,0,-1,-1,3,-1,1,0,,,,,0,0,0,0,0,68,68,29,,,,,,,,,,,,,,,,,,,,,,,,,,,,,,,,,,,0,-1,,,1,,,,,,,,,,,,,,,,,,0,,,,,,,Sub005,001,2022_Apr_29_1344,2_1_MRI_Rating_SE_RE,2021.2.3,60.12487938745365,
0,1,-1,0,20,-1,3,0,1,,,,,0,0,0,0,0,69,69,78,,,,,,,,,0,0,0,0,0,0,0,0,,,,,,,,,,,,,,,,,,,-1,0,,,0,,,,,,Extremely Unlikely,2.4783807000000024,1.4783807000000024,476.5650933999568,None,,471.03720669914037,None,473.0486790994182,None,20,3,1,476.04885259922594,None,b,476.04885259922594,None,0.4930645003914833,Sub005,001,2022_Apr_29_1344,2_1_MRI_Rating_SE_RE,2021.2.3,60.12487938745365,
0,1,-1,0,20,-1,3,0,1,,,,,0,0,0,0,0,69,69,78,,,,,,,,,0,0,0,0,,,,,,,,,,,,,,,,,,,,,,,-1,0,,,0,,,,,,,,,,,,,,,,,,1,,,,,,,Sub005,001,2022_Apr_29_1344,2_1_MRI_Rating_SE_RE,2021.2.3,60.12487938745365,
0,1,-1,0,20,-1,3,0,1,,,,,0,0,0,0,0,69,69,78,,,,,,,,,,,,,,,,,,,,,,,,,,,,,,,,,,,-1,0,,,0,,,,,,,,,,,,,,,,,,1,,,,,,,Sub005,001,2022_Apr_29_1344,2_1_MRI_Rating_SE_RE,2021.2.3,60.12487938745365,
1,0,1,-1,-1,2,-1,0,0,,,,,0,0,0,0,0,70,70,4,0,0,0,0,,,,,,,,,,,,,,,,,,,,,,,,,479.0553482994437,None,479.0553482994437,None,481.0659886999056,None,1,-1,22.45916199863284,2,0,,,,,,,,,,,,,,,,,,0,,,,,,,Sub005,001,2022_Apr_29_1344,2_1_MRI_Rating_SE_RE,2021.2.3,60.12487938745365,
1,0,1,-1,-1,2,-1,0,0,,,,,0,0,0,0,0,70,70,4,,,,,,,,,,,,,,,,,,,,,,,,,,,,,,,,,,,1,-1,,,0,,,,,,,,,,,,,,,,,,0,,,,,,,Sub005,001,2022_Apr_29_1344,2_1_MRI_Rating_SE_RE,2021.2.3,60.12487938745365,
1,0,0,-1,-1,2,-1,0,0,,,,,0,0,0,0,0,71,71,1,0,0,0,0,,,,,,,,,,,,,,,,,,,,,,,,,483.06777209974825,None,483.06777209974825,None,485.0820689992979,None,0,-1,8.434256092296069,2,0,,,,,,,,,,,,,,,,,,0,,,,,,,Sub005,001,2022_Apr_29_1344,2_1_MRI_Rating_SE_RE,2021.2.3,60.12487938745365,
1,0,0,-1,-1,2,-1,0,0,,,,,0,0,0,0,0,71,71,1,,,,,,,,,,,,,,,,,,,,,,,,,,,,,,,,,,,0,-1,,,0,,,,,,,,,,,,,,,,,,0,,,,,,,Sub005,001,2022_Apr_29_1344,2_1_MRI_Rating_SE_RE,2021.2.3,60.12487938745365,
0,1,-1,1,50,-1,3,0,1,,,,,0,0,0,0,0,72,72,79,,,,,,,,,0,0,0,0,0,0,0,0,,,,,,,,,,,,,,,,,,,-1,1,,,0,,,,,,Extremely Unlikely,2.702876300000014,1.702876300000014,492.3827681997791,None,,487.0834649996832,None,489.0824611997232,None,50,3,1,492.08321690000594,None,b,492.08321690000594,None,0.278745099902153,Sub005,001,2022_Apr_29_1344,2_1_MRI_Rating_SE_RE,2021.2.3,60.12487938745365,
0,1,-1,1,50,-1,3,0,1,,,,,0,0,0,0,0,72,72,79,,,,,,,,,0,0,0,0,,,,,,,,,,,,,,,,,,,,,,,-1,1,,,0,,,,,,,,,,,,,,,,,,1,,,,,,,Sub005,001,2022_Apr_29_1344,2_1_MRI_Rating_SE_RE,2021.2.3,60.12487938745365,
0,1,-1,1,50,-1,3,0,1,,,,,0,0,0,0,0,72,72,79,,,,,,,,,,,,,,,,,,,,,,,,,,,,,,,,,,,-1,1,,,0,,,,,,,,,,,,,,,,,,1,,,,,,,Sub005,001,2022_Apr_29_1344,2_1_MRI_Rating_SE_RE,2021.2.3,60.12487938745365,
0,1,-1,1,50,-1,2,0,1,,,,,0,0,0,0,0,73,73,58,,,,,,,,,0,0,0,0,0,0,0,0,,,,,,,,,,,,,,,,,,,-1,1,,,0,,,,,,Slightly Likely,1.0080330999999774,0.008033099999977367,501.0993988998234,None,,495.1024798993021,None,497.1160207996145,None,50,2,1,499.13109399937093,None,g,499.13109399937093,None,1.9517463995143771,Sub005,001,2022_Apr_29_1344,2_1_MRI_Rating_SE_RE,2021.2.3,60.12487938745365,
0,1,-1,1,50,-1,2,0,1,,,,,0,0,0,0,0,73,73,58,,,,,,,,,0,0,0,0,,,,,,,,,,,,,,,,,,,,,,,-1,1,,,0,,,,,,,,,,,,,,,,,,1,,,,,,,Sub005,001,2022_Apr_29_1344,2_1_MRI_Rating_SE_RE,2021.2.3,60.12487938745365,
0,1,-1,1,50,-1,2,0,1,,,,,0,0,0,0,0,73,73,58,,,,,,,,,,,,,,,,,,,,,,,,,,,,,,,,,,,-1,1,,,0,,,,,,,,,,,,,,,,,,1,,,,,,,Sub005,001,2022_Apr_29_1344,2_1_MRI_Rating_SE_RE,2021.2.3,60.12487938745365,
1,0,2,-1,-1,3,-1,1,0,,,,,0,0,0,0,0,74,74,44,0,0,0,0,0,0,0,0,,,,,,,,,,,,,,,,,,,,,502.12374329939485,None,502.12374329939485,None,504.13327149953693,None,2,-1,42.67407267227257,3,1,507.1364107998088,None,None,507.1364107998088,None,,0.9831040999999914,-0.016895900000008623,509.14970549941063,None,,,,,,,,0,,,,,,,Sub005,001,2022_Apr_29_1344,2_1_MRI_Rating_SE_RE,2021.2.3,60.12487938745365,
1,0,2,-1,-1,3,-1,1,0,,,,,0,0,0,0,0,74,74,44,0,0,0,0,,,,,,,,,,,,,,,,,,,,,,,,,,,,,,,2,-1,,,1,,,,,,,,,,,,,,,,,,0,,,,,,,Sub005,001,2022_Apr_29_1344,2_1_MRI_Rating_SE_RE,2021.2.3,60.12487938745365,
1,0,2,-1,-1,3,-1,1,0,,,,,0,0,0,0,0,74,74,44,,,,,,,,,,,,,,,,,,,,,,,,,,,,,,,,,,,2,-1,,,1,,,,,,,,,,,,,,,,,,0,,,,,,,Sub005,001,2022_Apr_29_1344,2_1_MRI_Rating_SE_RE,2021.2.3,60.12487938745365,
0,1,-1,0,20,-1,1,0,1,,,,,0,0,0,0,0,75,75,72,,,,,,,,,0,0,0,0,0,0,0,0,,,,,,,,,,,,,,,,,,,-1,0,,,0,,,,,,Slightly Unlikely,1.8475491000000375,0.8475491000000375,514.2999928994104,None,,510.14128039963543,None,512.1499066995457,None,20,1,1,513.1516240993515,None,y,513.1516240993515,None,1.1282961005344987,Sub005,001,2022_Apr_29_1344,2_1_MRI_Rating_SE_RE,2021.2.3,60.12487938745365,
0,1,-1,0,20,-1,1,0,1,,,,,0,0,0,0,0,75,75,72,,,,,,,,,0,0,0,0,,,,,,,,,,,,,,,,,,,,,,,-1,0,,,0,,,,,,,,,,,,,,,,,,1,,,,,,,Sub005,001,2022_Apr_29_1344,2_1_MRI_Rating_SE_RE,2021.2.3,60.12487938745365,
0,1,-1,0,20,-1,1,0,1,,,,,0,0,0,0,0,75,75,72,,,,,,,,,,,,,,,,,,,,,,,,,,,,,,,,,,,-1,0,,,0,,,,,,,,,,,,,,,,,,1,,,,,,,Sub005,001,2022_Apr_29_1344,2_1_MRI_Rating_SE_RE,2021.2.3,60.12487938745365,
0,1,-1,1,50,-1,2,0,1,,,,,0,0,0,0,0,76,76,67,,,,,,,,,0,0,0,0,0,0,0,0,,,,,,,,,,,,,,,,,,,-1,1,,,0,,,,,,,0.9811116999999285,-0.018888300000071467,522.1837466992438,None,,516.1551282992586,None,518.1672165999189,None,50,2,1,520.1686854995787,None,None,520.1686854995787,None,,Sub005,001,2022_Apr_29_1344,2_1_MRI_Rating_SE_RE,2021.2.3,60.12487938745365,
0,1,-1,1,50,-1,2,0,1,,,,,0,0,0,0,0,76,76,67,,,,,,,,,0,0,0,0,,,,,,,,,,,,,,,,,,,,,,,-1,1,,,0,,,,,,,,,,,,,,,,,,1,,,,,,,Sub005,001,2022_Apr_29_1344,2_1_MRI_Rating_SE_RE,2021.2.3,60.12487938745365,
0,1,-1,1,50,-1,2,0,1,,,,,0,0,0,0,0,76,76,67,,,,,,,,,,,,,,,,,,,,,,,,,,,,,,,,,,,-1,1,,,0,,,,,,,,,,,,,,,,,,1,,,,,,,Sub005,001,2022_Apr_29_1344,2_1_MRI_Rating_SE_RE,2021.2.3,60.12487938745365,
1,0,1,-1,-1,3,-1,1,0,,,,,0,0,0,0,0,77,77,41,0,0,0,0,0,0,0,0,,,,,,,,,,,,,,,,,,,,,523.1723416000605,None,523.1723416000605,None,525.1840083999559,None,1,-1,22.45916199863284,3,1,528.1991537995636,None,g,528.1991537995636,None,Slightly Likely,1.409914200000003,0.4099142000000029,529.7669568993151,None,1.547745200805366,,,,,,,0,,,,,,,Sub005,001,2022_Apr_29_1344,2_1_MRI_Rating_SE_RE,2021.2.3,60.12487938745365,
1,0,1,-1,-1,3,-1,1,0,,,,,0,0,0,0,0,77,77,41,0,0,0,0,,,,,,,,,,,,,,,,,,,,,,,,,,,,,,,1,-1,,,1,,,,,,,,,,,,,,,,,,0,,,,,,,Sub005,001,2022_Apr_29_1344,2_1_MRI_Rating_SE_RE,2021.2.3,60.12487938745365,
1,0,1,-1,-1,3,-1,1,0,,,,,0,0,0,0,0,77,77,41,,,,,,,,,,,,,,,,,,,,,,,,,,,,,,,,,,,1,-1,,,1,,,,,,,,,,,,,,,,,,0,,,,,,,Sub005,001,2022_Apr_29_1344,2_1_MRI_Rating_SE_RE,2021.2.3,60.12487938745365,
0,1,-1,2,80,-1,3,0,1,,,,,0,0,0,0,0,78,78,89,,,,,,,,,0,0,0,0,0,0,0,0,,,,,,,,,,,,,,,,,,,-1,2,,,0,,,,,,Slightly Likely,1.6937738999999965,0.6937738999999965,537.5011964999139,None,,531.1888862997293,None,533.2010375000536,None,80,3,1,536.2027096999809,None,g,536.2027096999809,None,1.2805756004527211,Sub005,001,2022_Apr_29_1344,2_1_MRI_Rating_SE_RE,2021.2.3,60.12487938745365,
0,1,-1,2,80,-1,3,0,1,,,,,0,0,0,0,0,78,78,89,,,,,,,,,0,0,0,0,,,,,,,,,,,,,,,,,,,,,,,-1,2,,,0,,,,,,,,,,,,,,,,,,1,,,,,,,Sub005,001,2022_Apr_29_1344,2_1_MRI_Rating_SE_RE,2021.2.3,60.12487938745365,
0,1,-1,2,80,-1,3,0,1,,,,,0,0,0,0,0,78,78,89,,,,,,,,,,,,,,,,,,,,,,,,,,,,,,,,,,,-1,2,,,0,,,,,,,,,,,,,,,,,,1,,,,,,,Sub005,001,2022_Apr_29_1344,2_1_MRI_Rating_SE_RE,2021.2.3,60.12487938745365,
1,0,0,-1,-1,2,-1,1,0,,,,,0,0,0,0,0,79,79,37,0,0,0,0,0,0,0,0,,,,,,,,,,,,,,,,,,,,,539.2086938992143,None,539.2086938992143,None,541.2180010993034,None,0,-1,8.434256092296069,2,1,543.2327333996072,None,b,543.2327333996072,None,Extremely Unlikely,2.0628419000000804,1.0628419000000804,544.150857700035,None,0.9004883002489805,,,,,,,0,,,,,,,Sub005,001,2022_Apr_29_1344,2_1_MRI_Rating_SE_RE,2021.2.3,60.12487938745365,
1,0,0,-1,-1,2,-1,1,0,,,,,0,0,0,0,0,79,79,37,0,0,0,0,,,,,,,,,,,,,,,,,,,,,,,,,,,,,,,0,-1,,,1,,,,,,,,,,,,,,,,,,0,,,,,,,Sub005,001,2022_Apr_29_1344,2_1_MRI_Rating_SE_RE,2021.2.3,60.12487938745365,
1,0,0,-1,-1,2,-1,1,0,,,,,0,0,0,0,0,79,79,37,,,,,,,,,,,,,,,,,,,,,,,,,,,,,,,,,,,0,-1,,,1,,,,,,,,,,,,,,,,,,0,,,,,,,Sub005,001,2022_Apr_29_1344,2_1_MRI_Rating_SE_RE,2021.2.3,60.12487938745365,
0,1,-1,0,20,-1,1,0,0,,,,,0,0,0,0,0,80,80,54,,,,,,,,,0,0,0,0,,,,,,,,,,,,,,,,,,,,,,,-1,0,,,0,,,,,,,,,,,,546.2242827992886,None,548.2347109997645,None,20,1,0,,,,,,,Sub005,001,2022_Apr_29_1344,2_1_MRI_Rating_SE_RE,2021.2.3,60.12487938745365,
0,1,-1,0,20,-1,1,0,0,,,,,0,0,0,0,0,80,80,54,,,,,,,,,,,,,,,,,,,,,,,,,,,,,,,,,,,-1,0,,,0,,,,,,,,,,,,,,,,,,0,,,,,,,Sub005,001,2022_Apr_29_1344,2_1_MRI_Rating_SE_RE,2021.2.3,60.12487938745365,
1,0,2,-1,-1,2,-1,1,0,,,,,0,0,0,0,0,81,81,43,0,0,0,0,0,0,0,0,,,,,,,,,,,,,,,,,,,,,549.2349718995392,None,549.2349718995392,None,551.2347716996446,None,2,-1,42.67407267227257,2,1,553.2370310993865,None,b,553.2370310993865,None,Extremely Unlikely,2.4372472000000016,1.4372472000000016,553.8012338997796,None,0.5346878999844193,,,,,,,0,,,,,,,Sub005,001,2022_Apr_29_1344,2_1_MRI_Rating_SE_RE,2021.2.3,60.12487938745365,
1,0,2,-1,-1,2,-1,1,0,,,,,0,0,0,0,0,81,81,43,0,0,0,0,,,,,,,,,,,,,,,,,,,,,,,,,,,,,,,2,-1,,,1,,,,,,,,,,,,,,,,,,0,,,,,,,Sub005,001,2022_Apr_29_1344,2_1_MRI_Rating_SE_RE,2021.2.3,60.12487938745365,
1,0,2,-1,-1,2,-1,1,0,,,,,0,0,0,0,0,81,81,43,,,,,,,,,,,,,,,,,,,,,,,,,,,,,,,,,,,2,-1,,,1,,,,,,,,,,,,,,,,,,0,,,,,,,Sub005,001,2022_Apr_29_1344,2_1_MRI_Rating_SE_RE,2021.2.3,60.12487938745365,
0,1,-1,0,20,-1,1,0,0,,,,,0,0,0,0,0,82,82,45,,,,,,,,,0,0,0,0,,,,,,,,,,,,,,,,,,,,,,,-1,0,,,0,,,,,,,,,,,,556.2577217994258,None,558.2688768999651,None,20,1,0,,,,,,,Sub005,001,2022_Apr_29_1344,2_1_MRI_Rating_SE_RE,2021.2.3,60.12487938745365,
0,1,-1,0,20,-1,1,0,0,,,,,0,0,0,0,0,82,82,45,,,,,,,,,,,,,,,,,,,,,,,,,,,,,,,,,,,-1,0,,,0,,,,,,,,,,,,,,,,,,0,,,,,,,Sub005,001,2022_Apr_29_1344,2_1_MRI_Rating_SE_RE,2021.2.3,60.12487938745365,
1,0,1,-1,-1,1,-1,1,0,,,,,0,0,0,0,0,83,83,39,0,0,0,0,0,0,0,0,,,,,,,,,,,,,,,,,,,,,559.2737283995375,None,559.2737283995375,None,561.2848747996613,None,1,-1,22.45916199863284,1,1,562.2869524993002,None,b,562.2869524993002,None,Extremely Unlikely,2.1556395000000066,1.1556395000000066,563.1186076998711,None,0.8017547000199556,,,,,,,0,,,,,,,Sub005,001,2022_Apr_29_1344,2_1_MRI_Rating_SE_RE,2021.2.3,60.12487938745365,
1,0,1,-1,-1,1,-1,1,0,,,,,0,0,0,0,0,83,83,39,0,0,0,0,,,,,,,,,,,,,,,,,,,,,,,,,,,,,,,1,-1,,,1,,,,,,,,,,,,,,,,,,0,,,,,,,Sub005,001,2022_Apr_29_1344,2_1_MRI_Rating_SE_RE,2021.2.3,60.12487938745365,
1,0,1,-1,-1,1,-1,1,0,,,,,0,0,0,0,0,83,83,39,,,,,,,,,,,,,,,,,,,,,,,,,,,,,,,,,,,1,-1,,,1,,,,,,,,,,,,,,,,,,0,,,,,,,Sub005,001,2022_Apr_29_1344,2_1_MRI_Rating_SE_RE,2021.2.3,60.12487938745365,
1,0,2,-1,-1,1,-1,1,0,,,,,0,0,0,0,0,84,84,24,0,0,0,0,0,0,0,0,,,,,,,,,,,,,,,,,,,,,565.2938318997622,None,565.2938318997622,None,567.3016371997073,None,2,-1,42.67407267227257,1,1,568.3026850000024,None,g,568.3026850000024,None,Slightly Likely,1.129885800000011,0.12988580000001093,570.1684799995273,None,1.849052400328219,,,,,,,0,,,,,,,Sub005,001,2022_Apr_29_1344,2_1_MRI_Rating_SE_RE,2021.2.3,60.12487938745365,
1,0,2,-1,-1,1,-1,1,0,,,,,0,0,0,0,0,84,84,24,0,0,0,0,,,,,,,,,,,,,,,,,,,,,,,,,,,,,,,2,-1,,,1,,,,,,,,,,,,,,,,,,0,,,,,,,Sub005,001,2022_Apr_29_1344,2_1_MRI_Rating_SE_RE,2021.2.3,60.12487938745365,
1,0,2,-1,-1,1,-1,1,0,,,,,0,0,0,0,0,84,84,24,,,,,,,,,,,,,,,,,,,,,,,,,,,,,,,,,,,2,-1,,,1,,,,,,,,,,,,,,,,,,0,,,,,,,Sub005,001,2022_Apr_29_1344,2_1_MRI_Rating_SE_RE,2021.2.3,60.12487938745365,
0,1,-1,1,50,-1,3,0,1,,,,,0,0,0,0,0,85,85,88,,,,,,,,,0,0,0,0,0,0,0,0,,,,,,,,,,,,,,,,,,,-1,1,,,0,,,,,,Slightly Likely,1.4607641999999714,0.4607641999999714,577.8521062992513,None,,571.3074961993843,None,573.3192289993167,None,50,3,1,576.3196109998971,None,g,576.3196109998971,None,1.5170545000582933,Sub005,001,2022_Apr_29_1344,2_1_MRI_Rating_SE_RE,2021.2.3,60.12487938745365,
0,1,-1,1,50,-1,3,0,1,,,,,0,0,0,0,0,85,85,88,,,,,,,,,0,0,0,0,,,,,,,,,,,,,,,,,,,,,,,-1,1,,,0,,,,,,,,,,,,,,,,,,1,,,,,,,Sub005,001,2022_Apr_29_1344,2_1_MRI_Rating_SE_RE,2021.2.3,60.12487938745365,
0,1,-1,1,50,-1,3,0,1,,,,,0,0,0,0,0,85,85,88,,,,,,,,,,,,,,,,,,,,,,,,,,,,,,,,,,,-1,1,,,0,,,,,,,,,,,,,,,,,,1,,,,,,,Sub005,001,2022_Apr_29_1344,2_1_MRI_Rating_SE_RE,2021.2.3,60.12487938745365,
0,1,-1,2,80,-1,1,0,1,,,,,0,0,0,0,0,86,86,83,,,,,,,,,0,0,0,0,0,0,0,0,,,,,,,,,,,,,,,,,,,-1,2,,,0,,,,,,Slightly Likely,1.7293827000000874,0.7293827000000874,583.6027228999883,None,,579.3264087997377,None,581.3359829997644,None,80,1,1,582.3359164996073,None,g,582.3359164996073,None,1.2417599996551871,Sub005,001,2022_Apr_29_1344,2_1_MRI_Rating_SE_RE,2021.2.3,60.12487938745365,
0,1,-1,2,80,-1,1,0,1,,,,,0,0,0,0,0,86,86,83,,,,,,,,,0,0,0,0,,,,,,,,,,,,,,,,,,,,,,,-1,2,,,0,,,,,,,,,,,,,,,,,,1,,,,,,,Sub005,001,2022_Apr_29_1344,2_1_MRI_Rating_SE_RE,2021.2.3,60.12487938745365,
0,1,-1,2,80,-1,1,0,1,,,,,0,0,0,0,0,86,86,83,,,,,,,,,,,,,,,,,,,,,,,,,,,,,,,,,,,-1,2,,,0,,,,,,,,,,,,,,,,,,1,,,,,,,Sub005,001,2022_Apr_29_1344,2_1_MRI_Rating_SE_RE,2021.2.3,60.12487938745365,
0,1,-1,2,80,-1,1,0,0,,,,,0,0,0,0,0,87,87,47,,,,,,,,,0,0,0,0,,,,,,,,,,,,,,,,,,,,,,,-1,2,,,0,,,,,,,,,,,,585.3424111995846,None,587.3530688993633,None,80,1,0,,,,,,,Sub005,001,2022_Apr_29_1344,2_1_MRI_Rating_SE_RE,2021.2.3,60.12487938745365,
0,1,-1,2,80,-1,1,0,0,,,,,0,0,0,0,0,87,87,47,,,,,,,,,,,,,,,,,,,,,,,,,,,,,,,,,,,-1,2,,,0,,,,,,,,,,,,,,,,,,0,,,,,,,Sub005,001,2022_Apr_29_1344,2_1_MRI_Rating_SE_RE,2021.2.3,60.12487938745365,
0,1,-1,0,20,-1,3,0,1,,,,,0,0,0,0,0,88,88,87,,,,,,,,,0,0,0,0,0,0,0,0,,,,,,,,,,,,,,,,,,,-1,0,,,0,,,,,,,1.00733630000002,0.007336300000019946,595.352834799327,None,,588.3538293996826,None,590.3529589995742,None,20,3,1,593.3525788998231,None,None,593.3525788998231,None,,Sub005,001,2022_Apr_29_1344,2_1_MRI_Rating_SE_RE,2021.2.3,60.12487938745365,
0,1,-1,0,20,-1,3,0,1,,,,,0,0,0,0,0,88,88,87,,,,,,,,,0,0,0,0,,,,,,,,,,,,,,,,,,,,,,,-1,0,,,0,,,,,,,,,,,,,,,,,,1,,,,,,,Sub005,001,2022_Apr_29_1344,2_1_MRI_Rating_SE_RE,2021.2.3,60.12487938745365,
0,1,-1,0,20,-1,3,0,1,,,,,0,0,0,0,0,88,88,87,,,,,,,,,,,,,,,,,,,,,,,,,,,,,,,,,,,-1,0,,,0,,,,,,,,,,,,,,,,,,1,,,,,,,Sub005,001,2022_Apr_29_1344,2_1_MRI_Rating_SE_RE,2021.2.3,60.12487938745365,
0,1,-1,2,80,-1,2,0,0,,,,,0,0,0,0,0,89,89,50,,,,,,,,,0,0,0,0,,,,,,,,,,,,,,,,,,,,,,,-1,2,,,0,,,,,,,,,,,,596.3747815992683,None,598.3864262998104,None,80,2,0,,,,,,,Sub005,001,2022_Apr_29_1344,2_1_MRI_Rating_SE_RE,2021.2.3,60.12487938745365,
0,1,-1,2,80,-1,2,0,0,,,,,0,0,0,0,0,89,89,50,,,,,,,,,,,,,,,,,,,,,,,,,,,,,,,,,,,-1,2,,,0,,,,,,,,,,,,,,,,,,0,,,,,,,Sub005,001,2022_Apr_29_1344,2_1_MRI_Rating_SE_RE,2021.2.3,60.12487938745365,
,,,,,,,,,,,,,0,0,0,0,,,,,,,,,,,,,,,,,,,,,,,,,,,,,,,,,,,,,,,,,,,,,,,,,,,,,,,,,,,,,,,,,,,,Sub005,001,2022_Apr_29_1344,2_1_MRI_Rating_SE_RE,2021.2.3,60.12487938745365,
