﻿Current_Run_SE,Current_Run_RE,current_pair_SE,current_pair_RE,current_card_prob,ITI_SE,ITI_RE,Q_bar,Q_card,start_MRI.thisRepN,start_MRI.thisTrialN,start_MRI.thisN,start_MRI.thisIndex,L_subjects.thisRepN,L_subjects.thisTrialN,L_subjects.thisN,L_subjects.thisIndex,R_subjects.thisRepN,R_subjects.thisTrialN,R_subjects.thisN,R_subjects.thisIndex,Bar_Card_R.thisRepN,Bar_Card_R.thisTrialN,Bar_Card_R.thisN,Bar_Card_R.thisIndex,trials_bar_R.thisRepN,trials_bar_R.thisTrialN,trials_bar_R.thisN,trials_bar_R.thisIndex,trials_card_R.thisRepN,trials_card_R.thisTrialN,trials_card_R.thisN,trials_card_R.thisIndex,Q_card_R.thisRepN,Q_card_R.thisTrialN,Q_card_R.thisN,Q_card_R.thisIndex,Q_bar_R.thisRepN,Q_bar_R.thisTrialN,Q_bar_R.thisN,Q_bar_R.thisIndex,fMR_Instr1_text.started,fMR_Instr1_text.stopped,Ready_text.started,Ready_text.stopped,trigger_2.keys,trigger_2.rt,trigger_2.started,trigger_2.stopped,PairONSET_card_prob_2.started,PairONSET_card_prob_2.stopped,fixOnset_text_ISI_RE.started,fixOnset_text_ISI_RE.stopped,current_pair_SE,current_pair_RE,card_pair,ISI_RE,Q_card,PairQuestionONSET_RE_R.started,PairQuestionONSET_RE_R.stopped,key_resp_rating_RE_R.keys,key_resp_rating_RE_R.rt,key_resp_rating_RE_R.started,key_resp_rating_RE_R.stopped,Rating_pair,current_ITI,lagTime,fixOnset_text_ITI.started,fixOnset_text_ITI.stopped,center_OnsetTime.started,center_OnsetTime.stopped,text_SE_9.started,text_SE_9.stopped,fixOnset_text_ISI_SE.started,fixOnset_text_ISI_SE.stopped,target_pair,ISI_SE,Q_bar,PairQuestionONSET.started,PairQuestionONSET.stopped,key_resp_rating_SE_R.keys,key_resp_rating_SE_R.started,key_resp_rating_SE_R.stopped,key_resp_rating_SE_R.rt,participant,session,date,expName,psychopyVersion,frameRate,
,,,,,,,,,0,0,0,0,,,,,,,,,,,,,,,,,,,,,,,,,,,,,10.710172899998724,None,,,,,,,,,,,,,,,,,,,,,,,,,,,,,,,,,,,,,,,,,,Sub029,001,2022_Sep_09_1436,2_1_MRI_Rating_SE_RE,2021.2.3,59.87557829793405,
0,1,-1,1,50,-1,2,0,1,,,,,,,,,0,0,0,0,0,0,0,85,,,,,0,0,0,0,0,0,0,0,,,,,,,47.24534130003303,None,t,11.222380599938333,47.24534130003303,None,58.51552900020033,None,60.501447800546885,None,-1,1,50,2,1,62.52917379979044,None,y,1.7627461003139615,62.52917379979044,None,Slightly Likely,1.194982000000003,0.1949820000000031,64.31736750062555,None,,,,,,,,,0,,,,,,,Sub029,001,2022_Sep_09_1436,2_1_MRI_Rating_SE_RE,2021.2.3,59.87557829793405,
0,1,-1,1,50,-1,2,0,1,,,,,,,,,0,0,0,0,0,0,0,85,,,,,0,0,0,0,,,,,,,,,,,,,,,,,,,,,-1,1,,,1,,,,,,,,,,,,,,,,,,,,0,,,,,,,Sub029,001,2022_Sep_09_1436,2_1_MRI_Rating_SE_RE,2021.2.3,59.87557829793405,
0,1,-1,1,50,-1,2,0,1,,,,,,,,,0,0,0,0,0,0,0,85,,,,,,,,,,,,,,,,,,,,,,,,,,,,,-1,1,,,1,,,,,,,,,,,,,,,,,,,,0,,,,,,,Sub029,001,2022_Sep_09_1436,2_1_MRI_Rating_SE_RE,2021.2.3,59.87557829793405,
1,0,1,-1,-1,1,-1,0,0,,,,,,,,,0,0,0,0,0,1,1,12,0,0,0,0,,,,,,,,,,,,,,,,,,,,,,,,,1,-1,,,0,,,,,,,,,,,,65.55437139980495,None,65.55437139980495,None,67.53486850019544,None,16.24246298279414,1,0,,,,,,,Sub029,001,2022_Sep_09_1436,2_1_MRI_Rating_SE_RE,2021.2.3,59.87557829793405,
1,0,1,-1,-1,1,-1,0,0,,,,,,,,,0,0,0,0,0,1,1,12,,,,,,,,,,,,,,,,,,,,,,,,,,,,,1,-1,,,0,,,,,,,,,,,,,,,,,,,,0,,,,,,,Sub029,001,2022_Sep_09_1436,2_1_MRI_Rating_SE_RE,2021.2.3,59.87557829793405,
0,1,-1,0,20,-1,1,0,1,,,,,,,,,0,0,0,0,0,2,2,81,,,,,0,0,0,0,0,0,0,0,,,,,,,,,,,,,68.54465849976987,None,70.55145340040326,None,-1,0,20,1,1,71.55134470015764,None,None,,71.55134470015764,None,,0.9953325999999976,-0.004667400000002431,73.55210779979825,None,,,,,,,,,0,,,,,,,Sub029,001,2022_Sep_09_1436,2_1_MRI_Rating_SE_RE,2021.2.3,59.87557829793405,
0,1,-1,0,20,-1,1,0,1,,,,,,,,,0,0,0,0,0,2,2,81,,,,,0,0,0,0,,,,,,,,,,,,,,,,,,,,,-1,0,,,1,,,,,,,,,,,,,,,,,,,,0,,,,,,,Sub029,001,2022_Sep_09_1436,2_1_MRI_Rating_SE_RE,2021.2.3,59.87557829793405,
0,1,-1,0,20,-1,1,0,1,,,,,,,,,0,0,0,0,0,2,2,81,,,,,,,,,,,,,,,,,,,,,,,,,,,,,-1,0,,,1,,,,,,,,,,,,,,,,,,,,0,,,,,,,Sub029,001,2022_Sep_09_1436,2_1_MRI_Rating_SE_RE,2021.2.3,59.87557829793405,
0,1,-1,1,50,-1,3,0,1,,,,,,,,,0,0,0,0,0,3,3,70,,,,,0,0,0,0,0,0,0,0,,,,,,,,,,,,,74.5622321004048,None,76.56829239986837,None,-1,1,50,3,1,79.57137370016426,None,y,1.7195979002863169,79.57137370016426,None,Slightly Likely,1.2472434999999962,0.24724349999999617,81.31842750031501,None,,,,,,,,,0,,,,,,,Sub029,001,2022_Sep_09_1436,2_1_MRI_Rating_SE_RE,2021.2.3,59.87557829793405,
0,1,-1,1,50,-1,3,0,1,,,,,,,,,0,0,0,0,0,3,3,70,,,,,0,0,0,0,,,,,,,,,,,,,,,,,,,,,-1,1,,,1,,,,,,,,,,,,,,,,,,,,0,,,,,,,Sub029,001,2022_Sep_09_1436,2_1_MRI_Rating_SE_RE,2021.2.3,59.87557829793405,
0,1,-1,1,50,-1,3,0,1,,,,,,,,,0,0,0,0,0,3,3,70,,,,,,,,,,,,,,,,,,,,,,,,,,,,,-1,1,,,1,,,,,,,,,,,,,,,,,,,,0,,,,,,,Sub029,001,2022_Sep_09_1436,2_1_MRI_Rating_SE_RE,2021.2.3,59.87557829793405,
1,0,2,-1,-1,3,-1,0,0,,,,,,,,,0,0,0,0,0,4,4,8,0,0,0,0,,,,,,,,,,,,,,,,,,,,,,,,,2,-1,,,0,,,,,,,,,,,,82.57963920012116,None,82.57963920012116,None,84.58535970002413,None,30.86188370459448,3,0,,,,,,,Sub029,001,2022_Sep_09_1436,2_1_MRI_Rating_SE_RE,2021.2.3,59.87557829793405,
1,0,2,-1,-1,3,-1,0,0,,,,,,,,,0,0,0,0,0,4,4,8,,,,,,,,,,,,,,,,,,,,,,,,,,,,,2,-1,,,0,,,,,,,,,,,,,,,,,,,,0,,,,,,,Sub029,001,2022_Sep_09_1436,2_1_MRI_Rating_SE_RE,2021.2.3,59.87557829793405,
0,1,-1,1,50,-1,1,0,1,,,,,,,,,0,0,0,0,0,5,5,73,,,,,0,0,0,0,0,0,0,0,,,,,,,,,,,,,87.59025430027395,None,89.60201060026884,None,-1,1,50,1,1,90.60213610064238,None,b,1.7367551000788808,90.60213610064238,None,Extremely Likely,1.2267850000000067,0.22678500000000668,92.36899570003152,None,,,,,,,,,0,,,,,,,Sub029,001,2022_Sep_09_1436,2_1_MRI_Rating_SE_RE,2021.2.3,59.87557829793405,
0,1,-1,1,50,-1,1,0,1,,,,,,,,,0,0,0,0,0,5,5,73,,,,,0,0,0,0,,,,,,,,,,,,,,,,,,,,,-1,1,,,1,,,,,,,,,,,,,,,,,,,,0,,,,,,,Sub029,001,2022_Sep_09_1436,2_1_MRI_Rating_SE_RE,2021.2.3,59.87557829793405,
0,1,-1,1,50,-1,1,0,1,,,,,,,,,0,0,0,0,0,5,5,73,,,,,,,,,,,,,,,,,,,,,,,,,,,,,-1,1,,,1,,,,,,,,,,,,,,,,,,,,0,,,,,,,Sub029,001,2022_Sep_09_1436,2_1_MRI_Rating_SE_RE,2021.2.3,59.87557829793405,
1,0,1,-1,-1,1,-1,1,0,,,,,,,,,0,0,0,0,0,6,6,30,0,0,0,0,,,,,,,,,0,0,0,0,,,,,,,,,,,,,1,-1,,,0,,,,,,,,0.9840340999999881,-0.015965900000011857,98.63591900002211,None,93.61197010055184,None,93.61197010055184,None,95.61906880047172,None,16.24246298279414,1,1,96.62783520016819,None,None,96.62783520016819,None,,Sub029,001,2022_Sep_09_1436,2_1_MRI_Rating_SE_RE,2021.2.3,59.87557829793405,
1,0,1,-1,-1,1,-1,1,0,,,,,,,,,0,0,0,0,0,6,6,30,0,0,0,0,,,,,,,,,,,,,,,,,,,,,,,,,1,-1,,,0,,,,,,,,,,,,,,,,,,,,1,,,,,,,Sub029,001,2022_Sep_09_1436,2_1_MRI_Rating_SE_RE,2021.2.3,59.87557829793405,
1,0,1,-1,-1,1,-1,1,0,,,,,,,,,0,0,0,0,0,6,6,30,,,,,,,,,,,,,,,,,,,,,,,,,,,,,1,-1,,,0,,,,,,,,,,,,,,,,,,,,1,,,,,,,Sub029,001,2022_Sep_09_1436,2_1_MRI_Rating_SE_RE,2021.2.3,59.87557829793405,
1,0,1,-1,-1,3,-1,1,0,,,,,,,,,0,0,0,0,0,7,7,32,0,0,0,0,,,,,,,,,0,0,0,0,,,,,,,,,,,,,1,-1,,,0,,,,,,,Slightly Likely,1.8360841000000079,0.8360841000000079,105.80318790022284,None,99.63394020032138,None,99.63394020032138,None,101.63594730012119,None,16.24246298279414,3,1,104.63697910029441,None,y,104.63697910029441,None,1.142764899879694,Sub029,001,2022_Sep_09_1436,2_1_MRI_Rating_SE_RE,2021.2.3,59.87557829793405,
1,0,1,-1,-1,3,-1,1,0,,,,,,,,,0,0,0,0,0,7,7,32,0,0,0,0,,,,,,,,,,,,,,,,,,,,,,,,,1,-1,,,0,,,,,,,,,,,,,,,,,,,,1,,,,,,,Sub029,001,2022_Sep_09_1436,2_1_MRI_Rating_SE_RE,2021.2.3,59.87557829793405,
1,0,1,-1,-1,3,-1,1,0,,,,,,,,,0,0,0,0,0,7,7,32,,,,,,,,,,,,,,,,,,,,,,,,,,,,,1,-1,,,0,,,,,,,,,,,,,,,,,,,,1,,,,,,,Sub029,001,2022_Sep_09_1436,2_1_MRI_Rating_SE_RE,2021.2.3,59.87557829793405,
1,0,1,-1,-1,1,-1,1,0,,,,,,,,,0,0,0,0,0,8,8,39,0,0,0,0,,,,,,,,,0,0,0,0,,,,,,,,,,,,,1,-1,,,0,,,,,,,Slightly Likely,1.4121899000000013,0.41218990000000133,112.25288170017302,None,107.66079249978065,None,107.66079249978065,None,109.66967820003629,None,16.24246298279414,1,1,110.67305930051953,None,y,110.67305930051953,None,1.5578561006113887,Sub029,001,2022_Sep_09_1436,2_1_MRI_Rating_SE_RE,2021.2.3,59.87557829793405,
1,0,1,-1,-1,1,-1,1,0,,,,,,,,,0,0,0,0,0,8,8,39,0,0,0,0,,,,,,,,,,,,,,,,,,,,,,,,,1,-1,,,0,,,,,,,,,,,,,,,,,,,,1,,,,,,,Sub029,001,2022_Sep_09_1436,2_1_MRI_Rating_SE_RE,2021.2.3,59.87557829793405,
1,0,1,-1,-1,1,-1,1,0,,,,,,,,,0,0,0,0,0,8,8,39,,,,,,,,,,,,,,,,,,,,,,,,,,,,,1,-1,,,0,,,,,,,,,,,,,,,,,,,,1,,,,,,,Sub029,001,2022_Sep_09_1436,2_1_MRI_Rating_SE_RE,2021.2.3,59.87557829793405,
1,0,1,-1,-1,2,-1,1,0,,,,,,,,,0,0,0,0,0,9,9,31,0,0,0,0,,,,,,,,,0,0,0,0,,,,,,,,,,,,,1,-1,,,0,,,,,,,Slightly Likely,1.764415299999996,0.764415299999996,118.91975530050695,None,113.68116699997336,None,113.68116699997336,None,115.6862818999216,None,16.24246298279414,2,1,117.68689750041813,None,y,117.68689750041813,None,1.2179434997960925,Sub029,001,2022_Sep_09_1436,2_1_MRI_Rating_SE_RE,2021.2.3,59.87557829793405,
1,0,1,-1,-1,2,-1,1,0,,,,,,,,,0,0,0,0,0,9,9,31,0,0,0,0,,,,,,,,,,,,,,,,,,,,,,,,,1,-1,,,0,,,,,,,,,,,,,,,,,,,,1,,,,,,,Sub029,001,2022_Sep_09_1436,2_1_MRI_Rating_SE_RE,2021.2.3,59.87557829793405,
1,0,1,-1,-1,2,-1,1,0,,,,,,,,,0,0,0,0,0,9,9,31,,,,,,,,,,,,,,,,,,,,,,,,,,,,,1,-1,,,0,,,,,,,,,,,,,,,,,,,,1,,,,,,,Sub029,001,2022_Sep_09_1436,2_1_MRI_Rating_SE_RE,2021.2.3,59.87557829793405,
1,0,1,-1,-1,3,-1,0,0,,,,,,,,,0,0,0,0,0,10,10,5,0,0,0,0,,,,,,,,,,,,,,,,,,,,,,,,,1,-1,,,0,,,,,,,,,,,,120.6952544003725,None,120.6952544003725,None,122.70401640050113,None,16.24246298279414,3,0,,,,,,,Sub029,001,2022_Sep_09_1436,2_1_MRI_Rating_SE_RE,2021.2.3,59.87557829793405,
1,0,1,-1,-1,3,-1,0,0,,,,,,,,,0,0,0,0,0,10,10,5,,,,,,,,,,,,,,,,,,,,,,,,,,,,,1,-1,,,0,,,,,,,,,,,,,,,,,,,,0,,,,,,,Sub029,001,2022_Sep_09_1436,2_1_MRI_Rating_SE_RE,2021.2.3,59.87557829793405,
0,1,-1,2,80,-1,1,0,1,,,,,,,,,0,0,0,0,0,11,11,74,,,,,0,0,0,0,0,0,0,0,,,,,,,,,,,,,125.70852940063924,None,127.72036819998175,None,-1,2,80,1,1,128.72162060067058,None,b,1.6913699004799128,128.72162060067058,None,Extremely Likely,1.2718220000000002,0.27182200000000023,130.43663210049272,None,,,,,,,,,0,,,,,,,Sub029,001,2022_Sep_09_1436,2_1_MRI_Rating_SE_RE,2021.2.3,59.87557829793405,
0,1,-1,2,80,-1,1,0,1,,,,,,,,,0,0,0,0,0,11,11,74,,,,,0,0,0,0,,,,,,,,,,,,,,,,,,,,,-1,2,,,1,,,,,,,,,,,,,,,,,,,,0,,,,,,,Sub029,001,2022_Sep_09_1436,2_1_MRI_Rating_SE_RE,2021.2.3,59.87557829793405,
0,1,-1,2,80,-1,1,0,1,,,,,,,,,0,0,0,0,0,11,11,74,,,,,,,,,,,,,,,,,,,,,,,,,,,,,-1,2,,,1,,,,,,,,,,,,,,,,,,,,0,,,,,,,Sub029,001,2022_Sep_09_1436,2_1_MRI_Rating_SE_RE,2021.2.3,59.87557829793405,
1,0,1,-1,-1,3,-1,0,0,,,,,,,,,0,0,0,0,0,12,12,14,0,0,0,0,,,,,,,,,,,,,,,,,,,,,,,,,1,-1,,,0,,,,,,,,,,,,131.72703419998288,None,131.72703419998288,None,133.73742740042508,None,16.24246298279414,3,0,,,,,,,Sub029,001,2022_Sep_09_1436,2_1_MRI_Rating_SE_RE,2021.2.3,59.87557829793405,
1,0,1,-1,-1,3,-1,0,0,,,,,,,,,0,0,0,0,0,12,12,14,,,,,,,,,,,,,,,,,,,,,,,,,,,,,1,-1,,,0,,,,,,,,,,,,,,,,,,,,0,,,,,,,Sub029,001,2022_Sep_09_1436,2_1_MRI_Rating_SE_RE,2021.2.3,59.87557829793405,
1,0,1,-1,-1,1,-1,0,0,,,,,,,,,0,0,0,0,0,13,13,3,0,0,0,0,,,,,,,,,,,,,,,,,,,,,,,,,1,-1,,,0,,,,,,,,,,,,136.74142580013722,None,136.74142580013722,None,138.75388820003718,None,16.24246298279414,1,0,,,,,,,Sub029,001,2022_Sep_09_1436,2_1_MRI_Rating_SE_RE,2021.2.3,59.87557829793405,
1,0,1,-1,-1,1,-1,0,0,,,,,,,,,0,0,0,0,0,13,13,3,,,,,,,,,,,,,,,,,,,,,,,,,,,,,1,-1,,,0,,,,,,,,,,,,,,,,,,,,0,,,,,,,Sub029,001,2022_Sep_09_1436,2_1_MRI_Rating_SE_RE,2021.2.3,59.87557829793405,
0,1,-1,1,50,-1,3,0,0,,,,,,,,,0,0,0,0,0,14,14,52,,,,,0,0,0,0,,,,,,,,,,,,,,,,,139.7605357998982,None,141.77097180020064,None,-1,1,50,3,0,,,,,,,,,,,,,,,,,,,,0,,,,,,,Sub029,001,2022_Sep_09_1436,2_1_MRI_Rating_SE_RE,2021.2.3,59.87557829793405,
0,1,-1,1,50,-1,3,0,0,,,,,,,,,0,0,0,0,0,14,14,52,,,,,,,,,,,,,,,,,,,,,,,,,,,,,-1,1,,,0,,,,,,,,,,,,,,,,,,,,0,,,,,,,Sub029,001,2022_Sep_09_1436,2_1_MRI_Rating_SE_RE,2021.2.3,59.87557829793405,
0,1,-1,0,20,-1,3,0,1,,,,,,,,,0,0,0,0,0,15,15,87,,,,,0,0,0,0,0,0,0,0,,,,,,,,,,,,,144.77283210027963,None,146.78758180048317,None,-1,0,20,3,1,149.7889087004587,None,None,,149.7889087004587,None,,0.9749479999999835,-0.025052000000016506,151.8042809003964,None,,,,,,,,,0,,,,,,,Sub029,001,2022_Sep_09_1436,2_1_MRI_Rating_SE_RE,2021.2.3,59.87557829793405,
0,1,-1,0,20,-1,3,0,1,,,,,,,,,0,0,0,0,0,15,15,87,,,,,0,0,0,0,,,,,,,,,,,,,,,,,,,,,-1,0,,,1,,,,,,,,,,,,,,,,,,,,0,,,,,,,Sub029,001,2022_Sep_09_1436,2_1_MRI_Rating_SE_RE,2021.2.3,59.87557829793405,
0,1,-1,0,20,-1,3,0,1,,,,,,,,,0,0,0,0,0,15,15,87,,,,,,,,,,,,,,,,,,,,,,,,,,,,,-1,0,,,1,,,,,,,,,,,,,,,,,,,,0,,,,,,,Sub029,001,2022_Sep_09_1436,2_1_MRI_Rating_SE_RE,2021.2.3,59.87557829793405,
1,0,0,-1,-1,1,-1,0,0,,,,,,,,,0,0,0,0,0,16,16,0,0,0,0,0,,,,,,,,,,,,,,,,,,,,,,,,,0,-1,,,0,,,,,,,,,,,,152.795942700468,None,152.795942700468,None,154.80531990062445,None,6.099652888868432,1,0,,,,,,,Sub029,001,2022_Sep_09_1436,2_1_MRI_Rating_SE_RE,2021.2.3,59.87557829793405,
1,0,0,-1,-1,1,-1,0,0,,,,,,,,,0,0,0,0,0,16,16,0,,,,,,,,,,,,,,,,,,,,,,,,,,,,,0,-1,,,0,,,,,,,,,,,,,,,,,,,,0,,,,,,,Sub029,001,2022_Sep_09_1436,2_1_MRI_Rating_SE_RE,2021.2.3,59.87557829793405,
0,1,-1,2,80,-1,2,0,0,,,,,,,,,0,0,0,0,0,17,17,50,,,,,0,0,0,0,,,,,,,,,,,,,,,,,155.80663240049034,None,157.8216417003423,None,-1,2,80,2,0,,,,,,,,,,,,,,,,,,,,0,,,,,,,Sub029,001,2022_Sep_09_1436,2_1_MRI_Rating_SE_RE,2021.2.3,59.87557829793405,
0,1,-1,2,80,-1,2,0,0,,,,,,,,,0,0,0,0,0,17,17,50,,,,,,,,,,,,,,,,,,,,,,,,,,,,,-1,2,,,0,,,,,,,,,,,,,,,,,,,,0,,,,,,,Sub029,001,2022_Sep_09_1436,2_1_MRI_Rating_SE_RE,2021.2.3,59.87557829793405,
1,0,2,-1,-1,2,-1,0,0,,,,,,,,,0,0,0,0,0,18,18,16,0,0,0,0,,,,,,,,,,,,,,,,,,,,,,,,,2,-1,,,0,,,,,,,,,,,,159.82510470040143,None,159.82510470040143,None,161.83903770055622,None,30.86188370459448,2,0,,,,,,,Sub029,001,2022_Sep_09_1436,2_1_MRI_Rating_SE_RE,2021.2.3,59.87557829793405,
1,0,2,-1,-1,2,-1,0,0,,,,,,,,,0,0,0,0,0,18,18,16,,,,,,,,,,,,,,,,,,,,,,,,,,,,,2,-1,,,0,,,,,,,,,,,,,,,,,,,,0,,,,,,,Sub029,001,2022_Sep_09_1436,2_1_MRI_Rating_SE_RE,2021.2.3,59.87557829793405,
1,0,2,-1,-1,1,-1,1,0,,,,,,,,,0,0,0,0,0,19,19,24,0,0,0,0,,,,,,,,,0,0,0,0,,,,,,,,,,,,,2,-1,,,0,,,,,,,Extremely Likely,1.506126600000016,0.506126600000016,168.33810350019485,None,163.84030430018902,None,163.84030430018902,None,165.85515379998833,None,30.86188370459448,1,1,166.85558009985834,None,b,166.85558009985834,None,1.4623475996777415,Sub029,001,2022_Sep_09_1436,2_1_MRI_Rating_SE_RE,2021.2.3,59.87557829793405,
1,0,2,-1,-1,1,-1,1,0,,,,,,,,,0,0,0,0,0,19,19,24,0,0,0,0,,,,,,,,,,,,,,,,,,,,,,,,,2,-1,,,0,,,,,,,,,,,,,,,,,,,,1,,,,,,,Sub029,001,2022_Sep_09_1436,2_1_MRI_Rating_SE_RE,2021.2.3,59.87557829793405,
1,0,2,-1,-1,1,-1,1,0,,,,,,,,,0,0,0,0,0,19,19,24,,,,,,,,,,,,,,,,,,,,,,,,,,,,,2,-1,,,0,,,,,,,,,,,,,,,,,,,,1,,,,,,,Sub029,001,2022_Sep_09_1436,2_1_MRI_Rating_SE_RE,2021.2.3,59.87557829793405,
0,1,-1,0,20,-1,3,0,1,,,,,,,,,0,0,0,0,0,20,20,78,,,,,0,0,0,0,0,0,0,0,,,,,,,,,,,,,169.86405250057578,None,171.8718095999211,None,-1,0,20,3,1,174.8723774002865,None,r,1.3206518990918994,174.8723774002865,None,Extremely Unlikely,1.6445482000000027,0.6445482000000027,176.22238889988512,None,,,,,,,,,0,,,,,,,Sub029,001,2022_Sep_09_1436,2_1_MRI_Rating_SE_RE,2021.2.3,59.87557829793405,
0,1,-1,0,20,-1,3,0,1,,,,,,,,,0,0,0,0,0,20,20,78,,,,,0,0,0,0,,,,,,,,,,,,,,,,,,,,,-1,0,,,1,,,,,,,,,,,,,,,,,,,,0,,,,,,,Sub029,001,2022_Sep_09_1436,2_1_MRI_Rating_SE_RE,2021.2.3,59.87557829793405,
0,1,-1,0,20,-1,3,0,1,,,,,,,,,0,0,0,0,0,20,20,78,,,,,,,,,,,,,,,,,,,,,,,,,,,,,-1,0,,,1,,,,,,,,,,,,,,,,,,,,0,,,,,,,Sub029,001,2022_Sep_09_1436,2_1_MRI_Rating_SE_RE,2021.2.3,59.87557829793405,
0,1,-1,1,50,-1,2,0,1,,,,,,,,,0,0,0,0,0,21,21,58,,,,,0,0,0,0,0,0,0,0,,,,,,,,,,,,,177.87993890047073,None,179.88915580045432,None,-1,1,50,2,1,181.89027700014412,None,y,0.9987557996064425,181.89027700014412,None,Slightly Likely,1.9804413999999895,0.9804413999999895,182.90564339980483,None,,,,,,,,,0,,,,,,,Sub029,001,2022_Sep_09_1436,2_1_MRI_Rating_SE_RE,2021.2.3,59.87557829793405,
0,1,-1,1,50,-1,2,0,1,,,,,,,,,0,0,0,0,0,21,21,58,,,,,0,0,0,0,,,,,,,,,,,,,,,,,,,,,-1,1,,,1,,,,,,,,,,,,,,,,,,,,0,,,,,,,Sub029,001,2022_Sep_09_1436,2_1_MRI_Rating_SE_RE,2021.2.3,59.87557829793405,
0,1,-1,1,50,-1,2,0,1,,,,,,,,,0,0,0,0,0,21,21,58,,,,,,,,,,,,,,,,,,,,,,,,,,,,,-1,1,,,1,,,,,,,,,,,,,,,,,,,,0,,,,,,,Sub029,001,2022_Sep_09_1436,2_1_MRI_Rating_SE_RE,2021.2.3,59.87557829793405,
0,1,-1,2,80,-1,2,0,0,,,,,,,,,0,0,0,0,0,22,22,59,,,,,0,0,0,0,,,,,,,,,,,,,,,,,184.8938613999635,None,186.90586320031434,None,-1,2,80,2,0,,,,,,,,,,,,,,,,,,,,0,,,,,,,Sub029,001,2022_Sep_09_1436,2_1_MRI_Rating_SE_RE,2021.2.3,59.87557829793405,
0,1,-1,2,80,-1,2,0,0,,,,,,,,,0,0,0,0,0,22,22,59,,,,,,,,,,,,,,,,,,,,,,,,,,,,,-1,2,,,0,,,,,,,,,,,,,,,,,,,,0,,,,,,,Sub029,001,2022_Sep_09_1436,2_1_MRI_Rating_SE_RE,2021.2.3,59.87557829793405,
1,0,1,-1,-1,2,-1,1,0,,,,,,,,,0,0,0,0,0,23,23,22,0,0,0,0,,,,,,,,,0,0,0,0,,,,,,,,,,,,,1,-1,,,0,,,,,,,Slightly Likely,1.8379989999999964,0.8379989999999964,194.07287100050598,None,188.9125402001664,None,188.9125402001664,None,190.92298340052366,None,16.24246298279414,2,1,192.9245092002675,None,y,192.9245092002675,None,1.1184816006571054,Sub029,001,2022_Sep_09_1436,2_1_MRI_Rating_SE_RE,2021.2.3,59.87557829793405,
1,0,1,-1,-1,2,-1,1,0,,,,,,,,,0,0,0,0,0,23,23,22,0,0,0,0,,,,,,,,,,,,,,,,,,,,,,,,,1,-1,,,0,,,,,,,,,,,,,,,,,,,,1,,,,,,,Sub029,001,2022_Sep_09_1436,2_1_MRI_Rating_SE_RE,2021.2.3,59.87557829793405,
1,0,1,-1,-1,2,-1,1,0,,,,,,,,,0,0,0,0,0,23,23,22,,,,,,,,,,,,,,,,,,,,,,,,,,,,,1,-1,,,0,,,,,,,,,,,,,,,,,,,,1,,,,,,,Sub029,001,2022_Sep_09_1436,2_1_MRI_Rating_SE_RE,2021.2.3,59.87557829793405,
0,1,-1,2,80,-1,3,0,0,,,,,,,,,0,0,0,0,0,24,24,53,,,,,0,0,0,0,,,,,,,,,,,,,,,,,195.93142630066723,None,197.9401500998065,None,-1,2,80,3,0,,,,,,,,,,,,,,,,,,,,0,,,,,,,Sub029,001,2022_Sep_09_1436,2_1_MRI_Rating_SE_RE,2021.2.3,59.87557829793405,
0,1,-1,2,80,-1,3,0,0,,,,,,,,,0,0,0,0,0,24,24,53,,,,,,,,,,,,,,,,,,,,,,,,,,,,,-1,2,,,0,,,,,,,,,,,,,,,,,,,,0,,,,,,,Sub029,001,2022_Sep_09_1436,2_1_MRI_Rating_SE_RE,2021.2.3,59.87557829793405,
0,1,-1,2,80,-1,2,0,1,,,,,,,,,0,0,0,0,0,25,25,86,,,,,0,0,0,0,0,0,0,0,,,,,,,,,,,,,200.94043030031025,None,202.94057449977845,None,-1,2,80,2,1,204.94152180012316,None,b,1.1310026999562979,204.94152180012316,None,Extremely Likely,1.8536497000000054,0.8536497000000054,206.08988280035555,None,,,,,,,,,0,,,,,,,Sub029,001,2022_Sep_09_1436,2_1_MRI_Rating_SE_RE,2021.2.3,59.87557829793405,
0,1,-1,2,80,-1,2,0,1,,,,,,,,,0,0,0,0,0,25,25,86,,,,,0,0,0,0,,,,,,,,,,,,,,,,,,,,,-1,2,,,1,,,,,,,,,,,,,,,,,,,,0,,,,,,,Sub029,001,2022_Sep_09_1436,2_1_MRI_Rating_SE_RE,2021.2.3,59.87557829793405,
0,1,-1,2,80,-1,2,0,1,,,,,,,,,0,0,0,0,0,25,25,86,,,,,,,,,,,,,,,,,,,,,,,,,,,,,-1,2,,,1,,,,,,,,,,,,,,,,,,,,0,,,,,,,Sub029,001,2022_Sep_09_1436,2_1_MRI_Rating_SE_RE,2021.2.3,59.87557829793405,
1,0,0,-1,-1,1,-1,1,0,,,,,,,,,0,0,0,0,0,26,26,18,0,0,0,0,,,,,,,,,0,0,0,0,,,,,,,,,,,,,0,-1,,,0,,,,,,,Extremely Unlikely,1.6125069999999937,0.6125069999999937,212.35700159985572,None,207.96529959980398,None,207.96529959980398,None,209.97321290057153,None,6.099652888868432,1,1,210.9762486005202,None,r,210.9762486005202,None,1.3499787002801895,Sub029,001,2022_Sep_09_1436,2_1_MRI_Rating_SE_RE,2021.2.3,59.87557829793405,
1,0,0,-1,-1,1,-1,1,0,,,,,,,,,0,0,0,0,0,26,26,18,0,0,0,0,,,,,,,,,,,,,,,,,,,,,,,,,0,-1,,,0,,,,,,,,,,,,,,,,,,,,1,,,,,,,Sub029,001,2022_Sep_09_1436,2_1_MRI_Rating_SE_RE,2021.2.3,59.87557829793405,
1,0,0,-1,-1,1,-1,1,0,,,,,,,,,0,0,0,0,0,26,26,18,,,,,,,,,,,,,,,,,,,,,,,,,,,,,0,-1,,,0,,,,,,,,,,,,,,,,,,,,1,,,,,,,Sub029,001,2022_Sep_09_1436,2_1_MRI_Rating_SE_RE,2021.2.3,59.87557829793405,
1,0,1,-1,-1,2,-1,1,0,,,,,,,,,0,0,0,0,0,27,27,13,0,0,0,0,,,,,,,,,0,0,0,0,,,,,,,,,,,,,1,-1,,,0,,,,,,,Slightly Unlikely,1.9274714000000017,0.9274714000000017,219.0573518006131,None,213.9805489005521,None,213.9805489005521,None,215.9902213998139,None,16.24246298279414,2,1,217.9943495998159,None,g,217.9943495998159,None,1.0356809003278613,Sub029,001,2022_Sep_09_1436,2_1_MRI_Rating_SE_RE,2021.2.3,59.87557829793405,
1,0,1,-1,-1,2,-1,1,0,,,,,,,,,0,0,0,0,0,27,27,13,0,0,0,0,,,,,,,,,,,,,,,,,,,,,,,,,1,-1,,,0,,,,,,,,,,,,,,,,,,,,1,,,,,,,Sub029,001,2022_Sep_09_1436,2_1_MRI_Rating_SE_RE,2021.2.3,59.87557829793405,
1,0,1,-1,-1,2,-1,1,0,,,,,,,,,0,0,0,0,0,27,27,13,,,,,,,,,,,,,,,,,,,,,,,,,,,,,1,-1,,,0,,,,,,,,,,,,,,,,,,,,1,,,,,,,Sub029,001,2022_Sep_09_1436,2_1_MRI_Rating_SE_RE,2021.2.3,59.87557829793405,
0,1,-1,1,50,-1,3,0,0,,,,,,,,,0,0,0,0,0,28,28,61,,,,,0,0,0,0,,,,,,,,,,,,,,,,,220.99903360009193,None,223.00726640038192,None,-1,1,50,3,0,,,,,,,,,,,,,,,,,,,,0,,,,,,,Sub029,001,2022_Sep_09_1436,2_1_MRI_Rating_SE_RE,2021.2.3,59.87557829793405,
0,1,-1,1,50,-1,3,0,0,,,,,,,,,0,0,0,0,0,28,28,61,,,,,,,,,,,,,,,,,,,,,,,,,,,,,-1,1,,,0,,,,,,,,,,,,,,,,,,,,0,,,,,,,Sub029,001,2022_Sep_09_1436,2_1_MRI_Rating_SE_RE,2021.2.3,59.87557829793405,
1,0,0,-1,-1,1,-1,1,0,,,,,,,,,0,0,0,0,0,29,29,27,0,0,0,0,,,,,,,,,0,0,0,0,,,,,,,,,,,,,0,-1,,,0,,,,,,,Extremely Unlikely,1.690537599999999,0.690537599999999,230.3238920001313,None,226.01348830014467,None,226.01348830014467,None,228.0242030005902,None,6.099652888868432,1,1,229.02456220053136,None,r,229.02456220053136,None,1.277882699854672,Sub029,001,2022_Sep_09_1436,2_1_MRI_Rating_SE_RE,2021.2.3,59.87557829793405,
1,0,0,-1,-1,1,-1,1,0,,,,,,,,,0,0,0,0,0,29,29,27,0,0,0,0,,,,,,,,,,,,,,,,,,,,,,,,,0,-1,,,0,,,,,,,,,,,,,,,,,,,,1,,,,,,,Sub029,001,2022_Sep_09_1436,2_1_MRI_Rating_SE_RE,2021.2.3,59.87557829793405,
1,0,0,-1,-1,1,-1,1,0,,,,,,,,,0,0,0,0,0,29,29,27,,,,,,,,,,,,,,,,,,,,,,,,,,,,,0,-1,,,0,,,,,,,,,,,,,,,,,,,,1,,,,,,,Sub029,001,2022_Sep_09_1436,2_1_MRI_Rating_SE_RE,2021.2.3,59.87557829793405,
1,0,0,-1,-1,3,-1,0,0,,,,,,,,,0,0,0,0,0,30,30,2,0,0,0,0,,,,,,,,,,,,,,,,,,,,,,,,,0,-1,,,0,,,,,,,,,,,,232.0322428997606,None,232.0322428997606,None,234.0409959005192,None,6.099652888868432,3,0,,,,,,,Sub029,001,2022_Sep_09_1436,2_1_MRI_Rating_SE_RE,2021.2.3,59.87557829793405,
1,0,0,-1,-1,3,-1,0,0,,,,,,,,,0,0,0,0,0,30,30,2,,,,,,,,,,,,,,,,,,,,,,,,,,,,,0,-1,,,0,,,,,,,,,,,,,,,,,,,,0,,,,,,,Sub029,001,2022_Sep_09_1436,2_1_MRI_Rating_SE_RE,2021.2.3,59.87557829793405,
0,1,-1,0,20,-1,2,0,1,,,,,,,,,0,0,0,0,0,31,31,66,,,,,0,0,0,0,0,0,0,0,,,,,,,,,,,,,237.04227619990706,None,239.05866419989616,None,-1,0,20,2,1,241.06080249976367,None,r,0.6029779994860291,241.06080249976367,None,Extremely Unlikely,2.35542989999999,1.35542989999999,241.6910209003836,None,,,,,,,,,0,,,,,,,Sub029,001,2022_Sep_09_1436,2_1_MRI_Rating_SE_RE,2021.2.3,59.87557829793405,
0,1,-1,0,20,-1,2,0,1,,,,,,,,,0,0,0,0,0,31,31,66,,,,,0,0,0,0,,,,,,,,,,,,,,,,,,,,,-1,0,,,1,,,,,,,,,,,,,,,,,,,,0,,,,,,,Sub029,001,2022_Sep_09_1436,2_1_MRI_Rating_SE_RE,2021.2.3,59.87557829793405,
0,1,-1,0,20,-1,2,0,1,,,,,,,,,0,0,0,0,0,31,31,66,,,,,,,,,,,,,,,,,,,,,,,,,,,,,-1,0,,,1,,,,,,,,,,,,,,,,,,,,0,,,,,,,Sub029,001,2022_Sep_09_1436,2_1_MRI_Rating_SE_RE,2021.2.3,59.87557829793405,
1,0,1,-1,-1,2,-1,1,0,,,,,,,,,0,0,0,0,0,32,32,40,0,0,0,0,,,,,,,,,0,0,0,0,,,,,,,,,,,,,1,-1,,,0,,,,,,,Slightly Likely,1.0591942000000074,0.05919420000000741,250.0084572006017,None,244.06670770049095,None,244.06670770049095,None,246.07489879988134,None,16.24246298279414,2,1,248.0786995003,None,y,248.0786995003,None,1.905354500748217,Sub029,001,2022_Sep_09_1436,2_1_MRI_Rating_SE_RE,2021.2.3,59.87557829793405,
1,0,1,-1,-1,2,-1,1,0,,,,,,,,,0,0,0,0,0,32,32,40,0,0,0,0,,,,,,,,,,,,,,,,,,,,,,,,,1,-1,,,0,,,,,,,,,,,,,,,,,,,,1,,,,,,,Sub029,001,2022_Sep_09_1436,2_1_MRI_Rating_SE_RE,2021.2.3,59.87557829793405,
1,0,1,-1,-1,2,-1,1,0,,,,,,,,,0,0,0,0,0,32,32,40,,,,,,,,,,,,,,,,,,,,,,,,,,,,,1,-1,,,0,,,,,,,,,,,,,,,,,,,,1,,,,,,,Sub029,001,2022_Sep_09_1436,2_1_MRI_Rating_SE_RE,2021.2.3,59.87557829793405,
0,1,-1,0,20,-1,2,0,1,,,,,,,,,0,0,0,0,0,33,33,84,,,,,0,0,0,0,0,0,0,0,,,,,,,,,,,,,251.08011350035667,None,253.0917349997908,None,-1,0,20,2,1,255.09210960008204,None,r,0.8519037002697587,255.09210960008204,None,Extremely Unlikely,2.1086485000000152,1.1086485000000152,255.97556430008262,None,,,,,,,,,0,,,,,,,Sub029,001,2022_Sep_09_1436,2_1_MRI_Rating_SE_RE,2021.2.3,59.87557829793405,
0,1,-1,0,20,-1,2,0,1,,,,,,,,,0,0,0,0,0,33,33,84,,,,,0,0,0,0,,,,,,,,,,,,,,,,,,,,,-1,0,,,1,,,,,,,,,,,,,,,,,,,,0,,,,,,,Sub029,001,2022_Sep_09_1436,2_1_MRI_Rating_SE_RE,2021.2.3,59.87557829793405,
0,1,-1,0,20,-1,2,0,1,,,,,,,,,0,0,0,0,0,33,33,84,,,,,,,,,,,,,,,,,,,,,,,,,,,,,-1,0,,,1,,,,,,,,,,,,,,,,,,,,0,,,,,,,Sub029,001,2022_Sep_09_1436,2_1_MRI_Rating_SE_RE,2021.2.3,59.87557829793405,
1,0,2,-1,-1,2,-1,1,0,,,,,,,,,0,0,0,0,0,34,34,25,0,0,0,0,,,,,,,,,0,0,0,0,,,,,,,,,,,,,2,-1,,,0,,,,,,,Slightly Likely,2.242901300000028,1.2429013000000282,262.8590516997501,None,258.0983198005706,None,258.0983198005706,None,260.1088760001585,None,30.86188370459448,2,1,262.1120936004445,None,y,262.1120936004445,None,0.7295542005449533,Sub029,001,2022_Sep_09_1436,2_1_MRI_Rating_SE_RE,2021.2.3,59.87557829793405,
1,0,2,-1,-1,2,-1,1,0,,,,,,,,,0,0,0,0,0,34,34,25,0,0,0,0,,,,,,,,,,,,,,,,,,,,,,,,,2,-1,,,0,,,,,,,,,,,,,,,,,,,,1,,,,,,,Sub029,001,2022_Sep_09_1436,2_1_MRI_Rating_SE_RE,2021.2.3,59.87557829793405,
1,0,2,-1,-1,2,-1,1,0,,,,,,,,,0,0,0,0,0,34,34,25,,,,,,,,,,,,,,,,,,,,,,,,,,,,,2,-1,,,0,,,,,,,,,,,,,,,,,,,,1,,,,,,,Sub029,001,2022_Sep_09_1436,2_1_MRI_Rating_SE_RE,2021.2.3,59.87557829793405,
0,1,-1,2,80,-1,3,0,0,,,,,,,,,0,0,0,0,0,35,35,62,,,,,0,0,0,0,,,,,,,,,,,,,,,,,265.1248638005927,None,267.1258375002071,None,-1,2,80,3,0,,,,,,,,,,,,,,,,,,,,0,,,,,,,Sub029,001,2022_Sep_09_1436,2_1_MRI_Rating_SE_RE,2021.2.3,59.87557829793405,
0,1,-1,2,80,-1,3,0,0,,,,,,,,,0,0,0,0,0,35,35,62,,,,,,,,,,,,,,,,,,,,,,,,,,,,,-1,2,,,0,,,,,,,,,,,,,,,,,,,,0,,,,,,,Sub029,001,2022_Sep_09_1436,2_1_MRI_Rating_SE_RE,2021.2.3,59.87557829793405,
0,1,-1,2,80,-1,3,0,1,,,,,,,,,0,0,0,0,0,36,36,71,,,,,0,0,0,0,0,0,0,0,,,,,,,,,,,,,270.1260969005525,None,272.1257646000013,None,-1,2,80,3,1,275.12757960055023,None,b,0.7784643992781639,275.12757960055023,None,Extremely Likely,2.2051912000000016,1.2051912000000016,275.9257607003674,None,,,,,,,,,0,,,,,,,Sub029,001,2022_Sep_09_1436,2_1_MRI_Rating_SE_RE,2021.2.3,59.87557829793405,
0,1,-1,2,80,-1,3,0,1,,,,,,,,,0,0,0,0,0,36,36,71,,,,,0,0,0,0,,,,,,,,,,,,,,,,,,,,,-1,2,,,1,,,,,,,,,,,,,,,,,,,,0,,,,,,,Sub029,001,2022_Sep_09_1436,2_1_MRI_Rating_SE_RE,2021.2.3,59.87557829793405,
0,1,-1,2,80,-1,3,0,1,,,,,,,,,0,0,0,0,0,36,36,71,,,,,,,,,,,,,,,,,,,,,,,,,,,,,-1,2,,,1,,,,,,,,,,,,,,,,,,,,0,,,,,,,Sub029,001,2022_Sep_09_1436,2_1_MRI_Rating_SE_RE,2021.2.3,59.87557829793405,
0,1,-1,0,20,-1,2,0,0,,,,,,,,,0,0,0,0,0,37,37,48,,,,,0,0,0,0,,,,,,,,,,,,,,,,,278.1506981002167,None,280.15943900030106,None,-1,0,20,2,0,,,,,,,,,,,,,,,,,,,,0,,,,,,,Sub029,001,2022_Sep_09_1436,2_1_MRI_Rating_SE_RE,2021.2.3,59.87557829793405,
0,1,-1,0,20,-1,2,0,0,,,,,,,,,0,0,0,0,0,37,37,48,,,,,,,,,,,,,,,,,,,,,,,,,,,,,-1,0,,,0,,,,,,,,,,,,,,,,,,,,0,,,,,,,Sub029,001,2022_Sep_09_1436,2_1_MRI_Rating_SE_RE,2021.2.3,59.87557829793405,
0,1,-1,2,80,-1,1,0,1,,,,,,,,,0,0,0,0,0,38,38,56,,,,,0,0,0,0,0,0,0,0,,,,,,,,,,,,,282.1619380004704,None,284.17632979992777,None,-1,2,80,1,1,285.1782507998869,None,b,0.7307647000998259,285.1782507998869,None,Extremely Likely,2.236323499999969,1.236323499999969,285.92625490017235,None,,,,,,,,,0,,,,,,,Sub029,001,2022_Sep_09_1436,2_1_MRI_Rating_SE_RE,2021.2.3,59.87557829793405,
0,1,-1,2,80,-1,1,0,1,,,,,,,,,0,0,0,0,0,38,38,56,,,,,0,0,0,0,,,,,,,,,,,,,,,,,,,,,-1,2,,,1,,,,,,,,,,,,,,,,,,,,0,,,,,,,Sub029,001,2022_Sep_09_1436,2_1_MRI_Rating_SE_RE,2021.2.3,59.87557829793405,
0,1,-1,2,80,-1,1,0,1,,,,,,,,,0,0,0,0,0,38,38,56,,,,,,,,,,,,,,,,,,,,,,,,,,,,,-1,2,,,1,,,,,,,,,,,,,,,,,,,,0,,,,,,,Sub029,001,2022_Sep_09_1436,2_1_MRI_Rating_SE_RE,2021.2.3,59.87557829793405,
1,0,2,-1,-1,1,-1,1,0,,,,,,,,,0,0,0,0,0,39,39,42,0,0,0,0,,,,,,,,,0,0,0,0,,,,,,,,,,,,,2,-1,,,0,,,,,,,Slightly Likely,1.692554399999949,0.692554399999949,292.493352400139,None,288.18205960001796,None,288.18205960001796,None,290.1928973002359,None,30.86188370459448,1,1,291.1962154004723,None,y,291.1962154004723,None,1.27989639993757,Sub029,001,2022_Sep_09_1436,2_1_MRI_Rating_SE_RE,2021.2.3,59.87557829793405,
1,0,2,-1,-1,1,-1,1,0,,,,,,,,,0,0,0,0,0,39,39,42,0,0,0,0,,,,,,,,,,,,,,,,,,,,,,,,,2,-1,,,0,,,,,,,,,,,,,,,,,,,,1,,,,,,,Sub029,001,2022_Sep_09_1436,2_1_MRI_Rating_SE_RE,2021.2.3,59.87557829793405,
1,0,2,-1,-1,1,-1,1,0,,,,,,,,,0,0,0,0,0,39,39,42,,,,,,,,,,,,,,,,,,,,,,,,,,,,,2,-1,,,0,,,,,,,,,,,,,,,,,,,,1,,,,,,,Sub029,001,2022_Sep_09_1436,2_1_MRI_Rating_SE_RE,2021.2.3,59.87557829793405,
1,0,0,-1,-1,3,-1,1,0,,,,,,,,,0,0,0,0,0,40,40,11,0,0,0,0,,,,,,,,,0,0,0,0,,,,,,,,,,,,,0,-1,,,0,,,,,,,Extremely Unlikely,2.3453496999999857,1.3453496999999857,299.8604581002146,None,294.20064549986273,None,294.20064549986273,None,296.2099930997938,None,6.099652888868432,3,1,299.2113161003217,None,r,299.2113161003217,None,0.6257063001394272,Sub029,001,2022_Sep_09_1436,2_1_MRI_Rating_SE_RE,2021.2.3,59.87557829793405,
1,0,0,-1,-1,3,-1,1,0,,,,,,,,,0,0,0,0,0,40,40,11,0,0,0,0,,,,,,,,,,,,,,,,,,,,,,,,,0,-1,,,0,,,,,,,,,,,,,,,,,,,,1,,,,,,,Sub029,001,2022_Sep_09_1436,2_1_MRI_Rating_SE_RE,2021.2.3,59.87557829793405,
1,0,0,-1,-1,3,-1,1,0,,,,,,,,,0,0,0,0,0,40,40,11,,,,,,,,,,,,,,,,,,,,,,,,,,,,,0,-1,,,0,,,,,,,,,,,,,,,,,,,,1,,,,,,,Sub029,001,2022_Sep_09_1436,2_1_MRI_Rating_SE_RE,2021.2.3,59.87557829793405,
0,1,-1,0,20,-1,2,0,1,,,,,,,,,0,0,0,0,0,41,41,75,,,,,0,0,0,0,0,0,0,0,,,,,,,,,,,,,302.2178440000862,None,304.227702899836,None,-1,0,20,2,1,306.2304699998349,None,r,1.5336389997974038,306.2304699998349,None,Extremely Unlikely,1.4257780999999454,0.4257780999999454,307.79482060018927,None,,,,,,,,,0,,,,,,,Sub029,001,2022_Sep_09_1436,2_1_MRI_Rating_SE_RE,2021.2.3,59.87557829793405,
0,1,-1,0,20,-1,2,0,1,,,,,,,,,0,0,0,0,0,41,41,75,,,,,0,0,0,0,,,,,,,,,,,,,,,,,,,,,-1,0,,,1,,,,,,,,,,,,,,,,,,,,0,,,,,,,Sub029,001,2022_Sep_09_1436,2_1_MRI_Rating_SE_RE,2021.2.3,59.87557829793405,
0,1,-1,0,20,-1,2,0,1,,,,,,,,,0,0,0,0,0,41,41,75,,,,,,,,,,,,,,,,,,,,,,,,,,,,,-1,0,,,1,,,,,,,,,,,,,,,,,,,,0,,,,,,,Sub029,001,2022_Sep_09_1436,2_1_MRI_Rating_SE_RE,2021.2.3,59.87557829793405,
1,0,0,-1,-1,2,-1,0,0,,,,,,,,,0,0,0,0,0,42,42,1,0,0,0,0,,,,,,,,,,,,,,,,,,,,,,,,,0,-1,,,0,,,,,,,,,,,,309.2358822999522,None,309.2358822999522,None,311.2441712003201,None,6.099652888868432,2,0,,,,,,,Sub029,001,2022_Sep_09_1436,2_1_MRI_Rating_SE_RE,2021.2.3,59.87557829793405,
1,0,0,-1,-1,2,-1,0,0,,,,,,,,,0,0,0,0,0,42,42,1,,,,,,,,,,,,,,,,,,,,,,,,,,,,,0,-1,,,0,,,,,,,,,,,,,,,,,,,,0,,,,,,,Sub029,001,2022_Sep_09_1436,2_1_MRI_Rating_SE_RE,2021.2.3,59.87557829793405,
1,0,0,-1,-1,2,-1,1,0,,,,,,,,,0,0,0,0,0,43,43,28,0,0,0,0,,,,,,,,,0,0,0,0,,,,,,,,,,,,,0,-1,,,0,,,,,,,Extremely Unlikely,1.853681800000004,0.8536818000000039,318.3942140005529,None,313.2457173001021,None,313.2457173001021,None,315.26070640049875,None,6.099652888868432,2,1,317.26161190029234,None,r,317.26161190029234,None,1.1015169005841017,Sub029,001,2022_Sep_09_1436,2_1_MRI_Rating_SE_RE,2021.2.3,59.87557829793405,
1,0,0,-1,-1,2,-1,1,0,,,,,,,,,0,0,0,0,0,43,43,28,0,0,0,0,,,,,,,,,,,,,,,,,,,,,,,,,0,-1,,,0,,,,,,,,,,,,,,,,,,,,1,,,,,,,Sub029,001,2022_Sep_09_1436,2_1_MRI_Rating_SE_RE,2021.2.3,59.87557829793405,
1,0,0,-1,-1,2,-1,1,0,,,,,,,,,0,0,0,0,0,43,43,28,,,,,,,,,,,,,,,,,,,,,,,,,,,,,0,-1,,,0,,,,,,,,,,,,,,,,,,,,1,,,,,,,Sub029,001,2022_Sep_09_1436,2_1_MRI_Rating_SE_RE,2021.2.3,59.87557829793405,
0,1,-1,1,50,-1,1,0,1,,,,,,,,,0,0,0,0,0,44,44,82,,,,,0,0,0,0,0,0,0,0,,,,,,,,,,,,,320.2738747000694,None,322.2779224999249,None,-1,1,50,1,1,323.27907180041075,None,y,1.2880632998421788,323.27907180041075,None,Slightly Likely,1.6826968000000306,0.6826968000000306,324.59466490056366,None,,,,,,,,,0,,,,,,,Sub029,001,2022_Sep_09_1436,2_1_MRI_Rating_SE_RE,2021.2.3,59.87557829793405,
0,1,-1,1,50,-1,1,0,1,,,,,,,,,0,0,0,0,0,44,44,82,,,,,0,0,0,0,,,,,,,,,,,,,,,,,,,,,-1,1,,,1,,,,,,,,,,,,,,,,,,,,0,,,,,,,Sub029,001,2022_Sep_09_1436,2_1_MRI_Rating_SE_RE,2021.2.3,59.87557829793405,
0,1,-1,1,50,-1,1,0,1,,,,,,,,,0,0,0,0,0,44,44,82,,,,,,,,,,,,,,,,,,,,,,,,,,,,,-1,1,,,1,,,,,,,,,,,,,,,,,,,,0,,,,,,,Sub029,001,2022_Sep_09_1436,2_1_MRI_Rating_SE_RE,2021.2.3,59.87557829793405,
1,0,0,-1,-1,1,-1,0,0,,,,,,,,,0,0,0,0,0,45,45,9,0,0,0,0,,,,,,,,,,,,,,,,,,,,,,,,,0,-1,,,0,,,,,,,,,,,,326.2864386998117,None,326.2864386998117,None,328.29460650030524,None,6.099652888868432,1,0,,,,,,,Sub029,001,2022_Sep_09_1436,2_1_MRI_Rating_SE_RE,2021.2.3,59.87557829793405,
1,0,0,-1,-1,1,-1,0,0,,,,,,,,,0,0,0,0,0,45,45,9,,,,,,,,,,,,,,,,,,,,,,,,,,,,,0,-1,,,0,,,,,,,,,,,,,,,,,,,,0,,,,,,,Sub029,001,2022_Sep_09_1436,2_1_MRI_Rating_SE_RE,2021.2.3,59.87557829793405,
0,1,-1,1,50,-1,2,0,0,,,,,,,,,0,0,0,0,0,46,46,49,,,,,0,0,0,0,,,,,,,,,,,,,,,,,329.2968645999208,None,331.2949723005295,None,-1,1,50,2,0,,,,,,,,,,,,,,,,,,,,0,,,,,,,Sub029,001,2022_Sep_09_1436,2_1_MRI_Rating_SE_RE,2021.2.3,59.87557829793405,
0,1,-1,1,50,-1,2,0,0,,,,,,,,,0,0,0,0,0,46,46,49,,,,,,,,,,,,,,,,,,,,,,,,,,,,,-1,1,,,0,,,,,,,,,,,,,,,,,,,,0,,,,,,,Sub029,001,2022_Sep_09_1436,2_1_MRI_Rating_SE_RE,2021.2.3,59.87557829793405,
0,1,-1,2,80,-1,3,0,1,,,,,,,,,0,0,0,0,0,47,47,89,,,,,0,0,0,0,0,0,0,0,,,,,,,,,,,,,333.29668840020895,None,335.3116898005828,None,-1,2,80,3,1,338.31204420048743,None,b,0.7941022999584675,338.31204420048743,None,Extremely Likely,2.1730029999999942,1.1730029999999942,339.1279277000576,None,,,,,,,,,0,,,,,,,Sub029,001,2022_Sep_09_1436,2_1_MRI_Rating_SE_RE,2021.2.3,59.87557829793405,
0,1,-1,2,80,-1,3,0,1,,,,,,,,,0,0,0,0,0,47,47,89,,,,,0,0,0,0,,,,,,,,,,,,,,,,,,,,,-1,2,,,1,,,,,,,,,,,,,,,,,,,,0,,,,,,,Sub029,001,2022_Sep_09_1436,2_1_MRI_Rating_SE_RE,2021.2.3,59.87557829793405,
0,1,-1,2,80,-1,3,0,1,,,,,,,,,0,0,0,0,0,47,47,89,,,,,,,,,,,,,,,,,,,,,,,,,,,,,-1,2,,,1,,,,,,,,,,,,,,,,,,,,0,,,,,,,Sub029,001,2022_Sep_09_1436,2_1_MRI_Rating_SE_RE,2021.2.3,59.87557829793405,
1,0,2,-1,-1,2,-1,1,0,,,,,,,,,0,0,0,0,0,48,48,43,0,0,0,0,,,,,,,,,0,0,0,0,,,,,,,,,,,,,2,-1,,,0,,,,,,,Extremely Likely,1.9953684999999837,0.9953684999999837,346.32868390064687,None,341.32189800031483,None,341.32189800031483,None,343.32870739977807,None,30.86188370459448,2,1,345.33137159980834,None,b,345.33137159980834,None,0.9736804002895951,Sub029,001,2022_Sep_09_1436,2_1_MRI_Rating_SE_RE,2021.2.3,59.87557829793405,
1,0,2,-1,-1,2,-1,1,0,,,,,,,,,0,0,0,0,0,48,48,43,0,0,0,0,,,,,,,,,,,,,,,,,,,,,,,,,2,-1,,,0,,,,,,,,,,,,,,,,,,,,1,,,,,,,Sub029,001,2022_Sep_09_1436,2_1_MRI_Rating_SE_RE,2021.2.3,59.87557829793405,
1,0,2,-1,-1,2,-1,1,0,,,,,,,,,0,0,0,0,0,48,48,43,,,,,,,,,,,,,,,,,,,,,,,,,,,,,2,-1,,,0,,,,,,,,,,,,,,,,,,,,1,,,,,,,Sub029,001,2022_Sep_09_1436,2_1_MRI_Rating_SE_RE,2021.2.3,59.87557829793405,
0,1,-1,2,80,-1,1,0,0,,,,,,,,,0,0,0,0,0,49,49,47,,,,,0,0,0,0,,,,,,,,,,,,,,,,,348.3374903006479,None,350.3458043001592,None,-1,2,80,1,0,,,,,,,,,,,,,,,,,,,,0,,,,,,,Sub029,001,2022_Sep_09_1436,2_1_MRI_Rating_SE_RE,2021.2.3,59.87557829793405,
0,1,-1,2,80,-1,1,0,0,,,,,,,,,0,0,0,0,0,49,49,47,,,,,,,,,,,,,,,,,,,,,,,,,,,,,-1,2,,,0,,,,,,,,,,,,,,,,,,,,0,,,,,,,Sub029,001,2022_Sep_09_1436,2_1_MRI_Rating_SE_RE,2021.2.3,59.87557829793405,
0,1,-1,2,80,-1,1,0,1,,,,,,,,,0,0,0,0,0,50,50,83,,,,,0,0,0,0,0,0,0,0,,,,,,,,,,,,,351.347049000673,None,353.3461490003392,None,-1,2,80,1,1,354.34921010024846,None,b,0.7828570995479822,354.34921010024846,None,Extremely Likely,2.189784799999984,1.189784799999984,355.16229510027915,None,,,,,,,,,0,,,,,,,Sub029,001,2022_Sep_09_1436,2_1_MRI_Rating_SE_RE,2021.2.3,59.87557829793405,
0,1,-1,2,80,-1,1,0,1,,,,,,,,,0,0,0,0,0,50,50,83,,,,,0,0,0,0,,,,,,,,,,,,,,,,,,,,,-1,2,,,1,,,,,,,,,,,,,,,,,,,,0,,,,,,,Sub029,001,2022_Sep_09_1436,2_1_MRI_Rating_SE_RE,2021.2.3,59.87557829793405,
0,1,-1,2,80,-1,1,0,1,,,,,,,,,0,0,0,0,0,50,50,83,,,,,,,,,,,,,,,,,,,,,,,,,,,,,-1,2,,,1,,,,,,,,,,,,,,,,,,,,0,,,,,,,Sub029,001,2022_Sep_09_1436,2_1_MRI_Rating_SE_RE,2021.2.3,59.87557829793405,
1,0,2,-1,-1,1,-1,1,0,,,,,,,,,0,0,0,0,0,51,51,33,0,0,0,0,,,,,,,,,0,0,0,0,,,,,,,,,,,,,2,-1,,,0,,,,,,,Extremely Likely,1.9629992999999786,0.9629992999999786,361.4126011002809,None,357.3708217004314,None,357.3708217004314,None,359.3793513998389,None,30.86188370459448,1,1,360.3829378001392,None,b,360.3829378001392,None,1.006063099950552,Sub029,001,2022_Sep_09_1436,2_1_MRI_Rating_SE_RE,2021.2.3,59.87557829793405,
1,0,2,-1,-1,1,-1,1,0,,,,,,,,,0,0,0,0,0,51,51,33,0,0,0,0,,,,,,,,,,,,,,,,,,,,,,,,,2,-1,,,0,,,,,,,,,,,,,,,,,,,,1,,,,,,,Sub029,001,2022_Sep_09_1436,2_1_MRI_Rating_SE_RE,2021.2.3,59.87557829793405,
1,0,2,-1,-1,1,-1,1,0,,,,,,,,,0,0,0,0,0,51,51,33,,,,,,,,,,,,,,,,,,,,,,,,,,,,,2,-1,,,0,,,,,,,,,,,,,,,,,,,,1,,,,,,,Sub029,001,2022_Sep_09_1436,2_1_MRI_Rating_SE_RE,2021.2.3,59.87557829793405,
0,1,-1,1,50,-1,1,0,0,,,,,,,,,0,0,0,0,0,52,52,46,,,,,0,0,0,0,,,,,,,,,,,,,,,,,363.3934289999306,None,365.39600940048695,None,-1,1,50,1,0,,,,,,,,,,,,,,,,,,,,0,,,,,,,Sub029,001,2022_Sep_09_1436,2_1_MRI_Rating_SE_RE,2021.2.3,59.87557829793405,
0,1,-1,1,50,-1,1,0,0,,,,,,,,,0,0,0,0,0,52,52,46,,,,,,,,,,,,,,,,,,,,,,,,,,,,,-1,1,,,0,,,,,,,,,,,,,,,,,,,,0,,,,,,,Sub029,001,2022_Sep_09_1436,2_1_MRI_Rating_SE_RE,2021.2.3,59.87557829793405,
1,0,2,-1,-1,2,-1,1,0,,,,,,,,,0,0,0,0,0,53,53,34,0,0,0,0,,,,,,,,,0,0,0,0,,,,,,,,,,,,,2,-1,,,0,,,,,,,Extremely Likely,1.9227338999999688,0.9227338999999688,371.479475799948,None,366.397953200154,None,366.397953200154,None,368.41285470034927,None,30.86188370459448,2,1,370.4142279997468,None,b,370.4142279997468,None,1.0458475006744266,Sub029,001,2022_Sep_09_1436,2_1_MRI_Rating_SE_RE,2021.2.3,59.87557829793405,
1,0,2,-1,-1,2,-1,1,0,,,,,,,,,0,0,0,0,0,53,53,34,0,0,0,0,,,,,,,,,,,,,,,,,,,,,,,,,2,-1,,,0,,,,,,,,,,,,,,,,,,,,1,,,,,,,Sub029,001,2022_Sep_09_1436,2_1_MRI_Rating_SE_RE,2021.2.3,59.87557829793405,
1,0,2,-1,-1,2,-1,1,0,,,,,,,,,0,0,0,0,0,53,53,34,,,,,,,,,,,,,,,,,,,,,,,,,,,,,2,-1,,,0,,,,,,,,,,,,,,,,,,,,1,,,,,,,Sub029,001,2022_Sep_09_1436,2_1_MRI_Rating_SE_RE,2021.2.3,59.87557829793405,
1,0,1,-1,-1,3,-1,1,0,,,,,,,,,0,0,0,0,0,54,54,41,0,0,0,0,,,,,,,,,0,0,0,0,,,,,,,,,,,,,1,-1,,,0,,,,,,,Slightly Likely,2.1951720000000137,1.1951720000000137,379.2298704003915,None,373.421478100121,None,373.421478100121,None,375.42959860060364,None,16.24246298279414,3,1,378.43014690000564,None,y,378.43014690000564,None,0.7728829002007842,Sub029,001,2022_Sep_09_1436,2_1_MRI_Rating_SE_RE,2021.2.3,59.87557829793405,
1,0,1,-1,-1,3,-1,1,0,,,,,,,,,0,0,0,0,0,54,54,41,0,0,0,0,,,,,,,,,,,,,,,,,,,,,,,,,1,-1,,,0,,,,,,,,,,,,,,,,,,,,1,,,,,,,Sub029,001,2022_Sep_09_1436,2_1_MRI_Rating_SE_RE,2021.2.3,59.87557829793405,
1,0,1,-1,-1,3,-1,1,0,,,,,,,,,0,0,0,0,0,54,54,41,,,,,,,,,,,,,,,,,,,,,,,,,,,,,1,-1,,,0,,,,,,,,,,,,,,,,,,,,1,,,,,,,Sub029,001,2022_Sep_09_1436,2_1_MRI_Rating_SE_RE,2021.2.3,59.87557829793405,
0,1,-1,1,50,-1,2,0,1,,,,,,,,,0,0,0,0,0,55,55,67,,,,,0,0,0,0,0,0,0,0,,,,,,,,,,,,,381.44296310003847,None,383.4469781005755,None,-1,1,50,2,1,385.4514891002327,None,b,1.3383115995675325,385.4514891002327,None,Extremely Likely,1.6354877999999644,0.6354877999999644,386.8133749002591,None,,,,,,,,,0,,,,,,,Sub029,001,2022_Sep_09_1436,2_1_MRI_Rating_SE_RE,2021.2.3,59.87557829793405,
0,1,-1,1,50,-1,2,0,1,,,,,,,,,0,0,0,0,0,55,55,67,,,,,0,0,0,0,,,,,,,,,,,,,,,,,,,,,-1,1,,,1,,,,,,,,,,,,,,,,,,,,0,,,,,,,Sub029,001,2022_Sep_09_1436,2_1_MRI_Rating_SE_RE,2021.2.3,59.87557829793405,
0,1,-1,1,50,-1,2,0,1,,,,,,,,,0,0,0,0,0,55,55,67,,,,,,,,,,,,,,,,,,,,,,,,,,,,,-1,1,,,1,,,,,,,,,,,,,,,,,,,,0,,,,,,,Sub029,001,2022_Sep_09_1436,2_1_MRI_Rating_SE_RE,2021.2.3,59.87557829793405,
1,0,0,-1,-1,3,-1,1,0,,,,,,,,,0,0,0,0,0,56,56,29,0,0,0,0,,,,,,,,,0,0,0,0,,,,,,,,,,,,,0,-1,,,0,,,,,,,Extremely Unlikely,2.2646978999999874,1.2646978999999874,394.2133685005829,None,388.47513610031456,None,388.47513610031456,None,390.48088899999857,None,6.099652888868432,3,1,393.4805891001597,None,r,393.4805891001597,None,0.7136005004867911,Sub029,001,2022_Sep_09_1436,2_1_MRI_Rating_SE_RE,2021.2.3,59.87557829793405,
1,0,0,-1,-1,3,-1,1,0,,,,,,,,,0,0,0,0,0,56,56,29,0,0,0,0,,,,,,,,,,,,,,,,,,,,,,,,,0,-1,,,0,,,,,,,,,,,,,,,,,,,,1,,,,,,,Sub029,001,2022_Sep_09_1436,2_1_MRI_Rating_SE_RE,2021.2.3,59.87557829793405,
1,0,0,-1,-1,3,-1,1,0,,,,,,,,,0,0,0,0,0,56,56,29,,,,,,,,,,,,,,,,,,,,,,,,,,,,,0,-1,,,0,,,,,,,,,,,,,,,,,,,,1,,,,,,,Sub029,001,2022_Sep_09_1436,2_1_MRI_Rating_SE_RE,2021.2.3,59.87557829793405,
1,0,2,-1,-1,3,-1,1,0,,,,,,,,,0,0,0,0,0,57,57,44,0,0,0,0,,,,,,,,,0,0,0,0,,,,,,,,,,,,,2,-1,,,0,,,,,,,Slightly Unlikely,2.0293416000000093,1.0293416000000093,402.46401700004935,None,396.48913890030235,None,396.48913890030235,None,398.49732420034707,None,30.86188370459448,3,1,401.4994334001094,None,g,401.4994334001094,None,0.936574200168252,Sub029,001,2022_Sep_09_1436,2_1_MRI_Rating_SE_RE,2021.2.3,59.87557829793405,
1,0,2,-1,-1,3,-1,1,0,,,,,,,,,0,0,0,0,0,57,57,44,0,0,0,0,,,,,,,,,,,,,,,,,,,,,,,,,2,-1,,,0,,,,,,,,,,,,,,,,,,,,1,,,,,,,Sub029,001,2022_Sep_09_1436,2_1_MRI_Rating_SE_RE,2021.2.3,59.87557829793405,
1,0,2,-1,-1,3,-1,1,0,,,,,,,,,0,0,0,0,0,57,57,44,,,,,,,,,,,,,,,,,,,,,,,,,,,,,2,-1,,,0,,,,,,,,,,,,,,,,,,,,1,,,,,,,Sub029,001,2022_Sep_09_1436,2_1_MRI_Rating_SE_RE,2021.2.3,59.87557829793405,
0,1,-1,0,20,-1,1,0,1,,,,,,,,,0,0,0,0,0,58,58,72,,,,,0,0,0,0,0,0,0,0,,,,,,,,,,,,,404.5094472998753,None,406.51430690009147,None,-1,0,20,1,1,407.5145607003942,None,r,1.8395921001210809,407.5145607003942,None,Extremely Unlikely,1.1315616999999634,0.13156169999996337,409.38112000003457,None,,,,,,,,,0,,,,,,,Sub029,001,2022_Sep_09_1436,2_1_MRI_Rating_SE_RE,2021.2.3,59.87557829793405,
0,1,-1,0,20,-1,1,0,1,,,,,,,,,0,0,0,0,0,58,58,72,,,,,0,0,0,0,,,,,,,,,,,,,,,,,,,,,-1,0,,,1,,,,,,,,,,,,,,,,,,,,0,,,,,,,Sub029,001,2022_Sep_09_1436,2_1_MRI_Rating_SE_RE,2021.2.3,59.87557829793405,
0,1,-1,0,20,-1,1,0,1,,,,,,,,,0,0,0,0,0,58,58,72,,,,,,,,,,,,,,,,,,,,,,,,,,,,,-1,0,,,1,,,,,,,,,,,,,,,,,,,,0,,,,,,,Sub029,001,2022_Sep_09_1436,2_1_MRI_Rating_SE_RE,2021.2.3,59.87557829793405,
0,1,-1,0,20,-1,1,0,0,,,,,,,,,0,0,0,0,0,59,59,54,,,,,0,0,0,0,,,,,,,,,,,,,,,,,410.5204427000135,None,412.5314680999145,None,-1,0,20,1,0,,,,,,,,,,,,,,,,,,,,0,,,,,,,Sub029,001,2022_Sep_09_1436,2_1_MRI_Rating_SE_RE,2021.2.3,59.87557829793405,
0,1,-1,0,20,-1,1,0,0,,,,,,,,,0,0,0,0,0,59,59,54,,,,,,,,,,,,,,,,,,,,,,,,,,,,,-1,0,,,0,,,,,,,,,,,,,,,,,,,,0,,,,,,,Sub029,001,2022_Sep_09_1436,2_1_MRI_Rating_SE_RE,2021.2.3,59.87557829793405,
1,0,0,-1,-1,2,-1,1,0,,,,,,,,,0,0,0,0,0,60,60,37,0,0,0,0,,,,,,,,,0,0,0,0,,,,,,,,,,,,,0,-1,,,0,,,,,,,Extremely Unlikely,1.8880228000000443,0.8880228000000443,418.6483438005671,None,413.53408929985017,None,413.53408929985017,None,415.54788739979267,None,6.099652888868432,2,1,417.55162800010294,None,r,417.55162800010294,None,1.0806454997509718,Sub029,001,2022_Sep_09_1436,2_1_MRI_Rating_SE_RE,2021.2.3,59.87557829793405,
1,0,0,-1,-1,2,-1,1,0,,,,,,,,,0,0,0,0,0,60,60,37,0,0,0,0,,,,,,,,,,,,,,,,,,,,,,,,,0,-1,,,0,,,,,,,,,,,,,,,,,,,,1,,,,,,,Sub029,001,2022_Sep_09_1436,2_1_MRI_Rating_SE_RE,2021.2.3,59.87557829793405,
1,0,0,-1,-1,2,-1,1,0,,,,,,,,,0,0,0,0,0,60,60,37,,,,,,,,,,,,,,,,,,,,,,,,,,,,,0,-1,,,0,,,,,,,,,,,,,,,,,,,,1,,,,,,,Sub029,001,2022_Sep_09_1436,2_1_MRI_Rating_SE_RE,2021.2.3,59.87557829793405,
1,0,2,-1,-1,2,-1,0,0,,,,,,,,,0,0,0,0,0,61,61,7,0,0,0,0,,,,,,,,,,,,,,,,,,,,,,,,,2,-1,,,0,,,,,,,,,,,,420.564456500113,None,420.564456500113,None,422.5650062998757,None,30.86188370459448,2,0,,,,,,,Sub029,001,2022_Sep_09_1436,2_1_MRI_Rating_SE_RE,2021.2.3,59.87557829793405,
1,0,2,-1,-1,2,-1,0,0,,,,,,,,,0,0,0,0,0,61,61,7,,,,,,,,,,,,,,,,,,,,,,,,,,,,,2,-1,,,0,,,,,,,,,,,,,,,,,,,,0,,,,,,,Sub029,001,2022_Sep_09_1436,2_1_MRI_Rating_SE_RE,2021.2.3,59.87557829793405,
1,0,1,-1,-1,1,-1,1,0,,,,,,,,,0,0,0,0,0,62,62,21,0,0,0,0,,,,,,,,,0,0,0,0,,,,,,,,,,,,,1,-1,,,0,,,,,,,Slightly Likely,1.5060558000000128,0.5060558000000128,429.0651973001659,None,424.57114540040493,None,424.57114540040493,None,426.58180079981685,None,16.24246298279414,1,1,427.5858506998047,None,y,427.5858506998047,None,1.453299700282514,Sub029,001,2022_Sep_09_1436,2_1_MRI_Rating_SE_RE,2021.2.3,59.87557829793405,
1,0,1,-1,-1,1,-1,1,0,,,,,,,,,0,0,0,0,0,62,62,21,0,0,0,0,,,,,,,,,,,,,,,,,,,,,,,,,1,-1,,,0,,,,,,,,,,,,,,,,,,,,1,,,,,,,Sub029,001,2022_Sep_09_1436,2_1_MRI_Rating_SE_RE,2021.2.3,59.87557829793405,
1,0,1,-1,-1,1,-1,1,0,,,,,,,,,0,0,0,0,0,62,62,21,,,,,,,,,,,,,,,,,,,,,,,,,,,,,1,-1,,,0,,,,,,,,,,,,,,,,,,,,1,,,,,,,Sub029,001,2022_Sep_09_1436,2_1_MRI_Rating_SE_RE,2021.2.3,59.87557829793405,
1,0,2,-1,-1,3,-1,1,0,,,,,,,,,0,0,0,0,0,63,63,35,0,0,0,0,,,,,,,,,0,0,0,0,,,,,,,,,,,,,2,-1,,,0,,,,,,,Slightly Likely,1.4441333000000327,0.4441333000000327,437.14858230017126,None,430.5885177999735,None,430.5885177999735,None,432.59876210056245,None,30.86188370459448,3,1,435.6012679999694,None,y,435.6012679999694,None,1.5267377998679876,Sub029,001,2022_Sep_09_1436,2_1_MRI_Rating_SE_RE,2021.2.3,59.87557829793405,
1,0,2,-1,-1,3,-1,1,0,,,,,,,,,0,0,0,0,0,63,63,35,0,0,0,0,,,,,,,,,,,,,,,,,,,,,,,,,2,-1,,,0,,,,,,,,,,,,,,,,,,,,1,,,,,,,Sub029,001,2022_Sep_09_1436,2_1_MRI_Rating_SE_RE,2021.2.3,59.87557829793405,
1,0,2,-1,-1,3,-1,1,0,,,,,,,,,0,0,0,0,0,63,63,35,,,,,,,,,,,,,,,,,,,,,,,,,,,,,2,-1,,,0,,,,,,,,,,,,,,,,,,,,1,,,,,,,Sub029,001,2022_Sep_09_1436,2_1_MRI_Rating_SE_RE,2021.2.3,59.87557829793405,
1,0,1,-1,-1,3,-1,1,0,,,,,,,,,0,0,0,0,0,64,64,23,0,0,0,0,,,,,,,,,0,0,0,0,,,,,,,,,,,,,1,-1,,,0,,,,,,,Slightly Likely,1.6460005999999794,0.6460005999999794,444.96548540052027,None,438.60837140027434,None,438.60837140027434,None,440.61528880055994,None,16.24246298279414,3,1,443.6163191003725,None,y,443.6163191003725,None,1.331993400119245,Sub029,001,2022_Sep_09_1436,2_1_MRI_Rating_SE_RE,2021.2.3,59.87557829793405,
1,0,1,-1,-1,3,-1,1,0,,,,,,,,,0,0,0,0,0,64,64,23,0,0,0,0,,,,,,,,,,,,,,,,,,,,,,,,,1,-1,,,0,,,,,,,,,,,,,,,,,,,,1,,,,,,,Sub029,001,2022_Sep_09_1436,2_1_MRI_Rating_SE_RE,2021.2.3,59.87557829793405,
1,0,1,-1,-1,3,-1,1,0,,,,,,,,,0,0,0,0,0,64,64,23,,,,,,,,,,,,,,,,,,,,,,,,,,,,,1,-1,,,0,,,,,,,,,,,,,,,,,,,,1,,,,,,,Sub029,001,2022_Sep_09_1436,2_1_MRI_Rating_SE_RE,2021.2.3,59.87557829793405,
0,1,-1,2,80,-1,2,0,1,,,,,,,,,0,0,0,0,0,65,65,77,,,,,0,0,0,0,0,0,0,0,,,,,,,,,,,,,446.6241830000654,None,448.6328288000077,None,-1,2,80,2,1,450.63349850010127,None,None,,450.63349850010127,None,,0.9973075999999992,-0.0026924000000008164,452.63277180027217,None,,,,,,,,,0,,,,,,,Sub029,001,2022_Sep_09_1436,2_1_MRI_Rating_SE_RE,2021.2.3,59.87557829793405,
0,1,-1,2,80,-1,2,0,1,,,,,,,,,0,0,0,0,0,65,65,77,,,,,0,0,0,0,,,,,,,,,,,,,,,,,,,,,-1,2,,,1,,,,,,,,,,,,,,,,,,,,0,,,,,,,Sub029,001,2022_Sep_09_1436,2_1_MRI_Rating_SE_RE,2021.2.3,59.87557829793405,
0,1,-1,2,80,-1,2,0,1,,,,,,,,,0,0,0,0,0,65,65,77,,,,,,,,,,,,,,,,,,,,,,,,,,,,,-1,2,,,1,,,,,,,,,,,,,,,,,,,,0,,,,,,,Sub029,001,2022_Sep_09_1436,2_1_MRI_Rating_SE_RE,2021.2.3,59.87557829793405,
0,1,-1,2,80,-1,2,0,1,,,,,,,,,0,0,0,0,0,66,66,68,,,,,0,0,0,0,0,0,0,0,,,,,,,,,,,,,453.6373100001365,None,455.6496617998928,None,-1,2,80,2,1,457.64985140040517,None,b,0.7244066996499896,457.64985140040517,None,Extremely Likely,2.2409989000000223,1.2409989000000223,458.40039210021496,None,,,,,,,,,0,,,,,,,Sub029,001,2022_Sep_09_1436,2_1_MRI_Rating_SE_RE,2021.2.3,59.87557829793405,
0,1,-1,2,80,-1,2,0,1,,,,,,,,,0,0,0,0,0,66,66,68,,,,,0,0,0,0,,,,,,,,,,,,,,,,,,,,,-1,2,,,1,,,,,,,,,,,,,,,,,,,,0,,,,,,,Sub029,001,2022_Sep_09_1436,2_1_MRI_Rating_SE_RE,2021.2.3,59.87557829793405,
0,1,-1,2,80,-1,2,0,1,,,,,,,,,0,0,0,0,0,66,66,68,,,,,,,,,,,,,,,,,,,,,,,,,,,,,-1,2,,,1,,,,,,,,,,,,,,,,,,,,0,,,,,,,Sub029,001,2022_Sep_09_1436,2_1_MRI_Rating_SE_RE,2021.2.3,59.87557829793405,
1,0,0,-1,-1,3,-1,1,0,,,,,,,,,0,0,0,0,0,67,67,20,0,0,0,0,,,,,,,,,0,0,0,0,,,,,,,,,,,,,0,-1,,,0,,,,,,,Extremely Unlikely,2.2279234000000088,1.2279234000000088,466.4335214002058,None,460.65784140024334,None,460.65784140024334,None,462.6673674006015,None,6.099652888868432,3,1,465.66769560053945,None,r,465.66769560053945,None,0.7485499996691942,Sub029,001,2022_Sep_09_1436,2_1_MRI_Rating_SE_RE,2021.2.3,59.87557829793405,
1,0,0,-1,-1,3,-1,1,0,,,,,,,,,0,0,0,0,0,67,67,20,0,0,0,0,,,,,,,,,,,,,,,,,,,,,,,,,0,-1,,,0,,,,,,,,,,,,,,,,,,,,1,,,,,,,Sub029,001,2022_Sep_09_1436,2_1_MRI_Rating_SE_RE,2021.2.3,59.87557829793405,
1,0,0,-1,-1,3,-1,1,0,,,,,,,,,0,0,0,0,0,67,67,20,,,,,,,,,,,,,,,,,,,,,,,,,,,,,0,-1,,,0,,,,,,,,,,,,,,,,,,,,1,,,,,,,Sub029,001,2022_Sep_09_1436,2_1_MRI_Rating_SE_RE,2021.2.3,59.87557829793405,
0,1,-1,1,50,-1,2,0,1,,,,,,,,,0,0,0,0,0,68,68,76,,,,,0,0,0,0,0,0,0,0,,,,,,,,,,,,,468.6742000998929,None,470.68382120039314,None,-1,1,50,2,1,472.6840458000079,None,y,0.7901548994705081,472.6840458000079,None,Slightly Likely,2.179689099999962,1.1796890999999619,473.50028980057687,None,,,,,,,,,0,,,,,,,Sub029,001,2022_Sep_09_1436,2_1_MRI_Rating_SE_RE,2021.2.3,59.87557829793405,
0,1,-1,1,50,-1,2,0,1,,,,,,,,,0,0,0,0,0,68,68,76,,,,,0,0,0,0,,,,,,,,,,,,,,,,,,,,,-1,1,,,1,,,,,,,,,,,,,,,,,,,,0,,,,,,,Sub029,001,2022_Sep_09_1436,2_1_MRI_Rating_SE_RE,2021.2.3,59.87557829793405,
0,1,-1,1,50,-1,2,0,1,,,,,,,,,0,0,0,0,0,68,68,76,,,,,,,,,,,,,,,,,,,,,,,,,,,,,-1,1,,,1,,,,,,,,,,,,,,,,,,,,0,,,,,,,Sub029,001,2022_Sep_09_1436,2_1_MRI_Rating_SE_RE,2021.2.3,59.87557829793405,
1,0,2,-1,-1,3,-1,1,0,,,,,,,,,0,0,0,0,0,69,69,26,0,0,0,0,,,,,,,,,0,0,0,0,,,,,,,,,,,,,2,-1,,,0,,,,,,,Extremely Unlikely,1.3452703000000383,0.34527030000003833,482.35038760025054,None,475.6912780003622,None,475.6912780003622,None,477.70055150054395,None,30.86188370459448,3,1,480.7021756004542,None,r,480.7021756004542,None,1.6179786995053291,Sub029,001,2022_Sep_09_1436,2_1_MRI_Rating_SE_RE,2021.2.3,59.87557829793405,
1,0,2,-1,-1,3,-1,1,0,,,,,,,,,0,0,0,0,0,69,69,26,0,0,0,0,,,,,,,,,,,,,,,,,,,,,,,,,2,-1,,,0,,,,,,,,,,,,,,,,,,,,1,,,,,,,Sub029,001,2022_Sep_09_1436,2_1_MRI_Rating_SE_RE,2021.2.3,59.87557829793405,
1,0,2,-1,-1,3,-1,1,0,,,,,,,,,0,0,0,0,0,69,69,26,,,,,,,,,,,,,,,,,,,,,,,,,,,,,2,-1,,,0,,,,,,,,,,,,,,,,,,,,1,,,,,,,Sub029,001,2022_Sep_09_1436,2_1_MRI_Rating_SE_RE,2021.2.3,59.87557829793405,
0,1,-1,0,20,-1,2,0,0,,,,,,,,,0,0,0,0,0,70,70,57,,,,,0,0,0,0,,,,,,,,,,,,,,,,,483.7091998998076,None,485.71714519988745,None,-1,0,20,2,0,,,,,,,,,,,,,,,,,,,,0,,,,,,,Sub029,001,2022_Sep_09_1436,2_1_MRI_Rating_SE_RE,2021.2.3,59.87557829793405,
0,1,-1,0,20,-1,2,0,0,,,,,,,,,0,0,0,0,0,70,70,57,,,,,,,,,,,,,,,,,,,,,,,,,,,,,-1,0,,,0,,,,,,,,,,,,,,,,,,,,0,,,,,,,Sub029,001,2022_Sep_09_1436,2_1_MRI_Rating_SE_RE,2021.2.3,59.87557829793405,
1,0,0,-1,-1,3,-1,1,0,,,,,,,,,0,0,0,0,0,71,71,38,0,0,0,0,,,,,,,,,0,0,0,0,,,,,,,,,,,,,0,-1,,,0,,,,,,,Extremely Unlikely,2.338098099999968,1.3380980999999679,493.38440980017185,None,487.7189409006387,None,487.7189409006387,None,489.7339855004102,None,6.099652888868432,3,1,492.73736970033497,None,r,492.73736970033497,None,0.6239963006228209,Sub029,001,2022_Sep_09_1436,2_1_MRI_Rating_SE_RE,2021.2.3,59.87557829793405,
1,0,0,-1,-1,3,-1,1,0,,,,,,,,,0,0,0,0,0,71,71,38,0,0,0,0,,,,,,,,,,,,,,,,,,,,,,,,,0,-1,,,0,,,,,,,,,,,,,,,,,,,,1,,,,,,,Sub029,001,2022_Sep_09_1436,2_1_MRI_Rating_SE_RE,2021.2.3,59.87557829793405,
1,0,0,-1,-1,3,-1,1,0,,,,,,,,,0,0,0,0,0,71,71,38,,,,,,,,,,,,,,,,,,,,,,,,,,,,,0,-1,,,0,,,,,,,,,,,,,,,,,,,,1,,,,,,,Sub029,001,2022_Sep_09_1436,2_1_MRI_Rating_SE_RE,2021.2.3,59.87557829793405,
0,1,-1,2,80,-1,1,0,1,,,,,,,,,0,0,0,0,0,72,72,65,,,,,0,0,0,0,0,0,0,0,,,,,,,,,,,,,495.7428227001801,None,497.7518899003044,None,-1,2,80,1,1,498.75247940048575,None,b,0.8049469999969006,498.75247940048575,None,Extremely Likely,2.163860599999964,1.163860599999964,499.5845552999526,None,,,,,,,,,0,,,,,,,Sub029,001,2022_Sep_09_1436,2_1_MRI_Rating_SE_RE,2021.2.3,59.87557829793405,
0,1,-1,2,80,-1,1,0,1,,,,,,,,,0,0,0,0,0,72,72,65,,,,,0,0,0,0,,,,,,,,,,,,,,,,,,,,,-1,2,,,1,,,,,,,,,,,,,,,,,,,,0,,,,,,,Sub029,001,2022_Sep_09_1436,2_1_MRI_Rating_SE_RE,2021.2.3,59.87557829793405,
0,1,-1,2,80,-1,1,0,1,,,,,,,,,0,0,0,0,0,72,72,65,,,,,,,,,,,,,,,,,,,,,,,,,,,,,-1,2,,,1,,,,,,,,,,,,,,,,,,,,0,,,,,,,Sub029,001,2022_Sep_09_1436,2_1_MRI_Rating_SE_RE,2021.2.3,59.87557829793405,
0,1,-1,0,20,-1,3,0,1,,,,,,,,,0,0,0,0,0,73,73,60,,,,,0,0,0,0,0,0,0,0,,,,,,,,,,,,,501.75714450050145,None,503.7681873003021,None,-1,0,20,3,1,506.78328770026565,None,r,0.8968989001587033,506.78328770026565,None,Extremely Unlikely,2.0615839000000165,1.0615839000000165,507.7010749997571,None,,,,,,,,,0,,,,,,,Sub029,001,2022_Sep_09_1436,2_1_MRI_Rating_SE_RE,2021.2.3,59.87557829793405,
0,1,-1,0,20,-1,3,0,1,,,,,,,,,0,0,0,0,0,73,73,60,,,,,0,0,0,0,,,,,,,,,,,,,,,,,,,,,-1,0,,,1,,,,,,,,,,,,,,,,,,,,0,,,,,,,Sub029,001,2022_Sep_09_1436,2_1_MRI_Rating_SE_RE,2021.2.3,59.87557829793405,
0,1,-1,0,20,-1,3,0,1,,,,,,,,,0,0,0,0,0,73,73,60,,,,,,,,,,,,,,,,,,,,,,,,,,,,,-1,0,,,1,,,,,,,,,,,,,,,,,,,,0,,,,,,,Sub029,001,2022_Sep_09_1436,2_1_MRI_Rating_SE_RE,2021.2.3,59.87557829793405,
0,1,-1,1,50,-1,3,0,1,,,,,,,,,0,0,0,0,0,74,74,79,,,,,0,0,0,0,0,0,0,0,,,,,,,,,,,,,509.77381889987737,None,511.7851638998836,None,-1,1,50,3,1,514.7857590001076,None,g,1.9075140003114939,514.7857590001076,None,Slightly Unlikely,1.0586938000000146,0.05869380000001456,516.7188629005104,None,,,,,,,,,0,,,,,,,Sub029,001,2022_Sep_09_1436,2_1_MRI_Rating_SE_RE,2021.2.3,59.87557829793405,
0,1,-1,1,50,-1,3,0,1,,,,,,,,,0,0,0,0,0,74,74,79,,,,,0,0,0,0,,,,,,,,,,,,,,,,,,,,,-1,1,,,1,,,,,,,,,,,,,,,,,,,,0,,,,,,,Sub029,001,2022_Sep_09_1436,2_1_MRI_Rating_SE_RE,2021.2.3,59.87557829793405,
0,1,-1,1,50,-1,3,0,1,,,,,,,,,0,0,0,0,0,74,74,79,,,,,,,,,,,,,,,,,,,,,,,,,,,,,-1,1,,,1,,,,,,,,,,,,,,,,,,,,0,,,,,,,Sub029,001,2022_Sep_09_1436,2_1_MRI_Rating_SE_RE,2021.2.3,59.87557829793405,
1,0,0,-1,-1,1,-1,1,0,,,,,,,,,0,0,0,0,0,75,75,36,0,0,0,0,,,,,,,,,0,0,0,0,,,,,,,,,,,,,0,-1,,,0,,,,,,,Extremely Unlikely,1.9931649999999763,0.9931649999999763,521.8021868998185,None,517.7928407005966,None,517.7928407005966,None,519.8020226005465,None,6.099652888868432,1,1,520.8048374997452,None,r,520.8048374997452,None,0.9796378007158637,Sub029,001,2022_Sep_09_1436,2_1_MRI_Rating_SE_RE,2021.2.3,59.87557829793405,
1,0,0,-1,-1,1,-1,1,0,,,,,,,,,0,0,0,0,0,75,75,36,0,0,0,0,,,,,,,,,,,,,,,,,,,,,,,,,0,-1,,,0,,,,,,,,,,,,,,,,,,,,1,,,,,,,Sub029,001,2022_Sep_09_1436,2_1_MRI_Rating_SE_RE,2021.2.3,59.87557829793405,
1,0,0,-1,-1,1,-1,1,0,,,,,,,,,0,0,0,0,0,75,75,36,,,,,,,,,,,,,,,,,,,,,,,,,,,,,0,-1,,,0,,,,,,,,,,,,,,,,,,,,1,,,,,,,Sub029,001,2022_Sep_09_1436,2_1_MRI_Rating_SE_RE,2021.2.3,59.87557829793405,
0,1,-1,0,20,-1,3,0,1,,,,,,,,,0,0,0,0,0,76,76,69,,,,,0,0,0,0,0,0,0,0,,,,,,,,,,,,,523.8122017998248,None,525.8193609006703,None,-1,0,20,3,1,528.8201972004026,None,r,0.9623897997662425,528.8201972004026,None,Extremely Unlikely,2.0114528999999948,1.0114528999999948,529.8023987002671,None,,,,,,,,,0,,,,,,,Sub029,001,2022_Sep_09_1436,2_1_MRI_Rating_SE_RE,2021.2.3,59.87557829793405,
0,1,-1,0,20,-1,3,0,1,,,,,,,,,0,0,0,0,0,76,76,69,,,,,0,0,0,0,,,,,,,,,,,,,,,,,,,,,-1,0,,,1,,,,,,,,,,,,,,,,,,,,0,,,,,,,Sub029,001,2022_Sep_09_1436,2_1_MRI_Rating_SE_RE,2021.2.3,59.87557829793405,
0,1,-1,0,20,-1,3,0,1,,,,,,,,,0,0,0,0,0,76,76,69,,,,,,,,,,,,,,,,,,,,,,,,,,,,,-1,0,,,1,,,,,,,,,,,,,,,,,,,,0,,,,,,,Sub029,001,2022_Sep_09_1436,2_1_MRI_Rating_SE_RE,2021.2.3,59.87557829793405,
1,0,1,-1,-1,2,-1,0,0,,,,,,,,,0,0,0,0,0,77,77,4,0,0,0,0,,,,,,,,,,,,,,,,,,,,,,,,,1,-1,,,0,,,,,,,,,,,,531.8274913998321,None,531.8274913998321,None,533.8362314002588,None,16.24246298279414,2,0,,,,,,,Sub029,001,2022_Sep_09_1436,2_1_MRI_Rating_SE_RE,2021.2.3,59.87557829793405,
1,0,1,-1,-1,2,-1,0,0,,,,,,,,,0,0,0,0,0,77,77,4,,,,,,,,,,,,,,,,,,,,,,,,,,,,,1,-1,,,0,,,,,,,,,,,,,,,,,,,,0,,,,,,,Sub029,001,2022_Sep_09_1436,2_1_MRI_Rating_SE_RE,2021.2.3,59.87557829793405,
1,0,0,-1,-1,2,-1,0,0,,,,,,,,,0,0,0,0,0,78,78,10,0,0,0,0,,,,,,,,,,,,,,,,,,,,,,,,,0,-1,,,0,,,,,,,,,,,,535.8468998000026,None,535.8468998000026,None,537.8525986000896,None,6.099652888868432,2,0,,,,,,,Sub029,001,2022_Sep_09_1436,2_1_MRI_Rating_SE_RE,2021.2.3,59.87557829793405,
1,0,0,-1,-1,2,-1,0,0,,,,,,,,,0,0,0,0,0,78,78,10,,,,,,,,,,,,,,,,,,,,,,,,,,,,,0,-1,,,0,,,,,,,,,,,,,,,,,,,,0,,,,,,,Sub029,001,2022_Sep_09_1436,2_1_MRI_Rating_SE_RE,2021.2.3,59.87557829793405,
0,1,-1,1,50,-1,3,0,1,,,,,,,,,0,0,0,0,0,79,79,88,,,,,0,0,0,0,0,0,0,0,,,,,,,,,,,,,539.8568882998079,None,541.870181299746,None,-1,1,50,3,1,544.8709845002741,None,y,1.605133400298655,544.8709845002741,None,Slightly Likely,1.3576788000000306,0.3576788000000306,546.5027736006305,None,,,,,,,,,0,,,,,,,Sub029,001,2022_Sep_09_1436,2_1_MRI_Rating_SE_RE,2021.2.3,59.87557829793405,
0,1,-1,1,50,-1,3,0,1,,,,,,,,,0,0,0,0,0,79,79,88,,,,,0,0,0,0,,,,,,,,,,,,,,,,,,,,,-1,1,,,1,,,,,,,,,,,,,,,,,,,,0,,,,,,,Sub029,001,2022_Sep_09_1436,2_1_MRI_Rating_SE_RE,2021.2.3,59.87557829793405,
0,1,-1,1,50,-1,3,0,1,,,,,,,,,0,0,0,0,0,79,79,88,,,,,,,,,,,,,,,,,,,,,,,,,,,,,-1,1,,,1,,,,,,,,,,,,,,,,,,,,0,,,,,,,Sub029,001,2022_Sep_09_1436,2_1_MRI_Rating_SE_RE,2021.2.3,59.87557829793405,
0,1,-1,1,50,-1,1,0,0,,,,,,,,,0,0,0,0,0,80,80,55,,,,,0,0,0,0,,,,,,,,,,,,,,,,,547.8721409002319,None,549.8869596999139,None,-1,1,50,1,0,,,,,,,,,,,,,,,,,,,,0,,,,,,,Sub029,001,2022_Sep_09_1436,2_1_MRI_Rating_SE_RE,2021.2.3,59.87557829793405,
0,1,-1,1,50,-1,1,0,0,,,,,,,,,0,0,0,0,0,80,80,55,,,,,,,,,,,,,,,,,,,,,,,,,,,,,-1,1,,,0,,,,,,,,,,,,,,,,,,,,0,,,,,,,Sub029,001,2022_Sep_09_1436,2_1_MRI_Rating_SE_RE,2021.2.3,59.87557829793405,
1,0,2,-1,-1,1,-1,1,0,,,,,,,,,0,0,0,0,0,81,81,15,0,0,0,0,,,,,,,,,0,0,0,0,,,,,,,,,,,,,2,-1,,,0,,,,,,,Slightly Unlikely,1.057227399999988,0.05722739999998794,555.8366381004453,None,550.8907406004146,None,550.8907406004146,None,552.9034043997526,None,30.86188370459448,1,1,553.9039941998199,None,g,553.9039941998199,None,1.9061243999749422,Sub029,001,2022_Sep_09_1436,2_1_MRI_Rating_SE_RE,2021.2.3,59.87557829793405,
1,0,2,-1,-1,1,-1,1,0,,,,,,,,,0,0,0,0,0,81,81,15,0,0,0,0,,,,,,,,,,,,,,,,,,,,,,,,,2,-1,,,0,,,,,,,,,,,,,,,,,,,,1,,,,,,,Sub029,001,2022_Sep_09_1436,2_1_MRI_Rating_SE_RE,2021.2.3,59.87557829793405,
1,0,2,-1,-1,1,-1,1,0,,,,,,,,,0,0,0,0,0,81,81,15,,,,,,,,,,,,,,,,,,,,,,,,,,,,,2,-1,,,0,,,,,,,,,,,,,,,,,,,,1,,,,,,,Sub029,001,2022_Sep_09_1436,2_1_MRI_Rating_SE_RE,2021.2.3,59.87557829793405,
0,1,-1,0,20,-1,3,0,0,,,,,,,,,0,0,0,0,0,82,82,51,,,,,0,0,0,0,,,,,,,,,,,,,,,,,556.9128881003708,None,558.9203139999881,None,-1,0,20,3,0,,,,,,,,,,,,,,,,,,,,0,,,,,,,Sub029,001,2022_Sep_09_1436,2_1_MRI_Rating_SE_RE,2021.2.3,59.87557829793405,
0,1,-1,0,20,-1,3,0,0,,,,,,,,,0,0,0,0,0,82,82,51,,,,,,,,,,,,,,,,,,,,,,,,,,,,,-1,0,,,0,,,,,,,,,,,,,,,,,,,,0,,,,,,,Sub029,001,2022_Sep_09_1436,2_1_MRI_Rating_SE_RE,2021.2.3,59.87557829793405,
1,0,2,-1,-1,1,-1,0,0,,,,,,,,,0,0,0,0,0,83,83,6,0,0,0,0,,,,,,,,,,,,,,,,,,,,,,,,,2,-1,,,0,,,,,,,,,,,,561.9204131001607,None,561.9204131001607,None,563.9206485999748,None,30.86188370459448,1,0,,,,,,,Sub029,001,2022_Sep_09_1436,2_1_MRI_Rating_SE_RE,2021.2.3,59.87557829793405,
1,0,2,-1,-1,1,-1,0,0,,,,,,,,,0,0,0,0,0,83,83,6,,,,,,,,,,,,,,,,,,,,,,,,,,,,,2,-1,,,0,,,,,,,,,,,,,,,,,,,,0,,,,,,,Sub029,001,2022_Sep_09_1436,2_1_MRI_Rating_SE_RE,2021.2.3,59.87557829793405,
1,0,0,-1,-1,2,-1,1,0,,,,,,,,,0,0,0,0,0,84,84,19,0,0,0,0,,,,,,,,,0,0,0,0,,,,,,,,,,,,,0,-1,,,0,,,,,,,Extremely Unlikely,2.286617999999976,1.2866179999999758,569.6374694006518,None,564.9213022999465,None,564.9213022999465,None,566.9206033004448,None,6.099652888868432,2,1,568.9240747997537,None,r,568.9240747997537,None,0.6854457994922996,Sub029,001,2022_Sep_09_1436,2_1_MRI_Rating_SE_RE,2021.2.3,59.87557829793405,
1,0,0,-1,-1,2,-1,1,0,,,,,,,,,0,0,0,0,0,84,84,19,0,0,0,0,,,,,,,,,,,,,,,,,,,,,,,,,0,-1,,,0,,,,,,,,,,,,,,,,,,,,1,,,,,,,Sub029,001,2022_Sep_09_1436,2_1_MRI_Rating_SE_RE,2021.2.3,59.87557829793405,
1,0,0,-1,-1,2,-1,1,0,,,,,,,,,0,0,0,0,0,84,84,19,,,,,,,,,,,,,,,,,,,,,,,,,,,,,0,-1,,,0,,,,,,,,,,,,,,,,,,,,1,,,,,,,Sub029,001,2022_Sep_09_1436,2_1_MRI_Rating_SE_RE,2021.2.3,59.87557829793405,
0,1,-1,2,80,-1,3,0,1,,,,,,,,,0,0,0,0,0,85,85,80,,,,,0,0,0,0,0,0,0,0,,,,,,,,,,,,,571.9444073000923,None,573.9545232998207,None,-1,2,80,3,1,576.9563599005342,None,b,0.7919100997969508,576.9563599005342,None,Extremely Likely,2.1795151000000033,1.1795151000000033,577.7707981998101,None,,,,,,,,,0,,,,,,,Sub029,001,2022_Sep_09_1436,2_1_MRI_Rating_SE_RE,2021.2.3,59.87557829793405,
0,1,-1,2,80,-1,3,0,1,,,,,,,,,0,0,0,0,0,85,85,80,,,,,0,0,0,0,,,,,,,,,,,,,,,,,,,,,-1,2,,,1,,,,,,,,,,,,,,,,,,,,0,,,,,,,Sub029,001,2022_Sep_09_1436,2_1_MRI_Rating_SE_RE,2021.2.3,59.87557829793405,
0,1,-1,2,80,-1,3,0,1,,,,,,,,,0,0,0,0,0,85,85,80,,,,,,,,,,,,,,,,,,,,,,,,,,,,,-1,2,,,1,,,,,,,,,,,,,,,,,,,,0,,,,,,,Sub029,001,2022_Sep_09_1436,2_1_MRI_Rating_SE_RE,2021.2.3,59.87557829793405,
0,1,-1,0,20,-1,1,0,1,,,,,,,,,0,0,0,0,0,86,86,63,,,,,0,0,0,0,0,0,0,0,,,,,,,,,,,,,579.9639149000868,None,581.9710635002702,None,-1,0,20,1,1,582.9716472001746,None,r,1.3736819997429848,582.9716472001746,None,Extremely Unlikely,1.59700220000002,0.5970022000000199,584.3712702998891,None,,,,,,,,,0,,,,,,,Sub029,001,2022_Sep_09_1436,2_1_MRI_Rating_SE_RE,2021.2.3,59.87557829793405,
0,1,-1,0,20,-1,1,0,1,,,,,,,,,0,0,0,0,0,86,86,63,,,,,0,0,0,0,,,,,,,,,,,,,,,,,,,,,-1,0,,,1,,,,,,,,,,,,,,,,,,,,0,,,,,,,Sub029,001,2022_Sep_09_1436,2_1_MRI_Rating_SE_RE,2021.2.3,59.87557829793405,
0,1,-1,0,20,-1,1,0,1,,,,,,,,,0,0,0,0,0,86,86,63,,,,,,,,,,,,,,,,,,,,,,,,,,,,,-1,0,,,1,,,,,,,,,,,,,,,,,,,,0,,,,,,,Sub029,001,2022_Sep_09_1436,2_1_MRI_Rating_SE_RE,2021.2.3,59.87557829793405,
0,1,-1,0,20,-1,1,0,0,,,,,,,,,0,0,0,0,0,87,87,45,,,,,0,0,0,0,,,,,,,,,,,,,,,,,585.9762399001047,None,587.9881907999516,None,-1,0,20,1,0,,,,,,,,,,,,,,,,,,,,0,,,,,,,Sub029,001,2022_Sep_09_1436,2_1_MRI_Rating_SE_RE,2021.2.3,59.87557829793405,
0,1,-1,0,20,-1,1,0,0,,,,,,,,,0,0,0,0,0,87,87,45,,,,,,,,,,,,,,,,,,,,,,,,,,,,,-1,0,,,0,,,,,,,,,,,,,,,,,,,,0,,,,,,,Sub029,001,2022_Sep_09_1436,2_1_MRI_Rating_SE_RE,2021.2.3,59.87557829793405,
1,0,2,-1,-1,3,-1,0,0,,,,,,,,,0,0,0,0,0,88,88,17,0,0,0,0,,,,,,,,,,,,,,,,,,,,,,,,,2,-1,,,0,,,,,,,,,,,,588.9911569999531,None,588.9911569999531,None,591.0052925003693,None,30.86188370459448,3,0,,,,,,,Sub029,001,2022_Sep_09_1436,2_1_MRI_Rating_SE_RE,2021.2.3,59.87557829793405,
1,0,2,-1,-1,3,-1,0,0,,,,,,,,,0,0,0,0,0,88,88,17,,,,,,,,,,,,,,,,,,,,,,,,,,,,,2,-1,,,0,,,,,,,,,,,,,,,,,,,,0,,,,,,,Sub029,001,2022_Sep_09_1436,2_1_MRI_Rating_SE_RE,2021.2.3,59.87557829793405,
0,1,-1,1,50,-1,1,0,1,,,,,,,,,0,0,0,0,0,89,89,64,,,,,0,0,0,0,0,0,0,0,,,,,,,,,,,,,594.0064591001719,None,596.0223340997472,None,-1,1,50,1,1,597.0221142005175,None,y,0.9081728998571634,597.0221142005175,None,Slightly Likely,2.054700599999933,1.0547005999999328,597.9547627000138,None,,,,,,,,,0,,,,,,,Sub029,001,2022_Sep_09_1436,2_1_MRI_Rating_SE_RE,2021.2.3,59.87557829793405,
0,1,-1,1,50,-1,1,0,1,,,,,,,,,0,0,0,0,0,89,89,64,,,,,0,0,0,0,,,,,,,,,,,,,,,,,,,,,-1,1,,,1,,,,,,,,,,,,,,,,,,,,0,,,,,,,Sub029,001,2022_Sep_09_1436,2_1_MRI_Rating_SE_RE,2021.2.3,59.87557829793405,
0,1,-1,1,50,-1,1,0,1,,,,,,,,,0,0,0,0,0,89,89,64,,,,,,,,,,,,,,,,,,,,,,,,,,,,,-1,1,,,1,,,,,,,,,,,,,,,,,,,,0,,,,,,,Sub029,001,2022_Sep_09_1436,2_1_MRI_Rating_SE_RE,2021.2.3,59.87557829793405,
,,,,,,,,,,,,,,,,,0,0,0,0,,,,,,,,,,,,,,,,,,,,,,,,,,,,,,,,,,,,,,,,,,,,,,,,,,,,,,,,,,,,,,,,Sub029,001,2022_Sep_09_1436,2_1_MRI_Rating_SE_RE,2021.2.3,59.87557829793405,
