﻿Run_Files,current_card_prob,current_WinLoss,Target_Size,start_position,start.thisRepN,start.thisTrialN,start.thisN,start.thisIndex,Run_card.thisRepN,Run_card.thisTrialN,Run_card.thisN,Run_card.thisIndex,trials_card.thisRepN,trials_card.thisTrialN,trials_card.thisN,trials_card.thisIndex,Qlikely_card_L.thisRepN,Qlikely_card_L.thisTrialN,Qlikely_card_L.thisN,Qlikely_card_L.thisIndex,Qlikely_card_R.thisRepN,Qlikely_card_R.thisTrialN,Qlikely_card_R.thisN,Qlikely_card_R.thisIndex,trials.thisRepN,trials.thisTrialN,trials.thisN,trials.thisIndex,trials_bar_Q.thisRepN,trials_bar_Q.thisTrialN,trials_bar_Q.thisN,trials_bar_Q.thisIndex,Qlikely_bar_L.thisRepN,Qlikely_bar_L.thisTrialN,Qlikely_bar_L.thisN,Qlikely_bar_L.thisIndex,Qlikely_bar_R.thisRepN,Qlikely_bar_R.thisTrialN,Qlikely_bar_R.thisN,Qlikely_bar_R.thisIndex,instr.started,instr.stopped,instr_5.started,instr_5.stopped,current_card_prob,current_WinLoss,Q_card_prob,Rating_Likely_card,key_resp_likely_card_R.keys,key_resp_likely_card_R.rt,key_resp_likely_card_R.started,key_resp_likely_card_R.stopped,bar_final_text_2.started,bar_final_text_2.stopped,key_resp_bar.keys,key_resp_bar.rt,key_resp_bar.started,key_resp_bar.stopped,Current_Target_Size,Start_position,key_resp_bar.position,key_resp_bar.hit,trial_speed,center.started,center.stopped,center2.started,center2.stopped,Rating_Likely_bar,center_11.started,center_11.stopped,key_resp_likely_bar_R.keys,key_resp_likely_bar_R.rt,key_resp_likely_bar_R.started,key_resp_likely_bar_R.stopped,instr_4.started,instr_4.stopped,participant,session,date,expName,psychopyVersion,frameRate,
,,,,,0,0,0,0,,,,,,,,,,,,,,,,,,,,,,,,,,,,,,,,,11.560589299537241,None,,,,,,,,,,,,,,,,,,,,,,,,,,,,,,,,,,,Sub018,001,2022_May_31_1343,1trainingbehavior_inMRI,2021.2.3,60.027972940911226,
Card_20.xlsx,20,0,,,,,,,0,0,0,0,0,0,0,3,,,,,,,,,,,,,,,,,,,,,,,,,,,15.65133269969374,None,20,0,,,,,,,,,,,,,,,,,,,,,,,,,,,,,,,Sub018,001,2022_May_31_1343,1trainingbehavior_inMRI,2021.2.3,60.027972940911226,
Card_20.xlsx,20,0,,,,,,,0,0,0,0,0,1,1,5,,,,,,,,,,,,,,,,,,,,,,,,,,,,,20,0,,,,,,,,,,,,,,,,,,,,,,,,,,,,,,,Sub018,001,2022_May_31_1343,1trainingbehavior_inMRI,2021.2.3,60.027972940911226,
Card_20.xlsx,20,1,,,,,,,0,0,0,0,0,2,2,8,,,,,,,,,,,,,,,,,,,,,,,,,,,,,20,1,,,,,,,,,,,,,,,,,,,,,,,,,,,,,,,Sub018,001,2022_May_31_1343,1trainingbehavior_inMRI,2021.2.3,60.027972940911226,
Card_20.xlsx,20,0,,,,,,,0,0,0,0,0,3,3,6,,,,,,,,,,,,,,,,,,,,,,,,,,,,,20,0,,,,,,,,,,,,,,,,,,,,,,,,,,,,,,,Sub018,001,2022_May_31_1343,1trainingbehavior_inMRI,2021.2.3,60.027972940911226,
Card_20.xlsx,20,0,,,,,,,0,0,0,0,0,4,4,1,,,,,,,,,,,,,,,,,,,,,,,,,,,,,20,0,,,,,,,,,,,,,,,,,,,,,,,,,,,,,,,Sub018,001,2022_May_31_1343,1trainingbehavior_inMRI,2021.2.3,60.027972940911226,
Card_20.xlsx,20,0,,,,,,,0,0,0,0,0,5,5,4,,,,,,,,,,,,,,,,,,,,,,,,,,,,,20,0,,,,,,,,,,,,,,,,,,,,,,,,,,,,,,,Sub018,001,2022_May_31_1343,1trainingbehavior_inMRI,2021.2.3,60.027972940911226,
Card_20.xlsx,20,0,,,,,,,0,0,0,0,0,6,6,7,,,,,,,,,,,,,,,,,,,,,,,,,,,,,20,0,,,,,,,,,,,,,,,,,,,,,,,,,,,,,,,Sub018,001,2022_May_31_1343,1trainingbehavior_inMRI,2021.2.3,60.027972940911226,
Card_20.xlsx,20,0,,,,,,,0,0,0,0,0,7,7,0,,,,,,,,,,,,,,,,,,,,,,,,,,,,,20,0,,,,,,,,,,,,,,,,,,,,,,,,,,,,,,,Sub018,001,2022_May_31_1343,1trainingbehavior_inMRI,2021.2.3,60.027972940911226,
Card_20.xlsx,20,1,,,,,,,0,0,0,0,0,8,8,9,,,,,,,,,,,,,,,,,,,,,,,,,,,,,20,1,,,,,,,,,,,,,,,,,,,,,,,,,,,,,,,Sub018,001,2022_May_31_1343,1trainingbehavior_inMRI,2021.2.3,60.027972940911226,
Card_20.xlsx,20,0,,,,,,,0,0,0,0,0,9,9,2,,,,,,,,,,,,,,,,,,,,,,,,,,,,,20,0,,,,,,,,,,,,,,,,,,,,,,,,,,,,,,,Sub018,001,2022_May_31_1343,1trainingbehavior_inMRI,2021.2.3,60.027972940911226,
Card_20.xlsx,,,,,,,,,0,0,0,0,,,,,,,,,0,0,0,0,,,,,,,,,,,,,,,,,,,,,,,20,Extremely Unlikely,r,5.3283879002556205,59.55704359989613,None,,,,,,,,,,,,,,,,,,,,,,,,,Sub018,001,2022_May_31_1343,1trainingbehavior_inMRI,2021.2.3,60.027972940911226,
Card_20.xlsx,,,,,,,,,0,0,0,0,,,,,,,,,,,,,,,,,,,,,,,,,,,,,,,,,,,,,,,,,,,,,,,,,,,,,,,,,,,,,,,,,Sub018,001,2022_May_31_1343,1trainingbehavior_inMRI,2021.2.3,60.027972940911226,
Card_80.xlsx,80,1,,,,,,,0,1,1,2,0,0,0,8,,,,,,,,,,,,,,,,,,,,,,,,,,,,,80,1,,,,,,,,,,,,,,,,,,,,,,,,,,,,,,,Sub018,001,2022_May_31_1343,1trainingbehavior_inMRI,2021.2.3,60.027972940911226,
Card_80.xlsx,80,1,,,,,,,0,1,1,2,0,1,1,2,,,,,,,,,,,,,,,,,,,,,,,,,,,,,80,1,,,,,,,,,,,,,,,,,,,,,,,,,,,,,,,Sub018,001,2022_May_31_1343,1trainingbehavior_inMRI,2021.2.3,60.027972940911226,
Card_80.xlsx,80,0,,,,,,,0,1,1,2,0,2,2,0,,,,,,,,,,,,,,,,,,,,,,,,,,,,,80,0,,,,,,,,,,,,,,,,,,,,,,,,,,,,,,,Sub018,001,2022_May_31_1343,1trainingbehavior_inMRI,2021.2.3,60.027972940911226,
Card_80.xlsx,80,1,,,,,,,0,1,1,2,0,3,3,3,,,,,,,,,,,,,,,,,,,,,,,,,,,,,80,1,,,,,,,,,,,,,,,,,,,,,,,,,,,,,,,Sub018,001,2022_May_31_1343,1trainingbehavior_inMRI,2021.2.3,60.027972940911226,
Card_80.xlsx,80,1,,,,,,,0,1,1,2,0,4,4,4,,,,,,,,,,,,,,,,,,,,,,,,,,,,,80,1,,,,,,,,,,,,,,,,,,,,,,,,,,,,,,,Sub018,001,2022_May_31_1343,1trainingbehavior_inMRI,2021.2.3,60.027972940911226,
Card_80.xlsx,80,1,,,,,,,0,1,1,2,0,5,5,6,,,,,,,,,,,,,,,,,,,,,,,,,,,,,80,1,,,,,,,,,,,,,,,,,,,,,,,,,,,,,,,Sub018,001,2022_May_31_1343,1trainingbehavior_inMRI,2021.2.3,60.027972940911226,
Card_80.xlsx,80,1,,,,,,,0,1,1,2,0,6,6,5,,,,,,,,,,,,,,,,,,,,,,,,,,,,,80,1,,,,,,,,,,,,,,,,,,,,,,,,,,,,,,,Sub018,001,2022_May_31_1343,1trainingbehavior_inMRI,2021.2.3,60.027972940911226,
Card_80.xlsx,80,1,,,,,,,0,1,1,2,0,7,7,9,,,,,,,,,,,,,,,,,,,,,,,,,,,,,80,1,,,,,,,,,,,,,,,,,,,,,,,,,,,,,,,Sub018,001,2022_May_31_1343,1trainingbehavior_inMRI,2021.2.3,60.027972940911226,
Card_80.xlsx,80,0,,,,,,,0,1,1,2,0,8,8,1,,,,,,,,,,,,,,,,,,,,,,,,,,,,,80,0,,,,,,,,,,,,,,,,,,,,,,,,,,,,,,,Sub018,001,2022_May_31_1343,1trainingbehavior_inMRI,2021.2.3,60.027972940911226,
Card_80.xlsx,80,1,,,,,,,0,1,1,2,0,9,9,7,,,,,,,,,,,,,,,,,,,,,,,,,,,,,80,1,,,,,,,,,,,,,,,,,,,,,,,,,,,,,,,Sub018,001,2022_May_31_1343,1trainingbehavior_inMRI,2021.2.3,60.027972940911226,
Card_80.xlsx,,,,,,,,,0,1,1,2,,,,,,,,,0,0,0,0,,,,,,,,,,,,,,,,,,,,,,,80,Extremely Likely,b,3.141606000252068,99.92062779981643,None,,,,,,,,,,,,,,,,,,,,,,,,,Sub018,001,2022_May_31_1343,1trainingbehavior_inMRI,2021.2.3,60.027972940911226,
Card_80.xlsx,,,,,,,,,0,1,1,2,,,,,,,,,,,,,,,,,,,,,,,,,,,,,,,,,,,,,,,,,,,,,,,,,,,,,,,,,,,,,,,,,Sub018,001,2022_May_31_1343,1trainingbehavior_inMRI,2021.2.3,60.027972940911226,
Card_50.xlsx,50,0,,,,,,,0,2,2,1,0,0,0,1,,,,,,,,,,,,,,,,,,,,,,,,,,,,,50,0,,,,,,,,,,,,,,,,,,,,,,,,,,,,,,,Sub018,001,2022_May_31_1343,1trainingbehavior_inMRI,2021.2.3,60.027972940911226,
Card_50.xlsx,50,0,,,,,,,0,2,2,1,0,1,1,0,,,,,,,,,,,,,,,,,,,,,,,,,,,,,50,0,,,,,,,,,,,,,,,,,,,,,,,,,,,,,,,Sub018,001,2022_May_31_1343,1trainingbehavior_inMRI,2021.2.3,60.027972940911226,
Card_50.xlsx,50,1,,,,,,,0,2,2,1,0,2,2,8,,,,,,,,,,,,,,,,,,,,,,,,,,,,,50,1,,,,,,,,,,,,,,,,,,,,,,,,,,,,,,,Sub018,001,2022_May_31_1343,1trainingbehavior_inMRI,2021.2.3,60.027972940911226,
Card_50.xlsx,50,0,,,,,,,0,2,2,1,0,3,3,2,,,,,,,,,,,,,,,,,,,,,,,,,,,,,50,0,,,,,,,,,,,,,,,,,,,,,,,,,,,,,,,Sub018,001,2022_May_31_1343,1trainingbehavior_inMRI,2021.2.3,60.027972940911226,
Card_50.xlsx,50,1,,,,,,,0,2,2,1,0,4,4,6,,,,,,,,,,,,,,,,,,,,,,,,,,,,,50,1,,,,,,,,,,,,,,,,,,,,,,,,,,,,,,,Sub018,001,2022_May_31_1343,1trainingbehavior_inMRI,2021.2.3,60.027972940911226,
Card_50.xlsx,50,1,,,,,,,0,2,2,1,0,5,5,7,,,,,,,,,,,,,,,,,,,,,,,,,,,,,50,1,,,,,,,,,,,,,,,,,,,,,,,,,,,,,,,Sub018,001,2022_May_31_1343,1trainingbehavior_inMRI,2021.2.3,60.027972940911226,
Card_50.xlsx,50,0,,,,,,,0,2,2,1,0,6,6,4,,,,,,,,,,,,,,,,,,,,,,,,,,,,,50,0,,,,,,,,,,,,,,,,,,,,,,,,,,,,,,,Sub018,001,2022_May_31_1343,1trainingbehavior_inMRI,2021.2.3,60.027972940911226,
Card_50.xlsx,50,1,,,,,,,0,2,2,1,0,7,7,9,,,,,,,,,,,,,,,,,,,,,,,,,,,,,50,1,,,,,,,,,,,,,,,,,,,,,,,,,,,,,,,Sub018,001,2022_May_31_1343,1trainingbehavior_inMRI,2021.2.3,60.027972940911226,
Card_50.xlsx,50,0,,,,,,,0,2,2,1,0,8,8,3,,,,,,,,,,,,,,,,,,,,,,,,,,,,,50,0,,,,,,,,,,,,,,,,,,,,,,,,,,,,,,,Sub018,001,2022_May_31_1343,1trainingbehavior_inMRI,2021.2.3,60.027972940911226,
Card_50.xlsx,50,1,,,,,,,0,2,2,1,0,9,9,5,,,,,,,,,,,,,,,,,,,,,,,,,,,,,50,1,,,,,,,,,,,,,,,,,,,,,,,,,,,,,,,Sub018,001,2022_May_31_1343,1trainingbehavior_inMRI,2021.2.3,60.027972940911226,
Card_50.xlsx,,,,,,,,,0,2,2,1,,,,,,,,,0,0,0,0,,,,,,,,,,,,,,,,,,,,,,,50,Slightly Likely,y,1.698280499316752,138.1078631998971,None,,,,,,,,,,,,,,,,,,,,,,,,,Sub018,001,2022_May_31_1343,1trainingbehavior_inMRI,2021.2.3,60.027972940911226,
Card_50.xlsx,,,,,,,,,0,2,2,1,,,,,,,,,,,,,,,,,,,,,,,,,,,,,,,,,,,,,,,,,,,,,,,,,,,,,,,,,,,,,,,,,Sub018,001,2022_May_31_1343,1trainingbehavior_inMRI,2021.2.3,60.027972940911226,
,,,20,0,,,,,,,,,,,,,,,,,,,,,0,0,0,28,,,,,,,,,,,,,,,,,,,,,,,,,139.8222840996459,None,y,4.116056900471449,169.97508609946817,None,18.508748697050773,0,23,0,7,169.97508609946817,None,174.10745539981872,None,,,,,,,,,,Sub018,001,2022_May_31_1343,1trainingbehavior_inMRI,2021.2.3,60.027972940911226,
,,,10,1,,,,,,,,,,,,,,,,,,,,,0,1,1,15,,,,,,,,,,,,,,,,,,,,,,,,,,,y,2.916522500105202,174.60677229985595,None,6.950728013288304,1,19,0,7,174.60677229985595,None,177.54032559972256,None,,,,,,,,,,Sub018,001,2022_May_31_1343,1trainingbehavior_inMRI,2021.2.3,60.027972940911226,
,,,20,0,,,,,,,,,,,,,,,,,,,,,0,2,2,29,,,,,,,,,,,,,,,,,,,,,,,,,,,y,1.7537073995918036,178.04054909944534,None,18.508748697050773,0,2,1,7,178.04054909944534,None,179.82358049973845,None,,,,,,,,,,Sub018,001,2022_May_31_1343,1trainingbehavior_inMRI,2021.2.3,60.027972940911226,
,,,10,1,,,,,,,,,,,,,,,,,,,,,0,3,3,17,,,,,,,,,,,,,,,,,,,,,,,,,,,y,2.9122152999043465,180.32415329944342,None,6.950728013288304,1,19,0,7,180.32415329944342,None,183.25707149971277,None,,,,,,,,,,Sub018,001,2022_May_31_1343,1trainingbehavior_inMRI,2021.2.3,60.027972940911226,
,,,20,1,,,,,,,,,,,,,,,,,,,,,0,4,4,30,,,,,,,,,,,,,,,,,,,,,,,,,,,g,2.980661599896848,183.7571639996022,None,18.508748697050773,1,-9,1,7,183.7571639996022,None,186.75722009968013,None,,,,,,,,,,Sub018,001,2022_May_31_1343,1trainingbehavior_inMRI,2021.2.3,60.027972940911226,
,,,10,1,,,,,,,,,,,,,,,,,,,,,0,5,5,12,,,,,,,,,,,,,,,,,,,,,,,,,,,g,2.899756000377238,187.25765820033848,None,6.950728013288304,1,26,0,7,187.25765820033848,None,190.17403060011566,None,,,,,,,,,,Sub018,001,2022_May_31_1343,1trainingbehavior_inMRI,2021.2.3,60.027972940911226,
,,,30,0,,,,,,,,,,,,,,,,,,,,,0,6,6,41,,,,,,,,,,,,,,,,,,,,,,,,,,,g,1.790294200181961,190.6740913996473,None,35.1679945591405,0,-12,1,7,190.6740913996473,None,192.49191839993,None,,,,,,,,,,Sub018,001,2022_May_31_1343,1trainingbehavior_inMRI,2021.2.3,60.027972940911226,
,,,20,0,,,,,,,,,,,,,,,,,,,,,0,7,7,22,,,,,,,,,,,,,,,,,,,,,,,,,,,g,1.814062099903822,192.9912497997284,None,18.508748697050773,0,-19,0,7,192.9912497997284,None,194.82517919968814,None,,,,,,,,,,Sub018,001,2022_May_31_1343,1trainingbehavior_inMRI,2021.2.3,60.027972940911226,
,,,30,0,,,,,,,,,,,,,,,,,,,,,0,8,8,44,,,,,,,,,,,,,,,,,,,,,,,,,,,g,1.7994756000116467,195.324338699691,None,35.1679945591405,0,-12,1,7,195.324338699691,None,197.14120270032436,None,,,,,,,,,,Sub018,001,2022_May_31_1343,1trainingbehavior_inMRI,2021.2.3,60.027972940911226,
,,,30,1,,,,,,,,,,,,,,,,,,,,,0,9,9,52,,,,,,,,,,,,,,,,,,,,,,,,,,,g,7.757274700328708,197.64141379948705,None,35.1679945591405,1,-2,1,7,197.64141379948705,None,205.42458709981292,None,,,,,,,,,,Sub018,001,2022_May_31_1343,1trainingbehavior_inMRI,2021.2.3,60.027972940911226,
,,,20,0,,,,,,,,,,,,,,,,,,,,,0,10,10,27,,,,,,,,,,,,,,,,,,,,,,,,,,,g,1.766507100313902,205.92494060005993,None,18.508748697050773,0,2,1,7,205.92494060005993,None,207.7079894002527,None,,,,,,,,,,Sub018,001,2022_May_31_1343,1trainingbehavior_inMRI,2021.2.3,60.027972940911226,
,,,10,0,,,,,,,,,,,,,,,,,,,,,0,11,11,2,,,,,,,,,,,,,,,,,,,,,,,,,,,g,1.7661480996757746,208.20814870018512,None,6.950728013288304,0,2,1,7,208.20814870018512,None,209.99182709958404,None,,,,,,,,,,Sub018,001,2022_May_31_1343,1trainingbehavior_inMRI,2021.2.3,60.027972940911226,
,,,20,1,,,,,,,,,,,,,,,,,,,,,0,12,12,32,,,,,,,,,,,,,,,,,,,,,,,,,,,g,2.9570737006142735,210.49215300008655,None,18.508748697050773,1,-2,1,7,210.49215300008655,None,213.47565250005573,None,,,,,,,,,,Sub018,001,2022_May_31_1343,1trainingbehavior_inMRI,2021.2.3,60.027972940911226,
,,,20,0,,,,,,,,,,,,,,,,,,,,,0,13,13,23,,,,,,,,,,,,,,,,,,,,,,,,,,,g,1.7767765000462532,213.97483699955046,None,18.508748697050773,0,-5,1,7,213.97483699955046,None,215.77569469995797,None,,,,,,,,,,Sub018,001,2022_May_31_1343,1trainingbehavior_inMRI,2021.2.3,60.027972940911226,
,,,20,0,,,,,,,,,,,,,,,,,,,,,0,14,14,24,,,,,,,,,,,,,,,,,,,,,,,,,,,g,1.7901771003380418,216.2750826999545,None,18.508748697050773,0,-12,0,7,216.2750826999545,None,218.0917529994622,None,,,,,,,,,,Sub018,001,2022_May_31_1343,1trainingbehavior_inMRI,2021.2.3,60.027972940911226,
,,,30,1,,,,,,,,,,,,,,,,,,,,,0,15,15,56,,,,,,,,,,,,,,,,,,,,,,,,,,,g,1.7553745992481709,218.5918854996562,None,35.1679945591405,1,-2,1,7,218.5918854996562,None,220.37639479991049,None,,,,,,,,,,Sub018,001,2022_May_31_1343,1trainingbehavior_inMRI,2021.2.3,60.027972940911226,
,,,10,1,,,,,,,,,,,,,,,,,,,,,0,16,16,11,,,,,,,,,,,,,,,,,,,,,,,,,,,g,2.9155719000846148,220.87545990012586,None,6.950728013288304,1,19,0,7,220.87545990012586,None,223.809653500095,None,,,,,,,,,,Sub018,001,2022_May_31_1343,1trainingbehavior_inMRI,2021.2.3,60.027972940911226,
,,,20,1,,,,,,,,,,,,,,,,,,,,,0,17,17,31,,,,,,,,,,,,,,,,,,,,,,,,,,,g,2.9314411003142595,224.30905659962445,None,18.508748697050773,1,12,0,7,224.30905659962445,None,227.2587781995535,None,,,,,,,,,,Sub018,001,2022_May_31_1343,1trainingbehavior_inMRI,2021.2.3,60.027972940911226,
,,,30,1,,,,,,,,,,,,,,,,,,,,,0,18,18,53,,,,,,,,,,,,,,,,,,,,,,,,,,,g,2.968873499892652,227.75929540023208,None,35.1679945591405,1,-9,1,7,227.75929540023208,None,230.75866349972785,None,,,,,,,,,,Sub018,001,2022_May_31_1343,1trainingbehavior_inMRI,2021.2.3,60.027972940911226,
,,,10,0,,,,,,,,,,,,,,,,,,,,,0,19,19,6,,,,,,,,,,,,,,,,,,,,,,,,,,,g,1.774099400267005,231.25915700010955,None,6.950728013288304,0,-5,0,7,231.25915700010955,None,233.05993479955941,None,,,,,,,,,,Sub018,001,2022_May_31_1343,1trainingbehavior_inMRI,2021.2.3,60.027972940911226,
,,,30,1,,,,,,,,,,,,,,,,,,,,,0,20,20,54,,,,,,,,,,,,,,,,,,,,,,,,,,,g,2.9841470001265407,233.55918370001018,None,35.1679945591405,1,-9,1,7,233.55918370001018,None,236.5601038997993,None,,,,,,,,,,Sub018,001,2022_May_31_1343,1trainingbehavior_inMRI,2021.2.3,60.027972940911226,
,,,30,1,,,,,,,,,,,,,,,,,,,,,0,21,21,58,,,,,,,,,,,,,,,,,,,,,,,,,,,g,1.7022016001865268,237.05939469952136,None,35.1679945591405,1,-23,0,7,237.05939469952136,None,238.79255819972605,None,,,,,,,,,,Sub018,001,2022_May_31_1343,1trainingbehavior_inMRI,2021.2.3,60.027972940911226,
,,,30,0,,,,,,,,,,,,,,,,,,,,,0,22,22,46,,,,,,,,,,,,,,,,,,,,,,,,,,,g,1.8335116999223828,239.2929189996794,None,35.1679945591405,0,-26,0,7,239.2929189996794,None,241.14269739948213,None,,,,,,,,,,Sub018,001,2022_May_31_1343,1trainingbehavior_inMRI,2021.2.3,60.027972940911226,
,,,30,0,,,,,,,,,,,,,,,,,,,,,0,23,23,48,,,,,,,,,,,,,,,,,,,,,,,,,,,g,1.784142100252211,241.64301249943674,None,35.1679945591405,0,-5,1,7,241.64301249943674,None,243.44278290029615,None,,,,,,,,,,Sub018,001,2022_May_31_1343,1trainingbehavior_inMRI,2021.2.3,60.027972940911226,
,,,30,0,,,,,,,,,,,,,,,,,,,,,0,24,24,45,,,,,,,,,,,,,,,,,,,,,,,,,,,g,1.7873152997344732,243.94295599963516,None,35.1679945591405,0,-12,1,7,243.94295599963516,None,245.76013430021703,None,,,,,,,,,,Sub018,001,2022_May_31_1343,1trainingbehavior_inMRI,2021.2.3,60.027972940911226,
,,,10,1,,,,,,,,,,,,,,,,,,,,,0,25,25,13,,,,,,,,,,,,,,,,,,,,,,,,,,,g,2.920894999988377,246.259566700086,None,6.950728013288304,1,12,0,7,246.259566700086,None,249.2097821002826,None,,,,,,,,,,Sub018,001,2022_May_31_1343,1trainingbehavior_inMRI,2021.2.3,60.027972940911226,
,,,20,1,,,,,,,,,,,,,,,,,,,,,0,26,26,35,,,,,,,,,,,,,,,,,,,,,,,,,,,g,1.7056841002777219,249.7096132999286,None,18.508748697050773,1,-23,0,7,249.7096132999286,None,251.44328359980136,None,,,,,,,,,,Sub018,001,2022_May_31_1343,1trainingbehavior_inMRI,2021.2.3,60.027972940911226,
,,,10,0,,,,,,,,,,,,,,,,,,,,,0,27,27,8,,,,,,,,,,,,,,,,,,,,,,,,,,,g,1.8154926002025604,251.94319279957563,None,6.950728013288304,0,-19,0,7,251.94319279957563,None,253.77623130008578,None,,,,,,,,,,Sub018,001,2022_May_31_1343,1trainingbehavior_inMRI,2021.2.3,60.027972940911226,
,,,30,0,,,,,,,,,,,,,,,,,,,,,0,28,28,47,,,,,,,,,,,,,,,,,,,,,,,,,,,g,1.8479949003085494,254.2762096002698,None,35.1679945591405,0,-33,0,7,254.2762096002698,None,256.1431937003508,None,,,,,,,,,,Sub018,001,2022_May_31_1343,1trainingbehavior_inMRI,2021.2.3,60.027972940911226,
,,,10,0,,,,,,,,,,,,,,,,,,,,,0,29,29,1,,,,,,,,,,,,,,,,,,,,,,,,,,,g,4.111529899761081,256.64333670027554,None,6.950728013288304,0,23,0,7,256.64333670027554,None,260.7766567002982,None,,,,,,,,,,Sub018,001,2022_May_31_1343,1trainingbehavior_inMRI,2021.2.3,60.027972940911226,
,,,10,0,,,,,,,,,,,,,,,,,,,,,0,30,30,5,,,,,,,,,,,,,,,,,,,,,,,,,,,g,1.7996724005788565,261.27760049980134,None,6.950728013288304,0,-12,0,7,261.27760049980134,None,263.09348860010505,None,,,,,,,,,,Sub018,001,2022_May_31_1343,1trainingbehavior_inMRI,2021.2.3,60.027972940911226,
,,,10,1,,,,,,,,,,,,,,,,,,,,,0,31,31,16,,,,,,,,,,,,,,,,,,,,,,,,,,,g,3.002656800672412,263.59355099964887,None,6.950728013288304,1,-16,0,7,263.59355099964887,None,266.6101943003014,None,,,,,,,,,,Sub018,001,2022_May_31_1343,1trainingbehavior_inMRI,2021.2.3,60.027972940911226,
,,,10,0,,,,,,,,,,,,,,,,,,,,,0,32,32,9,,,,,,,,,,,,,,,,,,,,,,,,,,,g,1.78732640016824,267.11007890012115,None,6.950728013288304,0,-12,0,7,267.11007890012115,None,268.92723220027983,None,,,,,,,,,,Sub018,001,2022_May_31_1343,1trainingbehavior_inMRI,2021.2.3,60.027972940911226,
,,,30,1,,,,,,,,,,,,,,,,,,,,,0,33,33,57,,,,,,,,,,,,,,,,,,,,,,,,,,,g,2.9522906001657248,269.4272425994277,None,35.1679945591405,1,-2,1,7,269.4272425994277,None,272.41032189968973,None,,,,,,,,,,Sub018,001,2022_May_31_1343,1trainingbehavior_inMRI,2021.2.3,60.027972940911226,
,,,10,1,,,,,,,,,,,,,,,,,,,,,0,34,34,10,,,,,,,,,,,,,,,,,,,,,,,,,,,g,7.785657299682498,272.9104755995795,None,6.950728013288304,1,-9,0,7,272.9104755995795,None,280.7115275003016,None,,,,,,,,,,Sub018,001,2022_May_31_1343,1trainingbehavior_inMRI,2021.2.3,60.027972940911226,
,,,10,1,,,,,,,,,,,,,,,,,,,,,0,35,35,14,,,,,,,,,,,,,,,,,,,,,,,,,,,g,2.9799800999462605,281.2115727001801,None,6.950728013288304,1,-9,0,7,281.2115727001801,None,284.21094619948417,None,,,,,,,,,,Sub018,001,2022_May_31_1343,1trainingbehavior_inMRI,2021.2.3,60.027972940911226,
,,,30,1,,,,,,,,,,,,,,,,,,,,,0,36,36,55,,,,,,,,,,,,,,,,,,,,,,,,,,,g,2.9681463995948434,284.71096529997885,None,35.1679945591405,1,-2,1,7,284.71096529997885,None,287.69457689952105,None,,,,,,,,,,Sub018,001,2022_May_31_1343,1trainingbehavior_inMRI,2021.2.3,60.027972940911226,
,,,20,1,,,,,,,,,,,,,,,,,,,,,0,37,37,33,,,,,,,,,,,,,,,,,,,,,,,,,,,g,5.295036599971354,288.19439429976046,None,18.508748697050773,1,26,0,7,288.19439429976046,None,293.51317320019007,None,,,,,,,,,,Sub018,001,2022_May_31_1343,1trainingbehavior_inMRI,2021.2.3,60.027972940911226,
,,,30,0,,,,,,,,,,,,,,,,,,,,,0,38,38,49,,,,,,,,,,,,,,,,,,,,,,,,,,,g,1.773667000234127,294.0286095002666,None,35.1679945591405,0,-5,1,7,294.0286095002666,None,295.8278045002371,None,,,,,,,,,,Sub018,001,2022_May_31_1343,1trainingbehavior_inMRI,2021.2.3,60.027972940911226,
,,,10,0,,,,,,,,,,,,,,,,,,,,,0,39,39,7,,,,,,,,,,,,,,,,,,,,,,,,,,,g,4.131082200445235,296.3281332999468,None,6.950728013288304,0,16,0,7,296.3281332999468,None,300.47891869954765,None,,,,,,,,,,Sub018,001,2022_May_31_1343,1trainingbehavior_inMRI,2021.2.3,60.027972940911226,
,,,30,0,,,,,,,,,,,,,,,,,,,,,0,40,40,40,,,,,,,,,,,,,,,,,,,,,,,,,,,g,1.8222803995013237,300.9788391003385,None,35.1679945591405,0,-26,0,7,300.9788391003385,None,302.8282746002078,None,,,,,,,,,,Sub018,001,2022_May_31_1343,1trainingbehavior_inMRI,2021.2.3,60.027972940911226,
,,,20,0,,,,,,,,,,,,,,,,,,,,,0,41,41,21,,,,,,,,,,,,,,,,,,,,,,,,,,,g,1.8011266998946667,303.3282947996631,None,18.508748697050773,0,-12,0,7,303.3282947996631,None,305.145754000172,None,,,,,,,,,,Sub018,001,2022_May_31_1343,1trainingbehavior_inMRI,2021.2.3,60.027972940911226,
,,,10,1,,,,,,,,,,,,,,,,,,,,,0,42,42,18,,,,,,,,,,,,,,,,,,,,,,,,,,,g,2.9658607998862863,305.6457577999681,None,6.950728013288304,1,-2,1,7,305.6457577999681,None,308.6284098001197,None,,,,,,,,,,Sub018,001,2022_May_31_1343,1trainingbehavior_inMRI,2021.2.3,60.027972940911226,
,,,20,1,,,,,,,,,,,,,,,,,,,,,0,43,43,36,,,,,,,,,,,,,,,,,,,,,,,,,,,g,2.9456180995330215,309.12858670018613,None,18.508748697050773,1,5,1,7,309.12858670018613,None,312.0952447997406,None,,,,,,,,,,Sub018,001,2022_May_31_1343,1trainingbehavior_inMRI,2021.2.3,60.027972940911226,
,,,20,1,,,,,,,,,,,,,,,,,,,,,0,44,44,34,,,,,,,,,,,,,,,,,,,,,,,,,,,g,2.9718519002199173,312.59530059993267,None,18.508748697050773,1,-9,1,7,312.59530059993267,None,315.5954972002655,None,,,,,,,,,,Sub018,001,2022_May_31_1343,1trainingbehavior_inMRI,2021.2.3,60.027972940911226,
,,,20,0,,,,,,,,,,,,,,,,,,,,,0,45,45,25,,,,,,,,,,,,,,,,,,,,,,,,,,,g,4.155551300384104,316.0955881001428,None,18.508748697050773,0,2,1,7,316.0955881001428,None,320.2792140003294,None,,,,,,,,,,Sub018,001,2022_May_31_1343,1trainingbehavior_inMRI,2021.2.3,60.027972940911226,
,,,30,0,,,,,,,,,,,,,,,,,,,,,0,46,46,43,,,,,,,,,,,,,,,,,,,,,,,,,,,g,1.7179116997867823,320.7792475996539,None,35.1679945591405,0,23,0,7,320.7792475996539,None,322.51309129968286,None,,,,,,,,,,Sub018,001,2022_May_31_1343,1trainingbehavior_inMRI,2021.2.3,60.027972940911226,
,,,20,0,,,,,,,,,,,,,,,,,,,,,0,47,47,20,,,,,,,,,,,,,,,,,,,,,,,,,,,g,1.7229172997176647,323.0123506998643,None,18.508748697050773,0,16,0,7,323.0123506998643,None,324.76348869968206,None,,,,,,,,,,Sub018,001,2022_May_31_1343,1trainingbehavior_inMRI,2021.2.3,60.027972940911226,
,,,10,0,,,,,,,,,,,,,,,,,,,,,0,48,48,3,,,,,,,,,,,,,,,,,,,,,,,,,,,g,1.760921400040388,325.26324000023305,None,6.950728013288304,0,2,1,7,325.26324000023305,None,327.04579329956323,None,,,,,,,,,,Sub018,001,2022_May_31_1343,1trainingbehavior_inMRI,2021.2.3,60.027972940911226,
,,,20,1,,,,,,,,,,,,,,,,,,,,,0,49,49,38,,,,,,,,,,,,,,,,,,,,,,,,,,,g,2.972225700505078,327.54587319958955,None,18.508748697050773,1,-9,1,7,327.54587319958955,None,330.54598770011216,None,,,,,,,,,,Sub018,001,2022_May_31_1343,1trainingbehavior_inMRI,2021.2.3,60.027972940911226,
,,,30,1,,,,,,,,,,,,,,,,,,,,,0,50,50,50,,,,,,,,,,,,,,,,,,,,,,,,,,,g,2.967005499638617,331.046274099499,None,35.1679945591405,1,-2,1,7,331.046274099499,None,334.0298109995201,None,,,,,,,,,,Sub018,001,2022_May_31_1343,1trainingbehavior_inMRI,2021.2.3,60.027972940911226,
,,,30,1,,,,,,,,,,,,,,,,,,,,,0,51,51,59,,,,,,,,,,,,,,,,,,,,,,,,,,,g,2.939691700041294,334.52952369954437,None,35.1679945591405,1,5,1,7,334.52952369954437,None,337.4961208002642,None,,,,,,,,,,Sub018,001,2022_May_31_1343,1trainingbehavior_inMRI,2021.2.3,60.027972940911226,
,,,20,1,,,,,,,,,,,,,,,,,,,,,0,52,52,39,,,,,,,,,,,,,,,,,,,,,,,,,,,g,2.9558974001556635,337.99621559958905,None,18.508748697050773,1,-2,1,7,337.99621559958905,None,340.97993780020624,None,,,,,,,,,,Sub018,001,2022_May_31_1343,1trainingbehavior_inMRI,2021.2.3,60.027972940911226,
,,,30,0,,,,,,,,,,,,,,,,,,,,,0,53,53,42,,,,,,,,,,,,,,,,,,,,,,,,,,,g,1.740127899684012,341.48000460024923,None,35.1679945591405,0,9,1,7,341.48000460024923,None,343.24638239946216,None,,,,,,,,,,Sub018,001,2022_May_31_1343,1trainingbehavior_inMRI,2021.2.3,60.027972940911226,
,,,30,1,,,,,,,,,,,,,,,,,,,,,0,54,54,51,,,,,,,,,,,,,,,,,,,,,,,,,,,g,3.0033825002610683,343.7467382000759,None,35.1679945591405,1,-23,0,7,343.7467382000759,None,346.7799212001264,None,,,,,,,,,,Sub018,001,2022_May_31_1343,1trainingbehavior_inMRI,2021.2.3,60.027972940911226,
,,,10,1,,,,,,,,,,,,,,,,,,,,,0,55,55,19,,,,,,,,,,,,,,,,,,,,,,,,,,,g,1.7097241999581456,347.27984629943967,None,6.950728013288304,1,-23,0,7,347.27984629943967,None,349.01335159968585,None,,,,,,,,,,Sub018,001,2022_May_31_1343,1trainingbehavior_inMRI,2021.2.3,60.027972940911226,
,,,20,1,,,,,,,,,,,,,,,,,,,,,0,56,56,37,,,,,,,,,,,,,,,,,,,,,,,,,,,g,2.9808376003056765,349.5132970996201,None,18.508748697050773,1,-9,1,7,349.5132970996201,None,352.5133456001058,None,,,,,,,,,,Sub018,001,2022_May_31_1343,1trainingbehavior_inMRI,2021.2.3,60.027972940911226,
,,,20,0,,,,,,,,,,,,,,,,,,,,,0,57,57,26,,,,,,,,,,,,,,,,,,,,,,,,,,,g,1.7319160997867584,353.0140166003257,None,18.508748697050773,0,16,0,7,353.0140166003257,None,354.7646618997678,None,,,,,,,,,,Sub018,001,2022_May_31_1343,1trainingbehavior_inMRI,2021.2.3,60.027972940911226,
,,,10,0,,,,,,,,,,,,,,,,,,,,,0,58,58,0,,,,,,,,,,,,,,,,,,,,,,,,,,,g,4.170408600009978,355.2638900997117,None,6.950728013288304,0,-5,0,7,355.2638900997117,None,359.4640656001866,None,,,,,,,,,,Sub018,001,2022_May_31_1343,1trainingbehavior_inMRI,2021.2.3,60.027972940911226,
,,,10,0,,,,,,,,,,,,,,,,,,,,,0,59,59,4,,,,,,,,,,,,,,,,,,,,,,,,,,,g,1.7373762000352144,359.96376299951226,None,6.950728013288304,0,9,0,7,359.96376299951226,None,361.7308219000697,None,,,,,,,,,,Sub018,001,2022_May_31_1343,1trainingbehavior_inMRI,2021.2.3,60.027972940911226,
,,,10,,,,,,,,,,,,,,,,,,,,,,,,,,0,0,0,0,,,,,0,0,0,0,,,,,,,,,,,,,,,,,,,,,,,,,,,,Extremely Unlikely,362.23834330029786,None,r,6.294647299684584,362.23834330029786,None,,,Sub018,001,2022_May_31_1343,1trainingbehavior_inMRI,2021.2.3,60.027972940911226,
,,,10,,,,,,,,,,,,,,,,,,,,,,,,,,0,0,0,0,,,,,,,,,,,,,,,,,,,,,,,,,,,,,,,,,,,,,,,,,,,,,Sub018,001,2022_May_31_1343,1trainingbehavior_inMRI,2021.2.3,60.027972940911226,
,,,20,,,,,,,,,,,,,,,,,,,,,,,,,,0,1,1,1,,,,,0,0,0,0,,,,,,,,,,,,,,,,,,,,,,,,,,,,Slightly Unlikely,368.5644455999136,None,g,4.530636699870229,368.5644455999136,None,,,Sub018,001,2022_May_31_1343,1trainingbehavior_inMRI,2021.2.3,60.027972940911226,
,,,20,,,,,,,,,,,,,,,,,,,,,,,,,,0,1,1,1,,,,,,,,,,,,,,,,,,,,,,,,,,,,,,,,,,,,,,,,,,,,,Sub018,001,2022_May_31_1343,1trainingbehavior_inMRI,2021.2.3,60.027972940911226,
,,,30,,,,,,,,,,,,,,,,,,,,,,,,,,0,2,2,2,,,,,0,0,0,0,,,,,,,,,,,,,,,,,,,,,,,,,,,,Slightly likely,373.1147467996925,None,y,2.0659517999738455,373.1147467996925,None,,,Sub018,001,2022_May_31_1343,1trainingbehavior_inMRI,2021.2.3,60.027972940911226,
,,,30,,,,,,,,,,,,,,,,,,,,,,,,,,0,2,2,2,,,,,,,,,,,,,,,,,,,,,,,,,,,,,,,,,,,,,,,,,,,,,Sub018,001,2022_May_31_1343,1trainingbehavior_inMRI,2021.2.3,60.027972940911226,
,,,,,,,,,,,,,,,,,,,,,,,,,,,,,,,,,,,,,,,,,,,,,,,,,,,,,,,,,,,,,,,,,,,,,,,,,,,375.1977750994265,None,,,,,,,
