﻿current_pair,current_pair_SE,current_pair_RE,current_card_prob,ITI_Play,Play_block_Q,start_MRI.thisRepN,start_MRI.thisTrialN,start_MRI.thisN,start_MRI.thisIndex,L_subjects.thisRepN,L_subjects.thisTrialN,L_subjects.thisN,L_subjects.thisIndex,fMRI_trials_Play_L.thisRepN,fMRI_trials_Play_L.thisTrialN,fMRI_trials_Play_L.thisN,fMRI_trials_Play_L.thisIndex,Q_Play_L.thisRepN,Q_Play_L.thisTrialN,Q_Play_L.thisN,Q_Play_L.thisIndex,R_subjects.thisRepN,R_subjects.thisTrialN,R_subjects.thisN,R_subjects.thisIndex,fMRI_center.started,fMRI_center.stopped,fMR_Instr1_text.started,fMR_Instr1_text.stopped,text_SE_7.started,text_SE_7.stopped,fMRI_center_2.started,fMRI_center_2.stopped,fMR_Instr2_text_2.started,fMR_Instr2_text_2.stopped,text_SE_8.started,text_SE_8.stopped,Slider_rating_Play_instr_L.response,Slider_rating_Play_instr_L.rt,Slider_rating_Play_instr_L.started,Slider_rating_Play_instr_L.stopped,fMRI_center_instrTimePlay_L.started,fMRI_center_instrTimePlay_L.stopped,fMR_Instr2_text_6.started,fMR_Instr2_text_6.stopped,fMRI_instr3_Q_play.started,fMRI_instr3_Q_play.stopped,text_SE_3.started,text_SE_3.stopped,PairQuestionONSET_attri_R_2.started,PairQuestionONSET_attri_R_2.stopped,key_resp_rating_Attri_R_2.keys,key_resp_rating_Attri_R_2.rt,key_resp_rating_Attri_R_2.started,key_resp_rating_Attri_R_2.stopped,text_SE_18.started,text_SE_18.stopped,fMR_Instr2_text_9.started,fMR_Instr2_text_9.stopped,Ready_text.started,Ready_text.stopped,trigger_2.keys,trigger_2.rt,trigger_2.started,trigger_2.stopped,center_OnsetTime.started,center_OnsetTime.stopped,PairONSET_card_prob.started,PairONSET_card_prob.stopped,text_SE_9.started,text_SE_9.stopped,fixOnset_text_5.started,fixOnset_text_5.stopped,current_pair,current_pair_SE,current_pair_RE,target_pair,card_pair,ISI1_Play,type_Q,Play_block_Q,PairQuestionONSET_text_2.started,PairQuestionONSET_text_2.stopped,key_resp_rating_play_L.keys,key_resp_rating_play_L.rt,key_resp_rating_play_L.started,key_resp_rating_play_L.stopped,Rating_pair_Play,ISI2_Play,fixOnset_text.started,fixOnset_text.stopped,PairQuestionONSET_attri_2.started,PairQuestionONSET_attri_2.stopped,key_resp_rating_Attri_L2.keys,key_resp_rating_Attri_L2.rt,key_resp_rating_Attri_L2.started,key_resp_rating_Attri_L2.stopped,ITI_actual_Play,Attri_Ans,lagTime,text_SE_19.started,text_SE_19.stopped,fixOnset_text_ITI.started,fixOnset_text_ITI.stopped,Final_text_Q.started,Final_text_Q.stopped,key_resp_3.keys,participant,session,date,expName,psychopyVersion,frameRate
,,,,,,0,0,0,0,,,,,,,,,,,,,,,,,12.2157236,None,12.2157236,None,12.2157236,None,,,,,,,,,,,,,,,,,,,,,,,,,,,,,,,,,,,,,,,,,,,,,,,,,,,,,,,,,,,,,,,,,,,,,,,,,,,,,Sub004,1,2022_Apr_29_1114,2_3_MRI_Rating_Play_Eyetracking,2021.2.3,60.13449699
7,2,1,50,1,1,,,,,0,0,0,0,0,0,0,61,0,0,0,0,,,,,,,,,,,16.4013646,None,16.4013646,None,16.4013646,None,None,None,108.6769062,None,108.6769062,None,108.6769062,None,108.6769062,None,108.6769062,None,110.0756615,None,y,2.805368001,110.0756615,None,110.0756615,None,110.0756615,None,112.9019695,None,t,15.2030762,112.9019695,None,128.2233715,None,128.2233715,None,128.2233715,None,130.2491056,None,7,2,1,39.33216782,50,1,2,1,131.3559963,None,g,1.649190901,131.3559963,None,Yes,1.350809099,133.1187435,None,134.5772512,None,r,1.570035401,134.5772512,None,0.9802199,Definitely Bar,-0.0197801,134.5772512,None,136.2700466,None,,,,Sub004,1,2022_Apr_29_1114,2_3_MRI_Rating_Play_Eyetracking,2021.2.3,60.13449699
7,2,1,50,1,1,,,,,0,0,0,0,0,0,0,61,,,,,,,,,,,,,,,,,,,,,,,,,,,,,,,,,,,,,,,,,,,,,,,,,,,,,,,,,7,2,1,,,,,1,,,,,,,,,,,,,,,,,,,,,,,,,,,Sub004,1,2022_Apr_29_1114,2_3_MRI_Rating_Play_Eyetracking,2021.2.3,60.13449699
8,2,2,80,3,1,,,,,0,0,0,0,0,1,1,71,0,0,0,0,,,,,,,,,,,,,,,,,,,,,,,,,,,,,,,,,,,,,,,,,,,,,137.3352442,None,137.3352442,None,137.3352442,None,139.3717361,None,8,2,2,39.33216782,80,3,2,1,142.4896848,None,r,0.547392901,142.4896848,None,Definitely Yes,2.452607099,143.1417296,None,145.6759855,None,r,0.850015101,145.6759855,None,1.7303162,Definitely Bar,0.7303162,145.6759855,None,146.6500378,None,,,,Sub004,1,2022_Apr_29_1114,2_3_MRI_Rating_Play_Eyetracking,2021.2.3,60.13449699
8,2,2,80,3,1,,,,,0,0,0,0,0,1,1,71,,,,,,,,,,,,,,,,,,,,,,,,,,,,,,,,,,,,,,,,,,,,,,,,,,,,,,,,,8,2,2,,,,,1,,,,,,,,,,,,,,,,,,,,,,,,,,,Sub004,1,2022_Apr_29_1114,2_3_MRI_Rating_Play_Eyetracking,2021.2.3,60.13449699
1,0,1,50,2,1,,,,,0,0,0,0,0,2,2,37,0,0,0,0,,,,,,,,,,,,,,,,,,,,,,,,,,,,,,,,,,,,,,,,,,,,,148.4796253,None,148.4796253,None,148.4796253,None,150.5005777,None,1,0,1,7.773750084,50,2,2,1,152.5859629,None,b,0.889516901,152.5859629,None,Definitely No,2.110483099,153.607427,None,155.8272734,None,r,1.510470201,155.8272734,None,1.0378032,Definitely Bar,0.0378032,155.8272734,None,157.4672114,None,,,,Sub004,1,2022_Apr_29_1114,2_3_MRI_Rating_Play_Eyetracking,2021.2.3,60.13449699
1,0,1,50,2,1,,,,,0,0,0,0,0,2,2,37,,,,,,,,,,,,,,,,,,,,,,,,,,,,,,,,,,,,,,,,,,,,,,,,,,,,,,,,,1,0,1,,,,,1,,,,,,,,,,,,,,,,,,,,,,,,,,,Sub004,1,2022_Apr_29_1114,2_3_MRI_Rating_Play_Eyetracking,2021.2.3,60.13449699
2,0,2,80,2,1,,,,,0,0,0,0,0,3,3,65,0,0,0,0,,,,,,,,,,,,,,,,,,,,,,,,,,,,,,,,,,,,,,,,,,,,,158.6145739,None,158.6145739,None,158.6145739,None,160.6114257,None,2,0,2,7.773750084,80,2,2,1,162.7232324,None,b,0.716985601,162.7232324,None,Definitely No,2.283014399,163.5726597,None,165.9753413,None,r,0.425410001,165.9753413,None,2.123181,Definitely Bar,1.123181,165.9753413,None,166.5251293,None,,,,Sub004,1,2022_Apr_29_1114,2_3_MRI_Rating_Play_Eyetracking,2021.2.3,60.13449699
2,0,2,80,2,1,,,,,0,0,0,0,0,3,3,65,,,,,,,,,,,,,,,,,,,,,,,,,,,,,,,,,,,,,,,,,,,,,,,,,,,,,,,,,2,0,2,,,,,1,,,,,,,,,,,,,,,,,,,,,,,,,,,Sub004,1,2022_Apr_29_1114,2_3_MRI_Rating_Play_Eyetracking,2021.2.3,60.13449699
6,2,0,20,1,0,,,,,0,0,0,0,0,4,4,6,,,,,,,,,,,,,,,,,,,,,,,,,,,,,,,,,,,,,,,,,,,,,,,,,168.7587253,None,168.7587253,None,168.7587253,None,170.7697803,None,6,2,0,39.33216782,20,1,2,0,,,,,,,,,,,,,,,,,,,,,,,,,,,Sub004,1,2022_Apr_29_1114,2_3_MRI_Rating_Play_Eyetracking,2021.2.3,60.13449699
6,2,0,20,3,0,,,,,0,0,0,0,0,5,5,24,,,,,,,,,,,,,,,,,,,,,,,,,,,,,,,,,,,,,,,,,,,,,,,,,171.8724685,None,171.8724685,None,171.8724685,None,173.8857266,None,6,2,0,39.33216782,20,3,2,0,,,,,,,,,,,,,,,,,,,,,,,,,,,Sub004,1,2022_Apr_29_1114,2_3_MRI_Rating_Play_Eyetracking,2021.2.3,60.13449699
1,0,1,50,1,1,,,,,0,0,0,0,0,6,6,28,0,0,0,0,,,,,,,,,,,,,,,,,,,,,,,,,,,,,,,,,,,,,,,,,,,,,176.9684141,None,176.9684141,None,176.9684141,None,178.9734436,None,1,0,1,7.773750084,50,1,2,1,180.0889178,None,g,0.9638491,180.0889178,None,Yes,2.0361509,181.1778909,None,183.3080411,None,b,0.883704401,183.3080411,None,1.680566,Definitely Card,0.680566,183.3080411,None,184.3171095,None,,,,Sub004,1,2022_Apr_29_1114,2_3_MRI_Rating_Play_Eyetracking,2021.2.3,60.13449699
1,0,1,50,1,1,,,,,0,0,0,0,0,6,6,28,,,,,,,,,,,,,,,,,,,,,,,,,,,,,,,,,,,,,,,,,,,,,,,,,,,,,,,,,1,0,1,,,,,1,,,,,,,,,,,,,,,,,,,,,,,,,,,Sub004,1,2022_Apr_29_1114,2_3_MRI_Rating_Play_Eyetracking,2021.2.3,60.13449699
7,2,1,50,2,1,,,,,0,0,0,0,0,7,7,43,0,0,0,0,,,,,,,,,,,,,,,,,,,,,,,,,,,,,,,,,,,,,,,,,,,,,186.098577,None,186.098577,None,186.098577,None,188.1240862,None,7,2,1,39.33216782,50,2,2,1,190.2429588,None,r,0.976840501,190.2429588,None,Definitely Yes,2.023159499,191.3395688,None,193.4528971,None,r,0.695589601,193.4528971,None,1.856794,Definitely Bar,0.856794,193.4528971,None,194.2742982,None,,,,Sub004,1,2022_Apr_29_1114,2_3_MRI_Rating_Play_Eyetracking,2021.2.3,60.13449699
7,2,1,50,2,1,,,,,0,0,0,0,0,7,7,43,,,,,,,,,,,,,,,,,,,,,,,,,,,,,,,,,,,,,,,,,,,,,,,,,,,,,,,,,7,2,1,,,,,1,,,,,,,,,,,,,,,,,,,,,,,,,,,Sub004,1,2022_Apr_29_1114,2_3_MRI_Rating_Play_Eyetracking,2021.2.3,60.13449699
2,0,2,80,1,1,,,,,0,0,0,0,0,8,8,29,0,0,0,0,,,,,,,,,,,,,,,,,,,,,,,,,,,,,,,,,,,,,,,,,,,,,196.2336158,None,196.2336158,None,196.2336158,None,198.2526806,None,2,0,2,7.773750084,80,1,2,1,199.3381505,None,y,0.598603801,199.3381505,None,No,2.401396199,200.056485,None,202.5742279,None,g,0.476156901,202.5742279,None,2.090264,Bar,1.090264,202.5742279,None,203.1693043,None,,,,Sub004,1,2022_Apr_29_1114,2_3_MRI_Rating_Play_Eyetracking,2021.2.3,60.13449699
2,0,2,80,1,1,,,,,0,0,0,0,0,8,8,29,,,,,,,,,,,,,,,,,,,,,,,,,,,,,,,,,,,,,,,,,,,,,,,,,,,,,,,,,2,0,2,,,,,1,,,,,,,,,,,,,,,,,,,,,,,,,,,Sub004,1,2022_Apr_29_1114,2_3_MRI_Rating_Play_Eyetracking,2021.2.3,60.13449699
4,1,1,50,2,1,,,,,0,0,0,0,0,9,9,40,0,0,0,0,,,,,,,,,,,,,,,,,,,,,,,,,,,,,,,,,,,,,,,,,,,,,205.3703163,None,205.3703163,None,205.3703163,None,207.3875923,None,4,1,1,20.70033333,50,2,2,1,209.4909699,None,y,1.072357302,209.4909699,None,No,1.927642698,210.6871668,None,212.7036516,None,y,0.397085501,212.7036516,None,2.1730695,Card,1.1730695,212.7036516,None,213.2276819,None,,,,Sub004,1,2022_Apr_29_1114,2_3_MRI_Rating_Play_Eyetracking,2021.2.3,60.13449699
4,1,1,50,2,1,,,,,0,0,0,0,0,9,9,40,,,,,,,,,,,,,,,,,,,,,,,,,,,,,,,,,,,,,,,,,,,,,,,,,,,,,,,,,4,1,1,,,,,1,,,,,,,,,,,,,,,,,,,,,,,,,,,Sub004,1,2022_Apr_29_1114,2_3_MRI_Rating_Play_Eyetracking,2021.2.3,60.13449699
7,2,1,50,3,1,,,,,0,0,0,0,0,10,10,52,0,0,0,0,,,,,,,,,,,,,,,,,,,,,,,,,,,,,,,,,,,,,,,,,,,,,215.5101171,None,215.5101171,None,215.5101171,None,217.5182298,None,7,2,1,39.33216782,50,3,2,1,220.6268089,None,r,0.768460101,220.6268089,None,Definitely Yes,2.231539899,221.5252923,None,223.8610778,None,r,0.636804301,223.8610778,None,1.9078755,Definitely Bar,0.9078755,223.8610778,None,224.6230906,None,,,,Sub004,1,2022_Apr_29_1114,2_3_MRI_Rating_Play_Eyetracking,2021.2.3,60.13449699
7,2,1,50,3,1,,,,,0,0,0,0,0,10,10,52,,,,,,,,,,,,,,,,,,,,,,,,,,,,,,,,,,,,,,,,,,,,,,,,,,,,,,,,,7,2,1,,,,,1,,,,,,,,,,,,,,,,,,,,,,,,,,,Sub004,1,2022_Apr_29_1114,2_3_MRI_Rating_Play_Eyetracking,2021.2.3,60.13449699
3,1,0,20,2,1,,,,,0,0,0,0,0,11,11,12,0,0,0,0,,,,,,,,,,,,,,,,,,,,,,,,,,,,,,,,,,,,,,,,,,,,,226.6334648,None,226.6334648,None,226.6334648,None,228.6482884,None,3,1,0,20.70033333,20,2,2,1,230.763207,None,b,1.213538901,230.763207,None,Definitely No,1.786461099,232.1027843,None,234.0007096,None,r,0.911507901,234.0007096,None,1.6245596,Definitely Bar,0.6245596,234.0007096,None,235.0395845,None,,,,Sub004,1,2022_Apr_29_1114,2_3_MRI_Rating_Play_Eyetracking,2021.2.3,60.13449699
3,1,0,20,2,1,,,,,0,0,0,0,0,11,11,12,,,,,,,,,,,,,,,,,,,,,,,,,,,,,,,,,,,,,,,,,,,,,,,,,,,,,,,,,3,1,0,,,,,1,,,,,,,,,,,,,,,,,,,,,,,,,,,Sub004,1,2022_Apr_29_1114,2_3_MRI_Rating_Play_Eyetracking,2021.2.3,60.13449699
8,2,2,80,2,1,,,,,0,0,0,0,0,12,12,17,0,0,0,0,,,,,,,,,,,,,,,,,,,,,,,,,,,,,,,,,,,,,,,,,,,,,236.7471996,None,236.7471996,None,236.7471996,None,238.7885423,None,8,2,2,39.33216782,80,2,2,1,240.895615,None,r,0.714459401,240.895615,None,Definitely Yes,2.285540599,241.7217884,None,244.1113856,None,y,0.571509601,244.1113856,None,1.9894341,Card,0.9894341,244.1113856,None,244.8076788,None,,,,Sub004,1,2022_Apr_29_1114,2_3_MRI_Rating_Play_Eyetracking,2021.2.3,60.13449699
8,2,2,80,2,1,,,,,0,0,0,0,0,12,12,17,,,,,,,,,,,,,,,,,,,,,,,,,,,,,,,,,,,,,,,,,,,,,,,,,,,,,,,,,8,2,2,,,,,1,,,,,,,,,,,,,,,,,,,,,,,,,,,Sub004,1,2022_Apr_29_1114,2_3_MRI_Rating_Play_Eyetracking,2021.2.3,60.13449699
3,1,0,20,3,1,,,,,0,0,0,0,0,13,13,66,0,0,0,0,,,,,,,,,,,,,,,,,,,,,,,,,,,,,,,,,,,,,,,,,,,,,246.9088769,None,246.9088769,None,246.9088769,None,248.9218584,None,3,1,0,20.70033333,20,3,2,1,252.0213576,None,y,0.467243901,252.0213576,None,No,2.532756099,252.6103515,None,255.2516885,None,y,1.162701301,255.2516885,None,1.390435,Card,0.390435,255.2516885,None,256.5362425,None,,,,Sub004,1,2022_Apr_29_1114,2_3_MRI_Rating_Play_Eyetracking,2021.2.3,60.13449699
3,1,0,20,3,1,,,,,0,0,0,0,0,13,13,66,,,,,,,,,,,,,,,,,,,,,,,,,,,,,,,,,,,,,,,,,,,,,,,,,,,,,,,,,3,1,0,,,,,1,,,,,,,,,,,,,,,,,,,,,,,,,,,Sub004,1,2022_Apr_29_1114,2_3_MRI_Rating_Play_Eyetracking,2021.2.3,60.13449699
8,2,2,80,1,1,,,,,0,0,0,0,0,14,14,35,0,0,0,0,,,,,,,,,,,,,,,,,,,,,,,,,,,,,,,,,,,,,,,,,,,,,258.0416533,None,258.0416533,None,258.0416533,None,260.0560272,None,8,2,2,39.33216782,80,1,2,1,261.1667316,None,r,0.678898001,261.1667316,None,Definitely Yes,2.321101999,263.8818708,None,268.2304737,None,None,,268.2304737,None,-2.2586348,,-3.2586348,268.2304737,None,271.2224437,None,,,,Sub004,1,2022_Apr_29_1114,2_3_MRI_Rating_Play_Eyetracking,2021.2.3,60.13449699
8,2,2,80,1,1,,,,,0,0,0,0,0,14,14,35,,,,,,,,,,,,,,,,,,,,,,,,,,,,,,,,,,,,,,,,,,,,,,,,,,,,,,,,,8,2,2,,,,,1,,,,,,,,,,,,,,,,,,,,,,,,,,,Sub004,1,2022_Apr_29_1114,2_3_MRI_Rating_Play_Eyetracking,2021.2.3,60.13449699
5,1,2,80,1,0,,,,,0,0,0,0,0,15,15,5,,,,,,,,,,,,,,,,,,,,,,,,,,,,,,,,,,,,,,,,,,,,,,,,,272.3605259,None,272.3605259,None,272.3605259,None,274.360528,None,5,1,2,20.70033333,80,1,2,0,,,,,,,,,,,,,,,,,,,,,,,,,,,Sub004,1,2022_Apr_29_1114,2_3_MRI_Rating_Play_Eyetracking,2021.2.3,60.13449699
5,1,2,80,1,1,,,,,0,0,0,0,0,16,16,59,0,0,0,0,,,,,,,,,,,,,,,,,,,,,,,,,,,,,,,,,,,,,,,,,,,,,275.467456,None,275.467456,None,275.467456,None,277.4677704,None,5,1,2,20.70033333,80,1,2,1,278.5738166,None,g,0.701494001,278.5738166,None,Yes,2.298505999,279.4080078,None,281.8124652,None,b,0.562164901,281.8124652,None,1.9935533,Definitely Card,0.9935533,281.8124652,None,282.4876792,None,,,,Sub004,1,2022_Apr_29_1114,2_3_MRI_Rating_Play_Eyetracking,2021.2.3,60.13449699
5,1,2,80,1,1,,,,,0,0,0,0,0,16,16,59,,,,,,,,,,,,,,,,,,,,,,,,,,,,,,,,,,,,,,,,,,,,,,,,,,,,,,,,,5,1,2,,,,,1,,,,,,,,,,,,,,,,,,,,,,,,,,,Sub004,1,2022_Apr_29_1114,2_3_MRI_Rating_Play_Eyetracking,2021.2.3,60.13449699
1,0,1,50,2,1,,,,,0,0,0,0,0,17,17,55,0,0,0,0,,,,,,,,,,,,,,,,,,,,,,,,,,,,,,,,,,,,,,,,,,,,,284.5949297,None,284.5949297,None,284.5949297,None,286.5841942,None,1,0,1,7.773750084,50,2,2,1,288.6929261,None,b,0.878190601,288.6929261,None,Definitely No,2.121809399,289.689721,None,291.9102208,None,g,0.672699401,291.9102208,None,1.9041071,Bar,0.9041071,291.9102208,None,292.7111265,None,,,,Sub004,1,2022_Apr_29_1114,2_3_MRI_Rating_Play_Eyetracking,2021.2.3,60.13449699
1,0,1,50,2,1,,,,,0,0,0,0,0,17,17,55,,,,,,,,,,,,,,,,,,,,,,,,,,,,,,,,,,,,,,,,,,,,,,,,,,,,,,,,,1,0,1,,,,,1,,,,,,,,,,,,,,,,,,,,,,,,,,,Sub004,1,2022_Apr_29_1114,2_3_MRI_Rating_Play_Eyetracking,2021.2.3,60.13449699
0,0,0,20,3,1,,,,,0,0,0,0,0,18,18,45,0,0,0,0,,,,,,,,,,,,,,,,,,,,,,,,,,,,,,,,,,,,,,,,,,,,,294.7284004,None,294.7284004,None,294.7284004,None,296.7200293,None,0,0,0,7.773750084,20,3,2,1,299.8297278,None,b,0.560916401,299.8297278,None,Definitely No,2.439083599,300.5019191,None,303.0275657,None,r,0.699074501,303.0275657,None,1.8899113,Definitely Bar,0.8899113,303.0275657,None,303.8594592,None,,,,Sub004,1,2022_Apr_29_1114,2_3_MRI_Rating_Play_Eyetracking,2021.2.3,60.13449699
0,0,0,20,3,1,,,,,0,0,0,0,0,18,18,45,,,,,,,,,,,,,,,,,,,,,,,,,,,,,,,,,,,,,,,,,,,,,,,,,,,,,,,,,0,0,0,,,,,1,,,,,,,,,,,,,,,,,,,,,,,,,,,Sub004,1,2022_Apr_29_1114,2_3_MRI_Rating_Play_Eyetracking,2021.2.3,60.13449699
5,1,2,80,2,1,,,,,0,0,0,0,0,19,19,41,0,0,0,0,,,,,,,,,,,,,,,,,,,,,,,,,,,,,,,,,,,,,,,,,,,,,305.8605384,None,305.8605384,None,305.8605384,None,307.8528976,None,5,1,2,20.70033333,80,2,2,1,309.9670518,None,g,0.6291538,309.9670518,None,Yes,2.3708462,310.7065319,None,313.1798652,None,b,0.436826601,313.1798652,None,2.1423398,Definitely Card,1.1423398,313.1798652,None,313.7381377,None,,,,Sub004,1,2022_Apr_29_1114,2_3_MRI_Rating_Play_Eyetracking,2021.2.3,60.13449699
5,1,2,80,2,1,,,,,0,0,0,0,0,19,19,41,,,,,,,,,,,,,,,,,,,,,,,,,,,,,,,,,,,,,,,,,,,,,,,,,,,,,,,,,5,1,2,,,,,1,,,,,,,,,,,,,,,,,,,,,,,,,,,Sub004,1,2022_Apr_29_1114,2_3_MRI_Rating_Play_Eyetracking,2021.2.3,60.13449699
0,0,0,20,2,1,,,,,0,0,0,0,0,20,20,9,0,0,0,0,,,,,,,,,,,,,,,,,,,,,,,,,,,,,,,,,,,,,,,,,,,,,315.9662658,None,315.9662658,None,315.9662658,None,318.0007029,None,0,0,0,7.773750084,20,2,2,1,320.105776,None,b,0.358850301,320.105776,None,Definitely No,2.641149699,320.5845192,None,323.3219737,None,r,1.062296301,323.3219737,None,1.5039754,Definitely Bar,0.5039754,323.3219737,None,324.5083543,None,,,,Sub004,1,2022_Apr_29_1114,2_3_MRI_Rating_Play_Eyetracking,2021.2.3,60.13449699
0,0,0,20,2,1,,,,,0,0,0,0,0,20,20,9,,,,,,,,,,,,,,,,,,,,,,,,,,,,,,,,,,,,,,,,,,,,,,,,,,,,,,,,,0,0,0,,,,,1,,,,,,,,,,,,,,,,,,,,,,,,,,,Sub004,1,2022_Apr_29_1114,2_3_MRI_Rating_Play_Eyetracking,2021.2.3,60.13449699
3,1,0,20,3,1,,,,,0,0,0,0,0,21,21,48,0,0,0,0,,,,,,,,,,,,,,,,,,,,,,,,,,,,,,,,,,,,,,,,,,,,,326.1328933,None,326.1328933,None,326.1328933,None,328.1469058,None,3,1,0,20.70033333,20,3,2,1,331.2646643,None,y,0.9584116,331.2646643,None,No,2.0415884,332.320916,None,334.4788327,None,y,1.332160302,334.4788327,None,1.2060228,Card,0.2060228,334.4788327,None,335.9365078,None,,,,Sub004,1,2022_Apr_29_1114,2_3_MRI_Rating_Play_Eyetracking,2021.2.3,60.13449699
3,1,0,20,3,1,,,,,0,0,0,0,0,21,21,48,,,,,,,,,,,,,,,,,,,,,,,,,,,,,,,,,,,,,,,,,,,,,,,,,,,,,,,,,3,1,0,,,,,1,,,,,,,,,,,,,,,,,,,,,,,,,,,Sub004,1,2022_Apr_29_1114,2_3_MRI_Rating_Play_Eyetracking,2021.2.3,60.13449699
7,2,1,50,3,0,,,,,0,0,0,0,0,22,22,25,,,,,,,,,,,,,,,,,,,,,,,,,,,,,,,,,,,,,,,,,,,,,,,,,337.2456574,None,337.2456574,None,337.2456574,None,339.2575158,None,7,2,1,39.33216782,50,3,2,0,,,,,,,,,,,,,,,,,,,,,,,,,,,Sub004,1,2022_Apr_29_1114,2_3_MRI_Rating_Play_Eyetracking,2021.2.3,60.13449699
2,0,2,80,1,0,,,,,0,0,0,0,0,23,23,2,,,,,,,,,,,,,,,,,,,,,,,,,,,,,,,,,,,,,,,,,,,,,,,,,342.362511,None,342.362511,None,342.362511,None,344.3746484,None,2,0,2,7.773750084,80,1,2,0,,,,,,,,,,,,,,,,,,,,,,,,,,,Sub004,1,2022_Apr_29_1114,2_3_MRI_Rating_Play_Eyetracking,2021.2.3,60.13449699
5,1,2,80,2,1,,,,,0,0,0,0,0,24,24,14,0,0,0,0,,,,,,,,,,,,,,,,,,,,,,,,,,,,,,,,,,,,,,,,,,,,,345.4577079,None,345.4577079,None,345.4577079,None,347.4898115,None,5,1,2,20.70033333,80,2,2,1,349.5959324,None,g,0.9140592,349.5959324,None,Yes,2.0859408,350.6299684,None,352.8338776,None,b,1.2127286,352.8338776,None,1.3108739,Definitely Card,0.3108739,352.8338776,None,354.1525961,None,,,,Sub004,1,2022_Apr_29_1114,2_3_MRI_Rating_Play_Eyetracking,2021.2.3,60.13449699
5,1,2,80,2,1,,,,,0,0,0,0,0,24,24,14,,,,,,,,,,,,,,,,,,,,,,,,,,,,,,,,,,,,,,,,,,,,,,,,,,,,,,,,,5,1,2,,,,,1,,,,,,,,,,,,,,,,,,,,,,,,,,,Sub004,1,2022_Apr_29_1114,2_3_MRI_Rating_Play_Eyetracking,2021.2.3,60.13449699
5,1,2,80,1,1,,,,,0,0,0,0,0,25,25,32,0,0,0,0,,,,,,,,,,,,,,,,,,,,,,,,,,,,,,,,,,,,,,,,,,,,,355.5486327,None,355.5486327,None,355.5486327,None,357.5877088,None,5,1,2,20.70033333,80,1,2,1,358.6992713,None,None,,358.6992713,None,,1,360.7130359,None,361.8069155,None,g,1.587416501,361.8069155,None,1.0905968,Bar,0.0905968,361.8069155,None,363.5150324,None,,,,Sub004,1,2022_Apr_29_1114,2_3_MRI_Rating_Play_Eyetracking,2021.2.3,60.13449699
5,1,2,80,1,1,,,,,0,0,0,0,0,25,25,32,,,,,,,,,,,,,,,,,,,,,,,,,,,,,,,,,,,,,,,,,,,,,,,,,,,,,,,,,5,1,2,,,,,1,,,,,,,,,,,,,,,,,,,,,,,,,,,Sub004,1,2022_Apr_29_1114,2_3_MRI_Rating_Play_Eyetracking,2021.2.3,60.13449699
8,2,2,80,3,1,,,,,0,0,0,0,0,26,26,53,0,0,0,0,,,,,,,,,,,,,,,,,,,,,,,,,,,,,,,,,,,,,,,,,,,,,364.7129229,None,364.7129229,None,364.7129229,None,366.7244491,None,8,2,2,39.33216782,80,3,2,1,369.8323865,None,r,0.401227401,369.8323865,None,Definitely Yes,2.598772599,370.3353806,None,373.0420091,None,y,1.503932,373.0420091,None,1.0556436,Card,0.0556436,373.0420091,None,374.6823609,None,,,,Sub004,1,2022_Apr_29_1114,2_3_MRI_Rating_Play_Eyetracking,2021.2.3,60.13449699
8,2,2,80,3,1,,,,,0,0,0,0,0,26,26,53,,,,,,,,,,,,,,,,,,,,,,,,,,,,,,,,,,,,,,,,,,,,,,,,,,,,,,,,,8,2,2,,,,,1,,,,,,,,,,,,,,,,,,,,,,,,,,,Sub004,1,2022_Apr_29_1114,2_3_MRI_Rating_Play_Eyetracking,2021.2.3,60.13449699
4,1,1,50,1,1,,,,,0,0,0,0,0,27,27,31,0,0,0,0,,,,,,,,,,,,,,,,,,,,,,,,,,,,,,,,,,,,,,,,,,,,,375.8183466,None,375.8183466,None,375.8183466,None,377.8545489,None,4,1,1,20.70033333,50,1,2,1,378.961621,None,g,1.790489901,378.961621,None,Yes,1.209510099,380.8749343,None,382.2003736,None,g,1.712626001,382.2003736,None,0.8222813,Bar,-0.1777187,382.2003736,None,384.0469074,None,,,,Sub004,1,2022_Apr_29_1114,2_3_MRI_Rating_Play_Eyetracking,2021.2.3,60.13449699
4,1,1,50,1,1,,,,,0,0,0,0,0,27,27,31,,,,,,,,,,,,,,,,,,,,,,,,,,,,,,,,,,,,,,,,,,,,,,,,,,,,,,,,,4,1,1,,,,,1,,,,,,,,,,,,,,,,,,,,,,,,,,,Sub004,1,2022_Apr_29_1114,2_3_MRI_Rating_Play_Eyetracking,2021.2.3,60.13449699
7,2,1,50,1,0,,,,,0,0,0,0,0,28,28,7,,,,,,,,,,,,,,,,,,,,,,,,,,,,,,,,,,,,,,,,,,,,,,,,,384.9816206,None,384.9816206,None,384.9816206,None,386.9948924,None,7,2,1,39.33216782,50,1,2,0,,,,,,,,,,,,,,,,,,,,,,,,,,,Sub004,1,2022_Apr_29_1114,2_3_MRI_Rating_Play_Eyetracking,2021.2.3,60.13449699
8,2,2,80,1,1,,,,,0,0,0,0,0,29,29,62,0,0,0,0,,,,,,,,,,,,,,,,,,,,,,,,,,,,,,,,,,,,,,,,,,,,,388.0988339,None,388.0988339,None,388.0988339,None,390.1078723,None,8,2,2,39.33216782,80,1,2,1,391.2210106,None,g,1.525692101,391.2210106,None,Yes,1.474307899,392.8806494,None,394.4432977,None,r,1.849763501,394.4432977,None,0.6909021,Definitely Bar,-0.3090979,394.4432977,None,396.4164194,None,,,,Sub004,1,2022_Apr_29_1114,2_3_MRI_Rating_Play_Eyetracking,2021.2.3,60.13449699
8,2,2,80,1,1,,,,,0,0,0,0,0,29,29,62,,,,,,,,,,,,,,,,,,,,,,,,,,,,,,,,,,,,,,,,,,,,,,,,,,,,,,,,,8,2,2,,,,,1,,,,,,,,,,,,,,,,,,,,,,,,,,,Sub004,1,2022_Apr_29_1114,2_3_MRI_Rating_Play_Eyetracking,2021.2.3,60.13449699
0,0,0,20,2,1,,,,,0,0,0,0,0,30,30,36,0,0,0,0,,,,,,,,,,,,,,,,,,,,,,,,,,,,,,,,,,,,,,,,,,,,,397.2178232,None,397.2178232,None,397.2178232,None,399.2312802,None,0,0,0,7.773750084,20,2,2,1,401.3505845,None,y,1.472048201,401.3505845,None,No,1.527951799,402.9499936,None,404.5809079,None,b,1.3226199,404.5809079,None,1.2048825,Definitely Card,0.2048825,404.5809079,None,406.0249737,None,,,,Sub004,1,2022_Apr_29_1114,2_3_MRI_Rating_Play_Eyetracking,2021.2.3,60.13449699
0,0,0,20,2,1,,,,,0,0,0,0,0,30,30,36,,,,,,,,,,,,,,,,,,,,,,,,,,,,,,,,,,,,,,,,,,,,,,,,,,,,,,,,,0,0,0,,,,,1,,,,,,,,,,,,,,,,,,,,,,,,,,,Sub004,1,2022_Apr_29_1114,2_3_MRI_Rating_Play_Eyetracking,2021.2.3,60.13449699
0,0,0,20,3,1,,,,,0,0,0,0,0,31,31,63,0,0,0,0,,,,,,,,,,,,,,,,,,,,,,,,,,,,,,,,,,,,,,,,,,,,,407.3034322,None,407.3034322,None,407.3034322,None,409.3468405,None,0,0,0,7.773750084,20,3,2,1,412.4474994,None,b,0.5023498,412.4474994,None,Definitely No,2.4976502,413.071954,None,415.6648655,None,y,0.513641201,415.6648655,None,2.0590509,Card,1.0590509,415.6648655,None,416.277877,None,,,,Sub004,1,2022_Apr_29_1114,2_3_MRI_Rating_Play_Eyetracking,2021.2.3,60.13449699
0,0,0,20,3,1,,,,,0,0,0,0,0,31,31,63,,,,,,,,,,,,,,,,,,,,,,,,,,,,,,,,,,,,,,,,,,,,,,,,,,,,,,,,,0,0,0,,,,,1,,,,,,,,,,,,,,,,,,,,,,,,,,,Sub004,1,2022_Apr_29_1114,2_3_MRI_Rating_Play_Eyetracking,2021.2.3,60.13449699
2,0,2,80,2,1,,,,,0,0,0,0,0,32,32,38,0,0,0,0,,,,,,,,,,,,,,,,,,,,,,,,,,,,,,,,,,,,,,,,,,,,,418.4262914,None,418.4262914,None,418.4262914,None,420.4629087,None,2,0,2,7.773750084,80,2,2,1,422.5475627,None,y,0.572057701,422.5475627,None,No,2.427942299,423.2490765,None,425.7617648,None,g,0.446499401,425.7617648,None,2.1406415,Bar,1.1406415,425.7617648,None,426.3290476,None,,,,Sub004,1,2022_Apr_29_1114,2_3_MRI_Rating_Play_Eyetracking,2021.2.3,60.13449699
2,0,2,80,2,1,,,,,0,0,0,0,0,32,32,38,,,,,,,,,,,,,,,,,,,,,,,,,,,,,,,,,,,,,,,,,,,,,,,,,,,,,,,,,2,0,2,,,,,1,,,,,,,,,,,,,,,,,,,,,,,,,,,Sub004,1,2022_Apr_29_1114,2_3_MRI_Rating_Play_Eyetracking,2021.2.3,60.13449699
1,0,1,50,2,1,,,,,0,0,0,0,0,33,33,10,0,0,0,0,,,,,,,,,,,,,,,,,,,,,,,,,,,,,,,,,,,,,,,,,,,,,428.5599956,None,428.5599956,None,428.5599956,None,430.5652216,None,1,0,1,7.773750084,50,2,2,1,432.6558493,None,y,0.968454901,432.6558493,None,No,2.031545099,433.7411693,None,435.8849998,None,g,0.454084201,435.8849998,None,2.1409425,Bar,1.1409425,435.8849998,None,436.4672762,None,,,,Sub004,1,2022_Apr_29_1114,2_3_MRI_Rating_Play_Eyetracking,2021.2.3,60.13449699
1,0,1,50,2,1,,,,,0,0,0,0,0,33,33,10,,,,,,,,,,,,,,,,,,,,,,,,,,,,,,,,,,,,,,,,,,,,,,,,,,,,,,,,,1,0,1,,,,,1,,,,,,,,,,,,,,,,,,,,,,,,,,,Sub004,1,2022_Apr_29_1114,2_3_MRI_Rating_Play_Eyetracking,2021.2.3,60.13449699
4,1,1,50,3,1,,,,,0,0,0,0,0,34,34,49,0,0,0,0,,,,,,,,,,,,,,,,,,,,,,,,,,,,,,,,,,,,,,,,,,,,,438.7104094,None,438.7104094,None,438.7104094,None,440.7084652,None,4,1,1,20.70033333,50,3,2,1,443.8170584,None,y,0.4834171,443.8170584,None,No,2.5165829,444.431459,None,447.0528301,None,y,0.3268066,447.0528301,None,2.2364107,Card,1.2364107,447.0528301,None,447.4919032,None,,,,Sub004,1,2022_Apr_29_1114,2_3_MRI_Rating_Play_Eyetracking,2021.2.3,60.13449699
4,1,1,50,3,1,,,,,0,0,0,0,0,34,34,49,,,,,,,,,,,,,,,,,,,,,,,,,,,,,,,,,,,,,,,,,,,,,,,,,,,,,,,,,4,1,1,,,,,1,,,,,,,,,,,,,,,,,,,,,,,,,,,Sub004,1,2022_Apr_29_1114,2_3_MRI_Rating_Play_Eyetracking,2021.2.3,60.13449699
1,0,1,50,3,1,,,,,0,0,0,0,0,35,35,64,0,0,0,0,,,,,,,,,,,,,,,,,,,,,,,,,,,,,,,,,,,,,,,,,,,,,449.8300979,None,449.8300979,None,449.8300979,None,451.8474346,None,1,0,1,7.773750084,50,3,2,1,454.9527524,None,b,0.586356401,454.9527524,None,Definitely No,2.413643599,455.6644868,None,458.1876775,None,r,0.276562401,458.1876775,None,2.2711374,Definitely Bar,1.2711374,458.1876775,None,458.5731249,None,,,,Sub004,1,2022_Apr_29_1114,2_3_MRI_Rating_Play_Eyetracking,2021.2.3,60.13449699
1,0,1,50,3,1,,,,,0,0,0,0,0,35,35,64,,,,,,,,,,,,,,,,,,,,,,,,,,,,,,,,,,,,,,,,,,,,,,,,,,,,,,,,,1,0,1,,,,,1,,,,,,,,,,,,,,,,,,,,,,,,,,,Sub004,1,2022_Apr_29_1114,2_3_MRI_Rating_Play_Eyetracking,2021.2.3,60.13449699
6,2,0,20,3,1,,,,,0,0,0,0,0,36,36,51,0,0,0,0,,,,,,,,,,,,,,,,,,,,,,,,,,,,,,,,,,,,,,,,,,,,,460.949614,None,460.949614,None,460.949614,None,462.9633782,None,6,2,0,39.33216782,20,3,2,1,466.0482808,None,b,1.451298301,466.0482808,None,Definitely No,1.548701699,467.6267803,None,469.2628476,None,y,1.334246001,469.2628476,None,1.256494,Card,0.256494,469.2628476,None,470.6880335,None,,,,Sub004,1,2022_Apr_29_1114,2_3_MRI_Rating_Play_Eyetracking,2021.2.3,60.13449699
6,2,0,20,3,1,,,,,0,0,0,0,0,36,36,51,,,,,,,,,,,,,,,,,,,,,,,,,,,,,,,,,,,,,,,,,,,,,,,,,,,,,,,,,6,2,0,,,,,1,,,,,,,,,,,,,,,,,,,,,,,,,,,Sub004,1,2022_Apr_29_1114,2_3_MRI_Rating_Play_Eyetracking,2021.2.3,60.13449699
5,1,2,80,2,1,,,,,0,0,0,0,0,37,37,68,0,0,0,0,,,,,,,,,,,,,,,,,,,,,,,,,,,,,,,,,,,,,,,,,,,,,472.0431517,None,472.0431517,None,472.0431517,None,474.0435669,None,5,1,2,20.70033333,80,2,2,1,476.1456901,None,g,0.887460101,476.1456901,None,Yes,2.112539899,477.1696735,None,479.3857836,None,b,0.353205501,479.3857836,None,2.2078025,Definitely Card,1.2078025,479.3857836,None,479.8644963,None,,,,Sub004,1,2022_Apr_29_1114,2_3_MRI_Rating_Play_Eyetracking,2021.2.3,60.13449699
5,1,2,80,2,1,,,,,0,0,0,0,0,37,37,68,,,,,,,,,,,,,,,,,,,,,,,,,,,,,,,,,,,,,,,,,,,,,,,,,,,,,,,,,5,1,2,,,,,1,,,,,,,,,,,,,,,,,,,,,,,,,,,Sub004,1,2022_Apr_29_1114,2_3_MRI_Rating_Play_Eyetracking,2021.2.3,60.13449699
5,1,2,80,3,1,,,,,0,0,0,0,0,38,38,50,0,0,0,0,,,,,,,,,,,,,,,,,,,,,,,,,,,,,,,,,,,,,,,,,,,,,482.1574641,None,482.1574641,None,482.1574641,None,484.199462,None,5,1,2,20.70033333,80,3,2,1,487.2824404,None,g,0.833090901,487.2824404,None,Yes,2.166909099,488.2346858,None,490.5196866,None,b,0.386348701,490.5196866,None,2.1733682,Definitely Card,1.1733682,490.5196866,None,491.0327079,None,,,,Sub004,1,2022_Apr_29_1114,2_3_MRI_Rating_Play_Eyetracking,2021.2.3,60.13449699
5,1,2,80,3,1,,,,,0,0,0,0,0,38,38,50,,,,,,,,,,,,,,,,,,,,,,,,,,,,,,,,,,,,,,,,,,,,,,,,,,,,,,,,,5,1,2,,,,,1,,,,,,,,,,,,,,,,,,,,,,,,,,,Sub004,1,2022_Apr_29_1114,2_3_MRI_Rating_Play_Eyetracking,2021.2.3,60.13449699
7,2,1,50,2,1,,,,,0,0,0,0,0,39,39,70,0,0,0,0,,,,,,,,,,,,,,,,,,,,,,,,,,,,,,,,,,,,,,,,,,,,,493.3222994,None,493.3222994,None,493.3222994,None,495.3288363,None,7,2,1,39.33216782,50,2,2,1,497.4141884,None,g,1.345075201,497.4141884,None,Yes,1.654924799,498.8851234,None,500.6350536,None,r,0.751291901,500.6350536,None,1.8234396,Definitely Bar,0.8234396,500.6350536,None,501.5113736,None,,,,Sub004,1,2022_Apr_29_1114,2_3_MRI_Rating_Play_Eyetracking,2021.2.3,60.13449699
7,2,1,50,2,1,,,,,0,0,0,0,0,39,39,70,,,,,,,,,,,,,,,,,,,,,,,,,,,,,,,,,,,,,,,,,,,,,,,,,,,,,,,,,7,2,1,,,,,1,,,,,,,,,,,,,,,,,,,,,,,,,,,Sub004,1,2022_Apr_29_1114,2_3_MRI_Rating_Play_Eyetracking,2021.2.3,60.13449699
4,1,1,50,3,1,,,,,0,0,0,0,0,40,40,67,0,0,0,0,,,,,,,,,,,,,,,,,,,,,,,,,,,,,,,,,,,,,,,,,,,,,503.4506859,None,503.4506859,None,503.4506859,None,505.4666237,None,4,1,1,20.70033333,50,3,2,1,508.5719686,None,y,1.525824301,508.5719686,None,No,1.474175699,510.221412,None,511.7785107,None,y,0.753123601,511.7785107,None,1.8236837,Card,0.8236837,511.7785107,None,512.6300267,None,,,,Sub004,1,2022_Apr_29_1114,2_3_MRI_Rating_Play_Eyetracking,2021.2.3,60.13449699
4,1,1,50,3,1,,,,,0,0,0,0,0,40,40,67,,,,,,,,,,,,,,,,,,,,,,,,,,,,,,,,,,,,,,,,,,,,,,,,,,,,,,,,,4,1,1,,,,,1,,,,,,,,,,,,,,,,,,,,,,,,,,,Sub004,1,2022_Apr_29_1114,2_3_MRI_Rating_Play_Eyetracking,2021.2.3,60.13449699
1,0,1,50,1,0,,,,,0,0,0,0,0,41,41,1,,,,,,,,,,,,,,,,,,,,,,,,,,,,,,,,,,,,,,,,,,,,,,,,,514.5588726,None,514.5588726,None,514.5588726,None,516.5524689,None,1,0,1,7.773750084,50,1,2,0,,,,,,,,,,,,,,,,,,,,,,,,,,,Sub004,1,2022_Apr_29_1114,2_3_MRI_Rating_Play_Eyetracking,2021.2.3,60.13449699
4,1,1,50,1,1,,,,,0,0,0,0,0,42,42,58,0,0,0,0,,,,,,,,,,,,,,,,,,,,,,,,,,,,,,,,,,,,,,,,,,,,,517.6487624,None,517.6487624,None,517.6487624,None,519.6807567,None,4,1,1,20.70033333,50,1,2,1,520.7825311,None,g,0.412333201,520.7825311,None,Yes,2.587666799,521.3102217,None,524.0026371,None,y,0.288521901,524.0026371,None,2.2613419,Card,1.2613419,524.0026371,None,524.399566,None,,,,Sub004,1,2022_Apr_29_1114,2_3_MRI_Rating_Play_Eyetracking,2021.2.3,60.13449699
4,1,1,50,1,1,,,,,0,0,0,0,0,42,42,58,,,,,,,,,,,,,,,,,,,,,,,,,,,,,,,,,,,,,,,,,,,,,,,,,,,,,,,,,4,1,1,,,,,1,,,,,,,,,,,,,,,,,,,,,,,,,,,Sub004,1,2022_Apr_29_1114,2_3_MRI_Rating_Play_Eyetracking,2021.2.3,60.13449699
8,2,2,80,2,1,,,,,0,0,0,0,0,43,43,44,0,0,0,0,,,,,,,,,,,,,,,,,,,,,,,,,,,,,,,,,,,,,,,,,,,,,526.7701516,None,526.7701516,None,526.7701516,None,528.7749173,None,8,2,2,39.33216782,80,2,2,1,530.8806119,None,r,0.4964874,530.8806119,None,Definitely Yes,2.5035126,531.502373,None,534.1295837,None,b,1.227428701,534.1295837,None,1.3061918,Definitely Card,0.3061918,534.1295837,None,535.4620517,None,,,,Sub004,1,2022_Apr_29_1114,2_3_MRI_Rating_Play_Eyetracking,2021.2.3,60.13449699
8,2,2,80,2,1,,,,,0,0,0,0,0,43,43,44,,,,,,,,,,,,,,,,,,,,,,,,,,,,,,,,,,,,,,,,,,,,,,,,,,,,,,,,,8,2,2,,,,,1,,,,,,,,,,,,,,,,,,,,,,,,,,,Sub004,1,2022_Apr_29_1114,2_3_MRI_Rating_Play_Eyetracking,2021.2.3,60.13449699
4,1,1,50,2,1,,,,,0,0,0,0,0,44,44,13,0,0,0,0,,,,,,,,,,,,,,,,,,,,,,,,,,,,,,,,,,,,,,,,,,,,,536.8493083,None,536.8493083,None,536.8493083,None,538.8832235,None,4,1,1,20.70033333,50,2,2,1,540.9861051,None,y,0.947841001,540.9861051,None,No,2.052158999,542.0230483,None,544.1919522,None,y,1.633107001,544.1919522,None,0.9416214,Card,-0.0583786,544.1919522,None,545.9527933,None,,,,Sub004,1,2022_Apr_29_1114,2_3_MRI_Rating_Play_Eyetracking,2021.2.3,60.13449699
4,1,1,50,2,1,,,,,0,0,0,0,0,44,44,13,,,,,,,,,,,,,,,,,,,,,,,,,,,,,,,,,,,,,,,,,,,,,,,,,,,,,,,,,4,1,1,,,,,1,,,,,,,,,,,,,,,,,,,,,,,,,,,Sub004,1,2022_Apr_29_1114,2_3_MRI_Rating_Play_Eyetracking,2021.2.3,60.13449699
2,0,2,80,2,1,,,,,0,0,0,0,0,45,45,11,0,0,0,0,,,,,,,,,,,,,,,,,,,,,,,,,,,,,,,,,,,,,,,,,,,,,547.0045308,None,547.0045308,None,547.0045308,None,549.0156044,None,2,0,2,7.773750084,80,2,2,1,551.1250084,None,y,1.422554101,551.1250084,None,No,1.577445899,552.6703839,None,554.3593964,None,r,0.351991501,554.3593964,None,2.1897513,Definitely Bar,1.1897513,554.3593964,None,554.8330245,None,,,,Sub004,1,2022_Apr_29_1114,2_3_MRI_Rating_Play_Eyetracking,2021.2.3,60.13449699
2,0,2,80,2,1,,,,,0,0,0,0,0,45,45,11,,,,,,,,,,,,,,,,,,,,,,,,,,,,,,,,,,,,,,,,,,,,,,,,,,,,,,,,,2,0,2,,,,,1,,,,,,,,,,,,,,,,,,,,,,,,,,,Sub004,1,2022_Apr_29_1114,2_3_MRI_Rating_Play_Eyetracking,2021.2.3,60.13449699
0,0,0,20,1,0,,,,,0,0,0,0,0,46,46,0,,,,,,,,,,,,,,,,,,,,,,,,,,,,,,,,,,,,,,,,,,,,,,,,,557.1154249,None,557.1154249,None,557.1154249,None,559.1521551,None,0,0,0,7.773750084,20,1,2,0,,,,,,,,,,,,,,,,,,,,,,,,,,,Sub004,1,2022_Apr_29_1114,2_3_MRI_Rating_Play_Eyetracking,2021.2.3,60.13449699
8,2,2,80,3,0,,,,,0,0,0,0,0,47,47,26,,,,,,,,,,,,,,,,,,,,,,,,,,,,,,,,,,,,,,,,,,,,,,,,,560.2451649,None,560.2451649,None,560.2451649,None,562.2650952,None,8,2,2,39.33216782,80,3,2,0,,,,,,,,,,,,,,,,,,,,,,,,,,,Sub004,1,2022_Apr_29_1114,2_3_MRI_Rating_Play_Eyetracking,2021.2.3,60.13449699
7,2,1,50,1,1,,,,,0,0,0,0,0,48,48,34,0,0,0,0,,,,,,,,,,,,,,,,,,,,,,,,,,,,,,,,,,,,,,,,,,,,,565.3496406,None,565.3496406,None,565.3496406,None,567.3753967,None,7,2,1,39.33216782,50,1,2,1,568.4649505,None,None,,568.4649505,None,,1,570.4799304,None,571.5820222,None,g,1.403295901,571.5820222,None,1.2766099,Bar,0.2766099,571.5820222,None,573.0817115,None,,,,Sub004,1,2022_Apr_29_1114,2_3_MRI_Rating_Play_Eyetracking,2021.2.3,60.13449699
7,2,1,50,1,1,,,,,0,0,0,0,0,48,48,34,,,,,,,,,,,,,,,,,,,,,,,,,,,,,,,,,,,,,,,,,,,,,,,,,,,,,,,,,7,2,1,,,,,1,,,,,,,,,,,,,,,,,,,,,,,,,,,Sub004,1,2022_Apr_29_1114,2_3_MRI_Rating_Play_Eyetracking,2021.2.3,60.13449699
4,1,1,50,3,0,,,,,0,0,0,0,0,49,49,22,,,,,,,,,,,,,,,,,,,,,,,,,,,,,,,,,,,,,,,,,,,,,,,,,574.4688034,None,574.4688034,None,574.4688034,None,576.4541952,None,4,1,1,20.70033333,50,3,2,0,,,,,,,,,,,,,,,,,,,,,,,,,,,Sub004,1,2022_Apr_29_1114,2_3_MRI_Rating_Play_Eyetracking,2021.2.3,60.13449699
5,1,2,80,3,0,,,,,0,0,0,0,0,50,50,23,,,,,,,,,,,,,,,,,,,,,,,,,,,,,,,,,,,,,,,,,,,,,,,,,579.5723798,None,579.5723798,None,579.5723798,None,581.5643906,None,5,1,2,20.70033333,80,3,2,0,,,,,,,,,,,,,,,,,,,,,,,,,,,Sub004,1,2022_Apr_29_1114,2_3_MRI_Rating_Play_Eyetracking,2021.2.3,60.13449699
4,1,1,50,1,0,,,,,0,0,0,0,0,51,51,4,,,,,,,,,,,,,,,,,,,,,,,,,,,,,,,,,,,,,,,,,,,,,,,,,584.6709154,None,584.6709154,None,584.6709154,None,586.6835187,None,4,1,1,20.70033333,50,1,2,0,,,,,,,,,,,,,,,,,,,,,,,,,,,Sub004,1,2022_Apr_29_1114,2_3_MRI_Rating_Play_Eyetracking,2021.2.3,60.13449699
6,2,0,20,1,1,,,,,0,0,0,0,0,52,52,33,0,0,0,0,,,,,,,,,,,,,,,,,,,,,,,,,,,,,,,,,,,,,,,,,,,,,587.7905256,None,587.7905256,None,587.7905256,None,589.8018436,None,6,2,0,39.33216782,20,1,2,1,590.9076676,None,y,0.819595501,590.9076676,None,No,2.180404499,591.8328557,None,594.1190867,None,y,1.354057601,594.1190867,None,1.1967338,Card,0.1967338,594.1190867,None,595.6018267,None,,,,Sub004,1,2022_Apr_29_1114,2_3_MRI_Rating_Play_Eyetracking,2021.2.3,60.13449699
6,2,0,20,1,1,,,,,0,0,0,0,0,52,52,33,,,,,,,,,,,,,,,,,,,,,,,,,,,,,,,,,,,,,,,,,,,,,,,,,,,,,,,,,6,2,0,,,,,1,,,,,,,,,,,,,,,,,,,,,,,,,,,Sub004,1,2022_Apr_29_1114,2_3_MRI_Rating_Play_Eyetracking,2021.2.3,60.13449699
7,2,1,50,2,1,,,,,0,0,0,0,0,53,53,16,0,0,0,0,,,,,,,,,,,,,,,,,,,,,,,,,,,,,,,,,,,,,,,,,,,,,596.9037179,None,596.9037179,None,596.9037179,None,598.9214834,None,7,2,1,39.33216782,50,2,2,1,601.0379353,None,g,0.5613646,601.0379353,None,Yes,2.4386354,601.7192193,None,604.2788672,None,r,0.685520601,604.2788672,None,1.8378004,Definitely Bar,0.8378004,604.2788672,None,605.0888596,None,,,,Sub004,1,2022_Apr_29_1114,2_3_MRI_Rating_Play_Eyetracking,2021.2.3,60.13449699
7,2,1,50,2,1,,,,,0,0,0,0,0,53,53,16,,,,,,,,,,,,,,,,,,,,,,,,,,,,,,,,,,,,,,,,,,,,,,,,,,,,,,,,,7,2,1,,,,,1,,,,,,,,,,,,,,,,,,,,,,,,,,,Sub004,1,2022_Apr_29_1114,2_3_MRI_Rating_Play_Eyetracking,2021.2.3,60.13449699
3,1,0,20,2,1,,,,,0,0,0,0,0,54,54,39,0,0,0,0,,,,,,,,,,,,,,,,,,,,,,,,,,,,,,,,,,,,,,,,,,,,,607.018574,None,607.018574,None,607.018574,None,609.0495467,None,3,1,0,20.70033333,20,2,2,1,611.1376337,None,y,1.6800511,611.1376337,None,No,1.3199489,612.9312048,None,614.3601088,None,y,0.651859001,614.3601088,None,1.9235225,Card,0.9235225,614.3601088,None,615.1191607,None,,,,Sub004,1,2022_Apr_29_1114,2_3_MRI_Rating_Play_Eyetracking,2021.2.3,60.13449699
3,1,0,20,2,1,,,,,0,0,0,0,0,54,54,39,,,,,,,,,,,,,,,,,,,,,,,,,,,,,,,,,,,,,,,,,,,,,,,,,,,,,,,,,3,1,0,,,,,1,,,,,,,,,,,,,,,,,,,,,,,,,,,Sub004,1,2022_Apr_29_1114,2_3_MRI_Rating_Play_Eyetracking,2021.2.3,60.13449699
2,0,2,80,3,0,,,,,0,0,0,0,0,55,55,20,,,,,,,,,,,,,,,,,,,,,,,,,,,,,,,,,,,,,,,,,,,,,,,,,617.1591405,None,617.1591405,None,617.1591405,None,619.1714242,None,2,0,2,7.773750084,80,3,2,0,,,,,,,,,,,,,,,,,,,,,,,,,,,Sub004,1,2022_Apr_29_1114,2_3_MRI_Rating_Play_Eyetracking,2021.2.3,60.13449699
6,2,0,20,2,1,,,,,0,0,0,0,0,56,56,60,0,0,0,0,,,,,,,,,,,,,,,,,,,,,,,,,,,,,,,,,,,,,,,,,,,,,622.2756293,None,622.2756293,None,622.2756293,None,624.2645406,None,6,2,0,39.33216782,20,2,2,1,626.3783212,None,y,1.229127701,626.3783212,None,No,1.770872299,627.7404326,None,629.6003598,None,y,1.211534601,629.6003598,None,1.3458466,Card,0.3458466,629.6003598,None,630.9170612,None,,,,Sub004,1,2022_Apr_29_1114,2_3_MRI_Rating_Play_Eyetracking,2021.2.3,60.13449699
6,2,0,20,2,1,,,,,0,0,0,0,0,56,56,60,,,,,,,,,,,,,,,,,,,,,,,,,,,,,,,,,,,,,,,,,,,,,,,,,,,,,,,,,6,2,0,,,,,1,,,,,,,,,,,,,,,,,,,,,,,,,,,Sub004,1,2022_Apr_29_1114,2_3_MRI_Rating_Play_Eyetracking,2021.2.3,60.13449699
0,0,0,20,1,1,,,,,0,0,0,0,0,57,57,27,0,0,0,0,,,,,,,,,,,,,,,,,,,,,,,,,,,,,,,,,,,,,,,,,,,,,632.3752603,None,632.3752603,None,632.3752603,None,634.3860494,None,0,0,0,7.773750084,20,1,2,1,635.4933851,None,y,1.232751201,635.4933851,None,No,1.767248799,636.8568822,None,638.7462547,None,g,1.708110201,638.7462547,None,0.8232197,Bar,-0.1767803,638.7462547,None,640.5662609,None,,,,Sub004,1,2022_Apr_29_1114,2_3_MRI_Rating_Play_Eyetracking,2021.2.3,60.13449699
0,0,0,20,1,1,,,,,0,0,0,0,0,57,57,27,,,,,,,,,,,,,,,,,,,,,,,,,,,,,,,,,,,,,,,,,,,,,,,,,,,,,,,,,0,0,0,,,,,1,,,,,,,,,,,,,,,,,,,,,,,,,,,Sub004,1,2022_Apr_29_1114,2_3_MRI_Rating_Play_Eyetracking,2021.2.3,60.13449699
3,1,0,20,2,1,,,,,0,0,0,0,0,58,58,57,0,0,0,0,,,,,,,,,,,,,,,,,,,,,,,,,,,,,,,,,,,,,,,,,,,,,641.4839314,None,641.4839314,None,641.4839314,None,643.5202424,None,3,1,0,20.70033333,20,2,2,1,645.6219798,None,y,1.228224601,645.6219798,None,No,1.771775399,646.9662159,None,648.8403183,None,y,0.302428901,648.8403183,None,2.2567112,Card,1.2567112,648.8403183,None,649.2661838,None,,,,Sub004,1,2022_Apr_29_1114,2_3_MRI_Rating_Play_Eyetracking,2021.2.3,60.13449699
3,1,0,20,2,1,,,,,0,0,0,0,0,58,58,57,,,,,,,,,,,,,,,,,,,,,,,,,,,,,,,,,,,,,,,,,,,,,,,,,,,,,,,,,3,1,0,,,,,1,,,,,,,,,,,,,,,,,,,,,,,,,,,Sub004,1,2022_Apr_29_1114,2_3_MRI_Rating_Play_Eyetracking,2021.2.3,60.13449699
6,2,0,20,2,1,,,,,0,0,0,0,0,59,59,15,0,0,0,0,,,,,,,,,,,,,,,,,,,,,,,,,,,,,,,,,,,,,,,,,,,,,651.6291916,None,651.6291916,None,651.6291916,None,653.6544819,None,6,2,0,39.33216782,20,2,2,1,655.759122,None,g,0.535083501,655.759122,None,Yes,2.464916499,656.4025301,None,658.9768273,None,r,0.442198901,658.9768273,None,2.1191569,Definitely Bar,1.1191569,658.9768273,None,659.5200932,None,,,,Sub004,1,2022_Apr_29_1114,2_3_MRI_Rating_Play_Eyetracking,2021.2.3,60.13449699
6,2,0,20,2,1,,,,,0,0,0,0,0,59,59,15,,,,,,,,,,,,,,,,,,,,,,,,,,,,,,,,,,,,,,,,,,,,,,,,,,,,,,,,,6,2,0,,,,,1,,,,,,,,,,,,,,,,,,,,,,,,,,,Sub004,1,2022_Apr_29_1114,2_3_MRI_Rating_Play_Eyetracking,2021.2.3,60.13449699
2,0,2,80,3,1,,,,,0,0,0,0,0,60,60,47,0,0,0,0,,,,,,,,,,,,,,,,,,,,,,,,,,,,,,,,,,,,,,,,,,,,,661.7417126,None,661.7417126,None,661.7417126,None,663.7579839,None,2,0,2,7.773750084,80,3,2,1,666.8688155,None,y,0.779422601,666.8688155,None,No,2.220577399,667.7764875,None,670.1132399,None,r,0.6731396,670.1132399,None,1.8552163,Definitely Bar,0.8552163,670.1132399,None,670.9069728,None,,,,Sub004,1,2022_Apr_29_1114,2_3_MRI_Rating_Play_Eyetracking,2021.2.3,60.13449699
2,0,2,80,3,1,,,,,0,0,0,0,0,60,60,47,,,,,,,,,,,,,,,,,,,,,,,,,,,,,,,,,,,,,,,,,,,,,,,,,,,,,,,,,2,0,2,,,,,1,,,,,,,,,,,,,,,,,,,,,,,,,,,Sub004,1,2022_Apr_29_1114,2_3_MRI_Rating_Play_Eyetracking,2021.2.3,60.13449699
3,1,0,20,1,0,,,,,0,0,0,0,0,61,61,3,,,,,,,,,,,,,,,,,,,,,,,,,,,,,,,,,,,,,,,,,,,,,,,,,672.8552224,None,672.8552224,None,672.8552224,None,674.8668814,None,3,1,0,20.70033333,20,1,2,0,,,,,,,,,,,,,,,,,,,,,,,,,,,Sub004,1,2022_Apr_29_1114,2_3_MRI_Rating_Play_Eyetracking,2021.2.3,60.13449699
6,2,0,20,2,1,,,,,0,0,0,0,0,62,62,42,0,0,0,0,,,,,,,,,,,,,,,,,,,,,,,,,,,,,,,,,,,,,,,,,,,,,675.9728986,None,675.9728986,None,675.9728986,None,677.9904815,None,6,2,0,39.33216782,20,2,2,1,680.0937369,None,g,0.814772401,680.0937369,None,Yes,2.185227599,681.0375928,None,683.330607,None,r,0.561708201,683.330607,None,1.959538,Definitely Bar,0.959538,683.330607,None,684.0034135,None,,,,Sub004,1,2022_Apr_29_1114,2_3_MRI_Rating_Play_Eyetracking,2021.2.3,60.13449699
6,2,0,20,2,1,,,,,0,0,0,0,0,62,62,42,,,,,,,,,,,,,,,,,,,,,,,,,,,,,,,,,,,,,,,,,,,,,,,,,,,,,,,,,6,2,0,,,,,1,,,,,,,,,,,,,,,,,,,,,,,,,,,Sub004,1,2022_Apr_29_1114,2_3_MRI_Rating_Play_Eyetracking,2021.2.3,60.13449699
6,2,0,20,3,1,,,,,0,0,0,0,0,63,63,69,0,0,0,0,,,,,,,,,,,,,,,,,,,,,,,,,,,,,,,,,,,,,,,,,,,,,686.070447,None,686.070447,None,686.070447,None,688.0874192,None,6,2,0,39.33216782,20,3,2,1,691.1955608,None,g,1.037818201,691.1955608,None,Yes,1.962181799,692.3621728,None,694.4289084,None,r,0.615252101,694.4289084,None,1.9225876,Definitely Bar,0.9225876,694.4289084,None,695.1736181,None,,,,Sub004,1,2022_Apr_29_1114,2_3_MRI_Rating_Play_Eyetracking,2021.2.3,60.13449699
6,2,0,20,3,1,,,,,0,0,0,0,0,63,63,69,,,,,,,,,,,,,,,,,,,,,,,,,,,,,,,,,,,,,,,,,,,,,,,,,,,,,,,,,6,2,0,,,,,1,,,,,,,,,,,,,,,,,,,,,,,,,,,Sub004,1,2022_Apr_29_1114,2_3_MRI_Rating_Play_Eyetracking,2021.2.3,60.13449699
0,0,0,20,1,1,,,,,0,0,0,0,0,64,64,54,0,0,0,0,,,,,,,,,,,,,,,,,,,,,,,,,,,,,,,,,,,,,,,,,,,,,697.1905593,None,697.1905593,None,697.1905593,None,699.2029833,None,0,0,0,7.773750084,20,1,2,1,700.2875035,None,b,0.894135901,700.2875035,None,Definitely No,2.105864099,701.3092509,None,703.5282194,None,g,0.718976801,703.5282194,None,1.8555088,Bar,0.8555088,703.5282194,None,704.3774444,None,,,,Sub004,1,2022_Apr_29_1114,2_3_MRI_Rating_Play_Eyetracking,2021.2.3,60.13449699
0,0,0,20,1,1,,,,,0,0,0,0,0,64,64,54,,,,,,,,,,,,,,,,,,,,,,,,,,,,,,,,,,,,,,,,,,,,,,,,,,,,,,,,,0,0,0,,,,,1,,,,,,,,,,,,,,,,,,,,,,,,,,,Sub004,1,2022_Apr_29_1114,2_3_MRI_Rating_Play_Eyetracking,2021.2.3,60.13449699
3,1,0,20,1,1,,,,,0,0,0,0,0,65,65,30,0,0,0,0,,,,,,,,,,,,,,,,,,,,,,,,,,,,,,,,,,,,,,,,,,,,,706.3431424,None,706.3431424,None,706.3431424,None,708.3533441,None,3,1,0,20.70033333,20,1,2,1,709.4590331,None,y,0.561257401,709.4590331,None,No,2.438742599,710.1485482,None,712.6962613,None,y,0.262286001,712.6962613,None,2.2887836,Card,1.2887836,712.6962613,None,713.0701962,None,,,,Sub004,1,2022_Apr_29_1114,2_3_MRI_Rating_Play_Eyetracking,2021.2.3,60.13449699
3,1,0,20,1,1,,,,,0,0,0,0,0,65,65,30,,,,,,,,,,,,,,,,,,,,,,,,,,,,,,,,,,,,,,,,,,,,,,,,,,,,,,,,,3,1,0,,,,,1,,,,,,,,,,,,,,,,,,,,,,,,,,,Sub004,1,2022_Apr_29_1114,2_3_MRI_Rating_Play_Eyetracking,2021.2.3,60.13449699
0,0,0,20,3,0,,,,,0,0,0,0,0,66,66,18,,,,,,,,,,,,,,,,,,,,,,,,,,,,,,,,,,,,,,,,,,,,,,,,,715.4774871,None,715.4774871,None,715.4774871,None,717.4865654,None,0,0,0,7.773750084,20,3,2,0,,,,,,,,,,,,,,,,,,,,,,,,,,,Sub004,1,2022_Apr_29_1114,2_3_MRI_Rating_Play_Eyetracking,2021.2.3,60.13449699
1,0,1,50,3,1,,,,,0,0,0,0,0,67,67,46,0,0,0,0,,,,,,,,,,,,,,,,,,,,,,,,,,,,,,,,,,,,,,,,,,,,,720.5953012,None,720.5953012,None,720.5953012,None,722.6044604,None,1,0,1,7.773750084,50,3,2,1,725.6908485,None,y,1.3429332,725.6908485,None,No,1.6570668,727.1547563,None,728.9119289,None,r,1.304400201,728.9119289,None,1.2598686,Definitely Bar,0.2598686,728.9119289,None,730.340402,None,,,,Sub004,1,2022_Apr_29_1114,2_3_MRI_Rating_Play_Eyetracking,2021.2.3,60.13449699
1,0,1,50,3,1,,,,,0,0,0,0,0,67,67,46,,,,,,,,,,,,,,,,,,,,,,,,,,,,,,,,,,,,,,,,,,,,,,,,,,,,,,,,,1,0,1,,,,,1,,,,,,,,,,,,,,,,,,,,,,,,,,,Sub004,1,2022_Apr_29_1114,2_3_MRI_Rating_Play_Eyetracking,2021.2.3,60.13449699
3,1,0,20,3,0,,,,,0,0,0,0,0,68,68,21,,,,,,,,,,,,,,,,,,,,,,,,,,,,,,,,,,,,,,,,,,,,,,,,,731.6921373,None,731.6921373,None,731.6921373,None,733.7015712,None,3,1,0,20.70033333,20,3,2,0,,,,,,,,,,,,,,,,,,,,,,,,,,,Sub004,1,2022_Apr_29_1114,2_3_MRI_Rating_Play_Eyetracking,2021.2.3,60.13449699
8,2,2,80,1,0,,,,,0,0,0,0,0,69,69,8,,,,,,,,,,,,,,,,,,,,,,,,,,,,,,,,,,,,,,,,,,,,,,,,,736.8109097,None,736.8109097,None,736.8109097,None,738.8150295,None,8,2,2,39.33216782,80,1,2,0,,,,,,,,,,,,,,,,,,,,,,,,,,,Sub004,1,2022_Apr_29_1114,2_3_MRI_Rating_Play_Eyetracking,2021.2.3,60.13449699
1,0,1,50,3,0,,,,,0,0,0,0,0,70,70,19,,,,,,,,,,,,,,,,,,,,,,,,,,,,,,,,,,,,,,,,,,,,,,,,,739.9313098,None,739.9313098,None,739.9313098,None,741.9438849,None,1,0,1,7.773750084,50,3,2,0,,,,,,,,,,,,,,,,,,,,,,,,,,,Sub004,1,2022_Apr_29_1114,2_3_MRI_Rating_Play_Eyetracking,2021.2.3,60.13449699
2,0,2,80,1,1,,,,,0,0,0,0,0,71,71,56,0,0,0,0,,,,,,,,,,,,,,,,,,,,,,,,,,,,,,,,,,,,,,,,,,,,,745.0592206,None,745.0592206,None,745.0592206,None,747.0698155,None,2,0,2,7.773750084,80,1,2,1,748.1801113,None,g,0.651451501,748.1801113,None,Yes,2.348548499,748.9605436,None,751.4154989,None,b,0.610208101,751.4154989,None,1.9258636,Definitely Card,0.9258636,751.4154989,None,752.1392562,None,,,,Sub004,1,2022_Apr_29_1114,2_3_MRI_Rating_Play_Eyetracking,2021.2.3,60.13449699
2,0,2,80,1,1,,,,,0,0,0,0,0,71,71,56,,,,,,,,,,,,,,,,,,,,,,,,,,,,,,,,,,,,,,,,,,,,,,,,,,,,,,,,,2,0,2,,,,,1,,,,,,,,,,,,,,,,,,,,,,,,,,,Sub004,1,2022_Apr_29_1114,2_3_MRI_Rating_Play_Eyetracking,2021.2.3,60.13449699
,,,,,,,,,,0,0,0,0,,,,,,,,,,,,,,,,,,,,,,,,,,,,,,,,,,,,,,,,,,,,,,,,,,,,,,,,,,,,,,,,,,,,,,,,,,,,,,,,,,,,,,,,,,,,,,,Sub004,1,2022_Apr_29_1114,2_3_MRI_Rating_Play_Eyetracking,2021.2.3,60.13449699
,,,,,,,,,,,,,,,,,,,,,,,,,,,,,,,,,,,,,,,,,,,,,,,,,,,,,,,,,,,,,,,,,,,,,,,,,,,,,,,,,,,,,,,,,,,,,,,,,,,,,,,,,754.1587163,None,None,Sub004,1,2022_Apr_29_1114,2_3_MRI_Rating_Play_Eyetracking,2021.2.3,60.13449699