﻿Target_Size,start_position,Run_Files,current_card_prob,current_WinLoss,start.thisRepN,start.thisTrialN,start.thisN,start.thisIndex,trials.thisRepN,trials.thisTrialN,trials.thisN,trials.thisIndex,Indi_Info.thisRepN,Indi_Info.thisTrialN,Indi_Info.thisN,Indi_Info.thisIndex,trials_bar_Q.thisRepN,trials_bar_Q.thisTrialN,trials_bar_Q.thisN,trials_bar_Q.thisIndex,Confi_bar_L.thisRepN,Confi_bar_L.thisTrialN,Confi_bar_L.thisN,Confi_bar_L.thisIndex,Confi_bar_R.thisRepN,Confi_bar_R.thisTrialN,Confi_bar_R.thisN,Confi_bar_R.thisIndex,StopGame.thisRepN,StopGame.thisTrialN,StopGame.thisN,StopGame.thisIndex,ContinuePlay.thisRepN,ContinuePlay.thisTrialN,ContinuePlay.thisN,ContinuePlay.thisIndex,Run_card.thisRepN,Run_card.thisTrialN,Run_card.thisN,Run_card.thisIndex,trials_card.thisRepN,trials_card.thisTrialN,trials_card.thisN,trials_card.thisIndex,Qlikely_card_L.thisRepN,Qlikely_card_L.thisTrialN,Qlikely_card_L.thisN,Qlikely_card_L.thisIndex,Qlikely_card_R.thisRepN,Qlikely_card_R.thisTrialN,Qlikely_card_R.thisN,Qlikely_card_R.thisIndex,run_L,run_R,instr.started,instr.stopped,key_resp_bar.keys,key_resp_bar.rt,key_resp_bar.started,key_resp_bar.stopped,Current_Target_Size,Start_position,key_resp_bar.position,key_resp_bar.hit,trial_speed,center.started,center.stopped,center2.started,center2.stopped,instr_4.started,instr_4.stopped,sigma_indi,targetSize_20,targetSize_50,targetSize_80,targetSize_indi,center_11.started,center_11.stopped,Slider_LikelyBar_R.response,Slider_LikelyBar_R.rt,Slider_LikelyBar_R.started,Slider_LikelyBar_R.stopped,key_resp_LikeQ_bar_R.keys,key_resp_LikeQ_bar_R.rt,key_resp_LikeQ_bar_R.started,key_resp_LikeQ_bar_R.stopped,bar_final_text.started,bar_final_text.stopped,card_instr_text.started,card_instr_text.stopped,instr_5.started,instr_5.stopped,current_card_prob,current_WinLoss,Q_card_prob,Slider_LikelyCard_R.response,Slider_LikelyCard_R.rt,Slider_LikelyCard_R.started,Slider_LikelyCard_R.stopped,key_resp_LikeQ_card_R.keys,key_resp_LikeQ_card_R.rt,key_resp_LikeQ_card_R.started,key_resp_LikeQ_card_R.stopped,bar_final_text_2.started,bar_final_text_2.stopped,participant,session,date,expName,psychopyVersion,frameRate,
,,,,,0,0,0,0,,,,,,,,,,,,,,,,,,,,,,,,,,,,,,,,,,,,,,,,,,,,,0,1,12.452844799961895,None,,,,,,,,,,,,,,,,,,,,,,,,,,,,,,,,,,,,,,,,,,,,,,,,,,Sub048,001,2022_Oct_03_1030,1trainingbehavior_beforeMRI,2021.2.3,60.075683320676944,
30,0,,,,,,,,0,0,0,42,,,,,,,,,,,,,,,,,,,,,,,,,,,,,,,,,,,,,,,,,,,,,space,2.978330299956724,179.05586229998153,None,30,0,16,0,7,179.05586229998153,None,182.0676106000319,None,,,,,,,,,,,,,,,,,,,,,,,,,,,,,,,,,,,,,Sub048,001,2022_Oct_03_1030,1trainingbehavior_beforeMRI,2021.2.3,60.075683320676944,
10,0,,,,,,,,0,1,1,6,,,,,,,,,,,,,,,,,,,,,,,,,,,,,,,,,,,,,,,,,,,,,space,1.8025496000191197,182.57890570000745,None,10,0,-19,0,7,182.57890570000745,None,184.4124178000493,None,,,,,,,,,,,,,,,,,,,,,,,,,,,,,,,,,,,,,Sub048,001,2022_Oct_03_1030,1trainingbehavior_beforeMRI,2021.2.3,60.075683320676944,
10,1,,,,,,,,0,2,2,13,,,,,,,,,,,,,,,,,,,,,,,,,,,,,,,,,,,,,,,,,,,,,space,0.5584082000423223,184.91272999998182,None,10,1,-2,1,7,184.91272999998182,None,185.4987343000248,None,,,,,,,,,,,,,,,,,,,,,,,,,,,,,,,,,,,,,Sub048,001,2022_Oct_03_1030,1trainingbehavior_beforeMRI,2021.2.3,60.075683320676944,
30,1,,,,,,,,0,3,3,57,,,,,,,,,,,,,,,,,,,,,,,,,,,,,,,,,,,,,,,,,,,,,space,0.5664293000008911,186.01270379999187,None,30,1,-2,1,7,186.01270379999187,None,186.59568849997595,None,,,,,,,,,,,,,,,,,,,,,,,,,,,,,,,,,,,,,Sub048,001,2022_Oct_03_1030,1trainingbehavior_beforeMRI,2021.2.3,60.075683320676944,
10,1,,,,,,,,0,4,4,12,,,,,,,,,,,,,,,,,,,,,,,,,,,,,,,,,,,,,,,,,,,,,space,0.6438368000090122,187.09614020003937,None,10,1,-37,0,7,187.09614020003937,None,187.7630855999887,None,,,,,,,,,,,,,,,,,,,,,,,,,,,,,,,,,,,,,Sub048,001,2022_Oct_03_1030,1trainingbehavior_beforeMRI,2021.2.3,60.075683320676944,
10,1,,,,,,,,0,5,5,17,,,,,,,,,,,,,,,,,,,,,,,,,,,,,,,,,,,,,,,,,,,,,space,0.623750799917616,188.26257320004515,None,10,1,-30,0,7,188.26257320004515,None,188.9124399999855,None,,,,,,,,,,,,,,,,,,,,,,,,,,,,,,,,,,,,,Sub048,001,2022_Oct_03_1030,1trainingbehavior_beforeMRI,2021.2.3,60.075683320676944,
20,0,,,,,,,,0,6,6,21,,,,,,,,,,,,,,,,,,,,,,,,,,,,,,,,,,,,,,,,,,,,,space,0.6107666000025347,189.41271910001524,None,20,0,23,0,7,189.41271910001524,None,190.04570879996754,None,,,,,,,,,,,,,,,,,,,,,,,,,,,,,,,,,,,,,Sub048,001,2022_Oct_03_1030,1trainingbehavior_beforeMRI,2021.2.3,60.075683320676944,
10,0,,,,,,,,0,7,7,3,,,,,,,,,,,,,,,,,,,,,,,,,,,,,,,,,,,,,,,,,,,,,space,0.5440200000302866,190.54597690002993,None,10,0,-5,1,7,190.54597690002993,None,191.11261389998253,None,,,,,,,,,,,,,,,,,,,,,,,,,,,,,,,,,,,,,Sub048,001,2022_Oct_03_1030,1trainingbehavior_beforeMRI,2021.2.3,60.075683320676944,
20,1,,,,,,,,0,8,8,34,,,,,,,,,,,,,,,,,,,,,,,,,,,,,,,,,,,,,,,,,,,,,space,0.5346630999119952,191.6124570000684,None,20,1,12,0,7,191.6124570000684,None,192.1627587999683,None,,,,,,,,,,,,,,,,,,,,,,,,,,,,,,,,,,,,,Sub048,001,2022_Oct_03_1030,1trainingbehavior_beforeMRI,2021.2.3,60.075683320676944,
20,0,,,,,,,,0,9,9,26,,,,,,,,,,,,,,,,,,,,,,,,,,,,,,,,,,,,,,,,,,,,,space,0.574270399985835,192.662683499977,None,20,0,9,1,7,192.662683499977,None,193.26240120001603,None,,,,,,,,,,,,,,,,,,,,,,,,,,,,,,,,,,,,,Sub048,001,2022_Oct_03_1030,1trainingbehavior_beforeMRI,2021.2.3,60.075683320676944,
20,1,,,,,,,,0,10,10,36,,,,,,,,,,,,,,,,,,,,,,,,,,,,,,,,,,,,,,,,,,,,,space,0.6086389999836683,193.76266420003958,None,20,1,-23,0,7,193.76266420003958,None,194.39670799998567,None,,,,,,,,,,,,,,,,,,,,,,,,,,,,,,,,,,,,,Sub048,001,2022_Oct_03_1030,1trainingbehavior_beforeMRI,2021.2.3,60.075683320676944,
10,1,,,,,,,,0,11,11,15,,,,,,,,,,,,,,,,,,,,,,,,,,,,,,,,,,,,,,,,,,,,,space,0.5485588998999447,194.89634380000643,None,10,1,5,1,7,194.89634380000643,None,195.46278780000284,None,,,,,,,,,,,,,,,,,,,,,,,,,,,,,,,,,,,,,Sub048,001,2022_Oct_03_1030,1trainingbehavior_beforeMRI,2021.2.3,60.075683320676944,
30,1,,,,,,,,0,12,12,56,,,,,,,,,,,,,,,,,,,,,,,,,,,,,,,,,,,,,,,,,,,,,space,0.5549820999149233,195.96271870005876,None,30,1,-2,1,7,195.96271870005876,None,196.545970999985,None,,,,,,,,,,,,,,,,,,,,,,,,,,,,,,,,,,,,,Sub048,001,2022_Oct_03_1030,1trainingbehavior_beforeMRI,2021.2.3,60.075683320676944,
30,0,,,,,,,,0,13,13,44,,,,,,,,,,,,,,,,,,,,,,,,,,,,,,,,,,,,,,,,,,,,,space,0.55792609998025,197.04647669999395,None,30,0,2,1,7,197.04647669999395,None,197.62949870002922,None,,,,,,,,,,,,,,,,,,,,,,,,,,,,,,,,,,,,,Sub048,001,2022_Oct_03_1030,1trainingbehavior_beforeMRI,2021.2.3,60.075683320676944,
20,0,,,,,,,,0,14,14,20,,,,,,,,,,,,,,,,,,,,,,,,,,,,,,,,,,,,,,,,,,,,,space,0.582431299961172,198.12950230005663,None,20,0,9,1,7,198.12950230005663,None,198.72935020003933,None,,,,,,,,,,,,,,,,,,,,,,,,,,,,,,,,,,,,,Sub048,001,2022_Oct_03_1030,1trainingbehavior_beforeMRI,2021.2.3,60.075683320676944,
30,0,,,,,,,,0,15,15,47,,,,,,,,,,,,,,,,,,,,,,,,,,,,,,,,,,,,,,,,,,,,,space,0.5950929999817163,199.2294525000034,None,30,0,16,0,7,199.2294525000034,None,199.8463233000366,None,,,,,,,,,,,,,,,,,,,,,,,,,,,,,,,,,,,,,Sub048,001,2022_Oct_03_1030,1trainingbehavior_beforeMRI,2021.2.3,60.075683320676944,
20,1,,,,,,,,0,16,16,38,,,,,,,,,,,,,,,,,,,,,,,,,,,,,,,,,,,,,,,,,,,,,space,0.5456591999391094,200.3465881999582,None,20,1,5,1,7,200.3465881999582,None,200.91268459998537,None,,,,,,,,,,,,,,,,,,,,,,,,,,,,,,,,,,,,,Sub048,001,2022_Oct_03_1030,1trainingbehavior_beforeMRI,2021.2.3,60.075683320676944,
20,0,,,,,,,,0,17,17,25,,,,,,,,,,,,,,,,,,,,,,,,,,,,,,,,,,,,,,,,,,,,,space,0.539763499982655,201.4133135000011,None,20,0,-5,1,7,201.4133135000011,None,201.9797932000365,None,,,,,,,,,,,,,,,,,,,,,,,,,,,,,,,,,,,,,Sub048,001,2022_Oct_03_1030,1trainingbehavior_beforeMRI,2021.2.3,60.075683320676944,
30,1,,,,,,,,0,18,18,55,,,,,,,,,,,,,,,,,,,,,,,,,,,,,,,,,,,,,,,,,,,,,space,0.5548045000759885,202.47972459997982,None,30,1,-2,1,7,202.47972459997982,None,203.06332059996203,None,,,,,,,,,,,,,,,,,,,,,,,,,,,,,,,,,,,,,Sub048,001,2022_Oct_03_1030,1trainingbehavior_beforeMRI,2021.2.3,60.075683320676944,
20,1,,,,,,,,0,19,19,31,,,,,,,,,,,,,,,,,,,,,,,,,,,,,,,,,,,,,,,,,,,,,space,0.5739983000094071,203.56324319995474,None,20,1,-9,1,7,203.56324319995474,None,204.16329920000862,None,,,,,,,,,,,,,,,,,,,,,,,,,,,,,,,,,,,,,Sub048,001,2022_Oct_03_1030,1trainingbehavior_beforeMRI,2021.2.3,60.075683320676944,
10,0,,,,,,,,0,20,20,1,,,,,,,,,,,,,,,,,,,,,,,,,,,,,,,,,,,,,,,,,,,,,space,0.6184571000048891,204.66312990000006,None,10,0,30,0,7,204.66312990000006,None,205.3129189000465,None,,,,,,,,,,,,,,,,,,,,,,,,,,,,,,,,,,,,,Sub048,001,2022_Oct_03_1030,1trainingbehavior_beforeMRI,2021.2.3,60.075683320676944,
20,1,,,,,,,,0,21,21,32,,,,,,,,,,,,,,,,,,,,,,,,,,,,,,,,,,,,,,,,,,,,,space,0.5714140000054613,205.81314740004018,None,20,1,-9,1,7,205.81314740004018,None,206.41290060000028,None,,,,,,,,,,,,,,,,,,,,,,,,,,,,,,,,,,,,,Sub048,001,2022_Oct_03_1030,1trainingbehavior_beforeMRI,2021.2.3,60.075683320676944,
30,0,,,,,,,,0,22,22,49,,,,,,,,,,,,,,,,,,,,,,,,,,,,,,,,,,,,,,,,,,,,,space,0.5130685999756679,206.91318709996995,None,30,0,-19,0,7,206.91318709996995,None,207.44672859995626,None,,,,,,,,,,,,,,,,,,,,,,,,,,,,,,,,,,,,,Sub048,001,2022_Oct_03_1030,1trainingbehavior_beforeMRI,2021.2.3,60.075683320676944,
10,1,,,,,,,,0,23,23,10,,,,,,,,,,,,,,,,,,,,,,,,,,,,,,,,,,,,,,,,,,,,,space,0.5885400000261143,207.94655550003517,None,10,1,-16,0,7,207.94655550003517,None,208.5634626999963,None,,,,,,,,,,,,,,,,,,,,,,,,,,,,,,,,,,,,,Sub048,001,2022_Oct_03_1030,1trainingbehavior_beforeMRI,2021.2.3,60.075683320676944,
20,0,,,,,,,,0,24,24,27,,,,,,,,,,,,,,,,,,,,,,,,,,,,,,,,,,,,,,,,,,,,,space,0.5338396000443026,209.0631789000472,None,20,0,-12,0,7,209.0631789000472,None,209.61344650003593,None,,,,,,,,,,,,,,,,,,,,,,,,,,,,,,,,,,,,,Sub048,001,2022_Oct_03_1030,1trainingbehavior_beforeMRI,2021.2.3,60.075683320676944,
10,0,,,,,,,,0,25,25,9,,,,,,,,,,,,,,,,,,,,,,,,,,,,,,,,,,,,,,,,,,,,,space,0.5839226000243798,210.11317070003133,None,10,0,9,0,7,210.11317070003133,None,210.71351100003812,None,,,,,,,,,,,,,,,,,,,,,,,,,,,,,,,,,,,,,Sub048,001,2022_Oct_03_1030,1trainingbehavior_beforeMRI,2021.2.3,60.075683320676944,
30,1,,,,,,,,0,26,26,53,,,,,,,,,,,,,,,,,,,,,,,,,,,,,,,,,,,,,,,,,,,,,space,0.557993600028567,211.2135719000362,None,30,1,-2,1,7,211.2135719000362,None,211.7967557000229,None,,,,,,,,,,,,,,,,,,,,,,,,,,,,,,,,,,,,,Sub048,001,2022_Oct_03_1030,1trainingbehavior_beforeMRI,2021.2.3,60.075683320676944,
30,0,,,,,,,,0,27,27,46,,,,,,,,,,,,,,,,,,,,,,,,,,,,,,,,,,,,,,,,,,,,,space,0.5605668000644073,212.29693209996913,None,30,0,2,1,7,212.29693209996913,None,212.87998580001295,None,,,,,,,,,,,,,,,,,,,,,,,,,,,,,,,,,,,,,Sub048,001,2022_Oct_03_1030,1trainingbehavior_beforeMRI,2021.2.3,60.075683320676944,
20,0,,,,,,,,0,28,28,29,,,,,,,,,,,,,,,,,,,,,,,,,,,,,,,,,,,,,,,,,,,,,space,0.5861956999870017,213.38021600001957,None,20,0,16,0,7,213.38021600001957,None,213.99670450005215,None,,,,,,,,,,,,,,,,,,,,,,,,,,,,,,,,,,,,,Sub048,001,2022_Oct_03_1030,1trainingbehavior_beforeMRI,2021.2.3,60.075683320676944,
30,1,,,,,,,,0,29,29,54,,,,,,,,,,,,,,,,,,,,,,,,,,,,,,,,,,,,,,,,,,,,,space,0.5807697999989614,214.49707240005955,None,30,1,-9,1,7,214.49707240005955,None,215.0967039000243,None,,,,,,,,,,,,,,,,,,,,,,,,,,,,,,,,,,,,,Sub048,001,2022_Oct_03_1030,1trainingbehavior_beforeMRI,2021.2.3,60.075683320676944,
10,1,,,,,,,,0,30,30,18,,,,,,,,,,,,,,,,,,,,,,,,,,,,,,,,,,,,,,,,,,,,,space,0.552904500043951,215.59663549996912,None,10,1,-2,1,7,215.59663549996912,None,216.18038410006557,None,,,,,,,,,,,,,,,,,,,,,,,,,,,,,,,,,,,,,Sub048,001,2022_Oct_03_1030,1trainingbehavior_beforeMRI,2021.2.3,60.075683320676944,
20,1,,,,,,,,0,31,31,30,,,,,,,,,,,,,,,,,,,,,,,,,,,,,,,,,,,,,,,,,,,,,space,0.5550808999687433,216.68012070003897,None,20,1,-2,1,7,216.68012070003897,None,217.26373070001137,None,,,,,,,,,,,,,,,,,,,,,,,,,,,,,,,,,,,,,Sub048,001,2022_Oct_03_1030,1trainingbehavior_beforeMRI,2021.2.3,60.075683320676944,
10,1,,,,,,,,0,32,32,19,,,,,,,,,,,,,,,,,,,,,,,,,,,,,,,,,,,,,,,,,,,,,space,0.5496170000405982,217.76336310000625,None,10,1,5,1,7,217.76336310000625,None,218.33026990003418,None,,,,,,,,,,,,,,,,,,,,,,,,,,,,,,,,,,,,,Sub048,001,2022_Oct_03_1030,1trainingbehavior_beforeMRI,2021.2.3,60.075683320676944,
20,0,,,,,,,,0,33,33,23,,,,,,,,,,,,,,,,,,,,,,,,,,,,,,,,,,,,,,,,,,,,,space,0.5925743000116199,218.83042909996584,None,20,0,16,0,7,218.83042909996584,None,219.44695859996136,None,,,,,,,,,,,,,,,,,,,,,,,,,,,,,,,,,,,,,Sub048,001,2022_Oct_03_1030,1trainingbehavior_beforeMRI,2021.2.3,60.075683320676944,
30,1,,,,,,,,0,34,34,50,,,,,,,,,,,,,,,,,,,,,,,,,,,,,,,,,,,,,,,,,,,,,space,0.5661282000364736,219.9469647000078,None,30,1,-2,1,7,219.9469647000078,None,220.5302164000459,None,,,,,,,,,,,,,,,,,,,,,,,,,,,,,,,,,,,,,Sub048,001,2022_Oct_03_1030,1trainingbehavior_beforeMRI,2021.2.3,60.075683320676944,
20,0,,,,,,,,0,35,35,22,,,,,,,,,,,,,,,,,,,,,,,,,,,,,,,,,,,,,,,,,,,,,space,0.5899317999137565,221.0301446999656,None,20,0,16,0,7,221.0301446999656,None,221.64708060002886,None,,,,,,,,,,,,,,,,,,,,,,,,,,,,,,,,,,,,,Sub048,001,2022_Oct_03_1030,1trainingbehavior_beforeMRI,2021.2.3,60.075683320676944,
30,0,,,,,,,,0,36,36,40,,,,,,,,,,,,,,,,,,,,,,,,,,,,,,,,,,,,,,,,,,,,,space,0.5720608999254182,222.14730309997685,None,30,0,9,1,7,222.14730309997685,None,222.74707489996217,None,,,,,,,,,,,,,,,,,,,,,,,,,,,,,,,,,,,,,Sub048,001,2022_Oct_03_1030,1trainingbehavior_beforeMRI,2021.2.3,60.075683320676944,
30,1,,,,,,,,0,37,37,52,,,,,,,,,,,,,,,,,,,,,,,,,,,,,,,,,,,,,,,,,,,,,space,0.5599047999130562,223.24706690001767,None,30,1,-2,1,7,223.24706690001767,None,223.83032039995305,None,,,,,,,,,,,,,,,,,,,,,,,,,,,,,,,,,,,,,Sub048,001,2022_Oct_03_1030,1trainingbehavior_beforeMRI,2021.2.3,60.075683320676944,
30,1,,,,,,,,0,38,38,51,,,,,,,,,,,,,,,,,,,,,,,,,,,,,,,,,,,,,,,,,,,,,space,0.5392247000709176,224.33053509995807,None,30,1,5,1,7,224.33053509995807,None,224.89747249998618,None,,,,,,,,,,,,,,,,,,,,,,,,,,,,,,,,,,,,,Sub048,001,2022_Oct_03_1030,1trainingbehavior_beforeMRI,2021.2.3,60.075683320676944,
20,0,,,,,,,,0,39,39,24,,,,,,,,,,,,,,,,,,,,,,,,,,,,,,,,,,,,,,,,,,,,,space,0.5745398999424651,225.3975197999971,None,20,0,9,1,7,225.3975197999971,None,225.99722909997217,None,,,,,,,,,,,,,,,,,,,,,,,,,,,,,,,,,,,,,Sub048,001,2022_Oct_03_1030,1trainingbehavior_beforeMRI,2021.2.3,60.075683320676944,
20,1,,,,,,,,0,40,40,35,,,,,,,,,,,,,,,,,,,,,,,,,,,,,,,,,,,,,,,,,,,,,space,0.5432004999602214,226.4971491000615,None,20,1,5,1,7,226.4971491000615,None,227.06381530000363,None,,,,,,,,,,,,,,,,,,,,,,,,,,,,,,,,,,,,,Sub048,001,2022_Oct_03_1030,1trainingbehavior_beforeMRI,2021.2.3,60.075683320676944,
30,0,,,,,,,,0,41,41,43,,,,,,,,,,,,,,,,,,,,,,,,,,,,,,,,,,,,,,,,,,,,,space,0.5665168999694288,227.56407810002565,None,30,0,2,1,7,227.56407810002565,None,228.1472716999706,None,,,,,,,,,,,,,,,,,,,,,,,,,,,,,,,,,,,,,Sub048,001,2022_Oct_03_1030,1trainingbehavior_beforeMRI,2021.2.3,60.075683320676944,
10,0,,,,,,,,0,42,42,7,,,,,,,,,,,,,,,,,,,,,,,,,,,,,,,,,,,,,,,,,,,,,space,0.5698931999504566,228.64731549995486,None,10,0,9,0,7,228.64731549995486,None,229.2473333000671,None,,,,,,,,,,,,,,,,,,,,,,,,,,,,,,,,,,,,,Sub048,001,2022_Oct_03_1030,1trainingbehavior_beforeMRI,2021.2.3,60.075683320676944,
10,1,,,,,,,,0,43,43,14,,,,,,,,,,,,,,,,,,,,,,,,,,,,,,,,,,,,,,,,,,,,,space,0.5167407001135871,229.7474992000498,None,10,1,19,0,7,229.7474992000498,None,230.2807494000299,None,,,,,,,,,,,,,,,,,,,,,,,,,,,,,,,,,,,,,Sub048,001,2022_Oct_03_1030,1trainingbehavior_beforeMRI,2021.2.3,60.075683320676944,
10,0,,,,,,,,0,44,44,5,,,,,,,,,,,,,,,,,,,,,,,,,,,,,,,,,,,,,,,,,,,,,space,0.5541806999826804,230.78069310006686,None,10,0,2,1,7,230.78069310006686,None,231.36406739999074,None,,,,,,,,,,,,,,,,,,,,,,,,,,,,,,,,,,,,,Sub048,001,2022_Oct_03_1030,1trainingbehavior_beforeMRI,2021.2.3,60.075683320676944,
10,0,,,,,,,,0,45,45,8,,,,,,,,,,,,,,,,,,,,,,,,,,,,,,,,,,,,,,,,,,,,,space,0.5348570999922231,231.86430999997538,None,10,0,-12,0,7,231.86430999997538,None,232.4137135000201,None,,,,,,,,,,,,,,,,,,,,,,,,,,,,,,,,,,,,,Sub048,001,2022_Oct_03_1030,1trainingbehavior_beforeMRI,2021.2.3,60.075683320676944,
10,1,,,,,,,,0,46,46,16,,,,,,,,,,,,,,,,,,,,,,,,,,,,,,,,,,,,,,,,,,,,,space,0.5490553999552503,232.91414750006516,None,10,1,5,1,7,232.91414750006516,None,233.48147070000414,None,,,,,,,,,,,,,,,,,,,,,,,,,,,,,,,,,,,,,Sub048,001,2022_Oct_03_1030,1trainingbehavior_beforeMRI,2021.2.3,60.075683320676944,
20,1,,,,,,,,0,47,47,37,,,,,,,,,,,,,,,,,,,,,,,,,,,,,,,,,,,,,,,,,,,,,space,0.5071231999900192,233.9807262000395,None,20,1,19,0,7,233.9807262000395,None,234.5140914999647,None,,,,,,,,,,,,,,,,,,,,,,,,,,,,,,,,,,,,,Sub048,001,2022_Oct_03_1030,1trainingbehavior_beforeMRI,2021.2.3,60.075683320676944,
30,0,,,,,,,,0,48,48,48,,,,,,,,,,,,,,,,,,,,,,,,,,,,,,,,,,,,,,,,,,,,,space,0.5744516999693587,235.01442649995442,None,30,0,9,1,7,235.01442649995442,None,235.61414730001707,None,,,,,,,,,,,,,,,,,,,,,,,,,,,,,,,,,,,,,Sub048,001,2022_Oct_03_1030,1trainingbehavior_beforeMRI,2021.2.3,60.075683320676944,
10,0,,,,,,,,0,49,49,4,,,,,,,,,,,,,,,,,,,,,,,,,,,,,,,,,,,,,,,,,,,,,space,0.5858720999676734,236.11432539997622,None,10,0,16,0,7,236.11432539997622,None,236.7307288000593,None,,,,,,,,,,,,,,,,,,,,,,,,,,,,,,,,,,,,,Sub048,001,2022_Oct_03_1030,1trainingbehavior_beforeMRI,2021.2.3,60.075683320676944,
10,1,,,,,,,,0,50,50,11,,,,,,,,,,,,,,,,,,,,,,,,,,,,,,,,,,,,,,,,,,,,,space,0.5529139999998733,237.23081400000956,None,10,1,-2,1,7,237.23081400000956,None,237.81419820000883,None,,,,,,,,,,,,,,,,,,,,,,,,,,,,,,,,,,,,,Sub048,001,2022_Oct_03_1030,1trainingbehavior_beforeMRI,2021.2.3,60.075683320676944,
10,0,,,,,,,,0,51,51,2,,,,,,,,,,,,,,,,,,,,,,,,,,,,,,,,,,,,,,,,,,,,,space,0.519770700018853,238.31427700002678,None,10,0,-12,0,7,238.31427700002678,None,238.86449539999012,None,,,,,,,,,,,,,,,,,,,,,,,,,,,,,,,,,,,,,Sub048,001,2022_Oct_03_1030,1trainingbehavior_beforeMRI,2021.2.3,60.075683320676944,
20,1,,,,,,,,0,52,52,33,,,,,,,,,,,,,,,,,,,,,,,,,,,,,,,,,,,,,,,,,,,,,space,0.5964873000048101,239.36434119998012,None,20,1,-16,0,7,239.36434119998012,None,239.98104330000933,None,,,,,,,,,,,,,,,,,,,,,,,,,,,,,,,,,,,,,Sub048,001,2022_Oct_03_1030,1trainingbehavior_beforeMRI,2021.2.3,60.075683320676944,
20,1,,,,,,,,0,53,53,39,,,,,,,,,,,,,,,,,,,,,,,,,,,,,,,,,,,,,,,,,,,,,space,0.5206772999372333,240.48105960001703,None,20,1,12,0,7,240.48105960001703,None,241.0312213000143,None,,,,,,,,,,,,,,,,,,,,,,,,,,,,,,,,,,,,,Sub048,001,2022_Oct_03_1030,1trainingbehavior_beforeMRI,2021.2.3,60.075683320676944,
20,0,,,,,,,,0,54,54,28,,,,,,,,,,,,,,,,,,,,,,,,,,,,,,,,,,,,,,,,,,,,,space,0.5552415000274777,241.53140089998487,None,20,0,2,1,7,241.53140089998487,None,242.11442450003233,None,,,,,,,,,,,,,,,,,,,,,,,,,,,,,,,,,,,,,Sub048,001,2022_Oct_03_1030,1trainingbehavior_beforeMRI,2021.2.3,60.075683320676944,
30,0,,,,,,,,0,55,55,45,,,,,,,,,,,,,,,,,,,,,,,,,,,,,,,,,,,,,,,,,,,,,space,0.6121201999485493,242.6147630000487,None,30,0,23,0,7,242.6147630000487,None,243.24769600003492,None,,,,,,,,,,,,,,,,,,,,,,,,,,,,,,,,,,,,,Sub048,001,2022_Oct_03_1030,1trainingbehavior_beforeMRI,2021.2.3,60.075683320676944,
10,0,,,,,,,,0,56,56,0,,,,,,,,,,,,,,,,,,,,,,,,,,,,,,,,,,,,,,,,,,,,,space,0.6328266999917105,243.74790980003309,None,10,0,30,0,7,243.74790980003309,None,244.39790490001906,None,,,,,,,,,,,,,,,,,,,,,,,,,,,,,,,,,,,,,Sub048,001,2022_Oct_03_1030,1trainingbehavior_beforeMRI,2021.2.3,60.075683320676944,
30,1,,,,,,,,0,57,57,58,,,,,,,,,,,,,,,,,,,,,,,,,,,,,,,,,,,,,,,,,,,,,space,0.5734363000374287,244.89813470002264,None,30,1,-9,1,7,244.89813470002264,None,245.49782970000524,None,,,,,,,,,,,,,,,,,,,,,,,,,,,,,,,,,,,,,Sub048,001,2022_Oct_03_1030,1trainingbehavior_beforeMRI,2021.2.3,60.075683320676944,
30,1,,,,,,,,0,58,58,59,,,,,,,,,,,,,,,,,,,,,,,,,,,,,,,,,,,,,,,,,,,,,space,0.543654799927026,245.99808150005993,None,30,1,5,1,7,245.99808150005993,None,246.56453169998713,None,,,,,,,,,,,,,,,,,,,,,,,,,,,,,,,,,,,,,Sub048,001,2022_Oct_03_1030,1trainingbehavior_beforeMRI,2021.2.3,60.075683320676944,
30,0,,,,,,,,0,59,59,41,,,,,,,,,,,,,,,,,,,,,,,,,,,,,,,,,,,,,,,,,,,,,space,0.5525545999407768,247.06459920003545,None,30,0,2,1,7,247.06459920003545,None,247.64815020002425,None,,,,,,,,,,,,,,,,,,,,,,,,,,,,,,,,,,,,,Sub048,001,2022_Oct_03_1030,1trainingbehavior_beforeMRI,2021.2.3,60.075683320676944,
,,,,,,,,,,,,,0,0,0,0,,,,,,,,,,,,,,,,,,,,,,,,,,,,,,,,,,,,,,,,,,,,,,,,,,,,,,248.14797699998599,None,11.909550619447982,6.033378343812348,16.06598378563533,30.526560147769068,[ 6.03337834 16.06598379 30.52656015],,,,,,,,,,,,,,,,,,,,,,,,,,,,,,Sub048,001,2022_Oct_03_1030,1trainingbehavior_beforeMRI,2021.2.3,60.075683320676944,
10,,,,,,,,,,,,,,,,,0,0,0,0,,,,,0,0,0,0,,,,,,,,,,,,,,,,,,,,,,,,,,,,,,,,,,,,,,,,,,,,,,,,,269.8866279000649,None,None,None,269.8866279000649,None,6,17.074589700088836,269.8866279000649,None,,,,,,,,,,,,,,,,,,,,Sub048,001,2022_Oct_03_1030,1trainingbehavior_beforeMRI,2021.2.3,60.075683320676944,
10,,,,,,,,,,,,,,,,,0,0,0,0,,,,,,,,,,,,,,,,,,,,,,,,,,,,,,,,,,,,,,,,,,,,,,,,,,,,,,,,,,,,,,,,,,,,,,,,,,,,,,,,,,,,,,Sub048,001,2022_Oct_03_1030,1trainingbehavior_beforeMRI,2021.2.3,60.075683320676944,
20,,,,,,,,,,,,,,,,,0,1,1,1,,,,,0,0,0,0,,,,,,,,,,,,,,,,,,,,,,,,,,,,,,,,,,,,,,,,,,,,,,,,,286.98274800006766,None,None,None,286.98274800006766,None,4,8.36611369997263,286.98274800006766,None,,,,,,,,,,,,,,,,,,,,Sub048,001,2022_Oct_03_1030,1trainingbehavior_beforeMRI,2021.2.3,60.075683320676944,
20,,,,,,,,,,,,,,,,,0,1,1,1,,,,,,,,,,,,,,,,,,,,,,,,,,,,,,,,,,,,,,,,,,,,,,,,,,,,,,,,,,,,,,,,,,,,,,,,,,,,,,,,,,,,,,Sub048,001,2022_Oct_03_1030,1trainingbehavior_beforeMRI,2021.2.3,60.075683320676944,
30,,,,,,,,,,,,,,,,,0,2,2,2,,,,,0,0,0,0,,,,,,,,,,,,,,,,,,,,,,,,,,,,,,,,,,,,,,,,,,,,,,,,,295.366331600002,None,None,None,295.366331600002,None,2,5.0589078000048175,295.366331600002,None,,,,,,,,,,,,,,,,,,,,Sub048,001,2022_Oct_03_1030,1trainingbehavior_beforeMRI,2021.2.3,60.075683320676944,
30,,,,,,,,,,,,,,,,,0,2,2,2,,,,,,,,,,,,,,,,,,,,,,,,,,,,,,,,,,,,,,,,,,,,,,,,,,,,,,,,,,,,,,,,,,,,,,,,,,,,,,,,,,,,,,Sub048,001,2022_Oct_03_1030,1trainingbehavior_beforeMRI,2021.2.3,60.075683320676944,
,,Card_20.xlsx,20,0,,,,,,,,,,,,,,,,,,,,,,,,,,,,,0,0,0,0,0,0,0,0,0,0,0,4,,,,,,,,,,,,,,,,,,,,,,,,,,,,,,,,,,,,,,,,,,,300.44973140000366,None,306.1169406999834,None,375.4858614000259,None,20,0,,,,,,,,,,,,Sub048,001,2022_Oct_03_1030,1trainingbehavior_beforeMRI,2021.2.3,60.075683320676944,
,,Card_20.xlsx,20,0,,,,,,,,,,,,,,,,,,,,,,,,,,,,,0,0,0,0,0,0,0,0,0,1,1,3,,,,,,,,,,,,,,,,,,,,,,,,,,,,,,,,,,,,,,,,,,,,,,,,,20,0,,,,,,,,,,,,Sub048,001,2022_Oct_03_1030,1trainingbehavior_beforeMRI,2021.2.3,60.075683320676944,
,,Card_20.xlsx,20,1,,,,,,,,,,,,,,,,,,,,,,,,,,,,,0,0,0,0,0,0,0,0,0,2,2,9,,,,,,,,,,,,,,,,,,,,,,,,,,,,,,,,,,,,,,,,,,,,,,,,,20,1,,,,,,,,,,,,Sub048,001,2022_Oct_03_1030,1trainingbehavior_beforeMRI,2021.2.3,60.075683320676944,
,,Card_20.xlsx,20,0,,,,,,,,,,,,,,,,,,,,,,,,,,,,,0,0,0,0,0,0,0,0,0,3,3,0,,,,,,,,,,,,,,,,,,,,,,,,,,,,,,,,,,,,,,,,,,,,,,,,,20,0,,,,,,,,,,,,Sub048,001,2022_Oct_03_1030,1trainingbehavior_beforeMRI,2021.2.3,60.075683320676944,
,,Card_20.xlsx,20,0,,,,,,,,,,,,,,,,,,,,,,,,,,,,,0,0,0,0,0,0,0,0,0,4,4,5,,,,,,,,,,,,,,,,,,,,,,,,,,,,,,,,,,,,,,,,,,,,,,,,,20,0,,,,,,,,,,,,Sub048,001,2022_Oct_03_1030,1trainingbehavior_beforeMRI,2021.2.3,60.075683320676944,
,,Card_20.xlsx,20,0,,,,,,,,,,,,,,,,,,,,,,,,,,,,,0,0,0,0,0,0,0,0,0,5,5,6,,,,,,,,,,,,,,,,,,,,,,,,,,,,,,,,,,,,,,,,,,,,,,,,,20,0,,,,,,,,,,,,Sub048,001,2022_Oct_03_1030,1trainingbehavior_beforeMRI,2021.2.3,60.075683320676944,
,,Card_20.xlsx,20,0,,,,,,,,,,,,,,,,,,,,,,,,,,,,,0,0,0,0,0,0,0,0,0,6,6,2,,,,,,,,,,,,,,,,,,,,,,,,,,,,,,,,,,,,,,,,,,,,,,,,,20,0,,,,,,,,,,,,Sub048,001,2022_Oct_03_1030,1trainingbehavior_beforeMRI,2021.2.3,60.075683320676944,
,,Card_20.xlsx,20,0,,,,,,,,,,,,,,,,,,,,,,,,,,,,,0,0,0,0,0,0,0,0,0,7,7,1,,,,,,,,,,,,,,,,,,,,,,,,,,,,,,,,,,,,,,,,,,,,,,,,,20,0,,,,,,,,,,,,Sub048,001,2022_Oct_03_1030,1trainingbehavior_beforeMRI,2021.2.3,60.075683320676944,
,,Card_20.xlsx,20,1,,,,,,,,,,,,,,,,,,,,,,,,,,,,,0,0,0,0,0,0,0,0,0,8,8,8,,,,,,,,,,,,,,,,,,,,,,,,,,,,,,,,,,,,,,,,,,,,,,,,,20,1,,,,,,,,,,,,Sub048,001,2022_Oct_03_1030,1trainingbehavior_beforeMRI,2021.2.3,60.075683320676944,
,,Card_20.xlsx,20,0,,,,,,,,,,,,,,,,,,,,,,,,,,,,,0,0,0,0,0,0,0,0,0,9,9,7,,,,,,,,,,,,,,,,,,,,,,,,,,,,,,,,,,,,,,,,,,,,,,,,,20,0,,,,,,,,,,,,Sub048,001,2022_Oct_03_1030,1trainingbehavior_beforeMRI,2021.2.3,60.075683320676944,
,,Card_20.xlsx,,,,,,,,,,,,,,,,,,,,,,,,,,,,,,,0,0,0,0,0,0,0,0,,,,,,,,,0,0,0,0,,,,,,,,,,,,,,,,,,,,,,,,,,,,,,,,,,,,,,,,,,,20,None,None,425.42581140005495,None,5,31.87663730001077,425.42581140005495,None,,,Sub048,001,2022_Oct_03_1030,1trainingbehavior_beforeMRI,2021.2.3,60.075683320676944,
,,Card_20.xlsx,,,,,,,,,,,,,,,,,,,,,,,,,,,,,,,0,0,0,0,0,0,0,0,,,,,,,,,,,,,,,,,,,,,,,,,,,,,,,,,,,,,,,,,,,,,,,,,,,,,,,,,,,,,,,,,,Sub048,001,2022_Oct_03_1030,1trainingbehavior_beforeMRI,2021.2.3,60.075683320676944,
,,Card_50.xlsx,50,0,,,,,,,,,,,,,,,,,,,,,,,,,,,,,0,0,0,0,0,1,1,1,0,0,0,3,,,,,,,,,,,,,,,,,,,,,,,,,,,,,,,,,,,,,,,,,,,,,,,,,50,0,,,,,,,,,,,,Sub048,001,2022_Oct_03_1030,1trainingbehavior_beforeMRI,2021.2.3,60.075683320676944,
,,Card_50.xlsx,50,1,,,,,,,,,,,,,,,,,,,,,,,,,,,,,0,0,0,0,0,1,1,1,0,1,1,5,,,,,,,,,,,,,,,,,,,,,,,,,,,,,,,,,,,,,,,,,,,,,,,,,50,1,,,,,,,,,,,,Sub048,001,2022_Oct_03_1030,1trainingbehavior_beforeMRI,2021.2.3,60.075683320676944,
,,Card_50.xlsx,50,1,,,,,,,,,,,,,,,,,,,,,,,,,,,,,0,0,0,0,0,1,1,1,0,2,2,9,,,,,,,,,,,,,,,,,,,,,,,,,,,,,,,,,,,,,,,,,,,,,,,,,50,1,,,,,,,,,,,,Sub048,001,2022_Oct_03_1030,1trainingbehavior_beforeMRI,2021.2.3,60.075683320676944,
,,Card_50.xlsx,50,0,,,,,,,,,,,,,,,,,,,,,,,,,,,,,0,0,0,0,0,1,1,1,0,3,3,1,,,,,,,,,,,,,,,,,,,,,,,,,,,,,,,,,,,,,,,,,,,,,,,,,50,0,,,,,,,,,,,,Sub048,001,2022_Oct_03_1030,1trainingbehavior_beforeMRI,2021.2.3,60.075683320676944,
,,Card_50.xlsx,50,0,,,,,,,,,,,,,,,,,,,,,,,,,,,,,0,0,0,0,0,1,1,1,0,4,4,4,,,,,,,,,,,,,,,,,,,,,,,,,,,,,,,,,,,,,,,,,,,,,,,,,50,0,,,,,,,,,,,,Sub048,001,2022_Oct_03_1030,1trainingbehavior_beforeMRI,2021.2.3,60.075683320676944,
,,Card_50.xlsx,50,0,,,,,,,,,,,,,,,,,,,,,,,,,,,,,0,0,0,0,0,1,1,1,0,5,5,2,,,,,,,,,,,,,,,,,,,,,,,,,,,,,,,,,,,,,,,,,,,,,,,,,50,0,,,,,,,,,,,,Sub048,001,2022_Oct_03_1030,1trainingbehavior_beforeMRI,2021.2.3,60.075683320676944,
,,Card_50.xlsx,50,1,,,,,,,,,,,,,,,,,,,,,,,,,,,,,0,0,0,0,0,1,1,1,0,6,6,7,,,,,,,,,,,,,,,,,,,,,,,,,,,,,,,,,,,,,,,,,,,,,,,,,50,1,,,,,,,,,,,,Sub048,001,2022_Oct_03_1030,1trainingbehavior_beforeMRI,2021.2.3,60.075683320676944,
,,Card_50.xlsx,50,1,,,,,,,,,,,,,,,,,,,,,,,,,,,,,0,0,0,0,0,1,1,1,0,7,7,6,,,,,,,,,,,,,,,,,,,,,,,,,,,,,,,,,,,,,,,,,,,,,,,,,50,1,,,,,,,,,,,,Sub048,001,2022_Oct_03_1030,1trainingbehavior_beforeMRI,2021.2.3,60.075683320676944,
,,Card_50.xlsx,50,1,,,,,,,,,,,,,,,,,,,,,,,,,,,,,0,0,0,0,0,1,1,1,0,8,8,8,,,,,,,,,,,,,,,,,,,,,,,,,,,,,,,,,,,,,,,,,,,,,,,,,50,1,,,,,,,,,,,,Sub048,001,2022_Oct_03_1030,1trainingbehavior_beforeMRI,2021.2.3,60.075683320676944,
,,Card_50.xlsx,50,0,,,,,,,,,,,,,,,,,,,,,,,,,,,,,0,0,0,0,0,1,1,1,0,9,9,0,,,,,,,,,,,,,,,,,,,,,,,,,,,,,,,,,,,,,,,,,,,,,,,,,50,0,,,,,,,,,,,,Sub048,001,2022_Oct_03_1030,1trainingbehavior_beforeMRI,2021.2.3,60.075683320676944,
,,Card_50.xlsx,,,,,,,,,,,,,,,,,,,,,,,,,,,,,,,0,0,0,0,0,1,1,1,,,,,,,,,0,0,0,0,,,,,,,,,,,,,,,,,,,,,,,,,,,,,,,,,,,,,,,,,,,50,None,None,492.32790929998737,None,4,2.279670200077817,492.32790929998737,None,,,Sub048,001,2022_Oct_03_1030,1trainingbehavior_beforeMRI,2021.2.3,60.075683320676944,
,,Card_50.xlsx,,,,,,,,,,,,,,,,,,,,,,,,,,,,,,,0,0,0,0,0,1,1,1,,,,,,,,,,,,,,,,,,,,,,,,,,,,,,,,,,,,,,,,,,,,,,,,,,,,,,,,,,,,,,,,,,Sub048,001,2022_Oct_03_1030,1trainingbehavior_beforeMRI,2021.2.3,60.075683320676944,
,,Card_80.xlsx,80,1,,,,,,,,,,,,,,,,,,,,,,,,,,,,,0,0,0,0,0,2,2,2,0,0,0,4,,,,,,,,,,,,,,,,,,,,,,,,,,,,,,,,,,,,,,,,,,,,,,,,,80,1,,,,,,,,,,,,Sub048,001,2022_Oct_03_1030,1trainingbehavior_beforeMRI,2021.2.3,60.075683320676944,
,,Card_80.xlsx,80,1,,,,,,,,,,,,,,,,,,,,,,,,,,,,,0,0,0,0,0,2,2,2,0,1,1,9,,,,,,,,,,,,,,,,,,,,,,,,,,,,,,,,,,,,,,,,,,,,,,,,,80,1,,,,,,,,,,,,Sub048,001,2022_Oct_03_1030,1trainingbehavior_beforeMRI,2021.2.3,60.075683320676944,
,,Card_80.xlsx,80,1,,,,,,,,,,,,,,,,,,,,,,,,,,,,,0,0,0,0,0,2,2,2,0,2,2,2,,,,,,,,,,,,,,,,,,,,,,,,,,,,,,,,,,,,,,,,,,,,,,,,,80,1,,,,,,,,,,,,Sub048,001,2022_Oct_03_1030,1trainingbehavior_beforeMRI,2021.2.3,60.075683320676944,
,,Card_80.xlsx,80,1,,,,,,,,,,,,,,,,,,,,,,,,,,,,,0,0,0,0,0,2,2,2,0,3,3,3,,,,,,,,,,,,,,,,,,,,,,,,,,,,,,,,,,,,,,,,,,,,,,,,,80,1,,,,,,,,,,,,Sub048,001,2022_Oct_03_1030,1trainingbehavior_beforeMRI,2021.2.3,60.075683320676944,
,,Card_80.xlsx,80,1,,,,,,,,,,,,,,,,,,,,,,,,,,,,,0,0,0,0,0,2,2,2,0,4,4,5,,,,,,,,,,,,,,,,,,,,,,,,,,,,,,,,,,,,,,,,,,,,,,,,,80,1,,,,,,,,,,,,Sub048,001,2022_Oct_03_1030,1trainingbehavior_beforeMRI,2021.2.3,60.075683320676944,
,,Card_80.xlsx,80,0,,,,,,,,,,,,,,,,,,,,,,,,,,,,,0,0,0,0,0,2,2,2,0,5,5,1,,,,,,,,,,,,,,,,,,,,,,,,,,,,,,,,,,,,,,,,,,,,,,,,,80,0,,,,,,,,,,,,Sub048,001,2022_Oct_03_1030,1trainingbehavior_beforeMRI,2021.2.3,60.075683320676944,
,,Card_80.xlsx,80,1,,,,,,,,,,,,,,,,,,,,,,,,,,,,,0,0,0,0,0,2,2,2,0,6,6,6,,,,,,,,,,,,,,,,,,,,,,,,,,,,,,,,,,,,,,,,,,,,,,,,,80,1,,,,,,,,,,,,Sub048,001,2022_Oct_03_1030,1trainingbehavior_beforeMRI,2021.2.3,60.075683320676944,
,,Card_80.xlsx,80,1,,,,,,,,,,,,,,,,,,,,,,,,,,,,,0,0,0,0,0,2,2,2,0,7,7,7,,,,,,,,,,,,,,,,,,,,,,,,,,,,,,,,,,,,,,,,,,,,,,,,,80,1,,,,,,,,,,,,Sub048,001,2022_Oct_03_1030,1trainingbehavior_beforeMRI,2021.2.3,60.075683320676944,
,,Card_80.xlsx,80,0,,,,,,,,,,,,,,,,,,,,,,,,,,,,,0,0,0,0,0,2,2,2,0,8,8,0,,,,,,,,,,,,,,,,,,,,,,,,,,,,,,,,,,,,,,,,,,,,,,,,,80,0,,,,,,,,,,,,Sub048,001,2022_Oct_03_1030,1trainingbehavior_beforeMRI,2021.2.3,60.075683320676944,
,,Card_80.xlsx,80,1,,,,,,,,,,,,,,,,,,,,,,,,,,,,,0,0,0,0,0,2,2,2,0,9,9,8,,,,,,,,,,,,,,,,,,,,,,,,,,,,,,,,,,,,,,,,,,,,,,,,,80,1,,,,,,,,,,,,Sub048,001,2022_Oct_03_1030,1trainingbehavior_beforeMRI,2021.2.3,60.075683320676944,
,,Card_80.xlsx,,,,,,,,,,,,,,,,,,,,,,,,,,,,,,,0,0,0,0,0,2,2,2,,,,,,,,,0,0,0,0,,,,,,,,,,,,,,,,,,,,,,,,,,,,,,,,,,,,,,,,,,,80,None,None,529.6441538999788,None,6,5.067905400064774,529.6441538999788,None,,,Sub048,001,2022_Oct_03_1030,1trainingbehavior_beforeMRI,2021.2.3,60.075683320676944,
,,Card_80.xlsx,,,,,,,,,,,,,,,,,,,,,,,,,,,,,,,0,0,0,0,0,2,2,2,,,,,,,,,,,,,,,,,,,,,,,,,,,,,,,,,,,,,,,,,,,,,,,,,,,,,,,,,,,,,,,,,,Sub048,001,2022_Oct_03_1030,1trainingbehavior_beforeMRI,2021.2.3,60.075683320676944,
,,,,,,,,,,,,,,,,,,,,,,,,,,,,,,,,,0,0,0,0,,,,,,,,,,,,,,,,,,,,,,,,,,,,,,,,,,,,,,,,,,,,,,,,,,,,,,,,,,,,,,,,,,,,534.7417437999975,None,Sub048,001,2022_Oct_03_1030,1trainingbehavior_beforeMRI,2021.2.3,60.075683320676944,
