﻿Target_Size,start_position,Run_Files,current_card_prob,current_WinLoss,start.thisRepN,start.thisTrialN,start.thisN,start.thisIndex,trials.thisRepN,trials.thisTrialN,trials.thisN,trials.thisIndex,Indi_Info.thisRepN,Indi_Info.thisTrialN,Indi_Info.thisN,Indi_Info.thisIndex,trials_bar_Q.thisRepN,trials_bar_Q.thisTrialN,trials_bar_Q.thisN,trials_bar_Q.thisIndex,Confi_bar_L.thisRepN,Confi_bar_L.thisTrialN,Confi_bar_L.thisN,Confi_bar_L.thisIndex,Confi_bar_R.thisRepN,Confi_bar_R.thisTrialN,Confi_bar_R.thisN,Confi_bar_R.thisIndex,StopGame.thisRepN,StopGame.thisTrialN,StopGame.thisN,StopGame.thisIndex,ContinuePlay.thisRepN,ContinuePlay.thisTrialN,ContinuePlay.thisN,ContinuePlay.thisIndex,Run_card.thisRepN,Run_card.thisTrialN,Run_card.thisN,Run_card.thisIndex,trials_card.thisRepN,trials_card.thisTrialN,trials_card.thisN,trials_card.thisIndex,Qlikely_card_L.thisRepN,Qlikely_card_L.thisTrialN,Qlikely_card_L.thisN,Qlikely_card_L.thisIndex,Qlikely_card_R.thisRepN,Qlikely_card_R.thisTrialN,Qlikely_card_R.thisN,Qlikely_card_R.thisIndex,run_L,run_R,instr.started,instr.stopped,key_resp_bar.keys,key_resp_bar.rt,key_resp_bar.started,key_resp_bar.stopped,Current_Target_Size,Start_position,key_resp_bar.position,key_resp_bar.hit,trial_speed,center.started,center.stopped,center2.started,center2.stopped,instr_4.started,instr_4.stopped,sigma_indi,targetSize_20,targetSize_50,targetSize_80,targetSize_indi,center_2.started,center_2.stopped,Slider_LikelyBar_L.response,Slider_LikelyBar_L.rt,Slider_LikelyBar_L.started,Slider_LikelyBar_L.stopped,key_resp_LikeQ_bar_L.keys,key_resp_LikeQ_bar_L.rt,key_resp_LikeQ_bar_L.started,key_resp_LikeQ_bar_L.stopped,bar_final_text.started,bar_final_text.stopped,card_instr_text.started,card_instr_text.stopped,instr_5.started,instr_5.stopped,current_card_prob,current_WinLoss,Q_card_prob,Slider_LikelyCard_L.response,Slider_LikelyCard_L.rt,Slider_LikelyCard_L.started,Slider_LikelyCard_L.stopped,key_resp_LikeQ_card_L.keys,key_resp_LikeQ_card_L.rt,key_resp_LikeQ_card_L.started,key_resp_LikeQ_card_L.stopped,bar_final_text_2.started,bar_final_text_2.stopped,participant,session,date,expName,psychopyVersion,frameRate,
,,,,,0,0,0,0,,,,,,,,,,,,,,,,,,,,,,,,,,,,,,,,,,,,,,,,,,,,,1,0,11.07530969940126,None,,,,,,,,,,,,,,,,,,,,,,,,,,,,,,,,,,,,,,,,,,,,,,,,,,Sub035,001,2022_Sep_19_1318,1trainingbehavior_beforeMRI,2021.2.3,59.97584190999524,
30,1,,,,,,,,0,0,0,50,,,,,,,,,,,,,,,,,,,,,,,,,,,,,,,,,,,,,,,,,,,,,space,1.822872600518167,108.76620380021632,None,30,1,26,0,7,108.76620380021632,None,110.61989929992706,None,,,,,,,,,,,,,,,,,,,,,,,,,,,,,,,,,,,,,Sub035,001,2022_Sep_19_1318,1trainingbehavior_beforeMRI,2021.2.3,59.97584190999524,
20,1,,,,,,,,0,1,1,33,,,,,,,,,,,,,,,,,,,,,,,,,,,,,,,,,,,,,,,,,,,,,space,1.7790916999801993,111.13194310013205,None,20,1,5,1,7,111.13194310013205,None,112.93281350005418,None,,,,,,,,,,,,,,,,,,,,,,,,,,,,,,,,,,,,,Sub035,001,2022_Sep_19_1318,1trainingbehavior_beforeMRI,2021.2.3,59.97584190999524,
10,1,,,,,,,,0,2,2,18,,,,,,,,,,,,,,,,,,,,,,,,,,,,,,,,,,,,,,,,,,,,,space,1.7861902993172407,113.43184550013393,None,10,1,12,0,7,113.43184550013393,None,115.24820380005985,None,,,,,,,,,,,,,,,,,,,,,,,,,,,,,,,,,,,,,Sub035,001,2022_Sep_19_1318,1trainingbehavior_beforeMRI,2021.2.3,59.97584190999524,
20,1,,,,,,,,0,3,3,30,,,,,,,,,,,,,,,,,,,,,,,,,,,,,,,,,,,,,,,,,,,,,space,1.779747100546956,115.74839110020548,None,20,1,5,1,7,115.74839110020548,None,117.54823839943856,None,,,,,,,,,,,,,,,,,,,,,,,,,,,,,,,,,,,,,Sub035,001,2022_Sep_19_1318,1trainingbehavior_beforeMRI,2021.2.3,59.97584190999524,
10,0,,,,,,,,0,4,4,9,,,,,,,,,,,,,,,,,,,,,,,,,,,,,,,,,,,,,,,,,,,,,space,2.990647000260651,118.04865910019726,None,10,0,16,0,7,118.04865910019726,None,121.06527899950743,None,,,,,,,,,,,,,,,,,,,,,,,,,,,,,,,,,,,,,Sub035,001,2022_Sep_19_1318,1trainingbehavior_beforeMRI,2021.2.3,59.97584190999524,
10,0,,,,,,,,0,5,5,6,,,,,,,,,,,,,,,,,,,,,,,,,,,,,,,,,,,,,,,,,,,,,space,1.817409100010991,121.56568429991603,None,10,0,-19,0,7,121.56568429991603,None,123.39842739980668,None,,,,,,,,,,,,,,,,,,,,,,,,,,,,,,,,,,,,,Sub035,001,2022_Sep_19_1318,1trainingbehavior_beforeMRI,2021.2.3,59.97584190999524,
10,0,,,,,,,,0,6,6,1,,,,,,,,,,,,,,,,,,,,,,,,,,,,,,,,,,,,,,,,,,,,,space,1.8279977003112435,123.8989790994674,None,10,0,-26,0,7,123.8989790994674,None,125.74868240021169,None,,,,,,,,,,,,,,,,,,,,,,,,,,,,,,,,,,,,,Sub035,001,2022_Sep_19_1318,1trainingbehavior_beforeMRI,2021.2.3,59.97584190999524,
10,0,,,,,,,,0,7,7,4,,,,,,,,,,,,,,,,,,,,,,,,,,,,,,,,,,,,,,,,,,,,,space,2.941910999827087,126.24893839936703,None,10,0,-5,1,7,126.24893839936703,None,129.21557229943573,None,,,,,,,,,,,,,,,,,,,,,,,,,,,,,,,,,,,,,Sub035,001,2022_Sep_19_1318,1trainingbehavior_beforeMRI,2021.2.3,59.97584190999524,
10,1,,,,,,,,0,8,8,16,,,,,,,,,,,,,,,,,,,,,,,,,,,,,,,,,,,,,,,,,,,,,space,1.797727799974382,129.7157889995724,None,10,1,12,0,7,129.7157889995724,None,131.5324488999322,None,,,,,,,,,,,,,,,,,,,,,,,,,,,,,,,,,,,,,Sub035,001,2022_Sep_19_1318,1trainingbehavior_beforeMRI,2021.2.3,59.97584190999524,
10,1,,,,,,,,0,9,9,14,,,,,,,,,,,,,,,,,,,,,,,,,,,,,,,,,,,,,,,,,,,,,space,1.7811799999326468,132.03242850024253,None,10,1,5,1,7,132.03242850024253,None,133.83248060010374,None,,,,,,,,,,,,,,,,,,,,,,,,,,,,,,,,,,,,,Sub035,001,2022_Sep_19_1318,1trainingbehavior_beforeMRI,2021.2.3,59.97584190999524,
20,0,,,,,,,,0,10,10,27,,,,,,,,,,,,,,,,,,,,,,,,,,,,,,,,,,,,,,,,,,,,,space,1.798684500157833,134.33252169936895,None,20,0,-12,0,7,134.33252169936895,None,136.14911920018494,None,,,,,,,,,,,,,,,,,,,,,,,,,,,,,,,,,,,,,Sub035,001,2022_Sep_19_1318,1trainingbehavior_beforeMRI,2021.2.3,59.97584190999524,
20,0,,,,,,,,0,11,11,23,,,,,,,,,,,,,,,,,,,,,,,,,,,,,,,,,,,,,,,,,,,,,space,1.761969699524343,136.64922989998013,None,20,0,2,1,7,136.64922989998013,None,138.43321279995143,None,,,,,,,,,,,,,,,,,,,,,,,,,,,,,,,,,,,,,Sub035,001,2022_Sep_19_1318,1trainingbehavior_beforeMRI,2021.2.3,59.97584190999524,
20,1,,,,,,,,0,12,12,37,,,,,,,,,,,,,,,,,,,,,,,,,,,,,,,,,,,,,,,,,,,,,space,1.7876892006024718,138.93309869989753,None,20,1,12,0,7,138.93309869989753,None,140.7492487002164,None,,,,,,,,,,,,,,,,,,,,,,,,,,,,,,,,,,,,,Sub035,001,2022_Sep_19_1318,1trainingbehavior_beforeMRI,2021.2.3,59.97584190999524,
10,0,,,,,,,,0,13,13,8,,,,,,,,,,,,,,,,,,,,,,,,,,,,,,,,,,,,,,,,,,,,,space,1.7601095996797085,141.24939879961312,None,10,0,2,1,7,141.24939879961312,None,143.03292590007186,None,,,,,,,,,,,,,,,,,,,,,,,,,,,,,,,,,,,,,Sub035,001,2022_Sep_19_1318,1trainingbehavior_beforeMRI,2021.2.3,59.97584190999524,
10,1,,,,,,,,0,14,14,17,,,,,,,,,,,,,,,,,,,,,,,,,,,,,,,,,,,,,,,,,,,,,space,1.7706505004316568,143.53277540020645,None,10,1,5,1,7,143.53277540020645,None,145.332907599397,None,,,,,,,,,,,,,,,,,,,,,,,,,,,,,,,,,,,,,Sub035,001,2022_Sep_19_1318,1trainingbehavior_beforeMRI,2021.2.3,59.97584190999524,
30,1,,,,,,,,0,15,15,58,,,,,,,,,,,,,,,,,,,,,,,,,,,,,,,,,,,,,,,,,,,,,space,1.749787399545312,145.83332199975848,None,30,1,-9,1,7,145.83332199975848,None,147.5996193997562,None,,,,,,,,,,,,,,,,,,,,,,,,,,,,,,,,,,,,,Sub035,001,2022_Sep_19_1318,1trainingbehavior_beforeMRI,2021.2.3,59.97584190999524,
10,0,,,,,,,,0,16,16,3,,,,,,,,,,,,,,,,,,,,,,,,,,,,,,,,,,,,,,,,,,,,,space,1.786736000329256,148.0997556997463,None,10,0,-12,0,7,148.0997556997463,None,149.91666719969362,None,,,,,,,,,,,,,,,,,,,,,,,,,,,,,,,,,,,,,Sub035,001,2022_Sep_19_1318,1trainingbehavior_beforeMRI,2021.2.3,59.97584190999524,
20,1,,,,,,,,0,17,17,34,,,,,,,,,,,,,,,,,,,,,,,,,,,,,,,,,,,,,,,,,,,,,space,1.769752599298954,150.41653189994395,None,20,1,5,1,7,150.41653189994395,None,152.21642269939184,None,,,,,,,,,,,,,,,,,,,,,,,,,,,,,,,,,,,,,Sub035,001,2022_Sep_19_1318,1trainingbehavior_beforeMRI,2021.2.3,59.97584190999524,
30,0,,,,,,,,0,18,18,40,,,,,,,,,,,,,,,,,,,,,,,,,,,,,,,,,,,,,,,,,,,,,space,1.795240200124681,152.7169607002288,None,30,0,-12,1,7,152.7169607002288,None,154.53334589954466,None,,,,,,,,,,,,,,,,,,,,,,,,,,,,,,,,,,,,,Sub035,001,2022_Sep_19_1318,1trainingbehavior_beforeMRI,2021.2.3,59.97584190999524,
30,0,,,,,,,,0,19,19,43,,,,,,,,,,,,,,,,,,,,,,,,,,,,,,,,,,,,,,,,,,,,,space,2.9540170999243855,155.0333698000759,None,30,0,2,1,7,155.0333698000759,None,158.01677890028805,None,,,,,,,,,,,,,,,,,,,,,,,,,,,,,,,,,,,,,Sub035,001,2022_Sep_19_1318,1trainingbehavior_beforeMRI,2021.2.3,59.97584190999524,
30,0,,,,,,,,0,20,20,44,,,,,,,,,,,,,,,,,,,,,,,,,,,,,,,,,,,,,,,,,,,,,space,2.9293838003650308,158.5168886994943,None,30,0,-12,1,7,158.5168886994943,None,161.46714469976723,None,,,,,,,,,,,,,,,,,,,,,,,,,,,,,,,,,,,,,Sub035,001,2022_Sep_19_1318,1trainingbehavior_beforeMRI,2021.2.3,59.97584190999524,
30,1,,,,,,,,0,21,21,55,,,,,,,,,,,,,,,,,,,,,,,,,,,,,,,,,,,,,,,,,,,,,space,1.7702763993293047,161.96711499989033,None,30,1,5,1,7,161.96711499989033,None,163.76703260000795,None,,,,,,,,,,,,,,,,,,,,,,,,,,,,,,,,,,,,,Sub035,001,2022_Sep_19_1318,1trainingbehavior_beforeMRI,2021.2.3,59.97584190999524,
20,0,,,,,,,,0,22,22,21,,,,,,,,,,,,,,,,,,,,,,,,,,,,,,,,,,,,,,,,,,,,,space,1.7915400005877018,164.26701379939914,None,20,0,-12,0,7,164.26701379939914,None,166.083527199924,None,,,,,,,,,,,,,,,,,,,,,,,,,,,,,,,,,,,,,Sub035,001,2022_Sep_19_1318,1trainingbehavior_beforeMRI,2021.2.3,59.97584190999524,
30,1,,,,,,,,0,23,23,57,,,,,,,,,,,,,,,,,,,,,,,,,,,,,,,,,,,,,,,,,,,,,space,1.7697583008557558,166.5836324999109,None,30,1,5,1,7,166.5836324999109,None,168.38356740027666,None,,,,,,,,,,,,,,,,,,,,,,,,,,,,,,,,,,,,,Sub035,001,2022_Sep_19_1318,1trainingbehavior_beforeMRI,2021.2.3,59.97584190999524,
30,1,,,,,,,,0,24,24,52,,,,,,,,,,,,,,,,,,,,,,,,,,,,,,,,,,,,,,,,,,,,,space,1.8030845997855067,168.88391469977796,None,30,1,19,0,7,168.88391469977796,None,170.7182272002101,None,,,,,,,,,,,,,,,,,,,,,,,,,,,,,,,,,,,,,Sub035,001,2022_Sep_19_1318,1trainingbehavior_beforeMRI,2021.2.3,59.97584190999524,
20,0,,,,,,,,0,25,25,28,,,,,,,,,,,,,,,,,,,,,,,,,,,,,,,,,,,,,,,,,,,,,space,1.8217715993523598,171.2339412001893,None,20,0,-26,0,7,171.2339412001893,None,173.08399519976228,None,,,,,,,,,,,,,,,,,,,,,,,,,,,,,,,,,,,,,Sub035,001,2022_Sep_19_1318,1trainingbehavior_beforeMRI,2021.2.3,59.97584190999524,
20,1,,,,,,,,0,26,26,38,,,,,,,,,,,,,,,,,,,,,,,,,,,,,,,,,,,,,,,,,,,,,space,1.7885678000748158,173.58409829996526,None,20,1,12,0,7,173.58409829996526,None,175.40103479940444,None,,,,,,,,,,,,,,,,,,,,,,,,,,,,,,,,,,,,,Sub035,001,2022_Sep_19_1318,1trainingbehavior_beforeMRI,2021.2.3,59.97584190999524,
20,1,,,,,,,,0,27,27,32,,,,,,,,,,,,,,,,,,,,,,,,,,,,,,,,,,,,,,,,,,,,,space,4.137367200106382,175.90082789957523,None,20,1,-9,1,7,175.90082789957523,None,180.06754510011524,None,,,,,,,,,,,,,,,,,,,,,,,,,,,,,,,,,,,,,Sub035,001,2022_Sep_19_1318,1trainingbehavior_beforeMRI,2021.2.3,59.97584190999524,
20,1,,,,,,,,0,28,28,31,,,,,,,,,,,,,,,,,,,,,,,,,,,,,,,,,,,,,,,,,,,,,space,4.164738499559462,180.56765479966998,None,20,1,-2,1,7,180.56765479966998,None,184.75097589939833,None,,,,,,,,,,,,,,,,,,,,,,,,,,,,,,,,,,,,,Sub035,001,2022_Sep_19_1318,1trainingbehavior_beforeMRI,2021.2.3,59.97584190999524,
30,1,,,,,,,,0,29,29,59,,,,,,,,,,,,,,,,,,,,,,,,,,,,,,,,,,,,,,,,,,,,,space,1.7495643002912402,185.25104120001197,None,30,1,-9,1,7,185.25104120001197,None,187.01779640000314,None,,,,,,,,,,,,,,,,,,,,,,,,,,,,,,,,,,,,,Sub035,001,2022_Sep_19_1318,1trainingbehavior_beforeMRI,2021.2.3,59.97584190999524,
10,1,,,,,,,,0,30,30,13,,,,,,,,,,,,,,,,,,,,,,,,,,,,,,,,,,,,,,,,,,,,,space,4.201816500164568,187.51795279979706,None,10,1,12,0,7,187.51795279979706,None,191.73453240003437,None,,,,,,,,,,,,,,,,,,,,,,,,,,,,,,,,,,,,,Sub035,001,2022_Sep_19_1318,1trainingbehavior_beforeMRI,2021.2.3,59.97584190999524,
30,0,,,,,,,,0,31,31,41,,,,,,,,,,,,,,,,,,,,,,,,,,,,,,,,,,,,,,,,,,,,,space,1.7822478003799915,192.23484339937568,None,30,0,-5,1,7,192.23484339937568,None,194.0345674995333,None,,,,,,,,,,,,,,,,,,,,,,,,,,,,,,,,,,,,,Sub035,001,2022_Sep_19_1318,1trainingbehavior_beforeMRI,2021.2.3,59.97584190999524,
30,1,,,,,,,,0,32,32,54,,,,,,,,,,,,,,,,,,,,,,,,,,,,,,,,,,,,,,,,,,,,,space,1.7437691995874047,194.53484219964594,None,30,1,-9,1,7,194.53484219964594,None,196.30156079959124,None,,,,,,,,,,,,,,,,,,,,,,,,,,,,,,,,,,,,,Sub035,001,2022_Sep_19_1318,1trainingbehavior_beforeMRI,2021.2.3,59.97584190999524,
30,0,,,,,,,,0,33,33,46,,,,,,,,,,,,,,,,,,,,,,,,,,,,,,,,,,,,,,,,,,,,,space,1.7657118998467922,196.80182609986514,None,30,0,2,1,7,196.80182609986514,None,198.58514050021768,None,,,,,,,,,,,,,,,,,,,,,,,,,,,,,,,,,,,,,Sub035,001,2022_Sep_19_1318,1trainingbehavior_beforeMRI,2021.2.3,59.97584190999524,
30,0,,,,,,,,0,34,34,48,,,,,,,,,,,,,,,,,,,,,,,,,,,,,,,,,,,,,,,,,,,,,space,1.806581100448966,199.0854740999639,None,30,0,-19,0,7,199.0854740999639,None,200.9185667997226,None,,,,,,,,,,,,,,,,,,,,,,,,,,,,,,,,,,,,,Sub035,001,2022_Sep_19_1318,1trainingbehavior_beforeMRI,2021.2.3,59.97584190999524,
30,0,,,,,,,,0,35,35,42,,,,,,,,,,,,,,,,,,,,,,,,,,,,,,,,,,,,,,,,,,,,,space,1.9382040007039905,201.41868149954826,None,30,0,-75,0,7,201.41868149954826,None,203.38514939974993,None,,,,,,,,,,,,,,,,,,,,,,,,,,,,,,,,,,,,,Sub035,001,2022_Sep_19_1318,1trainingbehavior_beforeMRI,2021.2.3,59.97584190999524,
20,0,,,,,,,,0,36,36,29,,,,,,,,,,,,,,,,,,,,,,,,,,,,,,,,,,,,,,,,,,,,,space,2.913990099914372,203.88523889984936,None,20,0,-19,0,7,203.88523889984936,None,206.81866460014135,None,,,,,,,,,,,,,,,,,,,,,,,,,,,,,,,,,,,,,Sub035,001,2022_Sep_19_1318,1trainingbehavior_beforeMRI,2021.2.3,59.97584190999524,
30,1,,,,,,,,0,37,37,51,,,,,,,,,,,,,,,,,,,,,,,,,,,,,,,,,,,,,,,,,,,,,space,1.8174266004934907,207.31863899994642,None,30,1,19,0,7,207.31863899994642,None,209.1520194998011,None,,,,,,,,,,,,,,,,,,,,,,,,,,,,,,,,,,,,,Sub035,001,2022_Sep_19_1318,1trainingbehavior_beforeMRI,2021.2.3,59.97584190999524,
20,1,,,,,,,,0,38,38,36,,,,,,,,,,,,,,,,,,,,,,,,,,,,,,,,,,,,,,,,,,,,,space,1.7930359998717904,209.65214390028268,None,20,1,12,0,7,209.65214390028268,None,211.4690608996898,None,,,,,,,,,,,,,,,,,,,,,,,,,,,,,,,,,,,,,Sub035,001,2022_Sep_19_1318,1trainingbehavior_beforeMRI,2021.2.3,59.97584190999524,
20,1,,,,,,,,0,39,39,35,,,,,,,,,,,,,,,,,,,,,,,,,,,,,,,,,,,,,,,,,,,,,space,1.8419965002685785,211.96862909942865,None,20,1,33,0,7,211.96862909942865,None,213.8358463998884,None,,,,,,,,,,,,,,,,,,,,,,,,,,,,,,,,,,,,,Sub035,001,2022_Sep_19_1318,1trainingbehavior_beforeMRI,2021.2.3,59.97584190999524,
30,0,,,,,,,,0,40,40,49,,,,,,,,,,,,,,,,,,,,,,,,,,,,,,,,,,,,,,,,,,,,,space,4.154679499566555,214.33579020015895,None,30,0,2,1,7,214.33579020015895,None,218.5192884001881,None,,,,,,,,,,,,,,,,,,,,,,,,,,,,,,,,,,,,,Sub035,001,2022_Sep_19_1318,1trainingbehavior_beforeMRI,2021.2.3,59.97584190999524,
20,0,,,,,,,,0,41,41,26,,,,,,,,,,,,,,,,,,,,,,,,,,,,,,,,,,,,,,,,,,,,,space,4.1840567998588085,219.01922649983317,None,20,0,-5,1,7,219.01922649983317,None,223.2192313997075,None,,,,,,,,,,,,,,,,,,,,,,,,,,,,,,,,,,,,,Sub035,001,2022_Sep_19_1318,1trainingbehavior_beforeMRI,2021.2.3,59.97584190999524,
10,1,,,,,,,,0,42,42,15,,,,,,,,,,,,,,,,,,,,,,,,,,,,,,,,,,,,,,,,,,,,,space,4.172972499392927,223.71937659941614,None,10,1,5,1,7,223.71937659941614,None,227.9196234997362,None,,,,,,,,,,,,,,,,,,,,,,,,,,,,,,,,,,,,,Sub035,001,2022_Sep_19_1318,1trainingbehavior_beforeMRI,2021.2.3,59.97584190999524,
10,1,,,,,,,,0,43,43,11,,,,,,,,,,,,,,,,,,,,,,,,,,,,,,,,,,,,,,,,,,,,,space,4.151975800283253,228.41986180003732,None,10,1,-2,1,7,228.41986180003732,None,232.60278919991106,None,,,,,,,,,,,,,,,,,,,,,,,,,,,,,,,,,,,,,Sub035,001,2022_Sep_19_1318,1trainingbehavior_beforeMRI,2021.2.3,59.97584190999524,
20,0,,,,,,,,0,44,44,25,,,,,,,,,,,,,,,,,,,,,,,,,,,,,,,,,,,,,,,,,,,,,space,3.0146124996244907,233.10302819963545,None,20,0,23,0,7,233.10302819963545,None,236.1371337994933,None,,,,,,,,,,,,,,,,,,,,,,,,,,,,,,,,,,,,,Sub035,001,2022_Sep_19_1318,1trainingbehavior_beforeMRI,2021.2.3,59.97584190999524,
20,0,,,,,,,,0,45,45,24,,,,,,,,,,,,,,,,,,,,,,,,,,,,,,,,,,,,,,,,,,,,,space,4.150453899987042,236.63666990026832,None,20,0,9,1,7,236.63666990026832,None,240.8030348997563,None,,,,,,,,,,,,,,,,,,,,,,,,,,,,,,,,,,,,,Sub035,001,2022_Sep_19_1318,1trainingbehavior_beforeMRI,2021.2.3,59.97584190999524,
10,0,,,,,,,,0,46,46,7,,,,,,,,,,,,,,,,,,,,,,,,,,,,,,,,,,,,,,,,,,,,,space,2.93821519985795,241.30323630012572,None,10,0,-5,1,7,241.30323630012572,None,244.27030980028212,None,,,,,,,,,,,,,,,,,,,,,,,,,,,,,,,,,,,,,Sub035,001,2022_Sep_19_1318,1trainingbehavior_beforeMRI,2021.2.3,59.97584190999524,
10,0,,,,,,,,0,47,47,0,,,,,,,,,,,,,,,,,,,,,,,,,,,,,,,,,,,,,,,,,,,,,space,2.98504909966141,244.77008739951998,None,10,0,9,0,7,244.77008739951998,None,247.77021209988743,None,,,,,,,,,,,,,,,,,,,,,,,,,,,,,,,,,,,,,Sub035,001,2022_Sep_19_1318,1trainingbehavior_beforeMRI,2021.2.3,59.97584190999524,
30,0,,,,,,,,0,48,48,45,,,,,,,,,,,,,,,,,,,,,,,,,,,,,,,,,,,,,,,,,,,,,space,1.7379149002954364,248.27034409996122,None,30,0,9,1,7,248.27034409996122,None,250.03671809937805,None,,,,,,,,,,,,,,,,,,,,,,,,,,,,,,,,,,,,,Sub035,001,2022_Sep_19_1318,1trainingbehavior_beforeMRI,2021.2.3,59.97584190999524,
10,1,,,,,,,,0,49,49,12,,,,,,,,,,,,,,,,,,,,,,,,,,,,,,,,,,,,,,,,,,,,,space,2.946218100376427,250.5369167001918,None,10,1,5,1,7,250.5369167001918,None,253.50366779975593,None,,,,,,,,,,,,,,,,,,,,,,,,,,,,,,,,,,,,,Sub035,001,2022_Sep_19_1318,1trainingbehavior_beforeMRI,2021.2.3,59.97584190999524,
10,0,,,,,,,,0,50,50,5,,,,,,,,,,,,,,,,,,,,,,,,,,,,,,,,,,,,,,,,,,,,,space,2.9628480998799205,254.00401729997247,None,10,0,2,1,7,254.00401729997247,None,256.98741689976305,None,,,,,,,,,,,,,,,,,,,,,,,,,,,,,,,,,,,,,Sub035,001,2022_Sep_19_1318,1trainingbehavior_beforeMRI,2021.2.3,59.97584190999524,
20,0,,,,,,,,0,51,51,20,,,,,,,,,,,,,,,,,,,,,,,,,,,,,,,,,,,,,,,,,,,,,space,2.9837497007101774,257.4872562997043,None,20,0,9,1,7,257.4872562997043,None,260.4874243000522,None,,,,,,,,,,,,,,,,,,,,,,,,,,,,,,,,,,,,,Sub035,001,2022_Sep_19_1318,1trainingbehavior_beforeMRI,2021.2.3,59.97584190999524,
10,1,,,,,,,,0,52,52,19,,,,,,,,,,,,,,,,,,,,,,,,,,,,,,,,,,,,,,,,,,,,,space,2.965853000059724,260.9874788997695,None,10,1,-2,1,7,260.9874788997695,None,263.97092729993165,None,,,,,,,,,,,,,,,,,,,,,,,,,,,,,,,,,,,,,Sub035,001,2022_Sep_19_1318,1trainingbehavior_beforeMRI,2021.2.3,59.97584190999524,
10,0,,,,,,,,0,53,53,2,,,,,,,,,,,,,,,,,,,,,,,,,,,,,,,,,,,,,,,,,,,,,space,2.9534913999959826,264.4709446998313,None,10,0,2,1,7,264.4709446998313,None,267.4544709995389,None,,,,,,,,,,,,,,,,,,,,,,,,,,,,,,,,,,,,,Sub035,001,2022_Sep_19_1318,1trainingbehavior_beforeMRI,2021.2.3,59.97584190999524,
30,1,,,,,,,,0,54,54,56,,,,,,,,,,,,,,,,,,,,,,,,,,,,,,,,,,,,,,,,,,,,,space,1.7464830996468663,267.95409379992634,None,30,1,-9,1,7,267.95409379992634,None,269.7212170995772,None,,,,,,,,,,,,,,,,,,,,,,,,,,,,,,,,,,,,,Sub035,001,2022_Sep_19_1318,1trainingbehavior_beforeMRI,2021.2.3,59.97584190999524,
30,1,,,,,,,,0,55,55,53,,,,,,,,,,,,,,,,,,,,,,,,,,,,,,,,,,,,,,,,,,,,,space,1.7545737996697426,270.2211277000606,None,30,1,-2,1,7,270.2211277000606,None,272.00476349983364,None,,,,,,,,,,,,,,,,,,,,,,,,,,,,,,,,,,,,,Sub035,001,2022_Sep_19_1318,1trainingbehavior_beforeMRI,2021.2.3,59.97584190999524,
20,1,,,,,,,,0,56,56,39,,,,,,,,,,,,,,,,,,,,,,,,,,,,,,,,,,,,,,,,,,,,,space,1.8276504995301366,272.5047044996172,None,20,1,26,0,7,272.5047044996172,None,274.3543835002929,None,,,,,,,,,,,,,,,,,,,,,,,,,,,,,,,,,,,,,Sub035,001,2022_Sep_19_1318,1trainingbehavior_beforeMRI,2021.2.3,59.97584190999524,
30,0,,,,,,,,0,57,57,47,,,,,,,,,,,,,,,,,,,,,,,,,,,,,,,,,,,,,,,,,,,,,space,2.967379099689424,274.854702799581,None,30,0,2,1,7,274.854702799581,None,277.8394569000229,None,,,,,,,,,,,,,,,,,,,,,,,,,,,,,,,,,,,,,Sub035,001,2022_Sep_19_1318,1trainingbehavior_beforeMRI,2021.2.3,59.97584190999524,
10,1,,,,,,,,0,58,58,10,,,,,,,,,,,,,,,,,,,,,,,,,,,,,,,,,,,,,,,,,,,,,space,4.14775270037353,278.35483219940215,None,10,1,-9,0,7,278.35483219940215,None,282.52167639974505,None,,,,,,,,,,,,,,,,,,,,,,,,,,,,,,,,,,,,,Sub035,001,2022_Sep_19_1318,1trainingbehavior_beforeMRI,2021.2.3,59.97584190999524,
20,0,,,,,,,,0,59,59,22,,,,,,,,,,,,,,,,,,,,,,,,,,,,,,,,,,,,,,,,,,,,,space,3.040689599700272,283.02184149995446,None,20,0,37,0,7,283.02184149995446,None,286.0884994994849,None,,,,,,,,,,,,,,,,,,,,,,,,,,,,,,,,,,,,,Sub035,001,2022_Sep_19_1318,1trainingbehavior_beforeMRI,2021.2.3,59.97584190999524,
,,,,,,,,,,,,,0,0,0,0,,,,,,,,,,,,,,,,,,,,,,,,,,,,,,,,,,,,,,,,,,,,,,,,,,,,,,286.58837930019945,None,12.48423500508969,6.3245134535784375,16.841233021865992,31.999591165045896,[ 6.32451345 16.84123302 31.99959117],,,,,,,,,,,,,,,,,,,,,,,,,,,,,,Sub035,001,2022_Sep_19_1318,1trainingbehavior_beforeMRI,2021.2.3,59.97584190999524,
10,,,,,,,,,,,,,,,,,0,0,0,0,0,0,0,0,,,,,,,,,,,,,,,,,,,,,,,,,,,,,,,,,,,,,,,,,,,,,,,,,,,,,295.4708068994805,None,None,None,295.4708068994805,None,3,16.26310270000249,295.4708068994805,None,,,,,,,,,,,,,,,,,,,,Sub035,001,2022_Sep_19_1318,1trainingbehavior_beforeMRI,2021.2.3,59.97584190999524,
10,,,,,,,,,,,,,,,,,0,0,0,0,,,,,,,,,,,,,,,,,,,,,,,,,,,,,,,,,,,,,,,,,,,,,,,,,,,,,,,,,,,,,,,,,,,,,,,,,,,,,,,,,,,,,,Sub035,001,2022_Sep_19_1318,1trainingbehavior_beforeMRI,2021.2.3,59.97584190999524,
20,,,,,,,,,,,,,,,,,0,1,1,1,0,0,0,0,,,,,,,,,,,,,,,,,,,,,,,,,,,,,,,,,,,,,,,,,,,,,,,,,,,,,311.7569377999753,None,None,None,311.7569377999753,None,6,7.318250799551606,311.7569377999753,None,,,,,,,,,,,,,,,,,,,,Sub035,001,2022_Sep_19_1318,1trainingbehavior_beforeMRI,2021.2.3,59.97584190999524,
20,,,,,,,,,,,,,,,,,0,1,1,1,,,,,,,,,,,,,,,,,,,,,,,,,,,,,,,,,,,,,,,,,,,,,,,,,,,,,,,,,,,,,,,,,,,,,,,,,,,,,,,,,,,,,,Sub035,001,2022_Sep_19_1318,1trainingbehavior_beforeMRI,2021.2.3,59.97584190999524,
30,,,,,,,,,,,,,,,,,0,2,2,2,0,0,0,0,,,,,,,,,,,,,,,,,,,,,,,,,,,,,,,,,,,,,,,,,,,,,,,,,,,,,319.10604020021856,None,None,None,319.10604020021856,None,6,1.833715700544417,319.10604020021856,None,,,,,,,,,,,,,,,,,,,,Sub035,001,2022_Sep_19_1318,1trainingbehavior_beforeMRI,2021.2.3,59.97584190999524,
30,,,,,,,,,,,,,,,,,0,2,2,2,,,,,,,,,,,,,,,,,,,,,,,,,,,,,,,,,,,,,,,,,,,,,,,,,,,,,,,,,,,,,,,,,,,,,,,,,,,,,,,,,,,,,,Sub035,001,2022_Sep_19_1318,1trainingbehavior_beforeMRI,2021.2.3,59.97584190999524,
,,Card_20.xlsx,20,0,,,,,,,,,,,,,,,,,,,,,,,,,,,,,0,0,0,0,0,0,0,0,0,0,0,3,,,,,,,,,,,,,,,,,,,,,,,,,,,,,,,,,,,,,,,,,,,320.95663619972765,None,326.6232022996992,None,360.30783000029624,None,20,0,,,,,,,,,,,,Sub035,001,2022_Sep_19_1318,1trainingbehavior_beforeMRI,2021.2.3,59.97584190999524,
,,Card_20.xlsx,20,0,,,,,,,,,,,,,,,,,,,,,,,,,,,,,0,0,0,0,0,0,0,0,0,1,1,7,,,,,,,,,,,,,,,,,,,,,,,,,,,,,,,,,,,,,,,,,,,,,,,,,20,0,,,,,,,,,,,,Sub035,001,2022_Sep_19_1318,1trainingbehavior_beforeMRI,2021.2.3,59.97584190999524,
,,Card_20.xlsx,20,0,,,,,,,,,,,,,,,,,,,,,,,,,,,,,0,0,0,0,0,0,0,0,0,2,2,6,,,,,,,,,,,,,,,,,,,,,,,,,,,,,,,,,,,,,,,,,,,,,,,,,20,0,,,,,,,,,,,,Sub035,001,2022_Sep_19_1318,1trainingbehavior_beforeMRI,2021.2.3,59.97584190999524,
,,Card_20.xlsx,20,0,,,,,,,,,,,,,,,,,,,,,,,,,,,,,0,0,0,0,0,0,0,0,0,3,3,0,,,,,,,,,,,,,,,,,,,,,,,,,,,,,,,,,,,,,,,,,,,,,,,,,20,0,,,,,,,,,,,,Sub035,001,2022_Sep_19_1318,1trainingbehavior_beforeMRI,2021.2.3,59.97584190999524,
,,Card_20.xlsx,20,1,,,,,,,,,,,,,,,,,,,,,,,,,,,,,0,0,0,0,0,0,0,0,0,4,4,9,,,,,,,,,,,,,,,,,,,,,,,,,,,,,,,,,,,,,,,,,,,,,,,,,20,1,,,,,,,,,,,,Sub035,001,2022_Sep_19_1318,1trainingbehavior_beforeMRI,2021.2.3,59.97584190999524,
,,Card_20.xlsx,20,1,,,,,,,,,,,,,,,,,,,,,,,,,,,,,0,0,0,0,0,0,0,0,0,5,5,8,,,,,,,,,,,,,,,,,,,,,,,,,,,,,,,,,,,,,,,,,,,,,,,,,20,1,,,,,,,,,,,,Sub035,001,2022_Sep_19_1318,1trainingbehavior_beforeMRI,2021.2.3,59.97584190999524,
,,Card_20.xlsx,20,0,,,,,,,,,,,,,,,,,,,,,,,,,,,,,0,0,0,0,0,0,0,0,0,6,6,1,,,,,,,,,,,,,,,,,,,,,,,,,,,,,,,,,,,,,,,,,,,,,,,,,20,0,,,,,,,,,,,,Sub035,001,2022_Sep_19_1318,1trainingbehavior_beforeMRI,2021.2.3,59.97584190999524,
,,Card_20.xlsx,20,0,,,,,,,,,,,,,,,,,,,,,,,,,,,,,0,0,0,0,0,0,0,0,0,7,7,4,,,,,,,,,,,,,,,,,,,,,,,,,,,,,,,,,,,,,,,,,,,,,,,,,20,0,,,,,,,,,,,,Sub035,001,2022_Sep_19_1318,1trainingbehavior_beforeMRI,2021.2.3,59.97584190999524,
,,Card_20.xlsx,20,0,,,,,,,,,,,,,,,,,,,,,,,,,,,,,0,0,0,0,0,0,0,0,0,8,8,5,,,,,,,,,,,,,,,,,,,,,,,,,,,,,,,,,,,,,,,,,,,,,,,,,20,0,,,,,,,,,,,,Sub035,001,2022_Sep_19_1318,1trainingbehavior_beforeMRI,2021.2.3,59.97584190999524,
,,Card_20.xlsx,20,0,,,,,,,,,,,,,,,,,,,,,,,,,,,,,0,0,0,0,0,0,0,0,0,9,9,2,,,,,,,,,,,,,,,,,,,,,,,,,,,,,,,,,,,,,,,,,,,,,,,,,20,0,,,,,,,,,,,,Sub035,001,2022_Sep_19_1318,1trainingbehavior_beforeMRI,2021.2.3,59.97584190999524,
,,Card_20.xlsx,,,,,,,,,,,,,,,,,,,,,,,,,,,,,,,0,0,0,0,0,0,0,0,,,,,0,0,0,0,,,,,,,,,,,,,,,,,,,,,,,,,,,,,,,,,,,,,,,,,,,,,,,20,None,None,401.4648215994239,None,2,5.973958999849856,401.4648215994239,None,,,Sub035,001,2022_Sep_19_1318,1trainingbehavior_beforeMRI,2021.2.3,59.97584190999524,
,,Card_20.xlsx,,,,,,,,,,,,,,,,,,,,,,,,,,,,,,,0,0,0,0,0,0,0,0,,,,,,,,,,,,,,,,,,,,,,,,,,,,,,,,,,,,,,,,,,,,,,,,,,,,,,,,,,,,,,,,,,Sub035,001,2022_Sep_19_1318,1trainingbehavior_beforeMRI,2021.2.3,59.97584190999524,
,,Card_80.xlsx,80,1,,,,,,,,,,,,,,,,,,,,,,,,,,,,,0,0,0,0,0,1,1,2,0,0,0,9,,,,,,,,,,,,,,,,,,,,,,,,,,,,,,,,,,,,,,,,,,,,,,,,,80,1,,,,,,,,,,,,Sub035,001,2022_Sep_19_1318,1trainingbehavior_beforeMRI,2021.2.3,59.97584190999524,
,,Card_80.xlsx,80,0,,,,,,,,,,,,,,,,,,,,,,,,,,,,,0,0,0,0,0,1,1,2,0,1,1,1,,,,,,,,,,,,,,,,,,,,,,,,,,,,,,,,,,,,,,,,,,,,,,,,,80,0,,,,,,,,,,,,Sub035,001,2022_Sep_19_1318,1trainingbehavior_beforeMRI,2021.2.3,59.97584190999524,
,,Card_80.xlsx,80,1,,,,,,,,,,,,,,,,,,,,,,,,,,,,,0,0,0,0,0,1,1,2,0,2,2,6,,,,,,,,,,,,,,,,,,,,,,,,,,,,,,,,,,,,,,,,,,,,,,,,,80,1,,,,,,,,,,,,Sub035,001,2022_Sep_19_1318,1trainingbehavior_beforeMRI,2021.2.3,59.97584190999524,
,,Card_80.xlsx,80,1,,,,,,,,,,,,,,,,,,,,,,,,,,,,,0,0,0,0,0,1,1,2,0,3,3,3,,,,,,,,,,,,,,,,,,,,,,,,,,,,,,,,,,,,,,,,,,,,,,,,,80,1,,,,,,,,,,,,Sub035,001,2022_Sep_19_1318,1trainingbehavior_beforeMRI,2021.2.3,59.97584190999524,
,,Card_80.xlsx,80,1,,,,,,,,,,,,,,,,,,,,,,,,,,,,,0,0,0,0,0,1,1,2,0,4,4,4,,,,,,,,,,,,,,,,,,,,,,,,,,,,,,,,,,,,,,,,,,,,,,,,,80,1,,,,,,,,,,,,Sub035,001,2022_Sep_19_1318,1trainingbehavior_beforeMRI,2021.2.3,59.97584190999524,
,,Card_80.xlsx,80,1,,,,,,,,,,,,,,,,,,,,,,,,,,,,,0,0,0,0,0,1,1,2,0,5,5,2,,,,,,,,,,,,,,,,,,,,,,,,,,,,,,,,,,,,,,,,,,,,,,,,,80,1,,,,,,,,,,,,Sub035,001,2022_Sep_19_1318,1trainingbehavior_beforeMRI,2021.2.3,59.97584190999524,
,,Card_80.xlsx,80,1,,,,,,,,,,,,,,,,,,,,,,,,,,,,,0,0,0,0,0,1,1,2,0,6,6,8,,,,,,,,,,,,,,,,,,,,,,,,,,,,,,,,,,,,,,,,,,,,,,,,,80,1,,,,,,,,,,,,Sub035,001,2022_Sep_19_1318,1trainingbehavior_beforeMRI,2021.2.3,59.97584190999524,
,,Card_80.xlsx,80,1,,,,,,,,,,,,,,,,,,,,,,,,,,,,,0,0,0,0,0,1,1,2,0,7,7,7,,,,,,,,,,,,,,,,,,,,,,,,,,,,,,,,,,,,,,,,,,,,,,,,,80,1,,,,,,,,,,,,Sub035,001,2022_Sep_19_1318,1trainingbehavior_beforeMRI,2021.2.3,59.97584190999524,
,,Card_80.xlsx,80,0,,,,,,,,,,,,,,,,,,,,,,,,,,,,,0,0,0,0,0,1,1,2,0,8,8,0,,,,,,,,,,,,,,,,,,,,,,,,,,,,,,,,,,,,,,,,,,,,,,,,,80,0,,,,,,,,,,,,Sub035,001,2022_Sep_19_1318,1trainingbehavior_beforeMRI,2021.2.3,59.97584190999524,
,,Card_80.xlsx,80,1,,,,,,,,,,,,,,,,,,,,,,,,,,,,,0,0,0,0,0,1,1,2,0,9,9,5,,,,,,,,,,,,,,,,,,,,,,,,,,,,,,,,,,,,,,,,,,,,,,,,,80,1,,,,,,,,,,,,Sub035,001,2022_Sep_19_1318,1trainingbehavior_beforeMRI,2021.2.3,59.97584190999524,
,,Card_80.xlsx,,,,,,,,,,,,,,,,,,,,,,,,,,,,,,,0,0,0,0,0,1,1,2,,,,,0,0,0,0,,,,,,,,,,,,,,,,,,,,,,,,,,,,,,,,,,,,,,,,,,,,,,,80,None,None,442.4775719996542,None,6,5.830504899844527,442.4775719996542,None,,,Sub035,001,2022_Sep_19_1318,1trainingbehavior_beforeMRI,2021.2.3,59.97584190999524,
,,Card_80.xlsx,,,,,,,,,,,,,,,,,,,,,,,,,,,,,,,0,0,0,0,0,1,1,2,,,,,,,,,,,,,,,,,,,,,,,,,,,,,,,,,,,,,,,,,,,,,,,,,,,,,,,,,,,,,,,,,,Sub035,001,2022_Sep_19_1318,1trainingbehavior_beforeMRI,2021.2.3,59.97584190999524,
,,Card_50.xlsx,50,1,,,,,,,,,,,,,,,,,,,,,,,,,,,,,0,0,0,0,0,2,2,1,0,0,0,6,,,,,,,,,,,,,,,,,,,,,,,,,,,,,,,,,,,,,,,,,,,,,,,,,50,1,,,,,,,,,,,,Sub035,001,2022_Sep_19_1318,1trainingbehavior_beforeMRI,2021.2.3,59.97584190999524,
,,Card_50.xlsx,50,1,,,,,,,,,,,,,,,,,,,,,,,,,,,,,0,0,0,0,0,2,2,1,0,1,1,7,,,,,,,,,,,,,,,,,,,,,,,,,,,,,,,,,,,,,,,,,,,,,,,,,50,1,,,,,,,,,,,,Sub035,001,2022_Sep_19_1318,1trainingbehavior_beforeMRI,2021.2.3,59.97584190999524,
,,Card_50.xlsx,50,0,,,,,,,,,,,,,,,,,,,,,,,,,,,,,0,0,0,0,0,2,2,1,0,2,2,4,,,,,,,,,,,,,,,,,,,,,,,,,,,,,,,,,,,,,,,,,,,,,,,,,50,0,,,,,,,,,,,,Sub035,001,2022_Sep_19_1318,1trainingbehavior_beforeMRI,2021.2.3,59.97584190999524,
,,Card_50.xlsx,50,1,,,,,,,,,,,,,,,,,,,,,,,,,,,,,0,0,0,0,0,2,2,1,0,3,3,5,,,,,,,,,,,,,,,,,,,,,,,,,,,,,,,,,,,,,,,,,,,,,,,,,50,1,,,,,,,,,,,,Sub035,001,2022_Sep_19_1318,1trainingbehavior_beforeMRI,2021.2.3,59.97584190999524,
,,Card_50.xlsx,50,0,,,,,,,,,,,,,,,,,,,,,,,,,,,,,0,0,0,0,0,2,2,1,0,4,4,1,,,,,,,,,,,,,,,,,,,,,,,,,,,,,,,,,,,,,,,,,,,,,,,,,50,0,,,,,,,,,,,,Sub035,001,2022_Sep_19_1318,1trainingbehavior_beforeMRI,2021.2.3,59.97584190999524,
,,Card_50.xlsx,50,0,,,,,,,,,,,,,,,,,,,,,,,,,,,,,0,0,0,0,0,2,2,1,0,5,5,0,,,,,,,,,,,,,,,,,,,,,,,,,,,,,,,,,,,,,,,,,,,,,,,,,50,0,,,,,,,,,,,,Sub035,001,2022_Sep_19_1318,1trainingbehavior_beforeMRI,2021.2.3,59.97584190999524,
,,Card_50.xlsx,50,1,,,,,,,,,,,,,,,,,,,,,,,,,,,,,0,0,0,0,0,2,2,1,0,6,6,8,,,,,,,,,,,,,,,,,,,,,,,,,,,,,,,,,,,,,,,,,,,,,,,,,50,1,,,,,,,,,,,,Sub035,001,2022_Sep_19_1318,1trainingbehavior_beforeMRI,2021.2.3,59.97584190999524,
,,Card_50.xlsx,50,0,,,,,,,,,,,,,,,,,,,,,,,,,,,,,0,0,0,0,0,2,2,1,0,7,7,3,,,,,,,,,,,,,,,,,,,,,,,,,,,,,,,,,,,,,,,,,,,,,,,,,50,0,,,,,,,,,,,,Sub035,001,2022_Sep_19_1318,1trainingbehavior_beforeMRI,2021.2.3,59.97584190999524,
,,Card_50.xlsx,50,0,,,,,,,,,,,,,,,,,,,,,,,,,,,,,0,0,0,0,0,2,2,1,0,8,8,2,,,,,,,,,,,,,,,,,,,,,,,,,,,,,,,,,,,,,,,,,,,,,,,,,50,0,,,,,,,,,,,,Sub035,001,2022_Sep_19_1318,1trainingbehavior_beforeMRI,2021.2.3,59.97584190999524,
,,Card_50.xlsx,50,1,,,,,,,,,,,,,,,,,,,,,,,,,,,,,0,0,0,0,0,2,2,1,0,9,9,9,,,,,,,,,,,,,,,,,,,,,,,,,,,,,,,,,,,,,,,,,,,,,,,,,50,1,,,,,,,,,,,,Sub035,001,2022_Sep_19_1318,1trainingbehavior_beforeMRI,2021.2.3,59.97584190999524,
,,Card_50.xlsx,,,,,,,,,,,,,,,,,,,,,,,,,,,,,,,0,0,0,0,0,2,2,1,,,,,0,0,0,0,,,,,,,,,,,,,,,,,,,,,,,,,,,,,,,,,,,,,,,,,,,,,,,50,None,None,483.3327792994678,None,4,7.996098299510777,483.3327792994678,None,,,Sub035,001,2022_Sep_19_1318,1trainingbehavior_beforeMRI,2021.2.3,59.97584190999524,
,,Card_50.xlsx,,,,,,,,,,,,,,,,,,,,,,,,,,,,,,,0,0,0,0,0,2,2,1,,,,,,,,,,,,,,,,,,,,,,,,,,,,,,,,,,,,,,,,,,,,,,,,,,,,,,,,,,,,,,,,,,Sub035,001,2022_Sep_19_1318,1trainingbehavior_beforeMRI,2021.2.3,59.97584190999524,
,,,,,,,,,,,,,,,,,,,,,,,,,,,,,,,,,0,0,0,0,,,,,,,,,,,,,,,,,,,,,,,,,,,,,,,,,,,,,,,,,,,,,,,,,,,,,,,,,,,,,,,,,,,,491.3462902000174,None,Sub035,001,2022_Sep_19_1318,1trainingbehavior_beforeMRI,2021.2.3,59.97584190999524,
