﻿Target_Size,start_position,Run_Files,current_card_prob,current_WinLoss,start.thisRepN,start.thisTrialN,start.thisN,start.thisIndex,trials.thisRepN,trials.thisTrialN,trials.thisN,trials.thisIndex,Indi_Info.thisRepN,Indi_Info.thisTrialN,Indi_Info.thisN,Indi_Info.thisIndex,trials_bar_Q.thisRepN,trials_bar_Q.thisTrialN,trials_bar_Q.thisN,trials_bar_Q.thisIndex,Confi_bar_L.thisRepN,Confi_bar_L.thisTrialN,Confi_bar_L.thisN,Confi_bar_L.thisIndex,Confi_bar_R.thisRepN,Confi_bar_R.thisTrialN,Confi_bar_R.thisN,Confi_bar_R.thisIndex,StopGame.thisRepN,StopGame.thisTrialN,StopGame.thisN,StopGame.thisIndex,ContinuePlay.thisRepN,ContinuePlay.thisTrialN,ContinuePlay.thisN,ContinuePlay.thisIndex,Run_card.thisRepN,Run_card.thisTrialN,Run_card.thisN,Run_card.thisIndex,trials_card.thisRepN,trials_card.thisTrialN,trials_card.thisN,trials_card.thisIndex,Qlikely_card_L.thisRepN,Qlikely_card_L.thisTrialN,Qlikely_card_L.thisN,Qlikely_card_L.thisIndex,Qlikely_card_R.thisRepN,Qlikely_card_R.thisTrialN,Qlikely_card_R.thisN,Qlikely_card_R.thisIndex,run_L,run_R,instr.started,instr.stopped,key_resp_bar.keys,key_resp_bar.rt,key_resp_bar.started,key_resp_bar.stopped,Current_Target_Size,Start_position,key_resp_bar.position,key_resp_bar.hit,trial_speed,center.started,center.stopped,center2.started,center2.stopped,instr_4.started,instr_4.stopped,sigma_indi,targetSize_20,targetSize_50,targetSize_80,targetSize_indi,center_11.started,center_11.stopped,Slider_LikelyBar_R.response,Slider_LikelyBar_R.rt,Slider_LikelyBar_R.started,Slider_LikelyBar_R.stopped,key_resp_LikeQ_bar_R.keys,key_resp_LikeQ_bar_R.rt,key_resp_LikeQ_bar_R.started,key_resp_LikeQ_bar_R.stopped,bar_final_text.started,bar_final_text.stopped,card_instr_text.started,card_instr_text.stopped,instr_5.started,instr_5.stopped,current_card_prob,current_WinLoss,Q_card_prob,Slider_LikelyCard_R.response,Slider_LikelyCard_R.rt,Slider_LikelyCard_R.started,Slider_LikelyCard_R.stopped,key_resp_LikeQ_card_R.keys,key_resp_LikeQ_card_R.rt,key_resp_LikeQ_card_R.started,key_resp_LikeQ_card_R.stopped,bar_final_text_2.started,bar_final_text_2.stopped,participant,session,date,expName,psychopyVersion,frameRate,
,,,,,0,0,0,0,,,,,,,,,,,,,,,,,,,,,,,,,,,,,,,,,,,,,,,,,,,,,0,1,15.153058299794793,None,,,,,,,,,,,,,,,,,,,,,,,,,,,,,,,,,,,,,,,,,,,,,,,,,,Sub003,001,2022_Apr_28_1029,1trainingbehavior_beforeMRI,2021.2.3,59.93525792982294,
20,1,,,,,,,,0,0,0,39,,,,,,,,,,,,,,,,,,,,,,,,,,,,,,,,,,,,,,,,,,,,,space,2.914080699905753,92.90548219997436,None,20,1,12,0,7,92.90548219997436,None,95.85877980012447,None,,,,,,,,,,,,,,,,,,,,,,,,,,,,,,,,,,,,,Sub003,001,2022_Apr_28_1029,1trainingbehavior_beforeMRI,2021.2.3,59.93525792982294,
10,1,,,,,,,,0,1,1,15,,,,,,,,,,,,,,,,,,,,,,,,,,,,,,,,,,,,,,,,,,,,,space,2.9698222000151873,96.36517919972539,None,10,1,-9,0,7,96.36517919972539,None,99.36581849958748,None,,,,,,,,,,,,,,,,,,,,,,,,,,,,,,,,,,,,,Sub003,001,2022_Apr_28_1029,1trainingbehavior_beforeMRI,2021.2.3,59.93525792982294,
20,0,,,,,,,,0,2,2,27,,,,,,,,,,,,,,,,,,,,,,,,,,,,,,,,,,,,,,,,,,,,,space,1.790773699991405,99.86572800017893,None,20,0,-12,0,7,99.86572800017893,None,101.68202480021864,None,,,,,,,,,,,,,,,,,,,,,,,,,,,,,,,,,,,,,Sub003,001,2022_Apr_28_1029,1trainingbehavior_beforeMRI,2021.2.3,59.93525792982294,
10,0,,,,,,,,0,3,3,3,,,,,,,,,,,,,,,,,,,,,,,,,,,,,,,,,,,,,,,,,,,,,space,1.761393099091947,102.18216249998659,None,10,0,2,1,7,102.18216249998659,None,103.97948219999671,None,,,,,,,,,,,,,,,,,,,,,,,,,,,,,,,,,,,,,Sub003,001,2022_Apr_28_1029,1trainingbehavior_beforeMRI,2021.2.3,59.93525792982294,
30,0,,,,,,,,0,4,4,44,,,,,,,,,,,,,,,,,,,,,,,,,,,,,,,,,,,,,,,,,,,,,space,1.7838936997577548,104.48239840008318,None,30,0,-5,1,7,104.48239840008318,None,106.28203800041229,None,,,,,,,,,,,,,,,,,,,,,,,,,,,,,,,,,,,,,Sub003,001,2022_Apr_28_1029,1trainingbehavior_beforeMRI,2021.2.3,59.93525792982294,
20,1,,,,,,,,0,5,5,35,,,,,,,,,,,,,,,,,,,,,,,,,,,,,,,,,,,,,,,,,,,,,space,2.964034399949014,106.78216450009495,None,20,1,-2,1,7,106.78216450009495,None,109.76591360010207,None,,,,,,,,,,,,,,,,,,,,,,,,,,,,,,,,,,,,,Sub003,001,2022_Apr_28_1029,1trainingbehavior_beforeMRI,2021.2.3,59.93525792982294,
10,1,,,,,,,,0,6,6,13,,,,,,,,,,,,,,,,,,,,,,,,,,,,,,,,,,,,,,,,,,,,,space,1.6922904998064041,110.26629120018333,None,10,1,-30,0,7,110.26629120018333,None,111.98500229977071,None,,,,,,,,,,,,,,,,,,,,,,,,,,,,,,,,,,,,,Sub003,001,2022_Apr_28_1029,1trainingbehavior_beforeMRI,2021.2.3,59.93525792982294,
10,0,,,,,,,,0,7,7,5,,,,,,,,,,,,,,,,,,,,,,,,,,,,,,,,,,,,,,,,,,,,,space,1.7998909996822476,112.49916260037571,None,10,0,-12,0,7,112.49916260037571,None,114.31630029994994,None,,,,,,,,,,,,,,,,,,,,,,,,,,,,,,,,,,,,,Sub003,001,2022_Apr_28_1029,1trainingbehavior_beforeMRI,2021.2.3,59.93525792982294,
20,0,,,,,,,,0,8,8,28,,,,,,,,,,,,,,,,,,,,,,,,,,,,,,,,,,,,,,,,,,,,,space,1.785869900137186,114.81594340037555,None,20,0,-12,0,7,114.81594340037555,None,116.63272489979863,None,,,,,,,,,,,,,,,,,,,,,,,,,,,,,,,,,,,,,Sub003,001,2022_Apr_28_1029,1trainingbehavior_beforeMRI,2021.2.3,59.93525792982294,
10,1,,,,,,,,0,9,9,12,,,,,,,,,,,,,,,,,,,,,,,,,,,,,,,,,,,,,,,,,,,,,space,1.7621932998299599,117.13267210032791,None,10,1,-2,1,7,117.13267210032791,None,118.91920320037752,None,,,,,,,,,,,,,,,,,,,,,,,,,,,,,,,,,,,,,Sub003,001,2022_Apr_28_1029,1trainingbehavior_beforeMRI,2021.2.3,59.93525792982294,
30,0,,,,,,,,0,10,10,43,,,,,,,,,,,,,,,,,,,,,,,,,,,,,,,,,,,,,,,,,,,,,space,1.7777057997882366,119.4333367003128,None,30,0,-5,1,7,119.4333367003128,None,121.23338660039008,None,,,,,,,,,,,,,,,,,,,,,,,,,,,,,,,,,,,,,Sub003,001,2022_Apr_28_1029,1trainingbehavior_beforeMRI,2021.2.3,59.93525792982294,
30,1,,,,,,,,0,11,11,55,,,,,,,,,,,,,,,,,,,,,,,,,,,,,,,,,,,,,,,,,,,,,space,1.7760840002447367,121.73335510026664,None,30,1,5,1,7,121.73335510026664,None,123.53347009979188,None,,,,,,,,,,,,,,,,,,,,,,,,,,,,,,,,,,,,,Sub003,001,2022_Apr_28_1029,1trainingbehavior_beforeMRI,2021.2.3,59.93525792982294,
10,1,,,,,,,,0,12,12,11,,,,,,,,,,,,,,,,,,,,,,,,,,,,,,,,,,,,,,,,,,,,,space,1.8012752998620272,124.03291959967464,None,10,1,12,0,7,124.03291959967464,None,125.85474169999361,None,,,,,,,,,,,,,,,,,,,,,,,,,,,,,,,,,,,,,Sub003,001,2022_Apr_28_1029,1trainingbehavior_beforeMRI,2021.2.3,59.93525792982294,
30,0,,,,,,,,0,13,13,45,,,,,,,,,,,,,,,,,,,,,,,,,,,,,,,,,,,,,,,,,,,,,space,1.7782801995053887,126.36655090004206,None,30,0,-5,1,7,126.36655090004206,None,128.17118309997022,None,,,,,,,,,,,,,,,,,,,,,,,,,,,,,,,,,,,,,Sub003,001,2022_Apr_28_1029,1trainingbehavior_beforeMRI,2021.2.3,59.93525792982294,
20,1,,,,,,,,0,14,14,33,,,,,,,,,,,,,,,,,,,,,,,,,,,,,,,,,,,,,,,,,,,,,space,1.7887834999710321,128.68350249994546,None,20,1,12,0,7,128.68350249994546,None,130.50308990012854,None,,,,,,,,,,,,,,,,,,,,,,,,,,,,,,,,,,,,,Sub003,001,2022_Apr_28_1029,1trainingbehavior_beforeMRI,2021.2.3,59.93525792982294,
10,1,,,,,,,,0,15,15,16,,,,,,,,,,,,,,,,,,,,,,,,,,,,,,,,,,,,,,,,,,,,,space,1.782744700089097,131.01704089995474,None,10,1,5,1,7,131.01704089995474,None,132.82012499962002,None,,,,,,,,,,,,,,,,,,,,,,,,,,,,,,,,,,,,,Sub003,001,2022_Apr_28_1029,1trainingbehavior_beforeMRI,2021.2.3,59.93525792982294,
10,0,,,,,,,,0,16,16,2,,,,,,,,,,,,,,,,,,,,,,,,,,,,,,,,,,,,,,,,,,,,,space,1.7712231995537877,133.33327240031213,None,10,0,-5,1,7,133.33327240031213,None,135.13333259988576,None,,,,,,,,,,,,,,,,,,,,,,,,,,,,,,,,,,,,,Sub003,001,2022_Apr_28_1029,1trainingbehavior_beforeMRI,2021.2.3,59.93525792982294,
20,1,,,,,,,,0,17,17,37,,,,,,,,,,,,,,,,,,,,,,,,,,,,,,,,,,,,,,,,,,,,,space,1.7576107000932097,135.63333460036665,None,20,1,-2,1,7,135.63333460036665,None,137.41730159986764,None,,,,,,,,,,,,,,,,,,,,,,,,,,,,,,,,,,,,,Sub003,001,2022_Apr_28_1029,1trainingbehavior_beforeMRI,2021.2.3,59.93525792982294,
20,0,,,,,,,,0,18,18,23,,,,,,,,,,,,,,,,,,,,,,,,,,,,,,,,,,,,,,,,,,,,,space,1.815365600399673,137.91666680015624,None,20,0,-19,0,7,137.91666680015624,None,139.7525610998273,None,,,,,,,,,,,,,,,,,,,,,,,,,,,,,,,,,,,,,Sub003,001,2022_Apr_28_1029,1trainingbehavior_beforeMRI,2021.2.3,59.93525792982294,
20,1,,,,,,,,0,19,19,30,,,,,,,,,,,,,,,,,,,,,,,,,,,,,,,,,,,,,,,,,,,,,space,1.7849853998050094,140.26697400026023,None,20,1,5,1,7,140.26697400026023,None,142.06954339984804,None,,,,,,,,,,,,,,,,,,,,,,,,,,,,,,,,,,,,,Sub003,001,2022_Apr_28_1029,1trainingbehavior_beforeMRI,2021.2.3,59.93525792982294,
20,1,,,,,,,,0,20,20,31,,,,,,,,,,,,,,,,,,,,,,,,,,,,,,,,,,,,,,,,,,,,,space,1.7759244991466403,142.58348280005157,None,20,1,5,1,7,142.58348280005157,None,144.3838801998645,None,,,,,,,,,,,,,,,,,,,,,,,,,,,,,,,,,,,,,Sub003,001,2022_Apr_28_1029,1trainingbehavior_beforeMRI,2021.2.3,59.93525792982294,
30,1,,,,,,,,0,21,21,56,,,,,,,,,,,,,,,,,,,,,,,,,,,,,,,,,,,,,,,,,,,,,space,1.7756866998970509,144.8841233002022,None,30,1,5,1,7,144.8841233002022,None,146.68415109999478,None,,,,,,,,,,,,,,,,,,,,,,,,,,,,,,,,,,,,,Sub003,001,2022_Apr_28_1029,1trainingbehavior_beforeMRI,2021.2.3,59.93525792982294,
10,0,,,,,,,,0,22,22,0,,,,,,,,,,,,,,,,,,,,,,,,,,,,,,,,,,,,,,,,,,,,,space,1.7524095997214317,147.18385310005397,None,10,0,2,1,7,147.18385310005397,None,148.96706019993871,None,,,,,,,,,,,,,,,,,,,,,,,,,,,,,,,,,,,,,Sub003,001,2022_Apr_28_1029,1trainingbehavior_beforeMRI,2021.2.3,59.93525792982294,
10,0,,,,,,,,0,23,23,6,,,,,,,,,,,,,,,,,,,,,,,,,,,,,,,,,,,,,,,,,,,,,space,1.7754466999322176,149.46747220028192,None,10,0,-5,1,7,149.46747220028192,None,151.26803450006992,None,,,,,,,,,,,,,,,,,,,,,,,,,,,,,,,,,,,,,Sub003,001,2022_Apr_28_1029,1trainingbehavior_beforeMRI,2021.2.3,59.93525792982294,
30,0,,,,,,,,0,24,24,49,,,,,,,,,,,,,,,,,,,,,,,,,,,,,,,,,,,,,,,,,,,,,space,1.747770800255239,151.76783629972488,None,30,0,9,1,7,151.76783629972488,None,153.53381210006773,None,,,,,,,,,,,,,,,,,,,,,,,,,,,,,,,,,,,,,Sub003,001,2022_Apr_28_1029,1trainingbehavior_beforeMRI,2021.2.3,59.93525792982294,
10,1,,,,,,,,0,25,25,14,,,,,,,,,,,,,,,,,,,,,,,,,,,,,,,,,,,,,,,,,,,,,space,1.8105112006887794,154.03381059970707,None,10,1,19,0,7,154.03381059970707,None,155.8697419995442,None,,,,,,,,,,,,,,,,,,,,,,,,,,,,,,,,,,,,,Sub003,001,2022_Apr_28_1029,1trainingbehavior_beforeMRI,2021.2.3,59.93525792982294,
10,0,,,,,,,,0,26,26,9,,,,,,,,,,,,,,,,,,,,,,,,,,,,,,,,,,,,,,,,,,,,,space,1.759265299886465,156.3836331004277,None,10,0,2,1,7,156.3836331004277,None,158.16740600019693,None,,,,,,,,,,,,,,,,,,,,,,,,,,,,,,,,,,,,,Sub003,001,2022_Apr_28_1029,1trainingbehavior_beforeMRI,2021.2.3,59.93525792982294,
20,0,,,,,,,,0,27,27,25,,,,,,,,,,,,,,,,,,,,,,,,,,,,,,,,,,,,,,,,,,,,,space,1.7810579994693398,158.66745840013027,None,20,0,-5,1,7,158.66745840013027,None,160.46740590035915,None,,,,,,,,,,,,,,,,,,,,,,,,,,,,,,,,,,,,,Sub003,001,2022_Apr_28_1029,1trainingbehavior_beforeMRI,2021.2.3,59.93525792982294,
30,1,,,,,,,,0,28,28,50,,,,,,,,,,,,,,,,,,,,,,,,,,,,,,,,,,,,,,,,,,,,,space,1.7546031000092626,160.9675323003903,None,30,1,-2,1,7,160.9675323003903,None,162.7510989997536,None,,,,,,,,,,,,,,,,,,,,,,,,,,,,,,,,,,,,,Sub003,001,2022_Apr_28_1029,1trainingbehavior_beforeMRI,2021.2.3,59.93525792982294,
30,1,,,,,,,,0,29,29,59,,,,,,,,,,,,,,,,,,,,,,,,,,,,,,,,,,,,,,,,,,,,,space,1.7640748992562294,163.2508399002254,None,30,1,-2,1,7,163.2508399002254,None,165.03420380037278,None,,,,,,,,,,,,,,,,,,,,,,,,,,,,,,,,,,,,,Sub003,001,2022_Apr_28_1029,1trainingbehavior_beforeMRI,2021.2.3,59.93525792982294,
10,1,,,,,,,,0,30,30,18,,,,,,,,,,,,,,,,,,,,,,,,,,,,,,,,,,,,,,,,,,,,,space,1.734188999980688,165.53438629955053,None,10,1,-16,0,7,165.53438629955053,None,167.28426590003073,None,,,,,,,,,,,,,,,,,,,,,,,,,,,,,,,,,,,,,Sub003,001,2022_Apr_28_1029,1trainingbehavior_beforeMRI,2021.2.3,59.93525792982294,
20,0,,,,,,,,0,31,31,22,,,,,,,,,,,,,,,,,,,,,,,,,,,,,,,,,,,,,,,,,,,,,space,1.7498155003413558,167.78420579992235,None,20,0,9,1,7,167.78420579992235,None,169.55070179980248,None,,,,,,,,,,,,,,,,,,,,,,,,,,,,,,,,,,,,,Sub003,001,2022_Apr_28_1029,1trainingbehavior_beforeMRI,2021.2.3,59.93525792982294,
30,0,,,,,,,,0,32,32,41,,,,,,,,,,,,,,,,,,,,,,,,,,,,,,,,,,,,,,,,,,,,,space,1.771161099895835,170.0516587998718,None,30,0,-5,1,7,170.0516587998718,None,171.85125169996172,None,,,,,,,,,,,,,,,,,,,,,,,,,,,,,,,,,,,,,Sub003,001,2022_Apr_28_1029,1trainingbehavior_beforeMRI,2021.2.3,59.93525792982294,
20,1,,,,,,,,0,33,33,38,,,,,,,,,,,,,,,,,,,,,,,,,,,,,,,,,,,,,,,,,,,,,space,1.777190700173378,172.35137800034136,None,20,1,5,1,7,172.35137800034136,None,174.15153289958835,None,,,,,,,,,,,,,,,,,,,,,,,,,,,,,,,,,,,,,Sub003,001,2022_Apr_28_1029,1trainingbehavior_beforeMRI,2021.2.3,59.93525792982294,
30,1,,,,,,,,0,34,34,54,,,,,,,,,,,,,,,,,,,,,,,,,,,,,,,,,,,,,,,,,,,,,space,1.7843607999384403,174.65130130015314,None,30,1,5,1,7,174.65130130015314,None,176.45105229970068,None,,,,,,,,,,,,,,,,,,,,,,,,,,,,,,,,,,,,,Sub003,001,2022_Apr_28_1029,1trainingbehavior_beforeMRI,2021.2.3,59.93525792982294,
30,1,,,,,,,,0,35,35,57,,,,,,,,,,,,,,,,,,,,,,,,,,,,,,,,,,,,,,,,,,,,,space,1.8037633998319507,176.95146290026605,None,30,1,19,0,7,176.95146290026605,None,178.78484009951353,None,,,,,,,,,,,,,,,,,,,,,,,,,,,,,,,,,,,,,Sub003,001,2022_Apr_28_1029,1trainingbehavior_beforeMRI,2021.2.3,59.93525792982294,
10,1,,,,,,,,0,36,36,19,,,,,,,,,,,,,,,,,,,,,,,,,,,,,,,,,,,,,,,,,,,,,space,1.726210799999535,179.2849313998595,None,10,1,-16,0,7,179.2849313998595,None,181.03483350016177,None,,,,,,,,,,,,,,,,,,,,,,,,,,,,,,,,,,,,,Sub003,001,2022_Apr_28_1029,1trainingbehavior_beforeMRI,2021.2.3,59.93525792982294,
20,1,,,,,,,,0,37,37,32,,,,,,,,,,,,,,,,,,,,,,,,,,,,,,,,,,,,,,,,,,,,,space,1.7367899008095264,181.53472049999982,None,20,1,-9,1,7,181.53472049999982,None,183.30175380036235,None,,,,,,,,,,,,,,,,,,,,,,,,,,,,,,,,,,,,,Sub003,001,2022_Apr_28_1029,1trainingbehavior_beforeMRI,2021.2.3,59.93525792982294,
10,0,,,,,,,,0,38,38,1,,,,,,,,,,,,,,,,,,,,,,,,,,,,,,,,,,,,,,,,,,,,,space,1.7635620003566146,183.802070800215,None,10,0,2,1,7,183.802070800215,None,185.58500530011952,None,,,,,,,,,,,,,,,,,,,,,,,,,,,,,,,,,,,,,Sub003,001,2022_Apr_28_1029,1trainingbehavior_beforeMRI,2021.2.3,59.93525792982294,
30,1,,,,,,,,0,39,39,52,,,,,,,,,,,,,,,,,,,,,,,,,,,,,,,,,,,,,,,,,,,,,space,1.7594103999435902,186.08513120003045,None,30,1,-2,1,7,186.08513120003045,None,187.86883459985256,None,,,,,,,,,,,,,,,,,,,,,,,,,,,,,,,,,,,,,Sub003,001,2022_Apr_28_1029,1trainingbehavior_beforeMRI,2021.2.3,59.93525792982294,
30,0,,,,,,,,0,40,40,47,,,,,,,,,,,,,,,,,,,,,,,,,,,,,,,,,,,,,,,,,,,,,space,1.7973268004134297,188.36924669984728,None,30,0,-12,1,7,188.36924669984728,None,190.18499470036477,None,,,,,,,,,,,,,,,,,,,,,,,,,,,,,,,,,,,,,Sub003,001,2022_Apr_28_1029,1trainingbehavior_beforeMRI,2021.2.3,59.93525792982294,
30,0,,,,,,,,0,41,41,42,,,,,,,,,,,,,,,,,,,,,,,,,,,,,,,,,,,,,,,,,,,,,space,1.7653222000226378,190.6857433002442,None,30,0,2,1,7,190.6857433002442,None,192.4694691002369,None,,,,,,,,,,,,,,,,,,,,,,,,,,,,,,,,,,,,,Sub003,001,2022_Apr_28_1029,1trainingbehavior_beforeMRI,2021.2.3,59.93525792982294,
30,0,,,,,,,,0,42,42,40,,,,,,,,,,,,,,,,,,,,,,,,,,,,,,,,,,,,,,,,,,,,,space,1.811225799843669,192.96931549999863,None,30,0,-19,0,7,192.96931549999863,None,194.8063664995134,None,,,,,,,,,,,,,,,,,,,,,,,,,,,,,,,,,,,,,Sub003,001,2022_Apr_28_1029,1trainingbehavior_beforeMRI,2021.2.3,59.93525792982294,
20,0,,,,,,,,0,43,43,24,,,,,,,,,,,,,,,,,,,,,,,,,,,,,,,,,,,,,,,,,,,,,space,0.5624527996405959,195.31851970031857,None,20,0,2,1,7,195.31851970031857,None,195.90554659999907,None,,,,,,,,,,,,,,,,,,,,,,,,,,,,,,,,,,,,,Sub003,001,2022_Apr_28_1029,1trainingbehavior_beforeMRI,2021.2.3,59.93525792982294,
20,0,,,,,,,,0,44,44,29,,,,,,,,,,,,,,,,,,,,,,,,,,,,,,,,,,,,,,,,,,,,,space,0.5478608002886176,196.41947199963033,None,20,0,-5,1,7,196.41947199963033,None,196.98613740038127,None,,,,,,,,,,,,,,,,,,,,,,,,,,,,,,,,,,,,,Sub003,001,2022_Apr_28_1029,1trainingbehavior_beforeMRI,2021.2.3,59.93525792982294,
30,1,,,,,,,,0,45,45,58,,,,,,,,,,,,,,,,,,,,,,,,,,,,,,,,,,,,,,,,,,,,,space,0.5744876004755497,197.4852174995467,None,30,1,-9,1,7,197.4852174995467,None,198.086113399826,None,,,,,,,,,,,,,,,,,,,,,,,,,,,,,,,,,,,,,Sub003,001,2022_Apr_28_1029,1trainingbehavior_beforeMRI,2021.2.3,59.93525792982294,
10,0,,,,,,,,0,46,46,7,,,,,,,,,,,,,,,,,,,,,,,,,,,,,,,,,,,,,,,,,,,,,space,1.7983718998730183,198.58557619992644,None,10,0,-12,0,7,198.58557619992644,None,200.40481830015779,None,,,,,,,,,,,,,,,,,,,,,,,,,,,,,,,,,,,,,Sub003,001,2022_Apr_28_1029,1trainingbehavior_beforeMRI,2021.2.3,59.93525792982294,
20,0,,,,,,,,0,47,47,20,,,,,,,,,,,,,,,,,,,,,,,,,,,,,,,,,,,,,,,,,,,,,space,1.7883326997980475,200.91972979996353,None,20,0,-12,0,7,200.91972979996353,None,202.73599560000002,None,,,,,,,,,,,,,,,,,,,,,,,,,,,,,,,,,,,,,Sub003,001,2022_Apr_28_1029,1trainingbehavior_beforeMRI,2021.2.3,59.93525792982294,
20,0,,,,,,,,0,48,48,21,,,,,,,,,,,,,,,,,,,,,,,,,,,,,,,,,,,,,,,,,,,,,space,1.7633119001984596,203.2363740997389,None,20,0,2,1,7,203.2363740997389,None,205.02146990038455,None,,,,,,,,,,,,,,,,,,,,,,,,,,,,,,,,,,,,,Sub003,001,2022_Apr_28_1029,1trainingbehavior_beforeMRI,2021.2.3,59.93525792982294,
20,0,,,,,,,,0,49,49,26,,,,,,,,,,,,,,,,,,,,,,,,,,,,,,,,,,,,,,,,,,,,,space,1.8179700002074242,205.53588110022247,None,20,0,-19,0,7,205.53588110022247,None,207.3728350000456,None,,,,,,,,,,,,,,,,,,,,,,,,,,,,,,,,,,,,,Sub003,001,2022_Apr_28_1029,1trainingbehavior_beforeMRI,2021.2.3,59.93525792982294,
30,0,,,,,,,,0,50,50,46,,,,,,,,,,,,,,,,,,,,,,,,,,,,,,,,,,,,,,,,,,,,,space,2.8887334000319242,207.88650989998132,None,30,0,-26,0,7,207.88650989998132,None,210.80272509995848,None,,,,,,,,,,,,,,,,,,,,,,,,,,,,,,,,,,,,,Sub003,001,2022_Apr_28_1029,1trainingbehavior_beforeMRI,2021.2.3,59.93525792982294,
20,1,,,,,,,,0,51,51,36,,,,,,,,,,,,,,,,,,,,,,,,,,,,,,,,,,,,,,,,,,,,,space,1.7584209004417062,211.30327150039375,None,20,1,-2,1,7,211.30327150039375,None,213.08772830013186,None,,,,,,,,,,,,,,,,,,,,,,,,,,,,,,,,,,,,,Sub003,001,2022_Apr_28_1029,1trainingbehavior_beforeMRI,2021.2.3,59.93525792982294,
20,1,,,,,,,,0,52,52,34,,,,,,,,,,,,,,,,,,,,,,,,,,,,,,,,,,,,,,,,,,,,,space,1.7917027994990349,213.6031106999144,None,20,1,12,0,7,213.6031106999144,None,215.42354040034115,None,,,,,,,,,,,,,,,,,,,,,,,,,,,,,,,,,,,,,Sub003,001,2022_Apr_28_1029,1trainingbehavior_beforeMRI,2021.2.3,59.93525792982294,
10,0,,,,,,,,0,53,53,8,,,,,,,,,,,,,,,,,,,,,,,,,,,,,,,,,,,,,,,,,,,,,space,1.7225738000124693,215.93656300008297,None,10,0,16,0,7,215.93656300008297,None,217.68618880026042,None,,,,,,,,,,,,,,,,,,,,,,,,,,,,,,,,,,,,,Sub003,001,2022_Apr_28_1029,1trainingbehavior_beforeMRI,2021.2.3,59.93525792982294,
30,1,,,,,,,,0,54,54,51,,,,,,,,,,,,,,,,,,,,,,,,,,,,,,,,,,,,,,,,,,,,,space,1.771330900490284,218.18649640027434,None,30,1,5,1,7,218.18649640027434,None,219.98670510016382,None,,,,,,,,,,,,,,,,,,,,,,,,,,,,,,,,,,,,,Sub003,001,2022_Apr_28_1029,1trainingbehavior_beforeMRI,2021.2.3,59.93525792982294,
30,0,,,,,,,,0,55,55,48,,,,,,,,,,,,,,,,,,,,,,,,,,,,,,,,,,,,,,,,,,,,,space,1.7855646004900336,220.48615750018507,None,30,0,-12,1,7,220.48615750018507,None,222.30319810006768,None,,,,,,,,,,,,,,,,,,,,,,,,,,,,,,,,,,,,,Sub003,001,2022_Apr_28_1029,1trainingbehavior_beforeMRI,2021.2.3,59.93525792982294,
10,0,,,,,,,,0,56,56,4,,,,,,,,,,,,,,,,,,,,,,,,,,,,,,,,,,,,,,,,,,,,,space,1.7591476999223232,222.80324060004205,None,10,0,2,1,7,222.80324060004205,None,224.58661079965532,None,,,,,,,,,,,,,,,,,,,,,,,,,,,,,,,,,,,,,Sub003,001,2022_Apr_28_1029,1trainingbehavior_beforeMRI,2021.2.3,59.93525792982294,
30,1,,,,,,,,0,57,57,53,,,,,,,,,,,,,,,,,,,,,,,,,,,,,,,,,,,,,,,,,,,,,space,1.7495562005788088,225.0865367995575,None,30,1,-9,1,7,225.0865367995575,None,226.85322089958936,None,,,,,,,,,,,,,,,,,,,,,,,,,,,,,,,,,,,,,Sub003,001,2022_Apr_28_1029,1trainingbehavior_beforeMRI,2021.2.3,59.93525792982294,
10,1,,,,,,,,0,58,58,17,,,,,,,,,,,,,,,,,,,,,,,,,,,,,,,,,,,,,,,,,,,,,space,1.7860683994367719,227.35346870031208,None,10,1,12,0,7,227.35346870031208,None,229.1720914999023,None,,,,,,,,,,,,,,,,,,,,,,,,,,,,,,,,,,,,,Sub003,001,2022_Apr_28_1029,1trainingbehavior_beforeMRI,2021.2.3,59.93525792982294,
10,1,,,,,,,,0,59,59,10,,,,,,,,,,,,,,,,,,,,,,,,,,,,,,,,,,,,,,,,,,,,,space,1.7443169001489878,229.6867319000885,None,10,1,-9,0,7,229.6867319000885,None,231.45348170027137,None,,,,,,,,,,,,,,,,,,,,,,,,,,,,,,,,,,,,,Sub003,001,2022_Apr_28_1029,1trainingbehavior_beforeMRI,2021.2.3,59.93525792982294,
,,,,,,,,,,,,,0,0,0,0,,,,,,,,,,,,,,,,,,,,,,,,,,,,,,,,,,,,,,,,,,,,,,,,,,,,,,231.95342560019344,None,10.470063143182195,5.3041339883361,14.12411518015278,26.836865848604603,[ 5.30413399 14.12411518 26.83686585],,,,,,,,,,,,,,,,,,,,,,,,,,,,,,Sub003,001,2022_Apr_28_1029,1trainingbehavior_beforeMRI,2021.2.3,59.93525792982294,
10,,,,,,,,,,,,,,,,,0,0,0,0,,,,,0,0,0,0,,,,,,,,,,,,,,,,,,,,,,,,,,,,,,,,,,,,,,,,,,,,,,,,,249.43096319958568,None,None,None,249.43096319958568,None,5,17.516250199638307,249.43096319958568,None,,,,,,,,,,,,,,,,,,,,Sub003,001,2022_Apr_28_1029,1trainingbehavior_beforeMRI,2021.2.3,59.93525792982294,
10,,,,,,,,,,,,,,,,,0,0,0,0,,,,,,,,,,,,,,,,,,,,,,,,,,,,,,,,,,,,,,,,,,,,,,,,,,,,,,,,,,,,,,,,,,,,,,,,,,,,,,,,,,,,,,Sub003,001,2022_Apr_28_1029,1trainingbehavior_beforeMRI,2021.2.3,59.93525792982294,
20,,,,,,,,,,,,,,,,,0,1,1,1,,,,,0,0,0,0,,,,,,,,,,,,,,,,,,,,,,,,,,,,,,,,,,,,,,,,,,,,,,,,,266.97344209998846,None,None,None,266.97344209998846,None,2,6.587061100639403,266.97344209998846,None,,,,,,,,,,,,,,,,,,,,Sub003,001,2022_Apr_28_1029,1trainingbehavior_beforeMRI,2021.2.3,59.93525792982294,
20,,,,,,,,,,,,,,,,,0,1,1,1,,,,,,,,,,,,,,,,,,,,,,,,,,,,,,,,,,,,,,,,,,,,,,,,,,,,,,,,,,,,,,,,,,,,,,,,,,,,,,,,,,,,,,Sub003,001,2022_Apr_28_1029,1trainingbehavior_beforeMRI,2021.2.3,59.93525792982294,
30,,,,,,,,,,,,,,,,,0,2,2,2,,,,,0,0,0,0,,,,,,,,,,,,,,,,,,,,,,,,,,,,,,,,,,,,,,,,,,,,,,,,,273.61010439973325,None,None,None,273.61010439973325,None,2,2.6524093002080917,273.61010439973325,None,,,,,,,,,,,,,,,,,,,,Sub003,001,2022_Apr_28_1029,1trainingbehavior_beforeMRI,2021.2.3,59.93525792982294,
30,,,,,,,,,,,,,,,,,0,2,2,2,,,,,,,,,,,,,,,,,,,,,,,,,,,,,,,,,,,,,,,,,,,,,,,,,,,,,,,,,,,,,,,,,,,,,,,,,,,,,,,,,,,,,,Sub003,001,2022_Apr_28_1029,1trainingbehavior_beforeMRI,2021.2.3,59.93525792982294,
,,Card_80.xlsx,80,1,,,,,,,,,,,,,,,,,,,,,,,,,,,,,0,0,0,0,0,0,0,2,0,0,0,7,,,,,,,,,,,,,,,,,,,,,,,,,,,,,,,,,,,,,,,,,,,276.2885050997138,None,281.4389973003417,None,304.80636760033667,None,80,1,,,,,,,,,,,,Sub003,001,2022_Apr_28_1029,1trainingbehavior_beforeMRI,2021.2.3,59.93525792982294,
,,Card_80.xlsx,80,1,,,,,,,,,,,,,,,,,,,,,,,,,,,,,0,0,0,0,0,0,0,2,0,1,1,5,,,,,,,,,,,,,,,,,,,,,,,,,,,,,,,,,,,,,,,,,,,,,,,,,80,1,,,,,,,,,,,,Sub003,001,2022_Apr_28_1029,1trainingbehavior_beforeMRI,2021.2.3,59.93525792982294,
,,Card_80.xlsx,80,1,,,,,,,,,,,,,,,,,,,,,,,,,,,,,0,0,0,0,0,0,0,2,0,2,2,4,,,,,,,,,,,,,,,,,,,,,,,,,,,,,,,,,,,,,,,,,,,,,,,,,80,1,,,,,,,,,,,,Sub003,001,2022_Apr_28_1029,1trainingbehavior_beforeMRI,2021.2.3,59.93525792982294,
,,Card_80.xlsx,80,1,,,,,,,,,,,,,,,,,,,,,,,,,,,,,0,0,0,0,0,0,0,2,0,3,3,6,,,,,,,,,,,,,,,,,,,,,,,,,,,,,,,,,,,,,,,,,,,,,,,,,80,1,,,,,,,,,,,,Sub003,001,2022_Apr_28_1029,1trainingbehavior_beforeMRI,2021.2.3,59.93525792982294,
,,Card_80.xlsx,80,1,,,,,,,,,,,,,,,,,,,,,,,,,,,,,0,0,0,0,0,0,0,2,0,4,4,3,,,,,,,,,,,,,,,,,,,,,,,,,,,,,,,,,,,,,,,,,,,,,,,,,80,1,,,,,,,,,,,,Sub003,001,2022_Apr_28_1029,1trainingbehavior_beforeMRI,2021.2.3,59.93525792982294,
,,Card_80.xlsx,80,1,,,,,,,,,,,,,,,,,,,,,,,,,,,,,0,0,0,0,0,0,0,2,0,5,5,8,,,,,,,,,,,,,,,,,,,,,,,,,,,,,,,,,,,,,,,,,,,,,,,,,80,1,,,,,,,,,,,,Sub003,001,2022_Apr_28_1029,1trainingbehavior_beforeMRI,2021.2.3,59.93525792982294,
,,Card_80.xlsx,80,0,,,,,,,,,,,,,,,,,,,,,,,,,,,,,0,0,0,0,0,0,0,2,0,6,6,0,,,,,,,,,,,,,,,,,,,,,,,,,,,,,,,,,,,,,,,,,,,,,,,,,80,0,,,,,,,,,,,,Sub003,001,2022_Apr_28_1029,1trainingbehavior_beforeMRI,2021.2.3,59.93525792982294,
,,Card_80.xlsx,80,0,,,,,,,,,,,,,,,,,,,,,,,,,,,,,0,0,0,0,0,0,0,2,0,7,7,1,,,,,,,,,,,,,,,,,,,,,,,,,,,,,,,,,,,,,,,,,,,,,,,,,80,0,,,,,,,,,,,,Sub003,001,2022_Apr_28_1029,1trainingbehavior_beforeMRI,2021.2.3,59.93525792982294,
,,Card_80.xlsx,80,1,,,,,,,,,,,,,,,,,,,,,,,,,,,,,0,0,0,0,0,0,0,2,0,8,8,2,,,,,,,,,,,,,,,,,,,,,,,,,,,,,,,,,,,,,,,,,,,,,,,,,80,1,,,,,,,,,,,,Sub003,001,2022_Apr_28_1029,1trainingbehavior_beforeMRI,2021.2.3,59.93525792982294,
,,Card_80.xlsx,80,1,,,,,,,,,,,,,,,,,,,,,,,,,,,,,0,0,0,0,0,0,0,2,0,9,9,9,,,,,,,,,,,,,,,,,,,,,,,,,,,,,,,,,,,,,,,,,,,,,,,,,80,1,,,,,,,,,,,,Sub003,001,2022_Apr_28_1029,1trainingbehavior_beforeMRI,2021.2.3,59.93525792982294,
,,Card_80.xlsx,,,,,,,,,,,,,,,,,,,,,,,,,,,,,,,0,0,0,0,0,0,0,2,,,,,,,,,0,0,0,0,,,,,,,,,,,,,,,,,,,,,,,,,,,,,,,,,,,,,,,,,,,80,None,None,352.62435800023377,None,2,3.9363609002903104,352.62435800023377,None,,,Sub003,001,2022_Apr_28_1029,1trainingbehavior_beforeMRI,2021.2.3,59.93525792982294,
,,Card_80.xlsx,,,,,,,,,,,,,,,,,,,,,,,,,,,,,,,0,0,0,0,0,0,0,2,,,,,,,,,,,,,,,,,,,,,,,,,,,,,,,,,,,,,,,,,,,,,,,,,,,,,,,,,,,,,,,,,,Sub003,001,2022_Apr_28_1029,1trainingbehavior_beforeMRI,2021.2.3,59.93525792982294,
,,Card_50.xlsx,50,0,,,,,,,,,,,,,,,,,,,,,,,,,,,,,0,0,0,0,0,1,1,1,0,0,0,4,,,,,,,,,,,,,,,,,,,,,,,,,,,,,,,,,,,,,,,,,,,,,,,,,50,0,,,,,,,,,,,,Sub003,001,2022_Apr_28_1029,1trainingbehavior_beforeMRI,2021.2.3,59.93525792982294,
,,Card_50.xlsx,50,1,,,,,,,,,,,,,,,,,,,,,,,,,,,,,0,0,0,0,0,1,1,1,0,1,1,9,,,,,,,,,,,,,,,,,,,,,,,,,,,,,,,,,,,,,,,,,,,,,,,,,50,1,,,,,,,,,,,,Sub003,001,2022_Apr_28_1029,1trainingbehavior_beforeMRI,2021.2.3,59.93525792982294,
,,Card_50.xlsx,50,0,,,,,,,,,,,,,,,,,,,,,,,,,,,,,0,0,0,0,0,1,1,1,0,2,2,0,,,,,,,,,,,,,,,,,,,,,,,,,,,,,,,,,,,,,,,,,,,,,,,,,50,0,,,,,,,,,,,,Sub003,001,2022_Apr_28_1029,1trainingbehavior_beforeMRI,2021.2.3,59.93525792982294,
,,Card_50.xlsx,50,1,,,,,,,,,,,,,,,,,,,,,,,,,,,,,0,0,0,0,0,1,1,1,0,3,3,8,,,,,,,,,,,,,,,,,,,,,,,,,,,,,,,,,,,,,,,,,,,,,,,,,50,1,,,,,,,,,,,,Sub003,001,2022_Apr_28_1029,1trainingbehavior_beforeMRI,2021.2.3,59.93525792982294,
,,Card_50.xlsx,50,1,,,,,,,,,,,,,,,,,,,,,,,,,,,,,0,0,0,0,0,1,1,1,0,4,4,7,,,,,,,,,,,,,,,,,,,,,,,,,,,,,,,,,,,,,,,,,,,,,,,,,50,1,,,,,,,,,,,,Sub003,001,2022_Apr_28_1029,1trainingbehavior_beforeMRI,2021.2.3,59.93525792982294,
,,Card_50.xlsx,50,0,,,,,,,,,,,,,,,,,,,,,,,,,,,,,0,0,0,0,0,1,1,1,0,5,5,2,,,,,,,,,,,,,,,,,,,,,,,,,,,,,,,,,,,,,,,,,,,,,,,,,50,0,,,,,,,,,,,,Sub003,001,2022_Apr_28_1029,1trainingbehavior_beforeMRI,2021.2.3,59.93525792982294,
,,Card_50.xlsx,50,1,,,,,,,,,,,,,,,,,,,,,,,,,,,,,0,0,0,0,0,1,1,1,0,6,6,6,,,,,,,,,,,,,,,,,,,,,,,,,,,,,,,,,,,,,,,,,,,,,,,,,50,1,,,,,,,,,,,,Sub003,001,2022_Apr_28_1029,1trainingbehavior_beforeMRI,2021.2.3,59.93525792982294,
,,Card_50.xlsx,50,0,,,,,,,,,,,,,,,,,,,,,,,,,,,,,0,0,0,0,0,1,1,1,0,7,7,3,,,,,,,,,,,,,,,,,,,,,,,,,,,,,,,,,,,,,,,,,,,,,,,,,50,0,,,,,,,,,,,,Sub003,001,2022_Apr_28_1029,1trainingbehavior_beforeMRI,2021.2.3,59.93525792982294,
,,Card_50.xlsx,50,0,,,,,,,,,,,,,,,,,,,,,,,,,,,,,0,0,0,0,0,1,1,1,0,8,8,1,,,,,,,,,,,,,,,,,,,,,,,,,,,,,,,,,,,,,,,,,,,,,,,,,50,0,,,,,,,,,,,,Sub003,001,2022_Apr_28_1029,1trainingbehavior_beforeMRI,2021.2.3,59.93525792982294,
,,Card_50.xlsx,50,1,,,,,,,,,,,,,,,,,,,,,,,,,,,,,0,0,0,0,0,1,1,1,0,9,9,5,,,,,,,,,,,,,,,,,,,,,,,,,,,,,,,,,,,,,,,,,,,,,,,,,50,1,,,,,,,,,,,,Sub003,001,2022_Apr_28_1029,1trainingbehavior_beforeMRI,2021.2.3,59.93525792982294,
,,Card_50.xlsx,,,,,,,,,,,,,,,,,,,,,,,,,,,,,,,0,0,0,0,0,1,1,1,,,,,,,,,0,0,0,0,,,,,,,,,,,,,,,,,,,,,,,,,,,,,,,,,,,,,,,,,,,50,None,None,391.61056370008737,None,5,3.2287904005497694,391.61056370008737,None,,,Sub003,001,2022_Apr_28_1029,1trainingbehavior_beforeMRI,2021.2.3,59.93525792982294,
,,Card_50.xlsx,,,,,,,,,,,,,,,,,,,,,,,,,,,,,,,0,0,0,0,0,1,1,1,,,,,,,,,,,,,,,,,,,,,,,,,,,,,,,,,,,,,,,,,,,,,,,,,,,,,,,,,,,,,,,,,,Sub003,001,2022_Apr_28_1029,1trainingbehavior_beforeMRI,2021.2.3,59.93525792982294,
,,Card_20.xlsx,20,0,,,,,,,,,,,,,,,,,,,,,,,,,,,,,0,0,0,0,0,2,2,0,0,0,0,7,,,,,,,,,,,,,,,,,,,,,,,,,,,,,,,,,,,,,,,,,,,,,,,,,20,0,,,,,,,,,,,,Sub003,001,2022_Apr_28_1029,1trainingbehavior_beforeMRI,2021.2.3,59.93525792982294,
,,Card_20.xlsx,20,1,,,,,,,,,,,,,,,,,,,,,,,,,,,,,0,0,0,0,0,2,2,0,0,1,1,9,,,,,,,,,,,,,,,,,,,,,,,,,,,,,,,,,,,,,,,,,,,,,,,,,20,1,,,,,,,,,,,,Sub003,001,2022_Apr_28_1029,1trainingbehavior_beforeMRI,2021.2.3,59.93525792982294,
,,Card_20.xlsx,20,0,,,,,,,,,,,,,,,,,,,,,,,,,,,,,0,0,0,0,0,2,2,0,0,2,2,3,,,,,,,,,,,,,,,,,,,,,,,,,,,,,,,,,,,,,,,,,,,,,,,,,20,0,,,,,,,,,,,,Sub003,001,2022_Apr_28_1029,1trainingbehavior_beforeMRI,2021.2.3,59.93525792982294,
,,Card_20.xlsx,20,0,,,,,,,,,,,,,,,,,,,,,,,,,,,,,0,0,0,0,0,2,2,0,0,3,3,4,,,,,,,,,,,,,,,,,,,,,,,,,,,,,,,,,,,,,,,,,,,,,,,,,20,0,,,,,,,,,,,,Sub003,001,2022_Apr_28_1029,1trainingbehavior_beforeMRI,2021.2.3,59.93525792982294,
,,Card_20.xlsx,20,0,,,,,,,,,,,,,,,,,,,,,,,,,,,,,0,0,0,0,0,2,2,0,0,4,4,1,,,,,,,,,,,,,,,,,,,,,,,,,,,,,,,,,,,,,,,,,,,,,,,,,20,0,,,,,,,,,,,,Sub003,001,2022_Apr_28_1029,1trainingbehavior_beforeMRI,2021.2.3,59.93525792982294,
,,Card_20.xlsx,20,0,,,,,,,,,,,,,,,,,,,,,,,,,,,,,0,0,0,0,0,2,2,0,0,5,5,6,,,,,,,,,,,,,,,,,,,,,,,,,,,,,,,,,,,,,,,,,,,,,,,,,20,0,,,,,,,,,,,,Sub003,001,2022_Apr_28_1029,1trainingbehavior_beforeMRI,2021.2.3,59.93525792982294,
,,Card_20.xlsx,20,0,,,,,,,,,,,,,,,,,,,,,,,,,,,,,0,0,0,0,0,2,2,0,0,6,6,5,,,,,,,,,,,,,,,,,,,,,,,,,,,,,,,,,,,,,,,,,,,,,,,,,20,0,,,,,,,,,,,,Sub003,001,2022_Apr_28_1029,1trainingbehavior_beforeMRI,2021.2.3,59.93525792982294,
,,Card_20.xlsx,20,0,,,,,,,,,,,,,,,,,,,,,,,,,,,,,0,0,0,0,0,2,2,0,0,7,7,0,,,,,,,,,,,,,,,,,,,,,,,,,,,,,,,,,,,,,,,,,,,,,,,,,20,0,,,,,,,,,,,,Sub003,001,2022_Apr_28_1029,1trainingbehavior_beforeMRI,2021.2.3,59.93525792982294,
,,Card_20.xlsx,20,1,,,,,,,,,,,,,,,,,,,,,,,,,,,,,0,0,0,0,0,2,2,0,0,8,8,8,,,,,,,,,,,,,,,,,,,,,,,,,,,,,,,,,,,,,,,,,,,,,,,,,20,1,,,,,,,,,,,,Sub003,001,2022_Apr_28_1029,1trainingbehavior_beforeMRI,2021.2.3,59.93525792982294,
,,Card_20.xlsx,20,0,,,,,,,,,,,,,,,,,,,,,,,,,,,,,0,0,0,0,0,2,2,0,0,9,9,2,,,,,,,,,,,,,,,,,,,,,,,,,,,,,,,,,,,,,,,,,,,,,,,,,20,0,,,,,,,,,,,,Sub003,001,2022_Apr_28_1029,1trainingbehavior_beforeMRI,2021.2.3,59.93525792982294,
,,Card_20.xlsx,,,,,,,,,,,,,,,,,,,,,,,,,,,,,,,0,0,0,0,0,2,2,0,,,,,,,,,0,0,0,0,,,,,,,,,,,,,,,,,,,,,,,,,,,,,,,,,,,,,,,,,,,20,None,None,429.8953986996785,None,6,2.297402700409293,429.8953986996785,None,,,Sub003,001,2022_Apr_28_1029,1trainingbehavior_beforeMRI,2021.2.3,59.93525792982294,
,,Card_20.xlsx,,,,,,,,,,,,,,,,,,,,,,,,,,,,,,,0,0,0,0,0,2,2,0,,,,,,,,,,,,,,,,,,,,,,,,,,,,,,,,,,,,,,,,,,,,,,,,,,,,,,,,,,,,,,,,,,Sub003,001,2022_Apr_28_1029,1trainingbehavior_beforeMRI,2021.2.3,59.93525792982294,
,,,,,,,,,,,,,,,,,,,,,,,,,,,,,,,,,0,0,0,0,,,,,,,,,,,,,,,,,,,,,,,,,,,,,,,,,,,,,,,,,,,,,,,,,,,,,,,,,,,,,,,,,,,,432.21059969998896,None,Sub003,001,2022_Apr_28_1029,1trainingbehavior_beforeMRI,2021.2.3,59.93525792982294,
