﻿current_pair,current_pair_SE,current_pair_RE,current_card_prob,ITI_Play,Play_block_Q,start_MRI.thisRepN,start_MRI.thisTrialN,start_MRI.thisN,start_MRI.thisIndex,L_subjects.thisRepN,L_subjects.thisTrialN,L_subjects.thisN,L_subjects.thisIndex,fMRI_trials_Play_L.thisRepN,fMRI_trials_Play_L.thisTrialN,fMRI_trials_Play_L.thisN,fMRI_trials_Play_L.thisIndex,Q_Play_L.thisRepN,Q_Play_L.thisTrialN,Q_Play_L.thisN,Q_Play_L.thisIndex,R_subjects.thisRepN,R_subjects.thisTrialN,R_subjects.thisN,R_subjects.thisIndex,fMRI_center.started,fMRI_center.stopped,fMR_Instr1_text.started,fMR_Instr1_text.stopped,text_SE_7.started,text_SE_7.stopped,fMRI_center_2.started,fMRI_center_2.stopped,fMR_Instr2_text_2.started,fMR_Instr2_text_2.stopped,text_SE_8.started,text_SE_8.stopped,Slider_rating_Play_instr_L.response,Slider_rating_Play_instr_L.rt,Slider_rating_Play_instr_L.started,Slider_rating_Play_instr_L.stopped,fMRI_center_instrTimePlay_L.started,fMRI_center_instrTimePlay_L.stopped,fMR_Instr2_text_6.started,fMR_Instr2_text_6.stopped,fMRI_instr3_Q_play.started,fMRI_instr3_Q_play.stopped,text_SE_3.started,text_SE_3.stopped,PairQuestionONSET_attri_R_2.started,PairQuestionONSET_attri_R_2.stopped,key_resp_rating_Attri_R_2.keys,key_resp_rating_Attri_R_2.rt,key_resp_rating_Attri_R_2.started,key_resp_rating_Attri_R_2.stopped,text_SE_18.started,text_SE_18.stopped,fMR_Instr2_text_9.started,fMR_Instr2_text_9.stopped,Ready_text.started,Ready_text.stopped,trigger_2.keys,trigger_2.rt,trigger_2.started,trigger_2.stopped,center_OnsetTime.started,center_OnsetTime.stopped,PairONSET_card_prob.started,PairONSET_card_prob.stopped,text_SE_9.started,text_SE_9.stopped,fixOnset_text_5.started,fixOnset_text_5.stopped,current_pair,current_pair_SE,current_pair_RE,target_pair,card_pair,ISI1_Play,type_Q,Play_block_Q,PairQuestionONSET_text_2.started,PairQuestionONSET_text_2.stopped,key_resp_rating_play_L.keys,key_resp_rating_play_L.started,key_resp_rating_play_L.stopped,Rating_pair_Play,ISI2_Play,fixOnset_text.started,fixOnset_text.stopped,PairQuestionONSET_attri_2.started,PairQuestionONSET_attri_2.stopped,key_resp_rating_Attri_L2.keys,key_resp_rating_Attri_L2.rt,key_resp_rating_Attri_L2.started,key_resp_rating_Attri_L2.stopped,ITI_actual_Play,Attri_Ans,lagTime,text_SE_19.started,text_SE_19.stopped,fixOnset_text_ITI.started,fixOnset_text_ITI.stopped,key_resp_rating_play_L.rt,Final_text_Q.started,Final_text_Q.stopped,key_resp_3.keys,participant,session,date,expName,psychopyVersion,frameRate,
,,,,,,0,0,0,0,,,,,,,,,,,,,,,,,11.725319200195372,None,11.725319200195372,None,11.725319200195372,None,,,,,,,,,,,,,,,,,,,,,,,,,,,,,,,,,,,,,,,,,,,,,,,,,,,,,,,,,,,,,,,,,,,,,,,,,,,,,Sub020,001,2022_Jun_01_1437,2_3_MRI_Rating_Play_Eyetracking,2021.2.3,60.03193717785352,
6,2,0,20,3,1,,,,,0,0,0,0,0,0,0,51,0,0,0,0,,,,,,,,,,,37.962967899627984,None,37.962967899627984,None,37.962967899627984,None,None,None,119.27808779943734,None,119.27808779943734,None,119.27808779943734,None,119.27808779943734,None,119.27808779943734,None,126.33326449990273,None,y,12.578795500099659,126.33326449990273,None,126.33326449990273,None,126.33326449990273,None,138.94486259948462,None,t,17.28165389969945,138.94486259948462,None,156.33179209940135,None,156.33179209940135,None,156.33179209940135,None,158.35446240007877,None,6,2,0,41.97933528734489,20,3,2,1,161.44572049938142,None,None,161.44572049938142,None,,1,163.47745750006288,None,164.58321449998766,None,g,1.5463767005130649,164.58321449998766,None,1.0960529000000179,Bar,0.09605290000001787,164.58321449998766,None,166.26596799958497,None,,,,,Sub020,001,2022_Jun_01_1437,2_3_MRI_Rating_Play_Eyetracking,2021.2.3,60.03193717785352,
6,2,0,20,3,1,,,,,0,0,0,0,0,0,0,51,,,,,,,,,,,,,,,,,,,,,,,,,,,,,,,,,,,,,,,,,,,,,,,,,,,,,,,,,6,2,0,,,,,1,,,,,,,,,,,,,,,,,,,,,,,,,,,Sub020,001,2022_Jun_01_1437,2_3_MRI_Rating_Play_Eyetracking,2021.2.3,60.03193717785352,
5,1,2,80,1,0,,,,,0,0,0,0,0,1,1,5,,,,,,,,,,,,,,,,,,,,,,,,,,,,,,,,,,,,,,,,,,,,,,,,,167.44239929970354,None,167.44239929970354,None,167.44239929970354,None,169.4766047000885,None,5,1,2,22.093525008828124,80,1,2,0,,,,,,,,,,,,,,,,,,,,,,,,,,,Sub020,001,2022_Jun_01_1437,2_3_MRI_Rating_Play_Eyetracking,2021.2.3,60.03193717785352,
5,1,2,80,2,1,,,,,0,0,0,0,0,2,2,68,0,0,0,0,,,,,,,,,,,,,,,,,,,,,,,,,,,,,,,,,,,,,,,,,,,,,170.581815299578,None,170.581815299578,None,170.581815299578,None,172.59278209973127,None,5,1,2,22.093525008828124,80,2,2,1,174.67902040015906,None,r,174.67902040015906,None,Definitely Yes,1.4405282996594906,176.36412339936942,None,177.90993179939687,None,b,1.2711175000295043,177.90993179939687,None,1.2771642999999813,Definitely Card,0.27716429999998127,177.90993179939687,None,179.31775860022753,None,1.5594717003405094,,,,Sub020,001,2022_Jun_01_1437,2_3_MRI_Rating_Play_Eyetracking,2021.2.3,60.03193717785352,
5,1,2,80,2,1,,,,,0,0,0,0,0,2,2,68,,,,,,,,,,,,,,,,,,,,,,,,,,,,,,,,,,,,,,,,,,,,,,,,,,,,,,,,,5,1,2,,,,,1,,,,,,,,,,,,,,,,,,,,,,,,,,,Sub020,001,2022_Jun_01_1437,2_3_MRI_Rating_Play_Eyetracking,2021.2.3,60.03193717785352,
6,2,0,20,2,1,,,,,0,0,0,0,0,3,3,60,0,0,0,0,,,,,,,,,,,,,,,,,,,,,,,,,,,,,,,,,,,,,,,,,,,,,180.6964620994404,None,180.6964620994404,None,180.6964620994404,None,182.7141317995265,None,6,2,0,41.97933528734489,20,2,2,1,184.80829579941928,None,g,184.80829579941928,None,Yes,2.0464014001190662,185.8519214997068,None,188.01977059990168,None,g,1.7720429003238678,188.01977059990168,None,0.8064629000000139,Bar,-0.19353709999998614,188.01977059990168,None,189.91396410018206,None,0.9535985998809338,,,,Sub020,001,2022_Jun_01_1437,2_3_MRI_Rating_Play_Eyetracking,2021.2.3,60.03193717785352,
6,2,0,20,2,1,,,,,0,0,0,0,0,3,3,60,,,,,,,,,,,,,,,,,,,,,,,,,,,,,,,,,,,,,,,,,,,,,,,,,,,,,,,,,6,2,0,,,,,1,,,,,,,,,,,,,,,,,,,,,,,,,,,Sub020,001,2022_Jun_01_1437,2_3_MRI_Rating_Play_Eyetracking,2021.2.3,60.03193717785352,
5,1,2,80,3,0,,,,,0,0,0,0,0,4,4,23,,,,,,,,,,,,,,,,,,,,,,,,,,,,,,,,,,,,,,,,,,,,,,,,,190.83176279999316,None,190.83176279999316,None,190.83176279999316,None,192.8458581995219,None,5,1,2,22.093525008828124,80,3,2,0,,,,,,,,,,,,,,,,,,,,,,,,,,,Sub020,001,2022_Jun_01_1437,2_3_MRI_Rating_Play_Eyetracking,2021.2.3,60.03193717785352,
1,0,1,50,1,1,,,,,0,0,0,0,0,5,5,28,0,0,0,0,,,,,,,,,,,,,,,,,,,,,,,,,,,,,,,,,,,,,,,,,,,,,195.94939980003983,None,195.94939980003983,None,195.94939980003983,None,197.94163129944354,None,1,0,1,8.296945714953543,50,1,2,1,199.04857010021806,None,g,199.04857010021806,None,Yes,1.7495685005560517,200.43405110016465,None,202.29975609946996,None,y,0.9920979999005795,202.29975609946996,None,1.542910400000011,Card,0.5429104000000109,202.29975609946996,None,203.4201044999063,None,1.2504314994439483,,,,Sub020,001,2022_Jun_01_1437,2_3_MRI_Rating_Play_Eyetracking,2021.2.3,60.03193717785352,
1,0,1,50,1,1,,,,,0,0,0,0,0,5,5,28,,,,,,,,,,,,,,,,,,,,,,,,,,,,,,,,,,,,,,,,,,,,,,,,,,,,,,,,,1,0,1,,,,,1,,,,,,,,,,,,,,,,,,,,,,,,,,,Sub020,001,2022_Jun_01_1437,2_3_MRI_Rating_Play_Eyetracking,2021.2.3,60.03193717785352,
6,2,0,20,1,1,,,,,0,0,0,0,0,6,6,33,0,0,0,0,,,,,,,,,,,,,,,,,,,,,,,,,,,,,,,,,,,,,,,,,,,,,205.05941179953516,None,205.05941179953516,None,205.05941179953516,None,207.05725419986993,None,6,2,0,41.97933528734489,20,1,2,1,208.17121639940888,None,r,208.17121639940888,None,Definitely Yes,1.8491907007992268,209.4487189995125,None,211.41910109948367,None,r,1.510007399134338,211.41910109948367,None,1.0399184000000048,Definitely Bar,0.039918400000004794,211.41910109948367,None,213.04872380010784,None,1.1508092992007732,,,,Sub020,001,2022_Jun_01_1437,2_3_MRI_Rating_Play_Eyetracking,2021.2.3,60.03193717785352,
6,2,0,20,1,1,,,,,0,0,0,0,0,6,6,33,,,,,,,,,,,,,,,,,,,,,,,,,,,,,,,,,,,,,,,,,,,,,,,,,,,,,,,,,6,2,0,,,,,1,,,,,,,,,,,,,,,,,,,,,,,,,,,Sub020,001,2022_Jun_01_1437,2_3_MRI_Rating_Play_Eyetracking,2021.2.3,60.03193717785352,
1,0,1,50,1,0,,,,,0,0,0,0,0,7,7,1,,,,,,,,,,,,,,,,,,,,,,,,,,,,,,,,,,,,,,,,,,,,,,,,,214.18000440020114,None,214.18000440020114,None,214.18000440020114,None,216.21374730020761,None,1,0,1,8.296945714953543,50,1,2,0,,,,,,,,,,,,,,,,,,,,,,,,,,,Sub020,001,2022_Jun_01_1437,2_3_MRI_Rating_Play_Eyetracking,2021.2.3,60.03193717785352,
2,0,2,80,2,1,,,,,0,0,0,0,0,8,8,11,0,0,0,0,,,,,,,,,,,,,,,,,,,,,,,,,,,,,,,,,,,,,,,,,,,,,217.31486149970442,None,217.31486149970442,None,217.31486149970442,None,219.32911819964647,None,2,0,2,8.296945714953543,80,2,2,1,221.4118478000164,None,r,221.4118478000164,None,Definitely Yes,1.9550812998786569,222.55229130014777,None,224.62089089956135,None,b,0.8787989001721144,224.62089089956135,None,1.694216900000015,Definitely Card,0.6942169000000149,224.62089089956135,None,225.6227827994153,None,1.0449187001213431,,,,Sub020,001,2022_Jun_01_1437,2_3_MRI_Rating_Play_Eyetracking,2021.2.3,60.03193717785352,
2,0,2,80,2,1,,,,,0,0,0,0,0,8,8,11,,,,,,,,,,,,,,,,,,,,,,,,,,,,,,,,,,,,,,,,,,,,,,,,,,,,,,,,,2,0,2,,,,,1,,,,,,,,,,,,,,,,,,,,,,,,,,,Sub020,001,2022_Jun_01_1437,2_3_MRI_Rating_Play_Eyetracking,2021.2.3,60.03193717785352,
5,1,2,80,2,1,,,,,0,0,0,0,0,9,9,41,0,0,0,0,,,,,,,,,,,,,,,,,,,,,,,,,,,,,,,,,,,,,,,,,,,,,227.43184740003198,None,227.43184740003198,None,227.43184740003198,None,229.44110449962318,None,5,1,2,22.093525008828124,80,2,2,1,231.55104309972376,None,r,231.55104309972376,None,Definitely Yes,2.2631572000682354,232.39364090003073,None,234.77058869972825,None,b,1.1439913995563984,234.77058869972825,None,1.4240089999999839,Definitely Card,0.42400899999998387,234.77058869972825,None,236.01080209948123,None,0.7368427999317646,,,,Sub020,001,2022_Jun_01_1437,2_3_MRI_Rating_Play_Eyetracking,2021.2.3,60.03193717785352,
5,1,2,80,2,1,,,,,0,0,0,0,0,9,9,41,,,,,,,,,,,,,,,,,,,,,,,,,,,,,,,,,,,,,,,,,,,,,,,,,,,,,,,,,5,1,2,,,,,1,,,,,,,,,,,,,,,,,,,,,,,,,,,Sub020,001,2022_Jun_01_1437,2_3_MRI_Rating_Play_Eyetracking,2021.2.3,60.03193717785352,
0,0,0,20,3,1,,,,,0,0,0,0,0,10,10,63,0,0,0,0,,,,,,,,,,,,,,,,,,,,,,,,,,,,,,,,,,,,,,,,,,,,,237.55082079954445,None,237.55082079954445,None,237.55082079954445,None,239.54136929940432,None,0,0,0,8.296945714953543,20,3,2,1,242.6519363000989,None,y,242.6519363000989,None,No,1.8490153001621366,243.9321395000443,None,245.88328289985657,None,None,,245.88328289985657,None,0.6731179999999881,,-0.3268820000000119,245.88328289985657,None,247.89799229986966,None,1.1509846998378634,,,,Sub020,001,2022_Jun_01_1437,2_3_MRI_Rating_Play_Eyetracking,2021.2.3,60.03193717785352,
0,0,0,20,3,1,,,,,0,0,0,0,0,10,10,63,,,,,,,,,,,,,,,,,,,,,,,,,,,,,,,,,,,,,,,,,,,,,,,,,,,,,,,,,0,0,0,,,,,1,,,,,,,,,,,,,,,,,,,,,,,,,,,Sub020,001,2022_Jun_01_1437,2_3_MRI_Rating_Play_Eyetracking,2021.2.3,60.03193717785352,
6,2,0,20,3,0,,,,,0,0,0,0,0,11,11,24,,,,,,,,,,,,,,,,,,,,,,,,,,,,,,,,,,,,,,,,,,,,,,,,,248.68613460008055,None,248.68613460008055,None,248.68613460008055,None,250.69648010004312,None,6,2,0,41.97933528734489,20,3,2,0,,,,,,,,,,,,,,,,,,,,,,,,,,,Sub020,001,2022_Jun_01_1437,2_3_MRI_Rating_Play_Eyetracking,2021.2.3,60.03193717785352,
3,1,0,20,2,1,,,,,0,0,0,0,0,12,12,57,0,0,0,0,,,,,,,,,,,,,,,,,,,,,,,,,,,,,,,,,,,,,,,,,,,,,253.80076210014522,None,253.80076210014522,None,253.80076210014522,None,255.79355309996754,None,3,1,0,22.093525008828124,20,2,2,1,257.9012468000874,None,y,257.9012468000874,None,No,1.9562606001272798,259.06797679979354,None,261.13305129949003,None,y,1.3608467997983098,261.13305129949003,None,1.196485100000018,Card,0.19648510000001806,261.13305129949003,None,262.6170910997316,None,1.0437393998727202,,,,Sub020,001,2022_Jun_01_1437,2_3_MRI_Rating_Play_Eyetracking,2021.2.3,60.03193717785352,
3,1,0,20,2,1,,,,,0,0,0,0,0,12,12,57,,,,,,,,,,,,,,,,,,,,,,,,,,,,,,,,,,,,,,,,,,,,,,,,,,,,,,,,,3,1,0,,,,,1,,,,,,,,,,,,,,,,,,,,,,,,,,,Sub020,001,2022_Jun_01_1437,2_3_MRI_Rating_Play_Eyetracking,2021.2.3,60.03193717785352,
7,2,1,50,1,1,,,,,0,0,0,0,0,13,13,34,0,0,0,0,,,,,,,,,,,,,,,,,,,,,,,,,,,,,,,,,,,,,,,,,,,,,263.9213797999546,None,263.9213797999546,None,263.9213797999546,None,265.9308123998344,None,7,2,1,41.97933528734489,50,1,2,1,267.03175629954785,None,r,267.03175629954785,None,Definitely Yes,2.0405562995001674,268.11650869995356,None,270.2649643998593,None,g,0.7956365998834372,270.2649643998593,None,1.7570961999999781,Bar,0.7570961999999781,270.2649643998593,None,271.1616426995024,None,0.9594437004998326,,,,Sub020,001,2022_Jun_01_1437,2_3_MRI_Rating_Play_Eyetracking,2021.2.3,60.03193717785352,
7,2,1,50,1,1,,,,,0,0,0,0,0,13,13,34,,,,,,,,,,,,,,,,,,,,,,,,,,,,,,,,,,,,,,,,,,,,,,,,,,,,,,,,,7,2,1,,,,,1,,,,,,,,,,,,,,,,,,,,,,,,,,,Sub020,001,2022_Jun_01_1437,2_3_MRI_Rating_Play_Eyetracking,2021.2.3,60.03193717785352,
2,0,2,80,1,0,,,,,0,0,0,0,0,14,14,2,,,,,,,,,,,,,,,,,,,,,,,,,,,,,,,,,,,,,,,,,,,,,,,,,273.03431770019233,None,273.03431770019233,None,273.03431770019233,None,275.04774689953774,None,2,0,2,8.296945714953543,80,1,2,0,,,,,,,,,,,,,,,,,,,,,,,,,,,Sub020,001,2022_Jun_01_1437,2_3_MRI_Rating_Play_Eyetracking,2021.2.3,60.03193717785352,
2,0,2,80,3,0,,,,,0,0,0,0,0,15,15,20,,,,,,,,,,,,,,,,,,,,,,,,,,,,,,,,,,,,,,,,,,,,,,,,,276.1428480995819,None,276.1428480995819,None,276.1428480995819,None,278.1653675995767,None,2,0,2,8.296945714953543,80,3,2,0,,,,,,,,,,,,,,,,,,,,,,,,,,,Sub020,001,2022_Jun_01_1437,2_3_MRI_Rating_Play_Eyetracking,2021.2.3,60.03193717785352,
4,1,1,50,3,0,,,,,0,0,0,0,0,16,16,22,,,,,,,,,,,,,,,,,,,,,,,,,,,,,,,,,,,,,,,,,,,,,,,,,281.27130739949644,None,281.27130739949644,None,281.27130739949644,None,283.2613185001537,None,4,1,1,22.093525008828124,50,3,2,0,,,,,,,,,,,,,,,,,,,,,,,,,,,Sub020,001,2022_Jun_01_1437,2_3_MRI_Rating_Play_Eyetracking,2021.2.3,60.03193717785352,
0,0,0,20,1,1,,,,,0,0,0,0,0,17,17,27,0,0,0,0,,,,,,,,,,,,,,,,,,,,,,,,,,,,,,,,,,,,,,,,,,,,,286.3715480994433,None,286.3715480994433,None,286.3715480994433,None,288.38227159995586,None,0,0,0,8.296945714953543,20,1,2,1,289.4843970993534,None,b,289.4843970993534,None,Definitely No,2.2481629997491837,290.34676139988005,None,292.7069170996547,None,r,0.7950267000123858,292.7069170996547,None,1.7470078999999714,Definitely Bar,0.7470078999999714,292.7069170996547,None,293.61193010024726,None,0.7518370002508163,,,,Sub020,001,2022_Jun_01_1437,2_3_MRI_Rating_Play_Eyetracking,2021.2.3,60.03193717785352,
0,0,0,20,1,1,,,,,0,0,0,0,0,17,17,27,,,,,,,,,,,,,,,,,,,,,,,,,,,,,,,,,,,,,,,,,,,,,,,,,,,,,,,,,0,0,0,,,,,1,,,,,,,,,,,,,,,,,,,,,,,,,,,Sub020,001,2022_Jun_01_1437,2_3_MRI_Rating_Play_Eyetracking,2021.2.3,60.03193717785352,
1,0,1,50,2,1,,,,,0,0,0,0,0,18,18,37,0,0,0,0,,,,,,,,,,,,,,,,,,,,,,,,,,,,,,,,,,,,,,,,,,,,,295.46006029937416,None,295.46006029937416,None,295.46006029937416,None,297.4576872996986,None,1,0,1,8.296945714953543,50,2,2,1,299.57214879989624,None,g,299.57214879989624,None,Yes,2.336476399563253,300.36829760018736,None,302.82018619962037,None,y,0.9493017001077533,302.82018619962037,None,1.5895874999999933,Card,0.5895874999999933,302.82018619962037,None,303.9067551996559,None,0.6635236004367471,,,,Sub020,001,2022_Jun_01_1437,2_3_MRI_Rating_Play_Eyetracking,2021.2.3,60.03193717785352,
1,0,1,50,2,1,,,,,0,0,0,0,0,18,18,37,,,,,,,,,,,,,,,,,,,,,,,,,,,,,,,,,,,,,,,,,,,,,,,,,,,,,,,,,1,0,1,,,,,1,,,,,,,,,,,,,,,,,,,,,,,,,,,Sub020,001,2022_Jun_01_1437,2_3_MRI_Rating_Play_Eyetracking,2021.2.3,60.03193717785352,
4,1,1,50,1,1,,,,,0,0,0,0,0,19,19,58,0,0,0,0,,,,,,,,,,,,,,,,,,,,,,,,,,,,,,,,,,,,,,,,,,,,,305.5907383998856,None,305.5907383998856,None,305.5907383998856,None,307.6168804001063,None,4,1,1,22.093525008828124,50,1,2,1,308.72131839953363,None,g,308.72131839953363,None,Yes,1.4187441999092698,310.4273757999763,None,311.93302689958364,None,y,0.7103575002402067,311.93302689958364,None,1.8576863000000117,Card,0.8576863000000117,311.93302689958364,None,312.76888759993017,None,1.5812558000907302,,,,Sub020,001,2022_Jun_01_1437,2_3_MRI_Rating_Play_Eyetracking,2021.2.3,60.03193717785352,
4,1,1,50,1,1,,,,,0,0,0,0,0,19,19,58,,,,,,,,,,,,,,,,,,,,,,,,,,,,,,,,,,,,,,,,,,,,,,,,,,,,,,,,,4,1,1,,,,,1,,,,,,,,,,,,,,,,,,,,,,,,,,,Sub020,001,2022_Jun_01_1437,2_3_MRI_Rating_Play_Eyetracking,2021.2.3,60.03193717785352,
3,1,0,20,1,0,,,,,0,0,0,0,0,20,20,3,,,,,,,,,,,,,,,,,,,,,,,,,,,,,,,,,,,,,,,,,,,,,,,,,314.72648209985346,None,314.72648209985346,None,314.72648209985346,None,316.74256679974496,None,3,1,0,22.093525008828124,20,1,2,0,,,,,,,,,,,,,,,,,,,,,,,,,,,Sub020,001,2022_Jun_01_1437,2_3_MRI_Rating_Play_Eyetracking,2021.2.3,60.03193717785352,
5,1,2,80,1,1,,,,,0,0,0,0,0,21,21,59,0,0,0,0,,,,,,,,,,,,,,,,,,,,,,,,,,,,,,,,,,,,,,,,,,,,,317.85359359998256,None,317.85359359998256,None,317.85359359998256,None,319.8657980998978,None,5,1,2,22.093525008828124,80,1,2,1,320.97058600001037,None,r,320.97058600001037,None,Definitely Yes,2.190715500153601,321.9012313000858,None,324.20907869935036,None,b,1.3971565999090672,324.20907869935036,None,1.1283753999999817,Definitely Card,0.1283753999999817,324.20907869935036,None,325.736698099412,None,0.8092844998463988,,,,Sub020,001,2022_Jun_01_1437,2_3_MRI_Rating_Play_Eyetracking,2021.2.3,60.03193717785352,
5,1,2,80,1,1,,,,,0,0,0,0,0,21,21,59,,,,,,,,,,,,,,,,,,,,,,,,,,,,,,,,,,,,,,,,,,,,,,,,,,,,,,,,,5,1,2,,,,,1,,,,,,,,,,,,,,,,,,,,,,,,,,,Sub020,001,2022_Jun_01_1437,2_3_MRI_Rating_Play_Eyetracking,2021.2.3,60.03193717785352,
7,2,1,50,2,1,,,,,0,0,0,0,0,22,22,43,0,0,0,0,,,,,,,,,,,,,,,,,,,,,,,,,,,,,,,,,,,,,,,,,,,,,326.97014260012656,None,326.97014260012656,None,326.97014260012656,None,328.9845965998247,None,7,2,1,41.97933528734489,50,2,2,1,331.0859271995723,None,g,331.0859271995723,None,Yes,2.362637300044298,331.84633189998567,None,334.3260706998408,None,r,0.9438567999750376,334.3260706998408,None,1.589117299999998,Definitely Bar,0.5891172999999981,334.3260706998408,None,335.3818985996768,None,0.6373626999557018,,,,Sub020,001,2022_Jun_01_1437,2_3_MRI_Rating_Play_Eyetracking,2021.2.3,60.03193717785352,
7,2,1,50,2,1,,,,,0,0,0,0,0,22,22,43,,,,,,,,,,,,,,,,,,,,,,,,,,,,,,,,,,,,,,,,,,,,,,,,,,,,,,,,,7,2,1,,,,,1,,,,,,,,,,,,,,,,,,,,,,,,,,,Sub020,001,2022_Jun_01_1437,2_3_MRI_Rating_Play_Eyetracking,2021.2.3,60.03193717785352,
7,2,1,50,1,1,,,,,0,0,0,0,0,23,23,61,0,0,0,0,,,,,,,,,,,,,,,,,,,,,,,,,,,,,,,,,,,,,,,,,,,,,337.08602510020137,None,337.08602510020137,None,337.08602510020137,None,339.07889669947326,None,7,2,1,41.97933528734489,50,1,2,1,340.19045120012015,None,g,340.19045120012015,None,Yes,2.055235200561583,341.23449349962175,None,343.4042969001457,None,g,1.0715068001300097,343.4042969001457,None,1.5053611999999816,Bar,0.5053611999999816,343.4042969001457,None,344.5831022001803,None,0.944764799438417,,,,Sub020,001,2022_Jun_01_1437,2_3_MRI_Rating_Play_Eyetracking,2021.2.3,60.03193717785352,
7,2,1,50,1,1,,,,,0,0,0,0,0,23,23,61,,,,,,,,,,,,,,,,,,,,,,,,,,,,,,,,,,,,,,,,,,,,,,,,,,,,,,,,,7,2,1,,,,,1,,,,,,,,,,,,,,,,,,,,,,,,,,,Sub020,001,2022_Jun_01_1437,2_3_MRI_Rating_Play_Eyetracking,2021.2.3,60.03193717785352,
4,1,1,50,1,0,,,,,0,0,0,0,0,24,24,4,,,,,,,,,,,,,,,,,,,,,,,,,,,,,,,,,,,,,,,,,,,,,,,,,346.20484109967947,None,346.20484109967947,None,346.20484109967947,None,348.195224000141,None,4,1,1,22.093525008828124,50,1,2,0,,,,,,,,,,,,,,,,,,,,,,,,,,,Sub020,001,2022_Jun_01_1437,2_3_MRI_Rating_Play_Eyetracking,2021.2.3,60.03193717785352,
3,1,0,20,2,1,,,,,0,0,0,0,0,25,25,39,0,0,0,0,,,,,,,,,,,,,,,,,,,,,,,,,,,,,,,,,,,,,,,,,,,,,349.30739040020853,None,349.30739040020853,None,349.30739040020853,None,351.3171726996079,None,3,1,0,22.093525008828124,20,2,2,1,353.420983299613,None,g,353.420983299613,None,Yes,1.8933679005131125,354.62432250007987,None,356.6259811995551,None,g,1.1718815993517637,356.6259811995551,None,1.3918046000000004,Bar,0.3918046000000004,356.6259811995551,None,357.921352699399,None,1.1066320994868875,,,,Sub020,001,2022_Jun_01_1437,2_3_MRI_Rating_Play_Eyetracking,2021.2.3,60.03193717785352,
3,1,0,20,2,1,,,,,0,0,0,0,0,25,25,39,,,,,,,,,,,,,,,,,,,,,,,,,,,,,,,,,,,,,,,,,,,,,,,,,,,,,,,,,3,1,0,,,,,1,,,,,,,,,,,,,,,,,,,,,,,,,,,Sub020,001,2022_Jun_01_1437,2_3_MRI_Rating_Play_Eyetracking,2021.2.3,60.03193717785352,
3,1,0,20,3,1,,,,,0,0,0,0,0,26,26,66,0,0,0,0,,,,,,,,,,,,,,,,,,,,,,,,,,,,,,,,,,,,,,,,,,,,,359.41681819967926,None,359.41681819967926,None,359.41681819967926,None,361.43510629981756,None,3,1,0,22.093525008828124,20,3,2,1,364.5385632002726,None,y,364.5385632002726,None,No,2.0071583995595574,365.64589419960976,None,367.7557640997693,None,y,1.0091353999450803,367.7557640997693,None,1.5592206000000033,Card,0.5592206000000033,367.7557640997693,None,368.8841471998021,None,0.9928416004404426,,,,Sub020,001,2022_Jun_01_1437,2_3_MRI_Rating_Play_Eyetracking,2021.2.3,60.03193717785352,
3,1,0,20,3,1,,,,,0,0,0,0,0,26,26,66,,,,,,,,,,,,,,,,,,,,,,,,,,,,,,,,,,,,,,,,,,,,,,,,,,,,,,,,,3,1,0,,,,,1,,,,,,,,,,,,,,,,,,,,,,,,,,,Sub020,001,2022_Jun_01_1437,2_3_MRI_Rating_Play_Eyetracking,2021.2.3,60.03193717785352,
8,2,2,80,2,1,,,,,0,0,0,0,0,27,27,44,0,0,0,0,,,,,,,,,,,,,,,,,,,,,,,,,,,,,,,,,,,,,,,,,,,,,370.5512868994847,None,370.5512868994847,None,370.5512868994847,None,372.57002449966967,None,8,2,2,41.97933528734489,80,2,2,1,374.6745239999145,None,r,374.6745239999145,None,Definitely Yes,1.6320845000445843,376.1497395997867,None,377.89563969988376,None,b,1.1712314998731017,377.89563969988376,None,1.3909143999999856,Definitely Card,0.39091439999998556,377.89563969988376,None,379.18578239995986,None,1.3679154999554157,,,,Sub020,001,2022_Jun_01_1437,2_3_MRI_Rating_Play_Eyetracking,2021.2.3,60.03193717785352,
8,2,2,80,2,1,,,,,0,0,0,0,0,27,27,44,,,,,,,,,,,,,,,,,,,,,,,,,,,,,,,,,,,,,,,,,,,,,,,,,,,,,,,,,8,2,2,,,,,1,,,,,,,,,,,,,,,,,,,,,,,,,,,Sub020,001,2022_Jun_01_1437,2_3_MRI_Rating_Play_Eyetracking,2021.2.3,60.03193717785352,
2,0,2,80,1,1,,,,,0,0,0,0,0,28,28,29,0,0,0,0,,,,,,,,,,,,,,,,,,,,,,,,,,,,,,,,,,,,,,,,,,,,,380.6892058001831,None,380.6892058001831,None,380.6892058001831,None,382.70004099979997,None,2,0,2,8.296945714953543,80,1,2,1,383.8070743000135,None,r,383.8070743000135,None,Definitely Yes,1.959209700115025,384.9685025000945,None,387.02321329992265,None,b,0.8022628994658589,387.02321329992265,None,1.7556097000000364,Definitely Card,0.7556097000000364,387.02321329992265,None,387.95056950021535,None,1.040790299884975,,,,Sub020,001,2022_Jun_01_1437,2_3_MRI_Rating_Play_Eyetracking,2021.2.3,60.03193717785352,
2,0,2,80,1,1,,,,,0,0,0,0,0,28,28,29,,,,,,,,,,,,,,,,,,,,,,,,,,,,,,,,,,,,,,,,,,,,,,,,,,,,,,,,,2,0,2,,,,,1,,,,,,,,,,,,,,,,,,,,,,,,,,,Sub020,001,2022_Jun_01_1437,2_3_MRI_Rating_Play_Eyetracking,2021.2.3,60.03193717785352,
0,0,0,20,3,0,,,,,0,0,0,0,0,29,29,18,,,,,,,,,,,,,,,,,,,,,,,,,,,,,,,,,,,,,,,,,,,,,,,,,389.8243362996727,None,389.8243362996727,None,389.8243362996727,None,391.82947629969567,None,0,0,0,8.296945714953543,20,3,2,0,,,,,,,,,,,,,,,,,,,,,,,,,,,Sub020,001,2022_Jun_01_1437,2_3_MRI_Rating_Play_Eyetracking,2021.2.3,60.03193717785352,
7,2,1,50,2,1,,,,,0,0,0,0,0,30,30,70,0,0,0,0,,,,,,,,,,,,,,,,,,,,,,,,,,,,,,,,,,,,,,,,,,,,,394.93814999982715,None,394.93814999982715,None,394.93814999982715,None,396.9525260999799,None,7,2,1,41.97933528734489,50,2,2,1,399.05936449952424,None,g,399.05936449952424,None,Yes,2.238446100614965,399.9426664998755,None,402.2705421997234,None,g,0.7573285000398755,402.2705421997234,None,1.791254400000014,Bar,0.7912544000000139,402.2705421997234,None,403.1576971001923,None,0.761553899385035,,,,Sub020,001,2022_Jun_01_1437,2_3_MRI_Rating_Play_Eyetracking,2021.2.3,60.03193717785352,
7,2,1,50,2,1,,,,,0,0,0,0,0,30,30,70,,,,,,,,,,,,,,,,,,,,,,,,,,,,,,,,,,,,,,,,,,,,,,,,,,,,,,,,,7,2,1,,,,,1,,,,,,,,,,,,,,,,,,,,,,,,,,,Sub020,001,2022_Jun_01_1437,2_3_MRI_Rating_Play_Eyetracking,2021.2.3,60.03193717785352,
0,0,0,20,3,1,,,,,0,0,0,0,0,31,31,45,0,0,0,0,,,,,,,,,,,,,,,,,,,,,,,,,,,,,,,,,,,,,,,,,,,,,405.0575928995386,None,405.0575928995386,None,405.0575928995386,None,407.0689051002264,None,0,0,0,8.296945714953543,20,3,2,1,410.1705700000748,None,None,410.1705700000748,None,,1,412.1671588998288,None,413.2818358000368,None,g,1.1532640000805259,413.2818358000368,None,1.519841700000029,Bar,0.519841700000029,413.2818358000368,None,414.5553326997906,None,,,,,Sub020,001,2022_Jun_01_1437,2_3_MRI_Rating_Play_Eyetracking,2021.2.3,60.03193717785352,
0,0,0,20,3,1,,,,,0,0,0,0,0,31,31,45,,,,,,,,,,,,,,,,,,,,,,,,,,,,,,,,,,,,,,,,,,,,,,,,,,,,,,,,,0,0,0,,,,,1,,,,,,,,,,,,,,,,,,,,,,,,,,,Sub020,001,2022_Jun_01_1437,2_3_MRI_Rating_Play_Eyetracking,2021.2.3,60.03193717785352,
6,2,0,20,1,0,,,,,0,0,0,0,0,32,32,6,,,,,,,,,,,,,,,,,,,,,,,,,,,,,,,,,,,,,,,,,,,,,,,,,416.18906269967556,None,416.18906269967556,None,416.18906269967556,None,418.1800151998177,None,6,2,0,41.97933528734489,20,1,2,0,,,,,,,,,,,,,,,,,,,,,,,,,,,Sub020,001,2022_Jun_01_1437,2_3_MRI_Rating_Play_Eyetracking,2021.2.3,60.03193717785352,
8,2,2,80,1,0,,,,,0,0,0,0,0,33,33,8,,,,,,,,,,,,,,,,,,,,,,,,,,,,,,,,,,,,,,,,,,,,,,,,,419.2701032999903,None,419.2701032999903,None,419.2701032999903,None,421.3048788001761,None,8,2,2,41.97933528734489,80,1,2,0,,,,,,,,,,,,,,,,,,,,,,,,,,,Sub020,001,2022_Jun_01_1437,2_3_MRI_Rating_Play_Eyetracking,2021.2.3,60.03193717785352,
7,2,1,50,1,0,,,,,0,0,0,0,0,34,34,7,,,,,,,,,,,,,,,,,,,,,,,,,,,,,,,,,,,,,,,,,,,,,,,,,422.40922219958156,None,422.40922219958156,None,422.40922219958156,None,424.42063369974494,None,7,2,1,41.97933528734489,50,1,2,0,,,,,,,,,,,,,,,,,,,,,,,,,,,Sub020,001,2022_Jun_01_1437,2_3_MRI_Rating_Play_Eyetracking,2021.2.3,60.03193717785352,
8,2,2,80,2,1,,,,,0,0,0,0,0,35,35,17,0,0,0,0,,,,,,,,,,,,,,,,,,,,,,,,,,,,,,,,,,,,,,,,,,,,,425.5243985000998,None,425.5243985000998,None,425.5243985000998,None,427.5394155001268,None,8,2,2,41.97933528734489,80,2,2,1,429.63674100022763,None,g,429.63674100022763,None,Yes,2.030484700575471,430.73843649961054,None,432.8593541001901,None,b,1.103991199284792,432.8593541001901,None,1.4428871999999728,Definitely Card,0.44288719999997284,432.8593541001901,None,434.0634610997513,None,0.9695152994245291,,,,Sub020,001,2022_Jun_01_1437,2_3_MRI_Rating_Play_Eyetracking,2021.2.3,60.03193717785352,
8,2,2,80,2,1,,,,,0,0,0,0,0,35,35,17,,,,,,,,,,,,,,,,,,,,,,,,,,,,,,,,,,,,,,,,,,,,,,,,,,,,,,,,,8,2,2,,,,,1,,,,,,,,,,,,,,,,,,,,,,,,,,,Sub020,001,2022_Jun_01_1437,2_3_MRI_Rating_Play_Eyetracking,2021.2.3,60.03193717785352,
8,2,2,80,1,1,,,,,0,0,0,0,0,36,36,35,0,0,0,0,,,,,,,,,,,,,,,,,,,,,,,,,,,,,,,,,,,,,,,,,,,,,435.6185918999836,None,435.6185918999836,None,435.6185918999836,None,437.615476699546,None,8,2,2,41.97933528734489,80,1,2,1,438.729339399375,None,g,438.729339399375,None,Yes,1.3442820003256202,440.4998837001622,None,441.95451499987394,None,b,0.9511219002306461,441.95451499987394,None,1.621716499999991,Definitely Card,0.6217164999999909,441.95451499987394,None,443.02319329977036,None,1.6557179996743798,,,,Sub020,001,2022_Jun_01_1437,2_3_MRI_Rating_Play_Eyetracking,2021.2.3,60.03193717785352,
8,2,2,80,1,1,,,,,0,0,0,0,0,36,36,35,,,,,,,,,,,,,,,,,,,,,,,,,,,,,,,,,,,,,,,,,,,,,,,,,,,,,,,,,8,2,2,,,,,1,,,,,,,,,,,,,,,,,,,,,,,,,,,Sub020,001,2022_Jun_01_1437,2_3_MRI_Rating_Play_Eyetracking,2021.2.3,60.03193717785352,
0,0,0,20,1,0,,,,,0,0,0,0,0,37,37,0,,,,,,,,,,,,,,,,,,,,,,,,,,,,,,,,,,,,,,,,,,,,,,,,,444.73794259969145,None,444.73794259969145,None,444.73794259969145,None,446.7700376994908,None,0,0,0,8.296945714953543,20,1,2,0,,,,,,,,,,,,,,,,,,,,,,,,,,,Sub020,001,2022_Jun_01_1437,2_3_MRI_Rating_Play_Eyetracking,2021.2.3,60.03193717785352,
7,2,1,50,2,1,,,,,0,0,0,0,0,38,38,16,0,0,0,0,,,,,,,,,,,,,,,,,,,,,,,,,,,,,,,,,,,,,,,,,,,,,447.8532999996096,None,447.8532999996096,None,447.8532999996096,None,449.88529150001705,None,7,2,1,41.97933528734489,50,2,2,1,451.9705266999081,None,g,451.9705266999081,None,Yes,1.6181498998776078,453.47678910009563,None,455.21431529987603,None,g,1.2066163001582026,455.21431529987603,None,1.342849699999988,Bar,0.34284969999998793,455.21431529987603,None,456.5420711999759,None,1.3818501001223922,,,,Sub020,001,2022_Jun_01_1437,2_3_MRI_Rating_Play_Eyetracking,2021.2.3,60.03193717785352,
7,2,1,50,2,1,,,,,0,0,0,0,0,38,38,16,,,,,,,,,,,,,,,,,,,,,,,,,,,,,,,,,,,,,,,,,,,,,,,,,,,,,,,,,7,2,1,,,,,1,,,,,,,,,,,,,,,,,,,,,,,,,,,Sub020,001,2022_Jun_01_1437,2_3_MRI_Rating_Play_Eyetracking,2021.2.3,60.03193717785352,
4,1,1,50,3,1,,,,,0,0,0,0,0,39,39,49,0,0,0,0,,,,,,,,,,,,,,,,,,,,,,,,,,,,,,,,,,,,,,,,,,,,,457.99098309967667,None,457.99098309967667,None,457.99098309967667,None,460.00656909961253,None,4,1,1,22.093525008828124,50,3,2,1,463.1081735994667,None,g,463.1081735994667,None,Yes,1.5804981999099255,464.65029259957373,None,466.3279507998377,None,y,0.846717800013721,466.3279507998377,None,1.7071655000000305,Card,0.7071655000000305,466.3279507998377,None,467.31241449993104,None,1.4195018000900745,,,,Sub020,001,2022_Jun_01_1437,2_3_MRI_Rating_Play_Eyetracking,2021.2.3,60.03193717785352,
4,1,1,50,3,1,,,,,0,0,0,0,0,39,39,49,,,,,,,,,,,,,,,,,,,,,,,,,,,,,,,,,,,,,,,,,,,,,,,,,,,,,,,,,4,1,1,,,,,1,,,,,,,,,,,,,,,,,,,,,,,,,,,Sub020,001,2022_Jun_01_1437,2_3_MRI_Rating_Play_Eyetracking,2021.2.3,60.03193717785352,
6,2,0,20,2,1,,,,,0,0,0,0,0,40,40,42,0,0,0,0,,,,,,,,,,,,,,,,,,,,,,,,,,,,,,,,,,,,,,,,,,,,,469.12575369980186,None,469.12575369980186,None,469.12575369980186,None,471.1309559000656,None,6,2,0,41.97933528734489,20,2,2,1,473.2426020996645,None,g,473.2426020996645,None,Yes,2.508584000170231,473.860209999606,None,476.47839969955385,None,r,1.1566298995167017,476.47839969955385,None,1.389193300000045,Definitely Bar,0.38919330000004493,476.47839969955385,None,477.7606833996251,None,0.49141599982976913,,,,Sub020,001,2022_Jun_01_1437,2_3_MRI_Rating_Play_Eyetracking,2021.2.3,60.03193717785352,
6,2,0,20,2,1,,,,,0,0,0,0,0,40,40,42,,,,,,,,,,,,,,,,,,,,,,,,,,,,,,,,,,,,,,,,,,,,,,,,,,,,,,,,,6,2,0,,,,,1,,,,,,,,,,,,,,,,,,,,,,,,,,,Sub020,001,2022_Jun_01_1437,2_3_MRI_Rating_Play_Eyetracking,2021.2.3,60.03193717785352,
8,2,2,80,3,0,,,,,0,0,0,0,0,41,41,26,,,,,,,,,,,,,,,,,,,,,,,,,,,,,,,,,,,,,,,,,,,,,,,,,479.2585645997897,None,479.2585645997897,None,479.2585645997897,None,481.2639945996925,None,8,2,2,41.97933528734489,80,3,2,0,,,,,,,,,,,,,,,,,,,,,,,,,,,Sub020,001,2022_Jun_01_1437,2_3_MRI_Rating_Play_Eyetracking,2021.2.3,60.03193717785352,
1,0,1,50,3,1,,,,,0,0,0,0,0,42,42,46,0,0,0,0,,,,,,,,,,,,,,,,,,,,,,,,,,,,,,,,,,,,,,,,,,,,,484.37828519940376,None,484.37828519940376,None,484.37828519940376,None,486.38998959958553,None,1,0,1,8.296945714953543,50,3,2,1,489.4946061996743,None,g,489.4946061996743,None,Yes,2.4220390003174543,490.17195259965956,None,492.7175356997177,None,y,0.6027979999780655,492.7175356997177,None,1.9438198000000284,Card,0.9438198000000284,492.7175356997177,None,493.4221051996574,None,0.5779609996825457,,,,Sub020,001,2022_Jun_01_1437,2_3_MRI_Rating_Play_Eyetracking,2021.2.3,60.03193717785352,
1,0,1,50,3,1,,,,,0,0,0,0,0,42,42,46,,,,,,,,,,,,,,,,,,,,,,,,,,,,,,,,,,,,,,,,,,,,,,,,,,,,,,,,,1,0,1,,,,,1,,,,,,,,,,,,,,,,,,,,,,,,,,,Sub020,001,2022_Jun_01_1437,2_3_MRI_Rating_Play_Eyetracking,2021.2.3,60.03193717785352,
2,0,2,80,1,1,,,,,0,0,0,0,0,43,43,56,0,0,0,0,,,,,,,,,,,,,,,,,,,,,,,,,,,,,,,,,,,,,,,,,,,,,495.475349499844,None,495.475349499844,None,495.475349499844,None,497.4907024996355,None,2,0,2,8.296945714953543,80,1,2,1,498.59527669940144,None,r,498.59527669940144,None,Definitely Yes,1.6287326999008656,500.0716321999207,None,501.8075268995017,None,b,0.7385049005970359,501.8075268995017,None,1.820121800000038,Definitely Card,0.8201218000000381,501.8075268995017,None,502.66707010008395,None,1.3712673000991344,,,,Sub020,001,2022_Jun_01_1437,2_3_MRI_Rating_Play_Eyetracking,2021.2.3,60.03193717785352,
2,0,2,80,1,1,,,,,0,0,0,0,0,43,43,56,,,,,,,,,,,,,,,,,,,,,,,,,,,,,,,,,,,,,,,,,,,,,,,,,,,,,,,,,2,0,2,,,,,1,,,,,,,,,,,,,,,,,,,,,,,,,,,Sub020,001,2022_Jun_01_1437,2_3_MRI_Rating_Play_Eyetracking,2021.2.3,60.03193717785352,
4,1,1,50,2,1,,,,,0,0,0,0,0,44,44,13,0,0,0,0,,,,,,,,,,,,,,,,,,,,,,,,,,,,,,,,,,,,,,,,,,,,,504.5919089997187,None,504.5919089997187,None,504.5919089997187,None,506.60459269955754,None,4,1,1,22.093525008828124,50,2,2,1,508.7036451995373,None,g,508.7036451995373,None,Yes,2.2742611998692155,509.5564915994182,None,511.95391459949315,None,y,0.7783982995897532,511.95391459949315,None,1.7547185999999897,Card,0.7547185999999897,511.95391459949315,None,512.8611921994016,None,0.7257388001307845,,,,Sub020,001,2022_Jun_01_1437,2_3_MRI_Rating_Play_Eyetracking,2021.2.3,60.03193717785352,
4,1,1,50,2,1,,,,,0,0,0,0,0,44,44,13,,,,,,,,,,,,,,,,,,,,,,,,,,,,,,,,,,,,,,,,,,,,,,,,,,,,,,,,,4,1,1,,,,,1,,,,,,,,,,,,,,,,,,,,,,,,,,,Sub020,001,2022_Jun_01_1437,2_3_MRI_Rating_Play_Eyetracking,2021.2.3,60.03193717785352,
0,0,0,20,2,1,,,,,0,0,0,0,0,45,45,9,0,0,0,0,,,,,,,,,,,,,,,,,,,,,,,,,,,,,,,,,,,,,,,,,,,,,514.6965987998992,None,514.6965987998992,None,514.6965987998992,None,516.7374205999076,None,0,0,0,8.296945714953543,20,2,2,1,518.8333963993937,None,y,518.8333963993937,None,No,2.1076330998912454,519.8602142995223,None,522.0745195001364,None,r,1.3514417000114918,522.0745195001364,None,1.1877234999999473,Definitely Bar,0.1877234999999473,522.0745195001364,None,523.5568637996912,None,0.8923669001087546,,,,Sub020,001,2022_Jun_01_1437,2_3_MRI_Rating_Play_Eyetracking,2021.2.3,60.03193717785352,
0,0,0,20,2,1,,,,,0,0,0,0,0,45,45,9,,,,,,,,,,,,,,,,,,,,,,,,,,,,,,,,,,,,,,,,,,,,,,,,,,,,,,,,,0,0,0,,,,,1,,,,,,,,,,,,,,,,,,,,,,,,,,,Sub020,001,2022_Jun_01_1437,2_3_MRI_Rating_Play_Eyetracking,2021.2.3,60.03193717785352,
5,1,2,80,1,1,,,,,0,0,0,0,0,46,46,32,0,0,0,0,,,,,,,,,,,,,,,,,,,,,,,,,,,,,,,,,,,,,,,,,,,,,524.8415711997077,None,524.8415711997077,None,524.8415711997077,None,526.8712781993672,None,5,1,2,22.093525008828124,80,1,2,1,527.9792224997655,None,r,527.9792224997655,None,Definitely Yes,1.9960998995229602,529.0891335001215,None,531.167417800054,None,b,0.8382764998823404,531.167417800054,None,1.7554832999999235,Definitely Card,0.7554832999999235,531.167417800054,None,532.1303340001032,None,1.0039001004770398,,,,Sub020,001,2022_Jun_01_1437,2_3_MRI_Rating_Play_Eyetracking,2021.2.3,60.03193717785352,
5,1,2,80,1,1,,,,,0,0,0,0,0,46,46,32,,,,,,,,,,,,,,,,,,,,,,,,,,,,,,,,,,,,,,,,,,,,,,,,,,,,,,,,,5,1,2,,,,,1,,,,,,,,,,,,,,,,,,,,,,,,,,,Sub020,001,2022_Jun_01_1437,2_3_MRI_Rating_Play_Eyetracking,2021.2.3,60.03193717785352,
8,2,2,80,3,1,,,,,0,0,0,0,0,47,47,71,0,0,0,0,,,,,,,,,,,,,,,,,,,,,,,,,,,,,,,,,,,,,,,,,,,,,533.9702664995566,None,533.9702664995566,None,533.9702664995566,None,536.0086014000699,None,8,2,2,41.97933528734489,80,3,2,1,539.0887904996052,None,r,539.0887904996052,None,Definitely Yes,2.2913148002699018,539.9273688998073,None,542.3085047993809,None,b,0.6381825003772974,542.3085047993809,None,1.937874899999997,Definitely Card,0.9378748999999971,542.3085047993809,None,543.0776009000838,None,0.7086851997300982,,,,Sub020,001,2022_Jun_01_1437,2_3_MRI_Rating_Play_Eyetracking,2021.2.3,60.03193717785352,
8,2,2,80,3,1,,,,,0,0,0,0,0,47,47,71,,,,,,,,,,,,,,,,,,,,,,,,,,,,,,,,,,,,,,,,,,,,,,,,,,,,,,,,,8,2,2,,,,,1,,,,,,,,,,,,,,,,,,,,,,,,,,,Sub020,001,2022_Jun_01_1437,2_3_MRI_Rating_Play_Eyetracking,2021.2.3,60.03193717785352,
4,1,1,50,3,1,,,,,0,0,0,0,0,48,48,67,0,0,0,0,,,,,,,,,,,,,,,,,,,,,,,,,,,,,,,,,,,,,,,,,,,,,545.1303027002141,None,545.1303027002141,None,545.1303027002141,None,547.1404526997358,None,4,1,1,22.093525008828124,50,3,2,1,550.2469179993495,None,g,550.2469179993495,None,Yes,2.41519679967314,550.940447899513,None,553.4659644002095,None,y,0.6931463005021214,553.4659644002095,None,1.8722804000000224,Card,0.8722804000000224,553.4659644002095,None,554.2791940998286,None,0.58480320032686,,,,Sub020,001,2022_Jun_01_1437,2_3_MRI_Rating_Play_Eyetracking,2021.2.3,60.03193717785352,
4,1,1,50,3,1,,,,,0,0,0,0,0,48,48,67,,,,,,,,,,,,,,,,,,,,,,,,,,,,,,,,,,,,,,,,,,,,,,,,,,,,,,,,,4,1,1,,,,,1,,,,,,,,,,,,,,,,,,,,,,,,,,,Sub020,001,2022_Jun_01_1437,2_3_MRI_Rating_Play_Eyetracking,2021.2.3,60.03193717785352,
7,2,1,50,3,1,,,,,0,0,0,0,0,49,49,52,0,0,0,0,,,,,,,,,,,,,,,,,,,,,,,,,,,,,,,,,,,,,,,,,,,,,556.2582572000101,None,556.2582572000101,None,556.2582572000101,None,558.2774812001735,None,7,2,1,41.97933528734489,50,3,2,1,561.3998691998422,None,g,561.3998691998422,None,Yes,2.232248400337994,562.29526039958,None,564.6119436994195,None,g,0.8186114998534322,564.6119436994195,None,1.7235716999999795,Bar,0.7235716999999795,564.6119436994195,None,565.5642825001851,None,0.7677515996620059,,,,Sub020,001,2022_Jun_01_1437,2_3_MRI_Rating_Play_Eyetracking,2021.2.3,60.03193717785352,
7,2,1,50,3,1,,,,,0,0,0,0,0,49,49,52,,,,,,,,,,,,,,,,,,,,,,,,,,,,,,,,,,,,,,,,,,,,,,,,,,,,,,,,,7,2,1,,,,,1,,,,,,,,,,,,,,,,,,,,,,,,,,,Sub020,001,2022_Jun_01_1437,2_3_MRI_Rating_Play_Eyetracking,2021.2.3,60.03193717785352,
1,0,1,50,3,1,,,,,0,0,0,0,0,50,50,64,0,0,0,0,,,,,,,,,,,,,,,,,,,,,,,,,,,,,,,,,,,,,,,,,,,,,567.3743274994195,None,567.3743274994195,None,567.3743274994195,None,569.4073219997808,None,1,0,1,8.296945714953543,50,3,2,1,572.5150026995689,None,g,572.5150026995689,None,Yes,2.0660319002345204,573.5792844993994,None,575.7393200993538,None,y,1.4085031002759933,575.7393200993538,None,1.1393130000000156,Card,0.13931300000001556,575.7393200993538,None,577.2807960994542,None,0.9339680997654796,,,,Sub020,001,2022_Jun_01_1437,2_3_MRI_Rating_Play_Eyetracking,2021.2.3,60.03193717785352,
1,0,1,50,3,1,,,,,0,0,0,0,0,50,50,64,,,,,,,,,,,,,,,,,,,,,,,,,,,,,,,,,,,,,,,,,,,,,,,,,,,,,,,,,1,0,1,,,,,1,,,,,,,,,,,,,,,,,,,,,,,,,,,Sub020,001,2022_Jun_01_1437,2_3_MRI_Rating_Play_Eyetracking,2021.2.3,60.03193717785352,
4,1,1,50,1,1,,,,,0,0,0,0,0,51,51,31,0,0,0,0,,,,,,,,,,,,,,,,,,,,,,,,,,,,,,,,,,,,,,,,,,,,,578.5278966994956,None,578.5278966994956,None,578.5278966994956,None,580.5453880997375,None,4,1,1,22.093525008828124,50,1,2,1,581.6564085995778,None,g,581.6564085995778,None,Yes,1.8067648997530341,582.978979700245,None,584.8989801993594,None,y,0.5876032998785377,584.8989801993594,None,1.9375490999999556,Card,0.9375490999999556,584.8989801993594,None,585.5917723998427,None,1.1932351002469659,,,,Sub020,001,2022_Jun_01_1437,2_3_MRI_Rating_Play_Eyetracking,2021.2.3,60.03193717785352,
4,1,1,50,1,1,,,,,0,0,0,0,0,51,51,31,,,,,,,,,,,,,,,,,,,,,,,,,,,,,,,,,,,,,,,,,,,,,,,,,,,,,,,,,4,1,1,,,,,1,,,,,,,,,,,,,,,,,,,,,,,,,,,Sub020,001,2022_Jun_01_1437,2_3_MRI_Rating_Play_Eyetracking,2021.2.3,60.03193717785352,
3,1,0,20,2,1,,,,,0,0,0,0,0,52,52,12,0,0,0,0,,,,,,,,,,,,,,,,,,,,,,,,,,,,,,,,,,,,,,,,,,,,,587.6497348994017,None,587.6497348994017,None,587.6497348994017,None,589.6569333998486,None,3,1,0,22.093525008828124,20,2,2,1,591.768659199588,None,g,591.768659199588,None,Yes,1.6783562004566193,593.2058592000976,None,594.9900169996545,None,g,1.5159873999655247,594.9900169996545,None,1.0403946000000133,Bar,0.04039460000001327,594.9900169996545,None,596.6197991995141,None,1.3216437995433807,,,,Sub020,001,2022_Jun_01_1437,2_3_MRI_Rating_Play_Eyetracking,2021.2.3,60.03193717785352,
3,1,0,20,2,1,,,,,0,0,0,0,0,52,52,12,,,,,,,,,,,,,,,,,,,,,,,,,,,,,,,,,,,,,,,,,,,,,,,,,,,,,,,,,3,1,0,,,,,1,,,,,,,,,,,,,,,,,,,,,,,,,,,Sub020,001,2022_Jun_01_1437,2_3_MRI_Rating_Play_Eyetracking,2021.2.3,60.03193717785352,
8,2,2,80,3,1,,,,,0,0,0,0,0,53,53,53,0,0,0,0,,,,,,,,,,,,,,,,,,,,,,,,,,,,,,,,,,,,,,,,,,,,,597.743113799952,None,597.743113799952,None,597.743113799952,None,599.7752126995474,None,8,2,2,41.97933528734489,80,3,2,1,602.859324099496,None,g,602.859324099496,None,Yes,1.46603689994663,604.4857693994418,None,606.0478649996221,None,y,1.3791856998577714,606.0478649996221,None,1.2373463000000129,Card,0.2373463000000129,606.0478649996221,None,607.5489309001714,None,1.53396310005337,,,,Sub020,001,2022_Jun_01_1437,2_3_MRI_Rating_Play_Eyetracking,2021.2.3,60.03193717785352,
8,2,2,80,3,1,,,,,0,0,0,0,0,53,53,53,,,,,,,,,,,,,,,,,,,,,,,,,,,,,,,,,,,,,,,,,,,,,,,,,,,,,,,,,8,2,2,,,,,1,,,,,,,,,,,,,,,,,,,,,,,,,,,Sub020,001,2022_Jun_01_1437,2_3_MRI_Rating_Play_Eyetracking,2021.2.3,60.03193717785352,
2,0,2,80,3,1,,,,,0,0,0,0,0,54,54,47,0,0,0,0,,,,,,,,,,,,,,,,,,,,,,,,,,,,,,,,,,,,,,,,,,,,,608.8967605000362,None,608.8967605000362,None,608.8967605000362,None,610.9125851998106,None,2,0,2,8.296945714953543,80,3,2,1,614.0114541994408,None,r,614.0114541994408,None,Definitely Yes,1.466695100069046,615.6650220993906,None,617.2482692999765,None,b,1.0564340995624661,617.2482692999765,None,1.4902192999999215,Definitely Card,0.49021929999992153,617.2482692999765,None,618.4270478002727,None,1.533304899930954,,,,Sub020,001,2022_Jun_01_1437,2_3_MRI_Rating_Play_Eyetracking,2021.2.3,60.03193717785352,
2,0,2,80,3,1,,,,,0,0,0,0,0,54,54,47,,,,,,,,,,,,,,,,,,,,,,,,,,,,,,,,,,,,,,,,,,,,,,,,,,,,,,,,,2,0,2,,,,,1,,,,,,,,,,,,,,,,,,,,,,,,,,,Sub020,001,2022_Jun_01_1437,2_3_MRI_Rating_Play_Eyetracking,2021.2.3,60.03193717785352,
4,1,1,50,2,1,,,,,0,0,0,0,0,55,55,40,0,0,0,0,,,,,,,,,,,,,,,,,,,,,,,,,,,,,,,,,,,,,,,,,,,,,620.0321030998603,None,620.0321030998603,None,620.0321030998603,None,622.0421591997147,None,4,1,1,22.093525008828124,50,2,2,1,624.1196593996137,None,g,624.1196593996137,None,Yes,1.3037940002977848,625.945890199393,None,627.3688490996137,None,g,1.5222578002139926,627.3688490996137,None,1.0398989000000256,Bar,0.039898900000025606,627.3688490996137,None,629.0153916999698,None,1.6962059997022152,,,,Sub020,001,2022_Jun_01_1437,2_3_MRI_Rating_Play_Eyetracking,2021.2.3,60.03193717785352,
4,1,1,50,2,1,,,,,0,0,0,0,0,55,55,40,,,,,,,,,,,,,,,,,,,,,,,,,,,,,,,,,,,,,,,,,,,,,,,,,,,,,,,,,4,1,1,,,,,1,,,,,,,,,,,,,,,,,,,,,,,,,,,Sub020,001,2022_Jun_01_1437,2_3_MRI_Rating_Play_Eyetracking,2021.2.3,60.03193717785352,
7,2,1,50,3,0,,,,,0,0,0,0,0,56,56,25,,,,,,,,,,,,,,,,,,,,,,,,,,,,,,,,,,,,,,,,,,,,,,,,,630.1428455999121,None,630.1428455999121,None,630.1428455999121,None,632.1784557001665,None,7,2,1,41.97933528734489,50,3,2,0,,,,,,,,,,,,,,,,,,,,,,,,,,,Sub020,001,2022_Jun_01_1437,2_3_MRI_Rating_Play_Eyetracking,2021.2.3,60.03193717785352,
6,2,0,20,2,1,,,,,0,0,0,0,0,57,57,15,0,0,0,0,,,,,,,,,,,,,,,,,,,,,,,,,,,,,,,,,,,,,,,,,,,,,635.2811305001378,None,635.2811305001378,None,635.2811305001378,None,637.2861525993794,None,6,2,0,41.97933528734489,20,2,2,1,639.3720869999379,None,g,639.3720869999379,None,Yes,2.382234500721097,640.1149621000513,None,642.5766501994804,None,g,0.5399219999089837,642.5766501994804,None,2.0457513000000063,Bar,1.0457513000000063,642.5766501994804,None,643.2514274995774,None,0.617765499278903,,,,Sub020,001,2022_Jun_01_1437,2_3_MRI_Rating_Play_Eyetracking,2021.2.3,60.03193717785352,
6,2,0,20,2,1,,,,,0,0,0,0,0,57,57,15,,,,,,,,,,,,,,,,,,,,,,,,,,,,,,,,,,,,,,,,,,,,,,,,,,,,,,,,,6,2,0,,,,,1,,,,,,,,,,,,,,,,,,,,,,,,,,,Sub020,001,2022_Jun_01_1437,2_3_MRI_Rating_Play_Eyetracking,2021.2.3,60.03193717785352,
2,0,2,80,2,1,,,,,0,0,0,0,0,58,58,38,0,0,0,0,,,,,,,,,,,,,,,,,,,,,,,,,,,,,,,,,,,,,,,,,,,,,645.3990314994007,None,645.3990314994007,None,645.3990314994007,None,647.4007566999644,None,2,0,2,8.296945714953543,80,2,2,1,649.4952596994117,None,r,649.4952596994117,None,Definitely Yes,1.5340593000873923,651.083918100223,None,652.7264311993495,None,b,0.6531981006264687,652.7264311993495,None,1.9232683999999836,Definitely Card,0.9232683999999836,652.7264311993495,None,653.4904870996252,None,1.4659406999126077,,,,Sub020,001,2022_Jun_01_1437,2_3_MRI_Rating_Play_Eyetracking,2021.2.3,60.03193717785352,
2,0,2,80,2,1,,,,,0,0,0,0,0,58,58,38,,,,,,,,,,,,,,,,,,,,,,,,,,,,,,,,,,,,,,,,,,,,,,,,,,,,,,,,,2,0,2,,,,,1,,,,,,,,,,,,,,,,,,,,,,,,,,,Sub020,001,2022_Jun_01_1437,2_3_MRI_Rating_Play_Eyetracking,2021.2.3,60.03193717785352,
1,0,1,50,3,0,,,,,0,0,0,0,0,59,59,19,,,,,,,,,,,,,,,,,,,,,,,,,,,,,,,,,,,,,,,,,,,,,,,,,655.5155882993713,None,655.5155882993713,None,655.5155882993713,None,657.5077863996848,None,1,0,1,8.296945714953543,50,3,2,0,,,,,,,,,,,,,,,,,,,,,,,,,,,Sub020,001,2022_Jun_01_1437,2_3_MRI_Rating_Play_Eyetracking,2021.2.3,60.03193717785352,
0,0,0,20,1,1,,,,,0,0,0,0,0,60,60,54,0,0,0,0,,,,,,,,,,,,,,,,,,,,,,,,,,,,,,,,,,,,,,,,,,,,,660.5859874002635,None,660.5859874002635,None,660.5859874002635,None,662.6311531998217,None,0,0,0,8.296945714953543,20,1,2,1,663.7325919000432,None,y,663.7325919000432,None,No,2.0885134004056454,664.7626808993518,None,666.9699106002226,None,g,0.5588699001818895,666.9699106002226,None,1.9746039999999994,Bar,0.9746039999999994,666.9699106002226,None,667.6435196995735,None,0.9114865995943546,,,,Sub020,001,2022_Jun_01_1437,2_3_MRI_Rating_Play_Eyetracking,2021.2.3,60.03193717785352,
0,0,0,20,1,1,,,,,0,0,0,0,0,60,60,54,,,,,,,,,,,,,,,,,,,,,,,,,,,,,,,,,,,,,,,,,,,,,,,,,,,,,,,,,0,0,0,,,,,1,,,,,,,,,,,,,,,,,,,,,,,,,,,Sub020,001,2022_Jun_01_1437,2_3_MRI_Rating_Play_Eyetracking,2021.2.3,60.03193717785352,
3,1,0,20,1,1,,,,,0,0,0,0,0,61,61,30,0,0,0,0,,,,,,,,,,,,,,,,,,,,,,,,,,,,,,,,,,,,,,,,,,,,,669.7361768996343,None,669.7361768996343,None,669.7361768996343,None,671.7454519001767,None,3,1,0,22.093525008828124,20,1,2,1,672.8548663994297,None,g,672.8548663994297,None,Yes,1.162057800218463,674.81435339991,None,676.0880300002173,None,g,1.0868087001144886,676.0880300002173,None,1.4562559000000874,Bar,0.4562559000000874,676.0880300002173,None,677.2827131999657,None,1.837942199781537,,,,Sub020,001,2022_Jun_01_1437,2_3_MRI_Rating_Play_Eyetracking,2021.2.3,60.03193717785352,
3,1,0,20,1,1,,,,,0,0,0,0,0,61,61,30,,,,,,,,,,,,,,,,,,,,,,,,,,,,,,,,,,,,,,,,,,,,,,,,,,,,,,,,,3,1,0,,,,,1,,,,,,,,,,,,,,,,,,,,,,,,,,,Sub020,001,2022_Jun_01_1437,2_3_MRI_Rating_Play_Eyetracking,2021.2.3,60.03193717785352,
2,0,2,80,2,1,,,,,0,0,0,0,0,62,62,65,0,0,0,0,,,,,,,,,,,,,,,,,,,,,,,,,,,,,,,,,,,,,,,,,,,,,678.8526304997504,None,678.8526304997504,None,678.8526304997504,None,680.8616880998015,None,2,0,2,8.296945714953543,80,2,2,1,682.967546899803,None,g,682.967546899803,None,Yes,2.3221432007849216,683.7670574998483,None,686.1827480001375,None,y,0.6868016002699733,686.1827480001375,None,1.8728810000000067,Card,0.8728810000000067,686.1827480001375,None,686.9921877998859,None,0.6778567992150784,,,,Sub020,001,2022_Jun_01_1437,2_3_MRI_Rating_Play_Eyetracking,2021.2.3,60.03193717785352,
2,0,2,80,2,1,,,,,0,0,0,0,0,62,62,65,,,,,,,,,,,,,,,,,,,,,,,,,,,,,,,,,,,,,,,,,,,,,,,,,,,,,,,,,2,0,2,,,,,1,,,,,,,,,,,,,,,,,,,,,,,,,,,Sub020,001,2022_Jun_01_1437,2_3_MRI_Rating_Play_Eyetracking,2021.2.3,60.03193717785352,
5,1,2,80,3,1,,,,,0,0,0,0,0,63,63,50,0,0,0,0,,,,,,,,,,,,,,,,,,,,,,,,,,,,,,,,,,,,,,,,,,,,,688.9675706997514,None,688.9675706997514,None,688.9675706997514,None,690.9798735994846,None,5,1,2,22.093525008828124,80,3,2,1,694.0819924995303,None,r,694.0819924995303,None,Definitely Yes,1.9074816005304456,695.3002290995792,None,697.3226576000452,None,b,1.058280199766159,697.3226576000452,None,1.4894261000000597,Definitely Card,0.4894261000000597,697.3226576000452,None,698.5019632000476,None,1.0925183994695544,,,,Sub020,001,2022_Jun_01_1437,2_3_MRI_Rating_Play_Eyetracking,2021.2.3,60.03193717785352,
5,1,2,80,3,1,,,,,0,0,0,0,0,63,63,50,,,,,,,,,,,,,,,,,,,,,,,,,,,,,,,,,,,,,,,,,,,,,,,,,,,,,,,,,5,1,2,,,,,1,,,,,,,,,,,,,,,,,,,,,,,,,,,Sub020,001,2022_Jun_01_1437,2_3_MRI_Rating_Play_Eyetracking,2021.2.3,60.03193717785352,
6,2,0,20,3,1,,,,,0,0,0,0,0,64,64,69,0,0,0,0,,,,,,,,,,,,,,,,,,,,,,,,,,,,,,,,,,,,,,,,,,,,,700.0945351002738,None,700.0945351002738,None,700.0945351002738,None,702.1132688000798,None,6,2,0,41.97933528734489,20,3,2,1,705.2175508001819,None,g,705.2175508001819,None,Yes,2.1474870005622506,706.2040735995397,None,708.4708294002339,None,g,1.0211722999811172,708.4708294002339,None,1.505641399999945,Bar,0.505641399999945,708.4708294002339,None,709.6164753995836,None,0.8525129994377494,,,,Sub020,001,2022_Jun_01_1437,2_3_MRI_Rating_Play_Eyetracking,2021.2.3,60.03193717785352,
6,2,0,20,3,1,,,,,0,0,0,0,0,64,64,69,,,,,,,,,,,,,,,,,,,,,,,,,,,,,,,,,,,,,,,,,,,,,,,,,,,,,,,,,6,2,0,,,,,1,,,,,,,,,,,,,,,,,,,,,,,,,,,Sub020,001,2022_Jun_01_1437,2_3_MRI_Rating_Play_Eyetracking,2021.2.3,60.03193717785352,
3,1,0,20,3,0,,,,,0,0,0,0,0,65,65,21,,,,,,,,,,,,,,,,,,,,,,,,,,,,,,,,,,,,,,,,,,,,,,,,,711.2321493001655,None,711.2321493001655,None,711.2321493001655,None,713.2463839994743,None,3,1,0,22.093525008828124,20,3,2,0,,,,,,,,,,,,,,,,,,,,,,,,,,,Sub020,001,2022_Jun_01_1437,2_3_MRI_Rating_Play_Eyetracking,2021.2.3,60.03193717785352,
1,0,1,50,2,1,,,,,0,0,0,0,0,66,66,55,0,0,0,0,,,,,,,,,,,,,,,,,,,,,,,,,,,,,,,,,,,,,,,,,,,,,716.3541342001408,None,716.3541342001408,None,716.3541342001408,None,718.3608598997816,None,1,0,1,8.296945714953543,50,2,2,1,720.4490398997441,None,g,720.4490398997441,None,Yes,1.5816778996959329,721.9997424995527,None,723.6890118001029,None,y,0.8989781001582742,723.6890118001029,None,1.6448986000000332,Card,0.6448986000000332,723.6890118001029,None,724.7164789000526,None,1.4183221003040671,,,,Sub020,001,2022_Jun_01_1437,2_3_MRI_Rating_Play_Eyetracking,2021.2.3,60.03193717785352,
1,0,1,50,2,1,,,,,0,0,0,0,0,66,66,55,,,,,,,,,,,,,,,,,,,,,,,,,,,,,,,,,,,,,,,,,,,,,,,,,,,,,,,,,1,0,1,,,,,1,,,,,,,,,,,,,,,,,,,,,,,,,,,Sub020,001,2022_Jun_01_1437,2_3_MRI_Rating_Play_Eyetracking,2021.2.3,60.03193717785352,
5,1,2,80,2,1,,,,,0,0,0,0,0,67,67,14,0,0,0,0,,,,,,,,,,,,,,,,,,,,,,,,,,,,,,,,,,,,,,,,,,,,,726.4462832994759,None,726.4462832994759,None,726.4462832994759,None,728.4828362995759,None,5,1,2,22.093525008828124,80,2,2,1,730.5875263996422,None,g,730.5875263996422,None,Yes,1.9145403001457453,731.7943171001971,None,733.8158424999565,None,b,0.6253890004009008,733.8158424999565,None,1.9232044000000315,Definitely Card,0.9232044000000315,733.8158424999565,None,734.5477307997644,None,1.0854596998542547,,,,Sub020,001,2022_Jun_01_1437,2_3_MRI_Rating_Play_Eyetracking,2021.2.3,60.03193717785352,
5,1,2,80,2,1,,,,,0,0,0,0,0,67,67,14,,,,,,,,,,,,,,,,,,,,,,,,,,,,,,,,,,,,,,,,,,,,,,,,,,,,,,,,,5,1,2,,,,,1,,,,,,,,,,,,,,,,,,,,,,,,,,,Sub020,001,2022_Jun_01_1437,2_3_MRI_Rating_Play_Eyetracking,2021.2.3,60.03193717785352,
8,2,2,80,1,1,,,,,0,0,0,0,0,68,68,62,0,0,0,0,,,,,,,,,,,,,,,,,,,,,,,,,,,,,,,,,,,,,,,,,,,,,736.5779524995014,None,736.5779524995014,None,736.5779524995014,None,738.6010130997747,None,8,2,2,41.97933528734489,80,1,2,1,739.7190897995606,None,r,739.7190897995606,None,Definitely Yes,2.1212143003940582,740.718377799727,None,742.9555776994675,None,r,0.8387748003005981,742.9555776994675,None,1.688724900000011,Definitely Bar,0.6887249000000111,742.9555776994675,None,743.9186162995175,None,0.8787856996059418,,,,Sub020,001,2022_Jun_01_1437,2_3_MRI_Rating_Play_Eyetracking,2021.2.3,60.03193717785352,
8,2,2,80,1,1,,,,,0,0,0,0,0,68,68,62,,,,,,,,,,,,,,,,,,,,,,,,,,,,,,,,,,,,,,,,,,,,,,,,,,,,,,,,,8,2,2,,,,,1,,,,,,,,,,,,,,,,,,,,,,,,,,,Sub020,001,2022_Jun_01_1437,2_3_MRI_Rating_Play_Eyetracking,2021.2.3,60.03193717785352,
0,0,0,20,2,1,,,,,0,0,0,0,0,69,69,36,0,0,0,0,,,,,,,,,,,,,,,,,,,,,,,,,,,,,,,,,,,,,,,,,,,,,745.719017200172,None,745.719017200172,None,745.719017200172,None,747.7262328993529,None,0,0,0,8.296945714953543,20,2,2,1,749.8283159993589,None,y,749.8283159993589,None,No,1.6561190001666546,751.2813357999548,None,753.0557479001582,None,r,1.0901827001944184,753.0557479001582,None,1.470672000000036,Definitely Bar,0.47067200000003595,753.0557479001582,None,754.2631869995967,None,1.3438809998333454,,,,Sub020,001,2022_Jun_01_1437,2_3_MRI_Rating_Play_Eyetracking,2021.2.3,60.03193717785352,
0,0,0,20,2,1,,,,,0,0,0,0,0,69,69,36,,,,,,,,,,,,,,,,,,,,,,,,,,,,,,,,,,,,,,,,,,,,,,,,,,,,,,,,,0,0,0,,,,,1,,,,,,,,,,,,,,,,,,,,,,,,,,,Sub020,001,2022_Jun_01_1437,2_3_MRI_Rating_Play_Eyetracking,2021.2.3,60.03193717785352,
1,0,1,50,2,1,,,,,0,0,0,0,0,70,70,10,0,0,0,0,,,,,,,,,,,,,,,,,,,,,,,,,,,,,,,,,,,,,,,,,,,,,755.8134102998301,None,755.8134102998301,None,755.8134102998301,None,757.8473215000704,None,1,0,1,8.296945714953543,50,2,2,1,759.944790199399,None,g,759.944790199399,None,Yes,1.3151305997744203,761.7504289997742,None,763.170656000264,None,y,0.7038708999752998,763.170656000264,None,1.8552850000000944,Card,0.8552850000000944,763.170656000264,None,763.9823987996206,None,1.6848694002255797,,,,Sub020,001,2022_Jun_01_1437,2_3_MRI_Rating_Play_Eyetracking,2021.2.3,60.03193717785352,
1,0,1,50,2,1,,,,,0,0,0,0,0,70,70,10,,,,,,,,,,,,,,,,,,,,,,,,,,,,,,,,,,,,,,,,,,,,,,,,,,,,,,,,,1,0,1,,,,,1,,,,,,,,,,,,,,,,,,,,,,,,,,,Sub020,001,2022_Jun_01_1437,2_3_MRI_Rating_Play_Eyetracking,2021.2.3,60.03193717785352,
3,1,0,20,3,1,,,,,0,0,0,0,0,71,71,48,0,0,0,0,,,,,,,,,,,,,,,,,,,,,,,,,,,,,,,,,,,,,,,,,,,,,765.9511048998684,None,765.9511048998684,None,765.9511048998684,None,767.965364200063,None,3,1,0,22.093525008828124,20,3,2,1,771.0704632997513,None,g,771.0704632997513,None,Yes,1.156538300216198,773.014535699971,None,774.2913809996098,None,None,,774.2913809996098,None,0.6724531999999499,,-0.3275468000000501,774.2913809996098,None,776.3042847001925,None,1.843461699783802,,,,Sub020,001,2022_Jun_01_1437,2_3_MRI_Rating_Play_Eyetracking,2021.2.3,60.03193717785352,
3,1,0,20,3,1,,,,,0,0,0,0,0,71,71,48,,,,,,,,,,,,,,,,,,,,,,,,,,,,,,,,,,,,,,,,,,,,,,,,,,,,,,,,,3,1,0,,,,,1,,,,,,,,,,,,,,,,,,,,,,,,,,,Sub020,001,2022_Jun_01_1437,2_3_MRI_Rating_Play_Eyetracking,2021.2.3,60.03193717785352,
,,,,,,,,,,0,0,0,0,,,,,,,,,,,,,,,,,,,,,,,,,,,,,,,,,,,,,,,,,,,,,,,,,,,,,,,,,,,,,,,,,,,,,,,,,,,,,,,,,,,,,,,,,,,,,,,Sub020,001,2022_Jun_01_1437,2_3_MRI_Rating_Play_Eyetracking,2021.2.3,60.03193717785352,
,,,,,,,,,,,,,,,,,,,,,,,,,,,,,,,,,,,,,,,,,,,,,,,,,,,,,,,,,,,,,,,,,,,,,,,,,,,,,,,,,,,,,,,,,,,,,,,,,,,,,,,,,777.0670972000808,None,None,Sub020,001,2022_Jun_01_1437,2_3_MRI_Rating_Play_Eyetracking,2021.2.3,60.03193717785352,
