﻿Current_Run_SE,Current_Run_RE,current_pair_SE,current_pair_RE,current_card_prob,ITI_SE,ITI_RE,Q_bar,Q_card,start_MRI.thisRepN,start_MRI.thisTrialN,start_MRI.thisN,start_MRI.thisIndex,L_subjects.thisRepN,L_subjects.thisTrialN,L_subjects.thisN,L_subjects.thisIndex,Bar_Card_L.thisRepN,Bar_Card_L.thisTrialN,Bar_Card_L.thisN,Bar_Card_L.thisIndex,trials_bar_L.thisRepN,trials_bar_L.thisTrialN,trials_bar_L.thisN,trials_bar_L.thisIndex,trials_Card_L.thisRepN,trials_Card_L.thisTrialN,trials_Card_L.thisN,trials_Card_L.thisIndex,Q_card_L.thisRepN,Q_card_L.thisTrialN,Q_card_L.thisN,Q_card_L.thisIndex,Q_bar_L.thisRepN,Q_bar_L.thisTrialN,Q_bar_L.thisN,Q_bar_L.thisIndex,R_subjects.thisRepN,R_subjects.thisTrialN,R_subjects.thisN,R_subjects.thisIndex,fMR_Instr1_text.started,fMR_Instr1_text.stopped,Ready_text.started,Ready_text.stopped,trigger_2.keys,trigger_2.rt,trigger_2.started,trigger_2.stopped,PairONSET_card_prob_2.started,PairONSET_card_prob_2.stopped,fixOnset_text_ISI_RE_2.started,fixOnset_text_ISI_RE_2.stopped,current_pair_SE,current_pair_RE,card_pair,ISI_RE,Q_card,PairQuestionONSET_RE_text_L.started,PairQuestionONSET_RE_text_L.stopped,key_resp_rating_RE_L.keys,key_resp_rating_RE_L.started,key_resp_rating_RE_L.stopped,Rating_pair,current_ITI,lagTime,fixOnset_text_ITI.started,fixOnset_text_ITI.stopped,key_resp_rating_RE_L.rt,center_OnsetTime.started,center_OnsetTime.stopped,text_SE_9.started,text_SE_9.stopped,fixOnset_text_ISI_SE_2.started,fixOnset_text_ISI_SE_2.stopped,target_pair,ISI_SE,Q_bar,PairQuestionONSET_SE_text_L.started,PairQuestionONSET_SE_text_L.stopped,key_resp_rating_SE_L.keys,key_resp_rating_SE_L.started,key_resp_rating_SE_L.stopped,key_resp_rating_SE_L.rt,participant,session,date,expName,psychopyVersion,frameRate,
,,,,,,,,,0,0,0,0,,,,,,,,,,,,,,,,,,,,,,,,,,,,,9.750213700346649,None,,,,,,,,,,,,,,,,,,,,,,,,,,,,,,,,,,,,,,,,,,Sub013,001,2022_May_26_1439,2_1_MRI_Rating_SE_RE,2021.2.3,60.0058567279811,
0,1,-1,1,50,-1,1,0,1,,,,,0,0,0,0,0,0,0,73,,,,,0,0,0,0,0,0,0,0,,,,,,,,,,,36.346578599885106,None,t,11.076262699440122,36.346578599885106,None,47.45812470000237,None,49.45576889999211,None,-1,1,50,1,1,50.47684310004115,None,None,50.47684310004115,None,,0.9911315000000016,-0.008868499999998392,52.47247300017625,None,,,,,,,,,,0,,,,,,,Sub013,001,2022_May_26_1439,2_1_MRI_Rating_SE_RE,2021.2.3,60.0058567279811,
0,1,-1,1,50,-1,1,0,1,,,,,0,0,0,0,0,0,0,73,,,,,0,0,0,0,,,,,,,,,,,,,,,,,,,,,,,,,-1,1,,,1,,,,,,,,,,,,,,,,,,,,0,,,,,,,Sub013,001,2022_May_26_1439,2_1_MRI_Rating_SE_RE,2021.2.3,60.0058567279811,
0,1,-1,1,50,-1,1,0,1,,,,,0,0,0,0,0,0,0,73,,,,,,,,,,,,,,,,,,,,,,,,,,,,,,,,,-1,1,,,1,,,,,,,,,,,,,,,,,,,,0,,,,,,,Sub013,001,2022_May_26_1439,2_1_MRI_Rating_SE_RE,2021.2.3,60.0058567279811,
0,1,-1,2,80,-1,3,0,0,,,,,0,0,0,0,0,1,1,62,,,,,0,0,0,0,,,,,,,,,,,,,,,,,,,,,53.493369800038636,None,55.48971869982779,None,-1,2,80,3,0,,,,,,,,,,,,,,,,,,,,0,,,,,,,Sub013,001,2022_May_26_1439,2_1_MRI_Rating_SE_RE,2021.2.3,60.0058567279811,
0,1,-1,2,80,-1,3,0,0,,,,,0,0,0,0,0,1,1,62,,,,,,,,,,,,,,,,,,,,,,,,,,,,,,,,,-1,2,,,0,,,,,,,,,,,,,,,,,,,,0,,,,,,,Sub013,001,2022_May_26_1439,2_1_MRI_Rating_SE_RE,2021.2.3,60.0058567279811,
0,1,-1,0,20,-1,3,0,1,,,,,0,0,0,0,0,2,2,69,,,,,0,0,0,0,0,0,0,0,,,,,,,,,,,,,,,,,58.492063799872994,None,60.50633190013468,None,-1,0,20,3,1,63.50677330046892,None,b,63.50677330046892,None,Extremely Unlikely,1.5557013000000026,0.5557013000000026,64.93952629994601,None,1.4059637002646923,,,,,,,,,0,,,,,,,Sub013,001,2022_May_26_1439,2_1_MRI_Rating_SE_RE,2021.2.3,60.0058567279811,
0,1,-1,0,20,-1,3,0,1,,,,,0,0,0,0,0,2,2,69,,,,,0,0,0,0,,,,,,,,,,,,,,,,,,,,,,,,,-1,0,,,1,,,,,,,,,,,,,,,,,,,,0,,,,,,,Sub013,001,2022_May_26_1439,2_1_MRI_Rating_SE_RE,2021.2.3,60.0058567279811,
0,1,-1,0,20,-1,3,0,1,,,,,0,0,0,0,0,2,2,69,,,,,,,,,,,,,,,,,,,,,,,,,,,,,,,,,-1,0,,,1,,,,,,,,,,,,,,,,,,,,0,,,,,,,Sub013,001,2022_May_26_1439,2_1_MRI_Rating_SE_RE,2021.2.3,60.0058567279811,
0,1,-1,1,50,-1,1,0,0,,,,,0,0,0,0,0,3,3,55,,,,,0,0,0,0,,,,,,,,,,,,,,,,,,,,,66.51319930050522,None,68.52384010050446,None,-1,1,50,1,0,,,,,,,,,,,,,,,,,,,,0,,,,,,,Sub013,001,2022_May_26_1439,2_1_MRI_Rating_SE_RE,2021.2.3,60.0058567279811,
0,1,-1,1,50,-1,1,0,0,,,,,0,0,0,0,0,3,3,55,,,,,,,,,,,,,,,,,,,,,,,,,,,,,,,,,-1,1,,,0,,,,,,,,,,,,,,,,,,,,0,,,,,,,Sub013,001,2022_May_26_1439,2_1_MRI_Rating_SE_RE,2021.2.3,60.0058567279811,
0,1,-1,1,50,-1,2,0,1,,,,,0,0,0,0,0,4,4,58,,,,,0,0,0,0,0,0,0,0,,,,,,,,,,,,,,,,,69.52407830022275,None,71.52377710025758,None,-1,1,50,2,1,73.52525360044092,None,g,73.52525360044092,None,Slightly Likely,1.8564262000000014,0.8564262000000014,74.67386830039322,None,1.133206699974835,,,,,,,,,0,,,,,,,Sub013,001,2022_May_26_1439,2_1_MRI_Rating_SE_RE,2021.2.3,60.0058567279811,
0,1,-1,1,50,-1,2,0,1,,,,,0,0,0,0,0,4,4,58,,,,,0,0,0,0,,,,,,,,,,,,,,,,,,,,,,,,,-1,1,,,1,,,,,,,,,,,,,,,,,,,,0,,,,,,,Sub013,001,2022_May_26_1439,2_1_MRI_Rating_SE_RE,2021.2.3,60.0058567279811,
0,1,-1,1,50,-1,2,0,1,,,,,0,0,0,0,0,4,4,58,,,,,,,,,,,,,,,,,,,,,,,,,,,,,,,,,-1,1,,,1,,,,,,,,,,,,,,,,,,,,0,,,,,,,Sub013,001,2022_May_26_1439,2_1_MRI_Rating_SE_RE,2021.2.3,60.0058567279811,
0,1,-1,0,20,-1,3,0,1,,,,,0,0,0,0,0,5,5,60,,,,,0,0,0,0,0,0,0,0,,,,,,,,,,,,,,,,,76.5467550996691,None,78.55731729976833,None,-1,0,20,3,1,81.5591871002689,None,b,81.5591871002689,None,Extremely Unlikely,1.4963203000000078,0.4963203000000078,83.0570050003007,None,1.4762935992330313,,,,,,,,,0,,,,,,,Sub013,001,2022_May_26_1439,2_1_MRI_Rating_SE_RE,2021.2.3,60.0058567279811,
0,1,-1,0,20,-1,3,0,1,,,,,0,0,0,0,0,5,5,60,,,,,0,0,0,0,,,,,,,,,,,,,,,,,,,,,,,,,-1,0,,,1,,,,,,,,,,,,,,,,,,,,0,,,,,,,Sub013,001,2022_May_26_1439,2_1_MRI_Rating_SE_RE,2021.2.3,60.0058567279811,
0,1,-1,0,20,-1,3,0,1,,,,,0,0,0,0,0,5,5,60,,,,,,,,,,,,,,,,,,,,,,,,,,,,,,,,,-1,0,,,1,,,,,,,,,,,,,,,,,,,,0,,,,,,,Sub013,001,2022_May_26_1439,2_1_MRI_Rating_SE_RE,2021.2.3,60.0058567279811,
0,1,-1,2,80,-1,2,0,0,,,,,0,0,0,0,0,6,6,50,,,,,0,0,0,0,,,,,,,,,,,,,,,,,,,,,84.56212260015309,None,86.57367070019245,None,-1,2,80,2,0,,,,,,,,,,,,,,,,,,,,0,,,,,,,Sub013,001,2022_May_26_1439,2_1_MRI_Rating_SE_RE,2021.2.3,60.0058567279811,
0,1,-1,2,80,-1,2,0,0,,,,,0,0,0,0,0,6,6,50,,,,,,,,,,,,,,,,,,,,,,,,,,,,,,,,,-1,2,,,0,,,,,,,,,,,,,,,,,,,,0,,,,,,,Sub013,001,2022_May_26_1439,2_1_MRI_Rating_SE_RE,2021.2.3,60.0058567279811,
0,1,-1,2,80,-1,2,0,1,,,,,0,0,0,0,0,7,7,86,,,,,0,0,0,0,0,0,0,0,,,,,,,,,,,,,,,,,88.57444419991225,None,90.57459910027683,None,-1,2,80,2,1,92.57574519980699,None,r,92.57574519980699,None,Extremely Likely,1.6545488000000006,0.6545488000000006,93.92425859998912,None,1.3186145992949605,,,,,,,,,0,,,,,,,Sub013,001,2022_May_26_1439,2_1_MRI_Rating_SE_RE,2021.2.3,60.0058567279811,
0,1,-1,2,80,-1,2,0,1,,,,,0,0,0,0,0,7,7,86,,,,,0,0,0,0,,,,,,,,,,,,,,,,,,,,,,,,,-1,2,,,1,,,,,,,,,,,,,,,,,,,,0,,,,,,,Sub013,001,2022_May_26_1439,2_1_MRI_Rating_SE_RE,2021.2.3,60.0058567279811,
0,1,-1,2,80,-1,2,0,1,,,,,0,0,0,0,0,7,7,86,,,,,,,,,,,,,,,,,,,,,,,,,,,,,,,,,-1,2,,,1,,,,,,,,,,,,,,,,,,,,0,,,,,,,Sub013,001,2022_May_26_1439,2_1_MRI_Rating_SE_RE,2021.2.3,60.0058567279811,
1,0,2,-1,-1,1,-1,1,0,,,,,0,0,0,0,0,8,8,42,0,0,0,0,,,,,,,,,0,0,0,0,,,,,,,,,,,,,,,,,2,-1,,,0,,,,,,,0.9824844999999982,-0.017515500000001794,100.62483779992908,None,,95.60138010047376,None,95.60138010047376,None,97.60756629984826,None,36.80826580657162,1,1,98.61366659961641,None,None,98.61366659961641,None,,Sub013,001,2022_May_26_1439,2_1_MRI_Rating_SE_RE,2021.2.3,60.0058567279811,
1,0,2,-1,-1,1,-1,1,0,,,,,0,0,0,0,0,8,8,42,0,0,0,0,,,,,,,,,,,,,,,,,,,,,,,,,,,,,2,-1,,,0,,,,,,,,,,,,,,,,,,,,1,,,,,,,Sub013,001,2022_May_26_1439,2_1_MRI_Rating_SE_RE,2021.2.3,60.0058567279811,
1,0,2,-1,-1,1,-1,1,0,,,,,0,0,0,0,0,8,8,42,,,,,,,,,,,,,,,,,,,,,,,,,,,,,,,,,2,-1,,,0,,,,,,,,,,,,,,,,,,,,1,,,,,,,Sub013,001,2022_May_26_1439,2_1_MRI_Rating_SE_RE,2021.2.3,60.0058567279811,
0,1,-1,0,20,-1,2,0,1,,,,,0,0,0,0,0,9,9,75,,,,,0,0,0,0,0,0,0,0,,,,,,,,,,,,,,,,,101.6263375999406,None,103.6244304003194,None,-1,0,20,2,1,105.62499110028148,None,b,105.62499110028148,None,Extremely Unlikely,1.8735865999999959,0.8735865999999959,106.7581547005102,None,1.11151609942317,,,,,,,,,0,,,,,,,Sub013,001,2022_May_26_1439,2_1_MRI_Rating_SE_RE,2021.2.3,60.0058567279811,
0,1,-1,0,20,-1,2,0,1,,,,,0,0,0,0,0,9,9,75,,,,,0,0,0,0,,,,,,,,,,,,,,,,,,,,,,,,,-1,0,,,1,,,,,,,,,,,,,,,,,,,,0,,,,,,,Sub013,001,2022_May_26_1439,2_1_MRI_Rating_SE_RE,2021.2.3,60.0058567279811,
0,1,-1,0,20,-1,2,0,1,,,,,0,0,0,0,0,9,9,75,,,,,,,,,,,,,,,,,,,,,,,,,,,,,,,,,-1,0,,,1,,,,,,,,,,,,,,,,,,,,0,,,,,,,Sub013,001,2022_May_26_1439,2_1_MRI_Rating_SE_RE,2021.2.3,60.0058567279811,
1,0,2,-1,-1,2,-1,1,0,,,,,0,0,0,0,0,10,10,25,0,0,0,0,,,,,,,,,0,0,0,0,,,,,,,,,,,,,,,,,2,-1,,,0,,,,,,Slightly Likely,1.9602034000000117,0.9602034000000117,113.69123859982938,None,,108.64680329989642,None,108.64680329989642,None,110.65832439996302,None,36.80826580657162,2,1,112.65866469964385,None,g,112.65866469964385,None,1.0117479003965855,Sub013,001,2022_May_26_1439,2_1_MRI_Rating_SE_RE,2021.2.3,60.0058567279811,
1,0,2,-1,-1,2,-1,1,0,,,,,0,0,0,0,0,10,10,25,0,0,0,0,,,,,,,,,,,,,,,,,,,,,,,,,,,,,2,-1,,,0,,,,,,,,,,,,,,,,,,,,1,,,,,,,Sub013,001,2022_May_26_1439,2_1_MRI_Rating_SE_RE,2021.2.3,60.0058567279811,
1,0,2,-1,-1,2,-1,1,0,,,,,0,0,0,0,0,10,10,25,,,,,,,,,,,,,,,,,,,,,,,,,,,,,,,,,2,-1,,,0,,,,,,,,,,,,,,,,,,,,1,,,,,,,Sub013,001,2022_May_26_1439,2_1_MRI_Rating_SE_RE,2021.2.3,60.0058567279811,
1,0,1,-1,-1,1,-1,1,0,,,,,0,0,0,0,0,11,11,21,0,0,0,0,,,,,,,,,0,0,0,0,,,,,,,,,,,,,,,,,1,-1,,,0,,,,,,Slightly Unlikely,2.277740900000012,1.277740900000012,119.39144259970635,None,,115.66903780028224,None,115.66903780028224,None,117.6747014997527,None,19.37201567301229,1,1,118.67784059979022,None,y,118.67784059979022,None,0.6936648003757,Sub013,001,2022_May_26_1439,2_1_MRI_Rating_SE_RE,2021.2.3,60.0058567279811,
1,0,1,-1,-1,1,-1,1,0,,,,,0,0,0,0,0,11,11,21,0,0,0,0,,,,,,,,,,,,,,,,,,,,,,,,,,,,,1,-1,,,0,,,,,,,,,,,,,,,,,,,,1,,,,,,,Sub013,001,2022_May_26_1439,2_1_MRI_Rating_SE_RE,2021.2.3,60.0058567279811,
1,0,1,-1,-1,1,-1,1,0,,,,,0,0,0,0,0,11,11,21,,,,,,,,,,,,,,,,,,,,,,,,,,,,,,,,,1,-1,,,0,,,,,,,,,,,,,,,,,,,,1,,,,,,,Sub013,001,2022_May_26_1439,2_1_MRI_Rating_SE_RE,2021.2.3,60.0058567279811,
1,0,0,-1,-1,3,-1,1,0,,,,,0,0,0,0,0,12,12,20,0,0,0,0,,,,,,,,,0,0,0,0,,,,,,,,,,,,,,,,,0,-1,,,0,,,,,,Extremely Unlikely,2.411309199999991,1.411309199999991,127.27531080041081,None,,121.68302149977535,None,121.68302149977535,None,123.69162239972502,None,7.274917079279487,3,1,126.69469430018216,None,b,126.69469430018216,None,0.56498740054667,Sub013,001,2022_May_26_1439,2_1_MRI_Rating_SE_RE,2021.2.3,60.0058567279811,
1,0,0,-1,-1,3,-1,1,0,,,,,0,0,0,0,0,12,12,20,0,0,0,0,,,,,,,,,,,,,,,,,,,,,,,,,,,,,0,-1,,,0,,,,,,,,,,,,,,,,,,,,1,,,,,,,Sub013,001,2022_May_26_1439,2_1_MRI_Rating_SE_RE,2021.2.3,60.0058567279811,
1,0,0,-1,-1,3,-1,1,0,,,,,0,0,0,0,0,12,12,20,,,,,,,,,,,,,,,,,,,,,,,,,,,,,,,,,0,-1,,,0,,,,,,,,,,,,,,,,,,,,1,,,,,,,Sub013,001,2022_May_26_1439,2_1_MRI_Rating_SE_RE,2021.2.3,60.0058567279811,
1,0,1,-1,-1,1,-1,1,0,,,,,0,0,0,0,0,13,13,39,0,0,0,0,,,,,,,,,0,0,0,0,,,,,,,,,,,,,,,,,1,-1,,,0,,,,,,Slightly Unlikely,2.193783799999977,1.1937837999999772,133.50866380054504,None,,129.69756530039012,None,129.69756530039012,None,131.70910019986331,None,19.37201567301229,1,1,132.70870670024306,None,y,132.70870670024306,None,0.7838450996205211,Sub013,001,2022_May_26_1439,2_1_MRI_Rating_SE_RE,2021.2.3,60.0058567279811,
1,0,1,-1,-1,1,-1,1,0,,,,,0,0,0,0,0,13,13,39,0,0,0,0,,,,,,,,,,,,,,,,,,,,,,,,,,,,,1,-1,,,0,,,,,,,,,,,,,,,,,,,,1,,,,,,,Sub013,001,2022_May_26_1439,2_1_MRI_Rating_SE_RE,2021.2.3,60.0058567279811,
1,0,1,-1,-1,1,-1,1,0,,,,,0,0,0,0,0,13,13,39,,,,,,,,,,,,,,,,,,,,,,,,,,,,,,,,,1,-1,,,0,,,,,,,,,,,,,,,,,,,,1,,,,,,,Sub013,001,2022_May_26_1439,2_1_MRI_Rating_SE_RE,2021.2.3,60.0058567279811,
0,1,-1,1,50,-1,2,0,1,,,,,0,0,0,0,0,14,14,85,,,,,0,0,0,0,0,0,0,0,,,,,,,,,,,,,,,,,135.71515579987317,None,137.72610300034285,None,-1,1,50,2,1,139.72625050041825,None,g,139.72625050041825,None,Slightly Likely,1.942967799999991,0.942967799999991,140.77584839984775,None,1.0291764000430703,,,,,,,,,0,,,,,,,Sub013,001,2022_May_26_1439,2_1_MRI_Rating_SE_RE,2021.2.3,60.0058567279811,
0,1,-1,1,50,-1,2,0,1,,,,,0,0,0,0,0,14,14,85,,,,,0,0,0,0,,,,,,,,,,,,,,,,,,,,,,,,,-1,1,,,1,,,,,,,,,,,,,,,,,,,,0,,,,,,,Sub013,001,2022_May_26_1439,2_1_MRI_Rating_SE_RE,2021.2.3,60.0058567279811,
0,1,-1,1,50,-1,2,0,1,,,,,0,0,0,0,0,14,14,85,,,,,,,,,,,,,,,,,,,,,,,,,,,,,,,,,-1,1,,,1,,,,,,,,,,,,,,,,,,,,0,,,,,,,Sub013,001,2022_May_26_1439,2_1_MRI_Rating_SE_RE,2021.2.3,60.0058567279811,
0,1,-1,0,20,-1,2,0,0,,,,,0,0,0,0,0,15,15,48,,,,,0,0,0,0,,,,,,,,,,,,,,,,,,,,,142.73091350030154,None,144.74261519964784,None,-1,0,20,2,0,,,,,,,,,,,,,,,,,,,,0,,,,,,,Sub013,001,2022_May_26_1439,2_1_MRI_Rating_SE_RE,2021.2.3,60.0058567279811,
0,1,-1,0,20,-1,2,0,0,,,,,0,0,0,0,0,15,15,48,,,,,,,,,,,,,,,,,,,,,,,,,,,,,,,,,-1,0,,,0,,,,,,,,,,,,,,,,,,,,0,,,,,,,Sub013,001,2022_May_26_1439,2_1_MRI_Rating_SE_RE,2021.2.3,60.0058567279811,
1,0,0,-1,-1,3,-1,1,0,,,,,0,0,0,0,0,16,16,29,0,0,0,0,,,,,,,,,0,0,0,0,,,,,,,,,,,,,,,,,0,-1,,,0,,,,,,Extremely Unlikely,2.4715094999999963,1.4715094999999963,152.27655259985477,None,,146.74351389985532,None,146.74351389985532,None,148.7426191000268,None,7.274917079279487,3,1,151.74504789989442,None,b,151.74504789989442,None,0.5082638999447227,Sub013,001,2022_May_26_1439,2_1_MRI_Rating_SE_RE,2021.2.3,60.0058567279811,
1,0,0,-1,-1,3,-1,1,0,,,,,0,0,0,0,0,16,16,29,0,0,0,0,,,,,,,,,,,,,,,,,,,,,,,,,,,,,0,-1,,,0,,,,,,,,,,,,,,,,,,,,1,,,,,,,Sub013,001,2022_May_26_1439,2_1_MRI_Rating_SE_RE,2021.2.3,60.0058567279811,
1,0,0,-1,-1,3,-1,1,0,,,,,0,0,0,0,0,16,16,29,,,,,,,,,,,,,,,,,,,,,,,,,,,,,,,,,0,-1,,,0,,,,,,,,,,,,,,,,,,,,1,,,,,,,Sub013,001,2022_May_26_1439,2_1_MRI_Rating_SE_RE,2021.2.3,60.0058567279811,
1,0,1,-1,-1,1,-1,0,0,,,,,0,0,0,0,0,17,17,12,0,0,0,0,,,,,,,,,,,,,,,,,,,,,,,,,,,,,1,-1,,,0,,,,,,,,,,,,154.76753189973533,None,154.76753189973533,None,156.77700680028647,None,19.37201567301229,1,0,,,,,,,Sub013,001,2022_May_26_1439,2_1_MRI_Rating_SE_RE,2021.2.3,60.0058567279811,
1,0,1,-1,-1,1,-1,0,0,,,,,0,0,0,0,0,17,17,12,,,,,,,,,,,,,,,,,,,,,,,,,,,,,,,,,1,-1,,,0,,,,,,,,,,,,,,,,,,,,0,,,,,,,Sub013,001,2022_May_26_1439,2_1_MRI_Rating_SE_RE,2021.2.3,60.0058567279811,
1,0,2,-1,-1,1,-1,1,0,,,,,0,0,0,0,0,18,18,24,0,0,0,0,,,,,,,,,0,0,0,0,,,,,,,,,,,,,,,,,2,-1,,,0,,,,,,Extremely Likely,2.274100599999997,1.274100599999997,161.5097038000822,None,,157.7819675002247,None,157.7819675002247,None,159.7930656997487,None,36.80826580657162,1,1,160.79467220045626,None,r,160.79467220045626,None,0.6947274999693036,Sub013,001,2022_May_26_1439,2_1_MRI_Rating_SE_RE,2021.2.3,60.0058567279811,
1,0,2,-1,-1,1,-1,1,0,,,,,0,0,0,0,0,18,18,24,0,0,0,0,,,,,,,,,,,,,,,,,,,,,,,,,,,,,2,-1,,,0,,,,,,,,,,,,,,,,,,,,1,,,,,,,Sub013,001,2022_May_26_1439,2_1_MRI_Rating_SE_RE,2021.2.3,60.0058567279811,
1,0,2,-1,-1,1,-1,1,0,,,,,0,0,0,0,0,18,18,24,,,,,,,,,,,,,,,,,,,,,,,,,,,,,,,,,2,-1,,,0,,,,,,,,,,,,,,,,,,,,1,,,,,,,Sub013,001,2022_May_26_1439,2_1_MRI_Rating_SE_RE,2021.2.3,60.0058567279811,
0,1,-1,1,50,-1,2,0,1,,,,,0,0,0,0,0,19,19,76,,,,,0,0,0,0,0,0,0,0,,,,,,,,,,,,,,,,,163.80094110034406,None,165.81071870028973,None,-1,1,50,2,1,167.81185930036008,None,g,167.81185930036008,None,Slightly Likely,2.213490500000006,1.213490500000006,168.59378769993782,None,0.7556201992556453,,,,,,,,,0,,,,,,,Sub013,001,2022_May_26_1439,2_1_MRI_Rating_SE_RE,2021.2.3,60.0058567279811,
0,1,-1,1,50,-1,2,0,1,,,,,0,0,0,0,0,19,19,76,,,,,0,0,0,0,,,,,,,,,,,,,,,,,,,,,,,,,-1,1,,,1,,,,,,,,,,,,,,,,,,,,0,,,,,,,Sub013,001,2022_May_26_1439,2_1_MRI_Rating_SE_RE,2021.2.3,60.0058567279811,
0,1,-1,1,50,-1,2,0,1,,,,,0,0,0,0,0,19,19,76,,,,,,,,,,,,,,,,,,,,,,,,,,,,,,,,,-1,1,,,1,,,,,,,,,,,,,,,,,,,,0,,,,,,,Sub013,001,2022_May_26_1439,2_1_MRI_Rating_SE_RE,2021.2.3,60.0058567279811,
0,1,-1,2,80,-1,3,0,1,,,,,0,0,0,0,0,20,20,71,,,,,0,0,0,0,0,0,0,0,,,,,,,,,,,,,,,,,170.81667609978467,None,172.82737630046904,None,-1,2,80,3,1,175.84229699987918,None,r,175.84229699987918,None,Extremely Likely,2.262677400000001,1.2626774000000012,176.56012179981917,None,0.685988299548626,,,,,,,,,0,,,,,,,Sub013,001,2022_May_26_1439,2_1_MRI_Rating_SE_RE,2021.2.3,60.0058567279811,
0,1,-1,2,80,-1,3,0,1,,,,,0,0,0,0,0,20,20,71,,,,,0,0,0,0,,,,,,,,,,,,,,,,,,,,,,,,,-1,2,,,1,,,,,,,,,,,,,,,,,,,,0,,,,,,,Sub013,001,2022_May_26_1439,2_1_MRI_Rating_SE_RE,2021.2.3,60.0058567279811,
0,1,-1,2,80,-1,3,0,1,,,,,0,0,0,0,0,20,20,71,,,,,,,,,,,,,,,,,,,,,,,,,,,,,,,,,-1,2,,,1,,,,,,,,,,,,,,,,,,,,0,,,,,,,Sub013,001,2022_May_26_1439,2_1_MRI_Rating_SE_RE,2021.2.3,60.0058567279811,
1,0,2,-1,-1,3,-1,0,0,,,,,0,0,0,0,0,21,21,17,0,0,0,0,,,,,,,,,,,,,,,,,,,,,,,,,,,,,2,-1,,,0,,,,,,,,,,,,178.83416790049523,None,178.83416790049523,None,180.84405840002,None,36.80826580657162,3,0,,,,,,,Sub013,001,2022_May_26_1439,2_1_MRI_Rating_SE_RE,2021.2.3,60.0058567279811,
1,0,2,-1,-1,3,-1,0,0,,,,,0,0,0,0,0,21,21,17,,,,,,,,,,,,,,,,,,,,,,,,,,,,,,,,,2,-1,,,0,,,,,,,,,,,,,,,,,,,,0,,,,,,,Sub013,001,2022_May_26_1439,2_1_MRI_Rating_SE_RE,2021.2.3,60.0058567279811,
1,0,0,-1,-1,3,-1,1,0,,,,,0,0,0,0,0,22,22,11,0,0,0,0,,,,,,,,,0,0,0,0,,,,,,,,,,,,,,,,,0,-1,,,0,,,,,,Extremely Unlikely,2.3224315999999874,1.3224315999999874,189.5275614997372,None,,183.84631139971316,None,183.84631139971316,None,185.86133630014956,None,7.274917079279487,3,1,188.86106379982084,None,b,188.86106379982084,None,0.6512241996824741,Sub013,001,2022_May_26_1439,2_1_MRI_Rating_SE_RE,2021.2.3,60.0058567279811,
1,0,0,-1,-1,3,-1,1,0,,,,,0,0,0,0,0,22,22,11,0,0,0,0,,,,,,,,,,,,,,,,,,,,,,,,,,,,,0,-1,,,0,,,,,,,,,,,,,,,,,,,,1,,,,,,,Sub013,001,2022_May_26_1439,2_1_MRI_Rating_SE_RE,2021.2.3,60.0058567279811,
1,0,0,-1,-1,3,-1,1,0,,,,,0,0,0,0,0,22,22,11,,,,,,,,,,,,,,,,,,,,,,,,,,,,,,,,,0,-1,,,0,,,,,,,,,,,,,,,,,,,,1,,,,,,,Sub013,001,2022_May_26_1439,2_1_MRI_Rating_SE_RE,2021.2.3,60.0058567279811,
1,0,0,-1,-1,2,-1,0,0,,,,,0,0,0,0,0,23,23,10,0,0,0,0,,,,,,,,,,,,,,,,,,,,,,,,,,,,,0,-1,,,0,,,,,,,,,,,,191.8664228003472,None,191.8664228003472,None,193.87765779998153,None,7.274917079279487,2,0,,,,,,,Sub013,001,2022_May_26_1439,2_1_MRI_Rating_SE_RE,2021.2.3,60.0058567279811,
1,0,0,-1,-1,2,-1,0,0,,,,,0,0,0,0,0,23,23,10,,,,,,,,,,,,,,,,,,,,,,,,,,,,,,,,,0,-1,,,0,,,,,,,,,,,,,,,,,,,,0,,,,,,,Sub013,001,2022_May_26_1439,2_1_MRI_Rating_SE_RE,2021.2.3,60.0058567279811,
0,1,-1,0,20,-1,2,0,1,,,,,0,0,0,0,0,24,24,66,,,,,0,0,0,0,0,0,0,0,,,,,,,,,,,,,,,,,195.88210530020297,None,197.89523010049015,None,-1,0,20,2,1,199.8972223997116,None,b,199.8972223997116,None,Extremely Unlikely,2.3570544000000098,1.3570544000000098,200.5281464997679,None,0.6041558999568224,,,,,,,,,0,,,,,,,Sub013,001,2022_May_26_1439,2_1_MRI_Rating_SE_RE,2021.2.3,60.0058567279811,
0,1,-1,0,20,-1,2,0,1,,,,,0,0,0,0,0,24,24,66,,,,,0,0,0,0,,,,,,,,,,,,,,,,,,,,,,,,,-1,0,,,1,,,,,,,,,,,,,,,,,,,,0,,,,,,,Sub013,001,2022_May_26_1439,2_1_MRI_Rating_SE_RE,2021.2.3,60.0058567279811,
0,1,-1,0,20,-1,2,0,1,,,,,0,0,0,0,0,24,24,66,,,,,,,,,,,,,,,,,,,,,,,,,,,,,,,,,-1,0,,,1,,,,,,,,,,,,,,,,,,,,0,,,,,,,Sub013,001,2022_May_26_1439,2_1_MRI_Rating_SE_RE,2021.2.3,60.0058567279811,
1,0,0,-1,-1,3,-1,0,0,,,,,0,0,0,0,0,25,25,2,0,0,0,0,,,,,,,,,,,,,,,,,,,,,,,,,,,,,0,-1,,,0,,,,,,,,,,,,202.9005811996758,None,202.9005811996758,None,204.91150229983032,None,7.274917079279487,3,0,,,,,,,Sub013,001,2022_May_26_1439,2_1_MRI_Rating_SE_RE,2021.2.3,60.0058567279811,
1,0,0,-1,-1,3,-1,0,0,,,,,0,0,0,0,0,25,25,2,,,,,,,,,,,,,,,,,,,,,,,,,,,,,,,,,0,-1,,,0,,,,,,,,,,,,,,,,,,,,0,,,,,,,Sub013,001,2022_May_26_1439,2_1_MRI_Rating_SE_RE,2021.2.3,60.0058567279811,
1,0,2,-1,-1,2,-1,0,0,,,,,0,0,0,0,0,26,26,7,0,0,0,0,,,,,,,,,,,,,,,,,,,,,,,,,,,,,2,-1,,,0,,,,,,,,,,,,207.9161200998351,None,207.9161200998351,None,209.9286273000762,None,36.80826580657162,2,0,,,,,,,Sub013,001,2022_May_26_1439,2_1_MRI_Rating_SE_RE,2021.2.3,60.0058567279811,
1,0,2,-1,-1,2,-1,0,0,,,,,0,0,0,0,0,26,26,7,,,,,,,,,,,,,,,,,,,,,,,,,,,,,,,,,2,-1,,,0,,,,,,,,,,,,,,,,,,,,0,,,,,,,Sub013,001,2022_May_26_1439,2_1_MRI_Rating_SE_RE,2021.2.3,60.0058567279811,
0,1,-1,2,80,-1,2,0,1,,,,,0,0,0,0,0,27,27,68,,,,,0,0,0,0,0,0,0,0,,,,,,,,,,,,,,,,,211.92896599974483,None,213.9290979001671,None,-1,2,80,2,1,215.92869179975241,None,r,215.92869179975241,None,Extremely Likely,1.8885062999999889,0.8885062999999889,217.04563710000366,None,1.0967242000624537,,,,,,,,,0,,,,,,,Sub013,001,2022_May_26_1439,2_1_MRI_Rating_SE_RE,2021.2.3,60.0058567279811,
0,1,-1,2,80,-1,2,0,1,,,,,0,0,0,0,0,27,27,68,,,,,0,0,0,0,,,,,,,,,,,,,,,,,,,,,,,,,-1,2,,,1,,,,,,,,,,,,,,,,,,,,0,,,,,,,Sub013,001,2022_May_26_1439,2_1_MRI_Rating_SE_RE,2021.2.3,60.0058567279811,
0,1,-1,2,80,-1,2,0,1,,,,,0,0,0,0,0,27,27,68,,,,,,,,,,,,,,,,,,,,,,,,,,,,,,,,,-1,2,,,1,,,,,,,,,,,,,,,,,,,,0,,,,,,,Sub013,001,2022_May_26_1439,2_1_MRI_Rating_SE_RE,2021.2.3,60.0058567279811,
0,1,-1,1,50,-1,3,0,1,,,,,0,0,0,0,0,28,28,79,,,,,0,0,0,0,0,0,0,0,,,,,,,,,,,,,,,,,218.95160009991378,None,220.96232290007174,None,-1,1,50,3,1,223.97742960043252,None,g,223.97742960043252,None,Slightly Likely,1.7614205999999797,0.7614205999999797,225.19555259961635,None,1.2019076002761722,,,,,,,,,0,,,,,,,Sub013,001,2022_May_26_1439,2_1_MRI_Rating_SE_RE,2021.2.3,60.0058567279811,
0,1,-1,1,50,-1,3,0,1,,,,,0,0,0,0,0,28,28,79,,,,,0,0,0,0,,,,,,,,,,,,,,,,,,,,,,,,,-1,1,,,1,,,,,,,,,,,,,,,,,,,,0,,,,,,,Sub013,001,2022_May_26_1439,2_1_MRI_Rating_SE_RE,2021.2.3,60.0058567279811,
0,1,-1,1,50,-1,3,0,1,,,,,0,0,0,0,0,28,28,79,,,,,,,,,,,,,,,,,,,,,,,,,,,,,,,,,-1,1,,,1,,,,,,,,,,,,,,,,,,,,0,,,,,,,Sub013,001,2022_May_26_1439,2_1_MRI_Rating_SE_RE,2021.2.3,60.0058567279811,
0,1,-1,0,20,-1,1,0,0,,,,,0,0,0,0,0,29,29,45,,,,,0,0,0,0,,,,,,,,,,,,,,,,,,,,,226.97242000047117,None,228.97918090038002,None,-1,0,20,1,0,,,,,,,,,,,,,,,,,,,,0,,,,,,,Sub013,001,2022_May_26_1439,2_1_MRI_Rating_SE_RE,2021.2.3,60.0058567279811,
0,1,-1,0,20,-1,1,0,0,,,,,0,0,0,0,0,29,29,45,,,,,,,,,,,,,,,,,,,,,,,,,,,,,,,,,-1,0,,,0,,,,,,,,,,,,,,,,,,,,0,,,,,,,Sub013,001,2022_May_26_1439,2_1_MRI_Rating_SE_RE,2021.2.3,60.0058567279811,
1,0,1,-1,-1,1,-1,1,0,,,,,0,0,0,0,0,30,30,30,0,0,0,0,,,,,,,,,0,0,0,0,,,,,,,,,,,,,,,,,1,-1,,,0,,,,,,Slightly Unlikely,1.1711224000000016,0.17112240000000156,234.8126274002716,None,,229.97972089983523,None,229.97972089983523,None,231.97934160009027,None,19.37201567301229,1,1,232.9796192003414,None,y,232.9796192003414,None,1.8117837999016047,Sub013,001,2022_May_26_1439,2_1_MRI_Rating_SE_RE,2021.2.3,60.0058567279811,
1,0,1,-1,-1,1,-1,1,0,,,,,0,0,0,0,0,30,30,30,0,0,0,0,,,,,,,,,,,,,,,,,,,,,,,,,,,,,1,-1,,,0,,,,,,,,,,,,,,,,,,,,1,,,,,,,Sub013,001,2022_May_26_1439,2_1_MRI_Rating_SE_RE,2021.2.3,60.0058567279811,
1,0,1,-1,-1,1,-1,1,0,,,,,0,0,0,0,0,30,30,30,,,,,,,,,,,,,,,,,,,,,,,,,,,,,,,,,1,-1,,,0,,,,,,,,,,,,,,,,,,,,1,,,,,,,Sub013,001,2022_May_26_1439,2_1_MRI_Rating_SE_RE,2021.2.3,60.0058567279811,
1,0,2,-1,-1,3,-1,1,0,,,,,0,0,0,0,0,31,31,44,0,0,0,0,,,,,,,,,0,0,0,0,,,,,,,,,,,,,,,,,2,-1,,,0,,,,,,Slightly Likely,2.0611617999999794,1.0611617999999794,241.9459672998637,None,,236.00273010041565,None,236.00273010041565,None,238.01281260047108,None,36.80826580657162,3,1,241.0151076996699,None,g,241.0151076996699,None,0.9144116006791592,Sub013,001,2022_May_26_1439,2_1_MRI_Rating_SE_RE,2021.2.3,60.0058567279811,
1,0,2,-1,-1,3,-1,1,0,,,,,0,0,0,0,0,31,31,44,0,0,0,0,,,,,,,,,,,,,,,,,,,,,,,,,,,,,2,-1,,,0,,,,,,,,,,,,,,,,,,,,1,,,,,,,Sub013,001,2022_May_26_1439,2_1_MRI_Rating_SE_RE,2021.2.3,60.0058567279811,
1,0,2,-1,-1,3,-1,1,0,,,,,0,0,0,0,0,31,31,44,,,,,,,,,,,,,,,,,,,,,,,,,,,,,,,,,2,-1,,,0,,,,,,,,,,,,,,,,,,,,1,,,,,,,Sub013,001,2022_May_26_1439,2_1_MRI_Rating_SE_RE,2021.2.3,60.0058567279811,
1,0,0,-1,-1,2,-1,1,0,,,,,0,0,0,0,0,32,32,19,0,0,0,0,,,,,,,,,0,0,0,0,,,,,,,,,,,,,,,,,0,-1,,,0,,,,,,Extremely Unlikely,2.244329399999998,1.244329399999998,248.77987620048225,None,,244.01960240025073,None,244.01960240025073,None,246.0302036004141,None,7.274917079279487,2,1,248.03033899981529,None,b,248.03033899981529,None,0.7258889004588127,Sub013,001,2022_May_26_1439,2_1_MRI_Rating_SE_RE,2021.2.3,60.0058567279811,
1,0,0,-1,-1,2,-1,1,0,,,,,0,0,0,0,0,32,32,19,0,0,0,0,,,,,,,,,,,,,,,,,,,,,,,,,,,,,0,-1,,,0,,,,,,,,,,,,,,,,,,,,1,,,,,,,Sub013,001,2022_May_26_1439,2_1_MRI_Rating_SE_RE,2021.2.3,60.0058567279811,
1,0,0,-1,-1,2,-1,1,0,,,,,0,0,0,0,0,32,32,19,,,,,,,,,,,,,,,,,,,,,,,,,,,,,,,,,0,-1,,,0,,,,,,,,,,,,,,,,,,,,1,,,,,,,Sub013,001,2022_May_26_1439,2_1_MRI_Rating_SE_RE,2021.2.3,60.0058567279811,
0,1,-1,0,20,-1,3,0,0,,,,,0,0,0,0,0,33,33,51,,,,,0,0,0,0,,,,,,,,,,,,,,,,,,,,,251.03481130022556,None,253.04654259979725,None,-1,0,20,3,0,,,,,,,,,,,,,,,,,,,,0,,,,,,,Sub013,001,2022_May_26_1439,2_1_MRI_Rating_SE_RE,2021.2.3,60.0058567279811,
0,1,-1,0,20,-1,3,0,0,,,,,0,0,0,0,0,33,33,51,,,,,,,,,,,,,,,,,,,,,,,,,,,,,,,,,-1,0,,,0,,,,,,,,,,,,,,,,,,,,0,,,,,,,Sub013,001,2022_May_26_1439,2_1_MRI_Rating_SE_RE,2021.2.3,60.0058567279811,
0,1,-1,1,50,-1,1,0,1,,,,,0,0,0,0,0,34,34,64,,,,,0,0,0,0,0,0,0,0,,,,,,,,,,,,,,,,,256.0474830996245,None,258.04717100039124,None,-1,1,50,1,1,259.0479626003653,None,g,259.0479626003653,None,Slightly Likely,2.4214688000000137,1.4214688000000137,259.63060209993273,None,0.5654856003820896,,,,,,,,,0,,,,,,,Sub013,001,2022_May_26_1439,2_1_MRI_Rating_SE_RE,2021.2.3,60.0058567279811,
0,1,-1,1,50,-1,1,0,1,,,,,0,0,0,0,0,34,34,64,,,,,0,0,0,0,,,,,,,,,,,,,,,,,,,,,,,,,-1,1,,,1,,,,,,,,,,,,,,,,,,,,0,,,,,,,Sub013,001,2022_May_26_1439,2_1_MRI_Rating_SE_RE,2021.2.3,60.0058567279811,
0,1,-1,1,50,-1,1,0,1,,,,,0,0,0,0,0,34,34,64,,,,,,,,,,,,,,,,,,,,,,,,,,,,,,,,,-1,1,,,1,,,,,,,,,,,,,,,,,,,,0,,,,,,,Sub013,001,2022_May_26_1439,2_1_MRI_Rating_SE_RE,2021.2.3,60.0058567279811,
0,1,-1,0,20,-1,1,0,1,,,,,0,0,0,0,0,35,35,81,,,,,0,0,0,0,0,0,0,0,,,,,,,,,,,,,,,,,262.066651600413,None,264.0805740002543,None,-1,0,20,1,1,265.0801207004115,None,b,265.0801207004115,None,Extremely Unlikely,1.5244490999999698,0.5244490999999698,266.5471887001768,None,1.4383723000064492,,,,,,,,,0,,,,,,,Sub013,001,2022_May_26_1439,2_1_MRI_Rating_SE_RE,2021.2.3,60.0058567279811,
0,1,-1,0,20,-1,1,0,1,,,,,0,0,0,0,0,35,35,81,,,,,0,0,0,0,,,,,,,,,,,,,,,,,,,,,,,,,-1,0,,,1,,,,,,,,,,,,,,,,,,,,0,,,,,,,Sub013,001,2022_May_26_1439,2_1_MRI_Rating_SE_RE,2021.2.3,60.0058567279811,
0,1,-1,0,20,-1,1,0,1,,,,,0,0,0,0,0,35,35,81,,,,,,,,,,,,,,,,,,,,,,,,,,,,,,,,,-1,0,,,1,,,,,,,,,,,,,,,,,,,,0,,,,,,,Sub013,001,2022_May_26_1439,2_1_MRI_Rating_SE_RE,2021.2.3,60.0058567279811,
0,1,-1,1,50,-1,3,0,0,,,,,0,0,0,0,0,36,36,61,,,,,0,0,0,0,,,,,,,,,,,,,,,,,,,,,268.08917330019176,None,270.0972651001066,None,-1,1,50,3,0,,,,,,,,,,,,,,,,,,,,0,,,,,,,Sub013,001,2022_May_26_1439,2_1_MRI_Rating_SE_RE,2021.2.3,60.0058567279811,
0,1,-1,1,50,-1,3,0,0,,,,,0,0,0,0,0,36,36,61,,,,,,,,,,,,,,,,,,,,,,,,,,,,,,,,,-1,1,,,0,,,,,,,,,,,,,,,,,,,,0,,,,,,,Sub013,001,2022_May_26_1439,2_1_MRI_Rating_SE_RE,2021.2.3,60.0058567279811,
0,1,-1,0,20,-1,2,0,1,,,,,0,0,0,0,0,37,37,84,,,,,0,0,0,0,0,0,0,0,,,,,,,,,,,,,,,,,273.0982646998018,None,275.09800080023706,None,-1,0,20,2,1,277.1009034998715,None,b,277.1009034998715,None,Extremely Unlikely,2.48773749999998,1.4877374999999802,277.6143789999187,None,0.4854103000834584,,,,,,,,,0,,,,,,,Sub013,001,2022_May_26_1439,2_1_MRI_Rating_SE_RE,2021.2.3,60.0058567279811,
0,1,-1,0,20,-1,2,0,1,,,,,0,0,0,0,0,37,37,84,,,,,0,0,0,0,,,,,,,,,,,,,,,,,,,,,,,,,-1,0,,,1,,,,,,,,,,,,,,,,,,,,0,,,,,,,Sub013,001,2022_May_26_1439,2_1_MRI_Rating_SE_RE,2021.2.3,60.0058567279811,
0,1,-1,0,20,-1,2,0,1,,,,,0,0,0,0,0,37,37,84,,,,,,,,,,,,,,,,,,,,,,,,,,,,,,,,,-1,0,,,1,,,,,,,,,,,,,,,,,,,,0,,,,,,,Sub013,001,2022_May_26_1439,2_1_MRI_Rating_SE_RE,2021.2.3,60.0058567279811,
1,0,0,-1,-1,1,-1,0,0,,,,,0,0,0,0,0,38,38,9,0,0,0,0,,,,,,,,,,,,,,,,,,,,,,,,,,,,,0,-1,,,0,,,,,,,,,,,,280.120853099972,None,280.120853099972,None,282.13080199994147,None,7.274917079279487,1,0,,,,,,,Sub013,001,2022_May_26_1439,2_1_MRI_Rating_SE_RE,2021.2.3,60.0058567279811,
1,0,0,-1,-1,1,-1,0,0,,,,,0,0,0,0,0,38,38,9,,,,,,,,,,,,,,,,,,,,,,,,,,,,,,,,,0,-1,,,0,,,,,,,,,,,,,,,,,,,,0,,,,,,,Sub013,001,2022_May_26_1439,2_1_MRI_Rating_SE_RE,2021.2.3,60.0058567279811,
0,1,-1,1,50,-1,3,0,1,,,,,0,0,0,0,0,39,39,88,,,,,0,0,0,0,0,0,0,0,,,,,,,,,,,,,,,,,283.13389709964395,None,285.1485077999532,None,-1,1,50,3,1,288.148639800027,None,g,288.148639800027,None,Slightly Likely,2.106996200000026,1.106996200000026,289.0311201000586,None,0.8586236005648971,,,,,,,,,0,,,,,,,Sub013,001,2022_May_26_1439,2_1_MRI_Rating_SE_RE,2021.2.3,60.0058567279811,
0,1,-1,1,50,-1,3,0,1,,,,,0,0,0,0,0,39,39,88,,,,,0,0,0,0,,,,,,,,,,,,,,,,,,,,,,,,,-1,1,,,1,,,,,,,,,,,,,,,,,,,,0,,,,,,,Sub013,001,2022_May_26_1439,2_1_MRI_Rating_SE_RE,2021.2.3,60.0058567279811,
0,1,-1,1,50,-1,3,0,1,,,,,0,0,0,0,0,39,39,88,,,,,,,,,,,,,,,,,,,,,,,,,,,,,,,,,-1,1,,,1,,,,,,,,,,,,,,,,,,,,0,,,,,,,Sub013,001,2022_May_26_1439,2_1_MRI_Rating_SE_RE,2021.2.3,60.0058567279811,
1,0,0,-1,-1,1,-1,0,0,,,,,0,0,0,0,0,40,40,0,0,0,0,0,,,,,,,,,,,,,,,,,,,,,,,,,,,,,0,-1,,,0,,,,,,,,,,,,291.1533094998449,None,291.1533094998449,None,293.1654530996457,None,7.274917079279487,1,0,,,,,,,Sub013,001,2022_May_26_1439,2_1_MRI_Rating_SE_RE,2021.2.3,60.0058567279811,
1,0,0,-1,-1,1,-1,0,0,,,,,0,0,0,0,0,40,40,0,,,,,,,,,,,,,,,,,,,,,,,,,,,,,,,,,0,-1,,,0,,,,,,,,,,,,,,,,,,,,0,,,,,,,Sub013,001,2022_May_26_1439,2_1_MRI_Rating_SE_RE,2021.2.3,60.0058567279811,
1,0,1,-1,-1,3,-1,1,0,,,,,0,0,0,0,0,41,41,23,0,0,0,0,,,,,,,,,0,0,0,0,,,,,,,,,,,,,,,,,1,-1,,,0,,,,,,Slightly Unlikely,2.4231390999999576,1.4231390999999576,299.748140799813,None,,294.1696164999157,None,294.1696164999157,None,296.181635200046,None,19.37201567301229,3,1,299.18375730048865,None,y,299.18375730048865,None,0.5468598995357752,Sub013,001,2022_May_26_1439,2_1_MRI_Rating_SE_RE,2021.2.3,60.0058567279811,
1,0,1,-1,-1,3,-1,1,0,,,,,0,0,0,0,0,41,41,23,0,0,0,0,,,,,,,,,,,,,,,,,,,,,,,,,,,,,1,-1,,,0,,,,,,,,,,,,,,,,,,,,1,,,,,,,Sub013,001,2022_May_26_1439,2_1_MRI_Rating_SE_RE,2021.2.3,60.0058567279811,
1,0,1,-1,-1,3,-1,1,0,,,,,0,0,0,0,0,41,41,23,,,,,,,,,,,,,,,,,,,,,,,,,,,,,,,,,1,-1,,,0,,,,,,,,,,,,,,,,,,,,1,,,,,,,Sub013,001,2022_May_26_1439,2_1_MRI_Rating_SE_RE,2021.2.3,60.0058567279811,
0,1,-1,2,80,-1,1,0,1,,,,,0,0,0,0,0,42,42,74,,,,,0,0,0,0,0,0,0,0,,,,,,,,,,,,,,,,,302.1872113002464,None,304.19871119968593,None,-1,2,80,1,1,305.213728800416,None,r,305.213728800416,None,Extremely Likely,2.128294600000004,1.1282946000000038,306.0654765004292,None,0.8345635002478957,,,,,,,,,0,,,,,,,Sub013,001,2022_May_26_1439,2_1_MRI_Rating_SE_RE,2021.2.3,60.0058567279811,
0,1,-1,2,80,-1,1,0,1,,,,,0,0,0,0,0,42,42,74,,,,,0,0,0,0,,,,,,,,,,,,,,,,,,,,,,,,,-1,2,,,1,,,,,,,,,,,,,,,,,,,,0,,,,,,,Sub013,001,2022_May_26_1439,2_1_MRI_Rating_SE_RE,2021.2.3,60.0058567279811,
0,1,-1,2,80,-1,1,0,1,,,,,0,0,0,0,0,42,42,74,,,,,,,,,,,,,,,,,,,,,,,,,,,,,,,,,-1,2,,,1,,,,,,,,,,,,,,,,,,,,0,,,,,,,Sub013,001,2022_May_26_1439,2_1_MRI_Rating_SE_RE,2021.2.3,60.0058567279811,
1,0,0,-1,-1,2,-1,1,0,,,,,0,0,0,0,0,43,43,37,0,0,0,0,,,,,,,,,0,0,0,0,,,,,,,,,,,,,,,,,0,-1,,,0,,,,,,Extremely Unlikely,1.8265126999999666,0.8265126999999666,313.3823771998286,None,,308.20430739969015,None,308.20430739969015,None,310.215490099974,None,7.274917079279487,2,1,312.23044759966433,None,b,312.23044759966433,None,1.1342015005648136,Sub013,001,2022_May_26_1439,2_1_MRI_Rating_SE_RE,2021.2.3,60.0058567279811,
1,0,0,-1,-1,2,-1,1,0,,,,,0,0,0,0,0,43,43,37,0,0,0,0,,,,,,,,,,,,,,,,,,,,,,,,,,,,,0,-1,,,0,,,,,,,,,,,,,,,,,,,,1,,,,,,,Sub013,001,2022_May_26_1439,2_1_MRI_Rating_SE_RE,2021.2.3,60.0058567279811,
1,0,0,-1,-1,2,-1,1,0,,,,,0,0,0,0,0,43,43,37,,,,,,,,,,,,,,,,,,,,,,,,,,,,,,,,,0,-1,,,0,,,,,,,,,,,,,,,,,,,,1,,,,,,,Sub013,001,2022_May_26_1439,2_1_MRI_Rating_SE_RE,2021.2.3,60.0058567279811,
1,0,2,-1,-1,2,-1,1,0,,,,,0,0,0,0,0,44,44,43,0,0,0,0,,,,,,,,,0,0,0,0,,,,,,,,,,,,,,,,,2,-1,,,0,,,,,,Slightly Likely,1.8943618000000129,0.8943618000000129,320.33217510022223,None,,315.22251529991627,None,315.22251529991627,None,317.2323666997254,None,36.80826580657162,2,1,319.23463760036975,None,g,319.23463760036975,None,1.0778431007638574,Sub013,001,2022_May_26_1439,2_1_MRI_Rating_SE_RE,2021.2.3,60.0058567279811,
1,0,2,-1,-1,2,-1,1,0,,,,,0,0,0,0,0,44,44,43,0,0,0,0,,,,,,,,,,,,,,,,,,,,,,,,,,,,,2,-1,,,0,,,,,,,,,,,,,,,,,,,,1,,,,,,,Sub013,001,2022_May_26_1439,2_1_MRI_Rating_SE_RE,2021.2.3,60.0058567279811,
1,0,2,-1,-1,2,-1,1,0,,,,,0,0,0,0,0,44,44,43,,,,,,,,,,,,,,,,,,,,,,,,,,,,,,,,,2,-1,,,0,,,,,,,,,,,,,,,,,,,,1,,,,,,,Sub013,001,2022_May_26_1439,2_1_MRI_Rating_SE_RE,2021.2.3,60.0058567279811,
0,1,-1,2,80,-1,3,0,0,,,,,0,0,0,0,0,45,45,53,,,,,0,0,0,0,,,,,,,,,,,,,,,,,,,,,322.23710309993476,None,324.2493920996785,None,-1,2,80,3,0,,,,,,,,,,,,,,,,,,,,0,,,,,,,Sub013,001,2022_May_26_1439,2_1_MRI_Rating_SE_RE,2021.2.3,60.0058567279811,
0,1,-1,2,80,-1,3,0,0,,,,,0,0,0,0,0,45,45,53,,,,,,,,,,,,,,,,,,,,,,,,,,,,,,,,,-1,2,,,0,,,,,,,,,,,,,,,,,,,,0,,,,,,,Sub013,001,2022_May_26_1439,2_1_MRI_Rating_SE_RE,2021.2.3,60.0058567279811,
1,0,0,-1,-1,1,-1,1,0,,,,,0,0,0,0,0,46,46,27,0,0,0,0,,,,,,,,,0,0,0,0,,,,,,,,,,,,,,,,,0,-1,,,0,,,,,,Extremely Unlikely,1.1544544999999857,0.15445449999998573,332.0992897003889,None,,327.25093029998243,None,327.25093029998243,None,329.26607909984887,None,7.274917079279487,1,1,330.26629799976945,None,b,330.26629799976945,None,1.8140540001913905,Sub013,001,2022_May_26_1439,2_1_MRI_Rating_SE_RE,2021.2.3,60.0058567279811,
1,0,0,-1,-1,1,-1,1,0,,,,,0,0,0,0,0,46,46,27,0,0,0,0,,,,,,,,,,,,,,,,,,,,,,,,,,,,,0,-1,,,0,,,,,,,,,,,,,,,,,,,,1,,,,,,,Sub013,001,2022_May_26_1439,2_1_MRI_Rating_SE_RE,2021.2.3,60.0058567279811,
1,0,0,-1,-1,1,-1,1,0,,,,,0,0,0,0,0,46,46,27,,,,,,,,,,,,,,,,,,,,,,,,,,,,,,,,,0,-1,,,0,,,,,,,,,,,,,,,,,,,,1,,,,,,,Sub013,001,2022_May_26_1439,2_1_MRI_Rating_SE_RE,2021.2.3,60.0058567279811,
1,0,1,-1,-1,3,-1,1,0,,,,,0,0,0,0,0,47,47,32,0,0,0,0,,,,,,,,,0,0,0,0,,,,,,,,,,,,,,,,,1,-1,,,0,,,,,,Slightly Likely,1.2606220000000121,0.2606220000000121,340.0165224997327,None,,333.27316190022975,None,333.27316190022975,None,335.28318949975073,None,19.37201567301229,3,1,338.28527840040624,None,g,338.28527840040624,None,1.7120639001950622,Sub013,001,2022_May_26_1439,2_1_MRI_Rating_SE_RE,2021.2.3,60.0058567279811,
1,0,1,-1,-1,3,-1,1,0,,,,,0,0,0,0,0,47,47,32,0,0,0,0,,,,,,,,,,,,,,,,,,,,,,,,,,,,,1,-1,,,0,,,,,,,,,,,,,,,,,,,,1,,,,,,,Sub013,001,2022_May_26_1439,2_1_MRI_Rating_SE_RE,2021.2.3,60.0058567279811,
1,0,1,-1,-1,3,-1,1,0,,,,,0,0,0,0,0,47,47,32,,,,,,,,,,,,,,,,,,,,,,,,,,,,,,,,,1,-1,,,0,,,,,,,,,,,,,,,,,,,,1,,,,,,,Sub013,001,2022_May_26_1439,2_1_MRI_Rating_SE_RE,2021.2.3,60.0058567279811,
1,0,2,-1,-1,1,-1,1,0,,,,,0,0,0,0,0,48,48,33,0,0,0,0,,,,,,,,,0,0,0,0,,,,,,,,,,,,,,,,,2,-1,,,0,,,,,,Slightly Likely,2.4167807999999695,1.4167807999999695,344.8840848999098,None,,341.2948797997087,None,341.2948797997087,None,343.2998866001144,None,36.80826580657162,1,1,344.30202469974756,None,g,344.30202469974756,None,0.5603622999042273,Sub013,001,2022_May_26_1439,2_1_MRI_Rating_SE_RE,2021.2.3,60.0058567279811,
1,0,2,-1,-1,1,-1,1,0,,,,,0,0,0,0,0,48,48,33,0,0,0,0,,,,,,,,,,,,,,,,,,,,,,,,,,,,,2,-1,,,0,,,,,,,,,,,,,,,,,,,,1,,,,,,,Sub013,001,2022_May_26_1439,2_1_MRI_Rating_SE_RE,2021.2.3,60.0058567279811,
1,0,2,-1,-1,1,-1,1,0,,,,,0,0,0,0,0,48,48,33,,,,,,,,,,,,,,,,,,,,,,,,,,,,,,,,,2,-1,,,0,,,,,,,,,,,,,,,,,,,,1,,,,,,,Sub013,001,2022_May_26_1439,2_1_MRI_Rating_SE_RE,2021.2.3,60.0058567279811,
1,0,1,-1,-1,2,-1,1,0,,,,,0,0,0,0,0,49,49,31,0,0,0,0,,,,,,,,,0,0,0,0,,,,,,,,,,,,,,,,,1,-1,,,0,,,,,,,0.9965336999999863,-0.003466300000013689,353.31664669979364,None,,347.30835780035704,None,347.30835780035704,None,349.3172586001456,None,19.37201567301229,2,1,351.31747370027006,None,None,351.31747370027006,None,,Sub013,001,2022_May_26_1439,2_1_MRI_Rating_SE_RE,2021.2.3,60.0058567279811,
1,0,1,-1,-1,2,-1,1,0,,,,,0,0,0,0,0,49,49,31,0,0,0,0,,,,,,,,,,,,,,,,,,,,,,,,,,,,,1,-1,,,0,,,,,,,,,,,,,,,,,,,,1,,,,,,,Sub013,001,2022_May_26_1439,2_1_MRI_Rating_SE_RE,2021.2.3,60.0058567279811,
1,0,1,-1,-1,2,-1,1,0,,,,,0,0,0,0,0,49,49,31,,,,,,,,,,,,,,,,,,,,,,,,,,,,,,,,,1,-1,,,0,,,,,,,,,,,,,,,,,,,,1,,,,,,,Sub013,001,2022_May_26_1439,2_1_MRI_Rating_SE_RE,2021.2.3,60.0058567279811,
0,1,-1,0,20,-1,3,0,1,,,,,0,0,0,0,0,50,50,87,,,,,0,0,0,0,0,0,0,0,,,,,,,,,,,,,,,,,354.32260670047253,None,356.3342989999801,None,-1,0,20,3,1,359.3347770003602,None,b,359.3347770003602,None,Extremely Unlikely,2.2431669000000056,1.2431669000000056,360.08360880054533,None,0.7295719999819994,,,,,,,,,0,,,,,,,Sub013,001,2022_May_26_1439,2_1_MRI_Rating_SE_RE,2021.2.3,60.0058567279811,
0,1,-1,0,20,-1,3,0,1,,,,,0,0,0,0,0,50,50,87,,,,,0,0,0,0,,,,,,,,,,,,,,,,,,,,,,,,,-1,0,,,1,,,,,,,,,,,,,,,,,,,,0,,,,,,,Sub013,001,2022_May_26_1439,2_1_MRI_Rating_SE_RE,2021.2.3,60.0058567279811,
0,1,-1,0,20,-1,3,0,1,,,,,0,0,0,0,0,50,50,87,,,,,,,,,,,,,,,,,,,,,,,,,,,,,,,,,-1,0,,,1,,,,,,,,,,,,,,,,,,,,0,,,,,,,Sub013,001,2022_May_26_1439,2_1_MRI_Rating_SE_RE,2021.2.3,60.0058567279811,
0,1,-1,2,80,-1,3,0,1,,,,,0,0,0,0,0,51,51,89,,,,,0,0,0,0,0,0,0,0,,,,,,,,,,,,,,,,,362.339268299751,None,364.3512637000531,None,-1,2,80,3,1,367.35061080008745,None,r,367.35061080008745,None,Extremely Likely,2.2433652999999936,1.2433652999999936,368.1008182000369,None,0.7266404991969466,,,,,,,,,0,,,,,,,Sub013,001,2022_May_26_1439,2_1_MRI_Rating_SE_RE,2021.2.3,60.0058567279811,
0,1,-1,2,80,-1,3,0,1,,,,,0,0,0,0,0,51,51,89,,,,,0,0,0,0,,,,,,,,,,,,,,,,,,,,,,,,,-1,2,,,1,,,,,,,,,,,,,,,,,,,,0,,,,,,,Sub013,001,2022_May_26_1439,2_1_MRI_Rating_SE_RE,2021.2.3,60.0058567279811,
0,1,-1,2,80,-1,3,0,1,,,,,0,0,0,0,0,51,51,89,,,,,,,,,,,,,,,,,,,,,,,,,,,,,,,,,-1,2,,,1,,,,,,,,,,,,,,,,,,,,0,,,,,,,Sub013,001,2022_May_26_1439,2_1_MRI_Rating_SE_RE,2021.2.3,60.0058567279811,
1,0,0,-1,-1,1,-1,1,0,,,,,0,0,0,0,0,52,52,36,0,0,0,0,,,,,,,,,0,0,0,0,,,,,,,,,,,,,,,,,0,-1,,,0,,,,,,Extremely Unlikely,2.445327099999986,1.4453270999999859,373.9176026005298,None,,370.36076209973544,None,370.36076209973544,None,372.36811459995806,None,7.274917079279487,1,1,373.36829670052975,None,b,373.36829670052975,None,0.5249100001528859,Sub013,001,2022_May_26_1439,2_1_MRI_Rating_SE_RE,2021.2.3,60.0058567279811,
1,0,0,-1,-1,1,-1,1,0,,,,,0,0,0,0,0,52,52,36,0,0,0,0,,,,,,,,,,,,,,,,,,,,,,,,,,,,,0,-1,,,0,,,,,,,,,,,,,,,,,,,,1,,,,,,,Sub013,001,2022_May_26_1439,2_1_MRI_Rating_SE_RE,2021.2.3,60.0058567279811,
1,0,0,-1,-1,1,-1,1,0,,,,,0,0,0,0,0,52,52,36,,,,,,,,,,,,,,,,,,,,,,,,,,,,,,,,,0,-1,,,0,,,,,,,,,,,,,,,,,,,,1,,,,,,,Sub013,001,2022_May_26_1439,2_1_MRI_Rating_SE_RE,2021.2.3,60.0058567279811,
1,0,2,-1,-1,3,-1,1,0,,,,,0,0,0,0,0,53,53,35,0,0,0,0,,,,,,,,,0,0,0,0,,,,,,,,,,,,,,,,,2,-1,,,0,,,,,,Slightly Likely,2.410715699999969,1.4107156999999688,381.9683301001787,None,,376.37456819973886,None,376.37456819973886,None,378.3843133999035,None,36.80826580657162,3,1,381.38558350037783,None,g,381.38558350037783,None,0.5605941005051136,Sub013,001,2022_May_26_1439,2_1_MRI_Rating_SE_RE,2021.2.3,60.0058567279811,
1,0,2,-1,-1,3,-1,1,0,,,,,0,0,0,0,0,53,53,35,0,0,0,0,,,,,,,,,,,,,,,,,,,,,,,,,,,,,2,-1,,,0,,,,,,,,,,,,,,,,,,,,1,,,,,,,Sub013,001,2022_May_26_1439,2_1_MRI_Rating_SE_RE,2021.2.3,60.0058567279811,
1,0,2,-1,-1,3,-1,1,0,,,,,0,0,0,0,0,53,53,35,,,,,,,,,,,,,,,,,,,,,,,,,,,,,,,,,2,-1,,,0,,,,,,,,,,,,,,,,,,,,1,,,,,,,Sub013,001,2022_May_26_1439,2_1_MRI_Rating_SE_RE,2021.2.3,60.0058567279811,
1,0,1,-1,-1,2,-1,1,0,,,,,0,0,0,0,0,54,54,13,0,0,0,0,,,,,,,,,0,0,0,0,,,,,,,,,,,,,,,,,1,-1,,,0,,,,,,Slightly Unlikely,2.3778586000000246,1.3778586000000246,389.0186745999381,None,,384.39212239999324,None,384.39212239999324,None,386.4014274002984,None,19.37201567301229,2,1,388.40290270000696,None,y,388.40290270000696,None,0.5965883992612362,Sub013,001,2022_May_26_1439,2_1_MRI_Rating_SE_RE,2021.2.3,60.0058567279811,
1,0,1,-1,-1,2,-1,1,0,,,,,0,0,0,0,0,54,54,13,0,0,0,0,,,,,,,,,,,,,,,,,,,,,,,,,,,,,1,-1,,,0,,,,,,,,,,,,,,,,,,,,1,,,,,,,Sub013,001,2022_May_26_1439,2_1_MRI_Rating_SE_RE,2021.2.3,60.0058567279811,
1,0,1,-1,-1,2,-1,1,0,,,,,0,0,0,0,0,54,54,13,,,,,,,,,,,,,,,,,,,,,,,,,,,,,,,,,1,-1,,,0,,,,,,,,,,,,,,,,,,,,1,,,,,,,Sub013,001,2022_May_26_1439,2_1_MRI_Rating_SE_RE,2021.2.3,60.0058567279811,
0,1,-1,2,80,-1,1,0,1,,,,,0,0,0,0,0,55,55,83,,,,,0,0,0,0,0,0,0,0,,,,,,,,,,,,,,,,,391.4077799003571,None,393.4187818998471,None,-1,2,80,1,1,394.42095089983195,None,r,394.42095089983195,None,Extremely Likely,2.2257483000000207,1.2257483000000207,395.18524449970573,None,0.7493266006931663,,,,,,,,,0,,,,,,,Sub013,001,2022_May_26_1439,2_1_MRI_Rating_SE_RE,2021.2.3,60.0058567279811,
0,1,-1,2,80,-1,1,0,1,,,,,0,0,0,0,0,55,55,83,,,,,0,0,0,0,,,,,,,,,,,,,,,,,,,,,,,,,-1,2,,,1,,,,,,,,,,,,,,,,,,,,0,,,,,,,Sub013,001,2022_May_26_1439,2_1_MRI_Rating_SE_RE,2021.2.3,60.0058567279811,
0,1,-1,2,80,-1,1,0,1,,,,,0,0,0,0,0,55,55,83,,,,,,,,,,,,,,,,,,,,,,,,,,,,,,,,,-1,2,,,1,,,,,,,,,,,,,,,,,,,,0,,,,,,,Sub013,001,2022_May_26_1439,2_1_MRI_Rating_SE_RE,2021.2.3,60.0058567279811,
0,1,-1,2,80,-1,2,0,0,,,,,0,0,0,0,0,56,56,59,,,,,0,0,0,0,,,,,,,,,,,,,,,,,,,,,397.41849429998547,None,399.4187414003536,None,-1,2,80,2,0,,,,,,,,,,,,,,,,,,,,0,,,,,,,Sub013,001,2022_May_26_1439,2_1_MRI_Rating_SE_RE,2021.2.3,60.0058567279811,
0,1,-1,2,80,-1,2,0,0,,,,,0,0,0,0,0,56,56,59,,,,,,,,,,,,,,,,,,,,,,,,,,,,,,,,,-1,2,,,0,,,,,,,,,,,,,,,,,,,,0,,,,,,,Sub013,001,2022_May_26_1439,2_1_MRI_Rating_SE_RE,2021.2.3,60.0058567279811,
1,0,2,-1,-1,3,-1,1,0,,,,,0,0,0,0,0,57,57,26,0,0,0,0,,,,,,,,,0,0,0,0,,,,,,,,,,,,,,,,,2,-1,,,0,,,,,,Slightly Likely,2.336887700000034,1.3368877000000339,407.0860056001693,None,,401.4195795003325,None,401.4195795003325,None,403.4193935999647,None,36.80826580657162,3,1,406.42264600005,None,g,406.42264600005,None,0.6344991996884346,Sub013,001,2022_May_26_1439,2_1_MRI_Rating_SE_RE,2021.2.3,60.0058567279811,
1,0,2,-1,-1,3,-1,1,0,,,,,0,0,0,0,0,57,57,26,0,0,0,0,,,,,,,,,,,,,,,,,,,,,,,,,,,,,2,-1,,,0,,,,,,,,,,,,,,,,,,,,1,,,,,,,Sub013,001,2022_May_26_1439,2_1_MRI_Rating_SE_RE,2021.2.3,60.0058567279811,
1,0,2,-1,-1,3,-1,1,0,,,,,0,0,0,0,0,57,57,26,,,,,,,,,,,,,,,,,,,,,,,,,,,,,,,,,2,-1,,,0,,,,,,,,,,,,,,,,,,,,1,,,,,,,Sub013,001,2022_May_26_1439,2_1_MRI_Rating_SE_RE,2021.2.3,60.0058567279811,
1,0,2,-1,-1,2,-1,0,0,,,,,0,0,0,0,0,58,58,16,0,0,0,0,,,,,,,,,,,,,,,,,,,,,,,,,,,,,2,-1,,,0,,,,,,,,,,,,409.44289579987526,None,409.44289579987526,None,411.4525583004579,None,36.80826580657162,2,0,,,,,,,Sub013,001,2022_May_26_1439,2_1_MRI_Rating_SE_RE,2021.2.3,60.0058567279811,
1,0,2,-1,-1,2,-1,0,0,,,,,0,0,0,0,0,58,58,16,,,,,,,,,,,,,,,,,,,,,,,,,,,,,,,,,2,-1,,,0,,,,,,,,,,,,,,,,,,,,0,,,,,,,Sub013,001,2022_May_26_1439,2_1_MRI_Rating_SE_RE,2021.2.3,60.0058567279811,
1,0,2,-1,-1,1,-1,1,0,,,,,0,0,0,0,0,59,59,15,0,0,0,0,,,,,,,,,0,0,0,0,,,,,,,,,,,,,,,,,2,-1,,,0,,,,,,Slightly Likely,2.341435699999977,1.3414356999999768,417.1197113003582,None,,413.4545897003263,None,413.4545897003263,None,415.46959059964865,None,36.80826580657162,1,1,416.4702217997983,None,g,416.4702217997983,None,0.6189011000096798,Sub013,001,2022_May_26_1439,2_1_MRI_Rating_SE_RE,2021.2.3,60.0058567279811,
1,0,2,-1,-1,1,-1,1,0,,,,,0,0,0,0,0,59,59,15,0,0,0,0,,,,,,,,,,,,,,,,,,,,,,,,,,,,,2,-1,,,0,,,,,,,,,,,,,,,,,,,,1,,,,,,,Sub013,001,2022_May_26_1439,2_1_MRI_Rating_SE_RE,2021.2.3,60.0058567279811,
1,0,2,-1,-1,1,-1,1,0,,,,,0,0,0,0,0,59,59,15,,,,,,,,,,,,,,,,,,,,,,,,,,,,,,,,,2,-1,,,0,,,,,,,,,,,,,,,,,,,,1,,,,,,,Sub013,001,2022_May_26_1439,2_1_MRI_Rating_SE_RE,2021.2.3,60.0058567279811,
0,1,-1,0,20,-1,1,0,1,,,,,0,0,0,0,0,60,60,72,,,,,0,0,0,0,0,0,0,0,,,,,,,,,,,,,,,,,419.4758830005303,None,421.4869863996282,None,-1,0,20,1,1,422.48671650048345,None,b,422.48671650048345,None,Extremely Unlikely,1.7445989000000282,0.7445989000000282,423.73607179988176,None,1.2223949003964663,,,,,,,,,0,,,,,,,Sub013,001,2022_May_26_1439,2_1_MRI_Rating_SE_RE,2021.2.3,60.0058567279811,
0,1,-1,0,20,-1,1,0,1,,,,,0,0,0,0,0,60,60,72,,,,,0,0,0,0,,,,,,,,,,,,,,,,,,,,,,,,,-1,0,,,1,,,,,,,,,,,,,,,,,,,,0,,,,,,,Sub013,001,2022_May_26_1439,2_1_MRI_Rating_SE_RE,2021.2.3,60.0058567279811,
0,1,-1,0,20,-1,1,0,1,,,,,0,0,0,0,0,60,60,72,,,,,,,,,,,,,,,,,,,,,,,,,,,,,,,,,-1,0,,,1,,,,,,,,,,,,,,,,,,,,0,,,,,,,Sub013,001,2022_May_26_1439,2_1_MRI_Rating_SE_RE,2021.2.3,60.0058567279811,
1,0,2,-1,-1,1,-1,0,0,,,,,0,0,0,0,0,61,61,6,0,0,0,0,,,,,,,,,,,,,,,,,,,,,,,,,,,,,2,-1,,,0,,,,,,,,,,,,425.4927086001262,None,425.4927086001262,None,427.5030730003491,None,36.80826580657162,1,0,,,,,,,Sub013,001,2022_May_26_1439,2_1_MRI_Rating_SE_RE,2021.2.3,60.0058567279811,
1,0,2,-1,-1,1,-1,0,0,,,,,0,0,0,0,0,61,61,6,,,,,,,,,,,,,,,,,,,,,,,,,,,,,,,,,2,-1,,,0,,,,,,,,,,,,,,,,,,,,0,,,,,,,Sub013,001,2022_May_26_1439,2_1_MRI_Rating_SE_RE,2021.2.3,60.0058567279811,
1,0,0,-1,-1,2,-1,1,0,,,,,0,0,0,0,0,62,62,28,0,0,0,0,,,,,,,,,0,0,0,0,,,,,,,,,,,,,,,,,0,-1,,,0,,,,,,Extremely Unlikely,2.473161799999957,1.4731617999999571,433.03675850015134,None,,428.5052009001374,None,428.5052009001374,None,430.5200490001589,None,7.274917079279487,2,1,432.52255770005286,None,b,432.52255770005286,None,0.48655130062252283,Sub013,001,2022_May_26_1439,2_1_MRI_Rating_SE_RE,2021.2.3,60.0058567279811,
1,0,0,-1,-1,2,-1,1,0,,,,,0,0,0,0,0,62,62,28,0,0,0,0,,,,,,,,,,,,,,,,,,,,,,,,,,,,,0,-1,,,0,,,,,,,,,,,,,,,,,,,,1,,,,,,,Sub013,001,2022_May_26_1439,2_1_MRI_Rating_SE_RE,2021.2.3,60.0058567279811,
1,0,0,-1,-1,2,-1,1,0,,,,,0,0,0,0,0,62,62,28,,,,,,,,,,,,,,,,,,,,,,,,,,,,,,,,,0,-1,,,0,,,,,,,,,,,,,,,,,,,,1,,,,,,,Sub013,001,2022_May_26_1439,2_1_MRI_Rating_SE_RE,2021.2.3,60.0058567279811,
1,0,0,-1,-1,3,-1,1,0,,,,,0,0,0,0,0,63,63,38,0,0,0,0,,,,,,,,,0,0,0,0,,,,,,,,,,,,,,,,,0,-1,,,0,,,,,,Extremely Unlikely,1.9110072999999943,0.9110072999999943,441.62046090047807,None,,435.525581500493,None,435.525581500493,None,437.5366873005405,None,7.274917079279487,3,1,440.54026690032333,None,b,440.54026690032333,None,1.0489608999341726,Sub013,001,2022_May_26_1439,2_1_MRI_Rating_SE_RE,2021.2.3,60.0058567279811,
1,0,0,-1,-1,3,-1,1,0,,,,,0,0,0,0,0,63,63,38,0,0,0,0,,,,,,,,,,,,,,,,,,,,,,,,,,,,,0,-1,,,0,,,,,,,,,,,,,,,,,,,,1,,,,,,,Sub013,001,2022_May_26_1439,2_1_MRI_Rating_SE_RE,2021.2.3,60.0058567279811,
1,0,0,-1,-1,3,-1,1,0,,,,,0,0,0,0,0,63,63,38,,,,,,,,,,,,,,,,,,,,,,,,,,,,,,,,,0,-1,,,0,,,,,,,,,,,,,,,,,,,,1,,,,,,,Sub013,001,2022_May_26_1439,2_1_MRI_Rating_SE_RE,2021.2.3,60.0058567279811,
0,1,-1,2,80,-1,3,0,1,,,,,0,0,0,0,0,64,64,80,,,,,0,0,0,0,0,0,0,0,,,,,,,,,,,,,,,,,443.54580129962415,None,445.5539683997631,None,-1,2,80,3,1,448.55742650013417,None,r,448.55742650013417,None,Extremely Likely,2.2296097999999915,1.2296097999999915,449.32050739973783,None,0.7386909993365407,,,,,,,,,0,,,,,,,Sub013,001,2022_May_26_1439,2_1_MRI_Rating_SE_RE,2021.2.3,60.0058567279811,
0,1,-1,2,80,-1,3,0,1,,,,,0,0,0,0,0,64,64,80,,,,,0,0,0,0,,,,,,,,,,,,,,,,,,,,,,,,,-1,2,,,1,,,,,,,,,,,,,,,,,,,,0,,,,,,,Sub013,001,2022_May_26_1439,2_1_MRI_Rating_SE_RE,2021.2.3,60.0058567279811,
0,1,-1,2,80,-1,3,0,1,,,,,0,0,0,0,0,64,64,80,,,,,,,,,,,,,,,,,,,,,,,,,,,,,,,,,-1,2,,,1,,,,,,,,,,,,,,,,,,,,0,,,,,,,Sub013,001,2022_May_26_1439,2_1_MRI_Rating_SE_RE,2021.2.3,60.0058567279811,
0,1,-1,1,50,-1,2,0,1,,,,,0,0,0,0,0,65,65,67,,,,,0,0,0,0,0,0,0,0,,,,,,,,,,,,,,,,,451.55966870021075,None,453.5707751996815,None,-1,1,50,2,1,455.57145840022713,None,g,455.57145840022713,None,Slightly Likely,2.426744900000017,1.426744900000017,456.1377555998042,None,0.5487155998125672,,,,,,,,,0,,,,,,,Sub013,001,2022_May_26_1439,2_1_MRI_Rating_SE_RE,2021.2.3,60.0058567279811,
0,1,-1,1,50,-1,2,0,1,,,,,0,0,0,0,0,65,65,67,,,,,0,0,0,0,,,,,,,,,,,,,,,,,,,,,,,,,-1,1,,,1,,,,,,,,,,,,,,,,,,,,0,,,,,,,Sub013,001,2022_May_26_1439,2_1_MRI_Rating_SE_RE,2021.2.3,60.0058567279811,
0,1,-1,1,50,-1,2,0,1,,,,,0,0,0,0,0,65,65,67,,,,,,,,,,,,,,,,,,,,,,,,,,,,,,,,,-1,1,,,1,,,,,,,,,,,,,,,,,,,,0,,,,,,,Sub013,001,2022_May_26_1439,2_1_MRI_Rating_SE_RE,2021.2.3,60.0058567279811,
1,0,1,-1,-1,3,-1,1,0,,,,,0,0,0,0,0,66,66,41,0,0,0,0,,,,,,,,,0,0,0,0,,,,,,,,,,,,,,,,,1,-1,,,0,,,,,,Slightly Unlikely,1.7458961000000386,0.7458961000000386,464.8383486997336,None,,458.5789769003168,None,458.5789769003168,None,460.5876235999167,None,19.37201567301229,3,1,463.5898262001574,None,y,463.5898262001574,None,1.220449699088931,Sub013,001,2022_May_26_1439,2_1_MRI_Rating_SE_RE,2021.2.3,60.0058567279811,
1,0,1,-1,-1,3,-1,1,0,,,,,0,0,0,0,0,66,66,41,0,0,0,0,,,,,,,,,,,,,,,,,,,,,,,,,,,,,1,-1,,,0,,,,,,,,,,,,,,,,,,,,1,,,,,,,Sub013,001,2022_May_26_1439,2_1_MRI_Rating_SE_RE,2021.2.3,60.0058567279811,
1,0,1,-1,-1,3,-1,1,0,,,,,0,0,0,0,0,66,66,41,,,,,,,,,,,,,,,,,,,,,,,,,,,,,,,,,1,-1,,,0,,,,,,,,,,,,,,,,,,,,1,,,,,,,Sub013,001,2022_May_26_1439,2_1_MRI_Rating_SE_RE,2021.2.3,60.0058567279811,
0,1,-1,2,80,-1,1,0,1,,,,,0,0,0,0,0,67,67,56,,,,,0,0,0,0,0,0,0,0,,,,,,,,,,,,,,,,,466.5965360002592,None,468.6050976999104,None,-1,2,80,1,1,469.60494290012866,None,r,469.60494290012866,None,Extremely Likely,2.431036900000038,1.4310369000000378,470.1712619001046,None,0.5511822998523712,,,,,,,,,0,,,,,,,Sub013,001,2022_May_26_1439,2_1_MRI_Rating_SE_RE,2021.2.3,60.0058567279811,
0,1,-1,2,80,-1,1,0,1,,,,,0,0,0,0,0,67,67,56,,,,,0,0,0,0,,,,,,,,,,,,,,,,,,,,,,,,,-1,2,,,1,,,,,,,,,,,,,,,,,,,,0,,,,,,,Sub013,001,2022_May_26_1439,2_1_MRI_Rating_SE_RE,2021.2.3,60.0058567279811,
0,1,-1,2,80,-1,1,0,1,,,,,0,0,0,0,0,67,67,56,,,,,,,,,,,,,,,,,,,,,,,,,,,,,,,,,-1,2,,,1,,,,,,,,,,,,,,,,,,,,0,,,,,,,Sub013,001,2022_May_26_1439,2_1_MRI_Rating_SE_RE,2021.2.3,60.0058567279811,
1,0,1,-1,-1,3,-1,0,0,,,,,0,0,0,0,0,68,68,14,0,0,0,0,,,,,,,,,,,,,,,,,,,,,,,,,,,,,1,-1,,,0,,,,,,,,,,,,472.6097787003964,None,472.6097787003964,None,474.6218934999779,None,19.37201567301229,3,0,,,,,,,Sub013,001,2022_May_26_1439,2_1_MRI_Rating_SE_RE,2021.2.3,60.0058567279811,
1,0,1,-1,-1,3,-1,0,0,,,,,0,0,0,0,0,68,68,14,,,,,,,,,,,,,,,,,,,,,,,,,,,,,,,,,1,-1,,,0,,,,,,,,,,,,,,,,,,,,0,,,,,,,Sub013,001,2022_May_26_1439,2_1_MRI_Rating_SE_RE,2021.2.3,60.0058567279811,
1,0,2,-1,-1,3,-1,0,0,,,,,0,0,0,0,0,69,69,8,0,0,0,0,,,,,,,,,,,,,,,,,,,,,,,,,,,,,2,-1,,,0,,,,,,,,,,,,477.62548870034516,None,477.62548870034516,None,479.63854049984366,None,36.80826580657162,3,0,,,,,,,Sub013,001,2022_May_26_1439,2_1_MRI_Rating_SE_RE,2021.2.3,60.0058567279811,
1,0,2,-1,-1,3,-1,0,0,,,,,0,0,0,0,0,69,69,8,,,,,,,,,,,,,,,,,,,,,,,,,,,,,,,,,2,-1,,,0,,,,,,,,,,,,,,,,,,,,0,,,,,,,Sub013,001,2022_May_26_1439,2_1_MRI_Rating_SE_RE,2021.2.3,60.0058567279811,
1,0,0,-1,-1,2,-1,0,0,,,,,0,0,0,0,0,70,70,1,0,0,0,0,,,,,,,,,,,,,,,,,,,,,,,,,,,,,0,-1,,,0,,,,,,,,,,,,482.6406500004232,None,482.6406500004232,None,484.655221500434,None,7.274917079279487,2,0,,,,,,,Sub013,001,2022_May_26_1439,2_1_MRI_Rating_SE_RE,2021.2.3,60.0058567279811,
1,0,0,-1,-1,2,-1,0,0,,,,,0,0,0,0,0,70,70,1,,,,,,,,,,,,,,,,,,,,,,,,,,,,,,,,,0,-1,,,0,,,,,,,,,,,,,,,,,,,,0,,,,,,,Sub013,001,2022_May_26_1439,2_1_MRI_Rating_SE_RE,2021.2.3,60.0058567279811,
0,1,-1,1,50,-1,3,0,1,,,,,0,0,0,0,0,71,71,70,,,,,0,0,0,0,0,0,0,0,,,,,,,,,,,,,,,,,486.6565792998299,None,488.672391500324,None,-1,1,50,3,1,491.6739998003468,None,g,491.6739998003468,None,Slightly Likely,2.171695600000021,1.171695600000021,492.4885457996279,None,0.7840922996401787,,,,,,,,,0,,,,,,,Sub013,001,2022_May_26_1439,2_1_MRI_Rating_SE_RE,2021.2.3,60.0058567279811,
0,1,-1,1,50,-1,3,0,1,,,,,0,0,0,0,0,71,71,70,,,,,0,0,0,0,,,,,,,,,,,,,,,,,,,,,,,,,-1,1,,,1,,,,,,,,,,,,,,,,,,,,0,,,,,,,Sub013,001,2022_May_26_1439,2_1_MRI_Rating_SE_RE,2021.2.3,60.0058567279811,
0,1,-1,1,50,-1,3,0,1,,,,,0,0,0,0,0,71,71,70,,,,,,,,,,,,,,,,,,,,,,,,,,,,,,,,,-1,1,,,1,,,,,,,,,,,,,,,,,,,,0,,,,,,,Sub013,001,2022_May_26_1439,2_1_MRI_Rating_SE_RE,2021.2.3,60.0058567279811,
0,1,-1,0,20,-1,1,0,0,,,,,0,0,0,0,0,72,72,54,,,,,0,0,0,0,,,,,,,,,,,,,,,,,,,,,494.67844239994884,None,496.68951310031116,None,-1,0,20,1,0,,,,,,,,,,,,,,,,,,,,0,,,,,,,Sub013,001,2022_May_26_1439,2_1_MRI_Rating_SE_RE,2021.2.3,60.0058567279811,
0,1,-1,0,20,-1,1,0,0,,,,,0,0,0,0,0,72,72,54,,,,,,,,,,,,,,,,,,,,,,,,,,,,,,,,,-1,0,,,0,,,,,,,,,,,,,,,,,,,,0,,,,,,,Sub013,001,2022_May_26_1439,2_1_MRI_Rating_SE_RE,2021.2.3,60.0058567279811,
1,0,1,-1,-1,1,-1,0,0,,,,,0,0,0,0,0,73,73,3,0,0,0,0,,,,,,,,,,,,,,,,,,,,,,,,,,,,,1,-1,,,0,,,,,,,,,,,,497.6895526004955,None,497.6895526004955,None,499.6897515002638,None,19.37201567301229,1,0,,,,,,,Sub013,001,2022_May_26_1439,2_1_MRI_Rating_SE_RE,2021.2.3,60.0058567279811,
1,0,1,-1,-1,1,-1,0,0,,,,,0,0,0,0,0,73,73,3,,,,,,,,,,,,,,,,,,,,,,,,,,,,,,,,,1,-1,,,0,,,,,,,,,,,,,,,,,,,,0,,,,,,,Sub013,001,2022_May_26_1439,2_1_MRI_Rating_SE_RE,2021.2.3,60.0058567279811,
0,1,-1,1,50,-1,1,0,0,,,,,0,0,0,0,0,74,74,46,,,,,0,0,0,0,,,,,,,,,,,,,,,,,,,,,500.6944492002949,None,502.7061491999775,None,-1,1,50,1,0,,,,,,,,,,,,,,,,,,,,0,,,,,,,Sub013,001,2022_May_26_1439,2_1_MRI_Rating_SE_RE,2021.2.3,60.0058567279811,
0,1,-1,1,50,-1,1,0,0,,,,,0,0,0,0,0,74,74,46,,,,,,,,,,,,,,,,,,,,,,,,,,,,,,,,,-1,1,,,0,,,,,,,,,,,,,,,,,,,,0,,,,,,,Sub013,001,2022_May_26_1439,2_1_MRI_Rating_SE_RE,2021.2.3,60.0058567279811,
0,1,-1,0,20,-1,1,0,1,,,,,0,0,0,0,0,75,75,63,,,,,0,0,0,0,0,0,0,0,,,,,,,,,,,,,,,,,503.7068836996332,None,505.70656939968467,None,-1,0,20,1,1,506.708320800215,None,b,506.708320800215,None,Extremely Unlikely,2.08742239999998,1.08742239999998,507.6225864002481,None,0.8966339007019997,,,,,,,,,0,,,,,,,Sub013,001,2022_May_26_1439,2_1_MRI_Rating_SE_RE,2021.2.3,60.0058567279811,
0,1,-1,0,20,-1,1,0,1,,,,,0,0,0,0,0,75,75,63,,,,,0,0,0,0,,,,,,,,,,,,,,,,,,,,,,,,,-1,0,,,1,,,,,,,,,,,,,,,,,,,,0,,,,,,,Sub013,001,2022_May_26_1439,2_1_MRI_Rating_SE_RE,2021.2.3,60.0058567279811,
0,1,-1,0,20,-1,1,0,1,,,,,0,0,0,0,0,75,75,63,,,,,,,,,,,,,,,,,,,,,,,,,,,,,,,,,-1,0,,,1,,,,,,,,,,,,,,,,,,,,0,,,,,,,Sub013,001,2022_May_26_1439,2_1_MRI_Rating_SE_RE,2021.2.3,60.0058567279811,
1,0,1,-1,-1,2,-1,0,0,,,,,0,0,0,0,0,76,76,4,0,0,0,0,,,,,,,,,,,,,,,,,,,,,,,,,,,,,1,-1,,,0,,,,,,,,,,,,509.7331486996263,None,509.7331486996263,None,511.7397117000073,None,19.37201567301229,2,0,,,,,,,Sub013,001,2022_May_26_1439,2_1_MRI_Rating_SE_RE,2021.2.3,60.0058567279811,
1,0,1,-1,-1,2,-1,0,0,,,,,0,0,0,0,0,76,76,4,,,,,,,,,,,,,,,,,,,,,,,,,,,,,,,,,1,-1,,,0,,,,,,,,,,,,,,,,,,,,0,,,,,,,Sub013,001,2022_May_26_1439,2_1_MRI_Rating_SE_RE,2021.2.3,60.0058567279811,
0,1,-1,1,50,-1,3,0,0,,,,,0,0,0,0,0,77,77,52,,,,,0,0,0,0,,,,,,,,,,,,,,,,,,,,,513.7409284003079,None,515.756703699939,None,-1,1,50,3,0,,,,,,,,,,,,,,,,,,,,0,,,,,,,Sub013,001,2022_May_26_1439,2_1_MRI_Rating_SE_RE,2021.2.3,60.0058567279811,
0,1,-1,1,50,-1,3,0,0,,,,,0,0,0,0,0,77,77,52,,,,,,,,,,,,,,,,,,,,,,,,,,,,,,,,,-1,1,,,0,,,,,,,,,,,,,,,,,,,,0,,,,,,,Sub013,001,2022_May_26_1439,2_1_MRI_Rating_SE_RE,2021.2.3,60.0058567279811,
1,0,1,-1,-1,2,-1,1,0,,,,,0,0,0,0,0,78,78,22,0,0,0,0,,,,,,,,,0,0,0,0,,,,,,,,,,,,,,,,,1,-1,,,0,,,,,,Slightly Unlikely,1.8722036000000344,0.8722036000000344,523.8900538999587,None,,518.759271199815,None,518.759271199815,None,520.7732819998637,None,19.37201567301229,2,1,522.7738604005426,None,y,522.7738604005426,None,1.0922062005847692,Sub013,001,2022_May_26_1439,2_1_MRI_Rating_SE_RE,2021.2.3,60.0058567279811,
1,0,1,-1,-1,2,-1,1,0,,,,,0,0,0,0,0,78,78,22,0,0,0,0,,,,,,,,,,,,,,,,,,,,,,,,,,,,,1,-1,,,0,,,,,,,,,,,,,,,,,,,,1,,,,,,,Sub013,001,2022_May_26_1439,2_1_MRI_Rating_SE_RE,2021.2.3,60.0058567279811,
1,0,1,-1,-1,2,-1,1,0,,,,,0,0,0,0,0,78,78,22,,,,,,,,,,,,,,,,,,,,,,,,,,,,,,,,,1,-1,,,0,,,,,,,,,,,,,,,,,,,,1,,,,,,,Sub013,001,2022_May_26_1439,2_1_MRI_Rating_SE_RE,2021.2.3,60.0058567279811,
0,1,-1,0,20,-1,2,0,0,,,,,0,0,0,0,0,79,79,57,,,,,0,0,0,0,,,,,,,,,,,,,,,,,,,,,525.7806112999097,None,527.7903415998444,None,-1,0,20,2,0,,,,,,,,,,,,,,,,,,,,0,,,,,,,Sub013,001,2022_May_26_1439,2_1_MRI_Rating_SE_RE,2021.2.3,60.0058567279811,
0,1,-1,0,20,-1,2,0,0,,,,,0,0,0,0,0,79,79,57,,,,,,,,,,,,,,,,,,,,,,,,,,,,,,,,,-1,0,,,0,,,,,,,,,,,,,,,,,,,,0,,,,,,,Sub013,001,2022_May_26_1439,2_1_MRI_Rating_SE_RE,2021.2.3,60.0058567279811,
1,0,2,-1,-1,2,-1,1,0,,,,,0,0,0,0,0,80,80,34,0,0,0,0,,,,,,,,,0,0,0,0,,,,,,,,,,,,,,,,,2,-1,,,0,,,,,,Slightly Likely,2.2228201000000354,1.2228201000000354,534.5737762004137,None,,529.7965350998566,None,529.7965350998566,None,531.8072364004329,None,36.80826580657162,2,1,533.8089102003723,None,g,533.8089102003723,None,0.7351190000772476,Sub013,001,2022_May_26_1439,2_1_MRI_Rating_SE_RE,2021.2.3,60.0058567279811,
1,0,2,-1,-1,2,-1,1,0,,,,,0,0,0,0,0,80,80,34,0,0,0,0,,,,,,,,,,,,,,,,,,,,,,,,,,,,,2,-1,,,0,,,,,,,,,,,,,,,,,,,,1,,,,,,,Sub013,001,2022_May_26_1439,2_1_MRI_Rating_SE_RE,2021.2.3,60.0058567279811,
1,0,2,-1,-1,2,-1,1,0,,,,,0,0,0,0,0,80,80,34,,,,,,,,,,,,,,,,,,,,,,,,,,,,,,,,,2,-1,,,0,,,,,,,,,,,,,,,,,,,,1,,,,,,,Sub013,001,2022_May_26_1439,2_1_MRI_Rating_SE_RE,2021.2.3,60.0058567279811,
0,1,-1,0,20,-1,3,0,1,,,,,0,0,0,0,0,81,81,78,,,,,0,0,0,0,0,0,0,0,,,,,,,,,,,,,,,,,536.815218700096,None,538.82389540039,None,-1,0,20,3,1,541.8248196998611,None,b,541.8248196998611,None,Extremely Unlikely,2.3970589000000473,1.3970589000000473,542.4244736004621,None,0.5752412006258965,,,,,,,,,0,,,,,,,Sub013,001,2022_May_26_1439,2_1_MRI_Rating_SE_RE,2021.2.3,60.0058567279811,
0,1,-1,0,20,-1,3,0,1,,,,,0,0,0,0,0,81,81,78,,,,,0,0,0,0,,,,,,,,,,,,,,,,,,,,,,,,,-1,0,,,1,,,,,,,,,,,,,,,,,,,,0,,,,,,,Sub013,001,2022_May_26_1439,2_1_MRI_Rating_SE_RE,2021.2.3,60.0058567279811,
0,1,-1,0,20,-1,3,0,1,,,,,0,0,0,0,0,81,81,78,,,,,,,,,,,,,,,,,,,,,,,,,,,,,,,,,-1,0,,,1,,,,,,,,,,,,,,,,,,,,0,,,,,,,Sub013,001,2022_May_26_1439,2_1_MRI_Rating_SE_RE,2021.2.3,60.0058567279811,
1,0,1,-1,-1,2,-1,1,0,,,,,0,0,0,0,0,82,82,40,0,0,0,0,,,,,,,,,0,0,0,0,,,,,,,,,,,,,,,,,1,-1,,,0,,,,,,Slightly Unlikely,2.2297472999999854,1.2297472999999854,549.6074585001916,None,,544.8332949997857,None,544.8332949997857,None,546.8407798996195,None,19.37201567301229,2,1,548.8422899004072,None,y,548.8422899004072,None,0.7479782998561859,Sub013,001,2022_May_26_1439,2_1_MRI_Rating_SE_RE,2021.2.3,60.0058567279811,
1,0,1,-1,-1,2,-1,1,0,,,,,0,0,0,0,0,82,82,40,0,0,0,0,,,,,,,,,,,,,,,,,,,,,,,,,,,,,1,-1,,,0,,,,,,,,,,,,,,,,,,,,1,,,,,,,Sub013,001,2022_May_26_1439,2_1_MRI_Rating_SE_RE,2021.2.3,60.0058567279811,
1,0,1,-1,-1,2,-1,1,0,,,,,0,0,0,0,0,82,82,40,,,,,,,,,,,,,,,,,,,,,,,,,,,,,,,,,1,-1,,,0,,,,,,,,,,,,,,,,,,,,1,,,,,,,Sub013,001,2022_May_26_1439,2_1_MRI_Rating_SE_RE,2021.2.3,60.0058567279811,
0,1,-1,2,80,-1,1,0,1,,,,,0,0,0,0,0,83,83,65,,,,,0,0,0,0,0,0,0,0,,,,,,,,,,,,,,,,,551.8490120004863,None,553.8581605004147,None,-1,2,80,1,1,554.8730865996331,None,r,554.8730865996331,None,Extremely Likely,2.1271421000000146,1.1271421000000146,555.7246519001201,None,0.826982400380075,,,,,,,,,0,,,,,,,Sub013,001,2022_May_26_1439,2_1_MRI_Rating_SE_RE,2021.2.3,60.0058567279811,
0,1,-1,2,80,-1,1,0,1,,,,,0,0,0,0,0,83,83,65,,,,,0,0,0,0,,,,,,,,,,,,,,,,,,,,,,,,,-1,2,,,1,,,,,,,,,,,,,,,,,,,,0,,,,,,,Sub013,001,2022_May_26_1439,2_1_MRI_Rating_SE_RE,2021.2.3,60.0058567279811,
0,1,-1,2,80,-1,1,0,1,,,,,0,0,0,0,0,83,83,65,,,,,,,,,,,,,,,,,,,,,,,,,,,,,,,,,-1,2,,,1,,,,,,,,,,,,,,,,,,,,0,,,,,,,Sub013,001,2022_May_26_1439,2_1_MRI_Rating_SE_RE,2021.2.3,60.0058567279811,
0,1,-1,2,80,-1,1,0,0,,,,,0,0,0,0,0,84,84,47,,,,,0,0,0,0,,,,,,,,,,,,,,,,,,,,,557.8628521002829,None,559.874810599722,None,-1,2,80,1,0,,,,,,,,,,,,,,,,,,,,0,,,,,,,Sub013,001,2022_May_26_1439,2_1_MRI_Rating_SE_RE,2021.2.3,60.0058567279811,
0,1,-1,2,80,-1,1,0,0,,,,,0,0,0,0,0,84,84,47,,,,,,,,,,,,,,,,,,,,,,,,,,,,,,,,,-1,2,,,0,,,,,,,,,,,,,,,,,,,,0,,,,,,,Sub013,001,2022_May_26_1439,2_1_MRI_Rating_SE_RE,2021.2.3,60.0058567279811,
0,1,-1,1,50,-1,2,0,0,,,,,0,0,0,0,0,85,85,49,,,,,0,0,0,0,,,,,,,,,,,,,,,,,,,,,560.8753030998632,None,562.8749575996771,None,-1,1,50,2,0,,,,,,,,,,,,,,,,,,,,0,,,,,,,Sub013,001,2022_May_26_1439,2_1_MRI_Rating_SE_RE,2021.2.3,60.0058567279811,
0,1,-1,1,50,-1,2,0,0,,,,,0,0,0,0,0,85,85,49,,,,,,,,,,,,,,,,,,,,,,,,,,,,,,,,,-1,1,,,0,,,,,,,,,,,,,,,,,,,,0,,,,,,,Sub013,001,2022_May_26_1439,2_1_MRI_Rating_SE_RE,2021.2.3,60.0058567279811,
0,1,-1,2,80,-1,2,0,1,,,,,0,0,0,0,0,86,86,77,,,,,0,0,0,0,0,0,0,0,,,,,,,,,,,,,,,,,564.8768197996542,None,566.8918762998655,None,-1,2,80,2,1,568.8919074004516,None,r,568.8919074004516,None,Extremely Likely,2.140034900000046,1.140034900000046,569.7415183996782,None,0.8325145002454519,,,,,,,,,0,,,,,,,Sub013,001,2022_May_26_1439,2_1_MRI_Rating_SE_RE,2021.2.3,60.0058567279811,
0,1,-1,2,80,-1,2,0,1,,,,,0,0,0,0,0,86,86,77,,,,,0,0,0,0,,,,,,,,,,,,,,,,,,,,,,,,,-1,2,,,1,,,,,,,,,,,,,,,,,,,,0,,,,,,,Sub013,001,2022_May_26_1439,2_1_MRI_Rating_SE_RE,2021.2.3,60.0058567279811,
0,1,-1,2,80,-1,2,0,1,,,,,0,0,0,0,0,86,86,77,,,,,,,,,,,,,,,,,,,,,,,,,,,,,,,,,-1,2,,,1,,,,,,,,,,,,,,,,,,,,0,,,,,,,Sub013,001,2022_May_26_1439,2_1_MRI_Rating_SE_RE,2021.2.3,60.0058567279811,
0,1,-1,1,50,-1,1,0,1,,,,,0,0,0,0,0,87,87,82,,,,,0,0,0,0,0,0,0,0,,,,,,,,,,,,,,,,,571.8976603997871,None,573.9091701004654,None,-1,1,50,1,1,574.9093361003324,None,g,574.9093361003324,None,Slightly Likely,1.761140599999976,0.7611405999999761,576.1418272005394,None,1.2176521997898817,,,,,,,,,0,,,,,,,Sub013,001,2022_May_26_1439,2_1_MRI_Rating_SE_RE,2021.2.3,60.0058567279811,
0,1,-1,1,50,-1,1,0,1,,,,,0,0,0,0,0,87,87,82,,,,,0,0,0,0,,,,,,,,,,,,,,,,,,,,,,,,,-1,1,,,1,,,,,,,,,,,,,,,,,,,,0,,,,,,,Sub013,001,2022_May_26_1439,2_1_MRI_Rating_SE_RE,2021.2.3,60.0058567279811,
0,1,-1,1,50,-1,1,0,1,,,,,0,0,0,0,0,87,87,82,,,,,,,,,,,,,,,,,,,,,,,,,,,,,,,,,-1,1,,,1,,,,,,,,,,,,,,,,,,,,0,,,,,,,Sub013,001,2022_May_26_1439,2_1_MRI_Rating_SE_RE,2021.2.3,60.0058567279811,
1,0,1,-1,-1,3,-1,0,0,,,,,0,0,0,0,0,88,88,5,0,0,0,0,,,,,,,,,,,,,,,,,,,,,,,,,,,,,1,-1,,,0,,,,,,,,,,,,577.9170225998387,None,577.9170225998387,None,579.9257067004219,None,19.37201567301229,3,0,,,,,,,Sub013,001,2022_May_26_1439,2_1_MRI_Rating_SE_RE,2021.2.3,60.0058567279811,
1,0,1,-1,-1,3,-1,0,0,,,,,0,0,0,0,0,88,88,5,,,,,,,,,,,,,,,,,,,,,,,,,,,,,,,,,1,-1,,,0,,,,,,,,,,,,,,,,,,,,0,,,,,,,Sub013,001,2022_May_26_1439,2_1_MRI_Rating_SE_RE,2021.2.3,60.0058567279811,
1,0,0,-1,-1,1,-1,1,0,,,,,0,0,0,0,0,89,89,18,0,0,0,0,,,,,,,,,0,0,0,0,,,,,,,,,,,,,,,,,0,-1,,,0,,,,,,Extremely Unlikely,2.393699500000025,1.3936995000000252,586.5424856999889,None,,582.9306719005108,None,582.9306719005108,None,584.9425101000816,None,7.274917079279487,1,1,585.9576350999996,None,b,585.9576350999996,None,0.567382900044322,Sub013,001,2022_May_26_1439,2_1_MRI_Rating_SE_RE,2021.2.3,60.0058567279811,
1,0,0,-1,-1,1,-1,1,0,,,,,0,0,0,0,0,89,89,18,0,0,0,0,,,,,,,,,,,,,,,,,,,,,,,,,,,,,0,-1,,,0,,,,,,,,,,,,,,,,,,,,1,,,,,,,Sub013,001,2022_May_26_1439,2_1_MRI_Rating_SE_RE,2021.2.3,60.0058567279811,
1,0,0,-1,-1,1,-1,1,0,,,,,0,0,0,0,0,89,89,18,,,,,,,,,,,,,,,,,,,,,,,,,,,,,,,,,0,-1,,,0,,,,,,,,,,,,,,,,,,,,1,,,,,,,Sub013,001,2022_May_26_1439,2_1_MRI_Rating_SE_RE,2021.2.3,60.0058567279811,
,,,,,,,,,,,,,0,0,0,0,,,,,,,,,,,,,,,,,,,,,,,,,,,,,,,,,,,,,,,,,,,,,,,,,,,,,,,,,,,,,,,,,,,,Sub013,001,2022_May_26_1439,2_1_MRI_Rating_SE_RE,2021.2.3,60.0058567279811,
