﻿Current_Run_SE,Current_Run_RE,current_pair,current_pair_SE,current_pair_RE,current_card_prob,ITI_SE,ITI_RE,SE_block_Q,RE_block_Q,start_MRI.thisRepN,start_MRI.thisTrialN,start_MRI.thisN,start_MRI.thisIndex,L_subjects.thisRepN,L_subjects.thisTrialN,L_subjects.thisN,L_subjects.thisIndex,runSE_RE_Block_L.thisRepN,runSE_RE_Block_L.thisTrialN,runSE_RE_Block_L.thisN,runSE_RE_Block_L.thisIndex,fMRI_trials_L.thisRepN,fMRI_trials_L.thisTrialN,fMRI_trials_L.thisN,fMRI_trials_L.thisIndex,fMRI_trials_SE_L.thisRepN,fMRI_trials_SE_L.thisTrialN,fMRI_trials_SE_L.thisN,fMRI_trials_SE_L.thisIndex,fMRI_trials_RE_L.thisRepN,fMRI_trials_RE_L.thisTrialN,fMRI_trials_RE_L.thisN,fMRI_trials_RE_L.thisIndex,Q_RE_L.thisRepN,Q_RE_L.thisTrialN,Q_RE_L.thisN,Q_RE_L.thisIndex,Q_SE_L.thisRepN,Q_SE_L.thisTrialN,Q_SE_L.thisN,Q_SE_L.thisIndex,Q_block,fMRI_center.started,fMRI_center.stopped,fMR_Instr1_text.started,fMR_Instr1_text.stopped,text_SE_7.started,text_SE_7.stopped,fMRI_instr_text.started,fMRI_instr_text.stopped,fMRI_center_2.started,fMRI_center_2.stopped,fMR_Instr2_text_2.started,fMR_Instr2_text_2.stopped,text_SE_8.started,text_SE_8.stopped,text_Q_Target.started,text_Q_Target.stopped,fMRI_center_3.started,fMRI_center_3.stopped,fMR_Instr2_text_6.started,fMR_Instr2_text_6.stopped,text_SE_10.started,text_SE_10.stopped,text_Q_Target_2.started,text_Q_Target_2.stopped,prep_fixation.started,prep_fixation.stopped,Ready_text.started,Ready_text.stopped,trigger_2.keys,trigger_2.rt,trigger_2.started,trigger_2.stopped,center_OnsetTime.started,center_OnsetTime.stopped,PairONSET_card_prob.started,PairONSET_card_prob.stopped,text_SE_9.started,text_SE_9.stopped,text_Q_Card_RE.started,text_Q_Card_RE.stopped,fixOnset_text_ISI_RE_2.started,fixOnset_text_ISI_RE_2.stopped,current_pair,current_pair_SE,current_pair_RE,target_pair,card_pair,type_Q,ISI_RE,RE_block_Q,center_OnsetTime_2.started,center_OnsetTime_2.stopped,PairONSET_card_prob_2.started,PairONSET_card_prob_2.stopped,text_SE_11.started,text_SE_11.stopped,text_Q_Target_SE.started,text_Q_Target_SE.stopped,fixOnset_text_ISI_SE_2.started,fixOnset_text_ISI_SE_2.stopped,ISI_SE,SE_block_Q,PairQuestionONSET_SE_text_L.started,PairQuestionONSET_SE_text_L.stopped,key_resp_rating_SE_L.keys,key_resp_rating_SE_L.rt,key_resp_rating_SE_L.started,key_resp_rating_SE_L.stopped,Rating_pair,current_ITI,lagTime,fixOnset_text_ITI.started,fixOnset_text_ITI.stopped,PairQuestionONSET_RE_text_L.started,PairQuestionONSET_RE_text_L.stopped,key_resp_rating_RE_L.keys,key_resp_rating_RE_L.rt,key_resp_rating_RE_L.started,key_resp_rating_RE_L.stopped,participant,session,date,expName,psychopyVersion,frameRate,
,,,,,,,,,,0,0,0,0,,,,,,,,,,,,,,,,,,,,,,,,,,,,,[1 0],12.538283500121906,None,12.538283500121906,None,12.538283500121906,None,,,,,,,,,,,,,,,,,,,,,,,,,,,,,,,,,,,,,,,,,,,,,,,,,,,,,,,,,,,,,,,,,,,,,,,,,,Sub049,001,2022_Oct_11_1523,2_2_Rating_MRI_SEREcombine_Eyetracking,2021.2.3,59.73597889897196,
0,1,5,1,2,80,0,2,0,0,,,,,0,0,0,0,0,0,0,0,0,0,0,50,,,,,0,0,0,0,,,,,,,,,,,,,,,,13.590881300158799,None,13.953069500159472,None,13.953069500159472,None,13.953069500159472,None,13.953069500159472,None,14.386478800093755,None,14.386478800093755,None,14.386478800093755,None,14.386478800093755,None,75.77371260011569,None,76.78862730017863,None,t,12.104053099872544,76.78862730017863,None,88.94345690007322,None,88.94345690007322,None,88.94345690007322,None,88.94345690007322,None,90.93955360003747,None,5,1,2,18.521736703457968,80,1,2,0,,,,,,,,,,,,0,,,,,,,,,,,,,,,,,,Sub049,001,2022_Oct_11_1523,2_2_Rating_MRI_SEREcombine_Eyetracking,2021.2.3,59.73597889897196,
0,1,5,1,2,80,0,2,0,0,,,,,0,0,0,0,0,0,0,0,0,0,0,50,,,,,,,,,,,,,,,,,,,,,,,,,,,,,,,,,,,,,,,,,,,,,,,,,,,,,,,,,,,,5,1,2,,,,,0,,,,,,,,,,,,0,,,,,,,,,,,,,,,,,,Sub049,001,2022_Oct_11_1523,2_2_Rating_MRI_SEREcombine_Eyetracking,2021.2.3,59.73597889897196,
1,0,8,2,2,80,2,0,1,0,,,,,0,0,0,0,0,0,0,0,0,1,1,35,0,0,0,0,,,,,,,,,0,0,0,0,,,,,,,,,,,,,,,,,,,,,,,,,,,,,,,,,,,,,,,,,,,,8,2,2,35.192672734101905,80,0,,0,92.9589785002172,None,92.9589785002172,None,92.9589785002172,None,92.9589785002172,None,94.95598740014248,None,2,1,96.97691810014658,None,r,0.60914699989371,96.97691810014658,None,Extremely Likely,2.35628890000001,1.3562889000000098,97.60633920016699,None,,,,,,,Sub049,001,2022_Oct_11_1523,2_2_Rating_MRI_SEREcombine_Eyetracking,2021.2.3,59.73597889897196,
1,0,8,2,2,80,2,0,1,0,,,,,0,0,0,0,0,0,0,0,0,1,1,35,0,0,0,0,,,,,,,,,,,,,,,,,,,,,,,,,,,,,,,,,,,,,,,,,,,,,,,,,,,,,,,,8,2,2,,,,,0,,,,,,,,,,,,1,,,,,,,,,,,,,,,,,,Sub049,001,2022_Oct_11_1523,2_2_Rating_MRI_SEREcombine_Eyetracking,2021.2.3,59.73597889897196,
1,0,8,2,2,80,2,0,1,0,,,,,0,0,0,0,0,0,0,0,0,1,1,35,,,,,,,,,,,,,,,,,,,,,,,,,,,,,,,,,,,,,,,,,,,,,,,,,,,,,,,,,,,,8,2,2,,,,,0,,,,,,,,,,,,1,,,,,,,,,,,,,,,,,,Sub049,001,2022_Oct_11_1523,2_2_Rating_MRI_SEREcombine_Eyetracking,2021.2.3,59.73597889897196,
1,0,7,2,1,50,1,0,1,0,,,,,0,0,0,0,0,0,0,0,0,2,2,7,0,0,0,0,,,,,,,,,0,0,0,0,,,,,,,,,,,,,,,,,,,,,,,,,,,,,,,,,,,,,,,,,,,,7,2,1,35.192672734101905,50,0,,0,100.00901110004634,None,100.00901110004634,None,100.00901110004634,None,100.00901110004634,None,101.98950190003961,None,1,1,102.98944150004536,None,r,0.8231742000207305,102.98944150004536,None,Extremely Likely,2.1751964999999984,1.1751964999999984,103.83987240004353,None,,,,,,,Sub049,001,2022_Oct_11_1523,2_2_Rating_MRI_SEREcombine_Eyetracking,2021.2.3,59.73597889897196,
1,0,7,2,1,50,1,0,1,0,,,,,0,0,0,0,0,0,0,0,0,2,2,7,0,0,0,0,,,,,,,,,,,,,,,,,,,,,,,,,,,,,,,,,,,,,,,,,,,,,,,,,,,,,,,,7,2,1,,,,,0,,,,,,,,,,,,1,,,,,,,,,,,,,,,,,,Sub049,001,2022_Oct_11_1523,2_2_Rating_MRI_SEREcombine_Eyetracking,2021.2.3,59.73597889897196,
1,0,7,2,1,50,1,0,1,0,,,,,0,0,0,0,0,0,0,0,0,2,2,7,,,,,,,,,,,,,,,,,,,,,,,,,,,,,,,,,,,,,,,,,,,,,,,,,,,,,,,,,,,,7,2,1,,,,,0,,,,,,,,,,,,1,,,,,,,,,,,,,,,,,,Sub049,001,2022_Oct_11_1523,2_2_Rating_MRI_SEREcombine_Eyetracking,2021.2.3,59.73597889897196,
1,0,0,0,0,20,2,0,0,0,,,,,0,0,0,0,0,0,0,0,0,3,3,9,0,0,0,0,,,,,,,,,,,,,,,,,,,,,,,,,,,,,,,,,,,,,,,,,,,,,,,,,,,,,,,,0,0,0,6.955605495902009,20,0,,0,106.0379466000013,None,106.0379466000013,None,106.0379466000013,None,106.0379466000013,None,108.03992140013725,None,2,0,,,,,,,,,,,,,,,,,,Sub049,001,2022_Oct_11_1523,2_2_Rating_MRI_SEREcombine_Eyetracking,2021.2.3,59.73597889897196,
1,0,0,0,0,20,2,0,0,0,,,,,0,0,0,0,0,0,0,0,0,3,3,9,,,,,,,,,,,,,,,,,,,,,,,,,,,,,,,,,,,,,,,,,,,,,,,,,,,,,,,,,,,,0,0,0,,,,,0,,,,,,,,,,,,0,,,,,,,,,,,,,,,,,,Sub049,001,2022_Oct_11_1523,2_2_Rating_MRI_SEREcombine_Eyetracking,2021.2.3,59.73597889897196,
1,0,6,2,0,20,2,0,0,0,,,,,0,0,0,0,0,0,0,0,0,4,4,15,0,0,0,0,,,,,,,,,,,,,,,,,,,,,,,,,,,,,,,,,,,,,,,,,,,,,,,,,,,,,,,,6,2,0,35.192672734101905,20,0,,0,110.0462109001819,None,110.0462109001819,None,110.0462109001819,None,110.0462109001819,None,112.05651710019447,None,2,0,,,,,,,,,,,,,,,,,,Sub049,001,2022_Oct_11_1523,2_2_Rating_MRI_SEREcombine_Eyetracking,2021.2.3,59.73597889897196,
1,0,6,2,0,20,2,0,0,0,,,,,0,0,0,0,0,0,0,0,0,4,4,15,,,,,,,,,,,,,,,,,,,,,,,,,,,,,,,,,,,,,,,,,,,,,,,,,,,,,,,,,,,,6,2,0,,,,,0,,,,,,,,,,,,0,,,,,,,,,,,,,,,,,,Sub049,001,2022_Oct_11_1523,2_2_Rating_MRI_SEREcombine_Eyetracking,2021.2.3,59.73597889897196,
0,1,1,0,1,50,0,1,0,1,,,,,0,0,0,0,0,0,0,0,0,5,5,37,,,,,0,0,0,0,0,0,0,0,,,,,,,,,,,,,,,,,,,,,,,,,,,,,,,,,,,,,,114.06453010020778,None,114.06453010020778,None,114.06453010020778,None,114.06453010020778,None,116.07339630019851,None,1,0,1,6.955605495902009,50,1,1,1,,,,,,,,,,,,0,,,,,,,Extremely Unlikely,2.529075000000006,1.529075000000006,117.5403580002021,None,117.07664470002055,None,b,0.44143799995072186,117.07664470002055,None,Sub049,001,2022_Oct_11_1523,2_2_Rating_MRI_SEREcombine_Eyetracking,2021.2.3,59.73597889897196,
0,1,1,0,1,50,0,1,0,1,,,,,0,0,0,0,0,0,0,0,0,5,5,37,,,,,0,0,0,0,,,,,,,,,,,,,,,,,,,,,,,,,,,,,,,,,,,,,,,,,,,,,,,,,,,,1,0,1,,,,,1,,,,,,,,,,,,0,,,,,,,,,,,,,,,,,,Sub049,001,2022_Oct_11_1523,2_2_Rating_MRI_SEREcombine_Eyetracking,2021.2.3,59.73597889897196,
0,1,1,0,1,50,0,1,0,1,,,,,0,0,0,0,0,0,0,0,0,5,5,37,,,,,,,,,,,,,,,,,,,,,,,,,,,,,,,,,,,,,,,,,,,,,,,,,,,,,,,,,,,,1,0,1,,,,,1,,,,,,,,,,,,0,,,,,,,,,,,,,,,,,,Sub049,001,2022_Oct_11_1523,2_2_Rating_MRI_SEREcombine_Eyetracking,2021.2.3,59.73597889897196,
1,0,8,2,2,80,1,0,1,0,,,,,0,0,0,0,0,0,0,0,0,6,6,8,0,0,0,0,,,,,,,,,0,0,0,0,,,,,,,,,,,,,,,,,,,,,,,,,,,,,,,,,,,,,,,,,,,,8,2,2,35.192672734101905,80,0,,0,120.09516740008257,None,120.09516740008257,None,120.09516740008257,None,120.09516740008257,None,122.09062980022281,None,1,1,123.0905302001629,None,r,0.5817900998517871,123.0905302001629,None,Extremely Likely,2.4112507000000107,1.4112507000000107,123.69090820010751,None,,,,,,,Sub049,001,2022_Oct_11_1523,2_2_Rating_MRI_SEREcombine_Eyetracking,2021.2.3,59.73597889897196,
1,0,8,2,2,80,1,0,1,0,,,,,0,0,0,0,0,0,0,0,0,6,6,8,0,0,0,0,,,,,,,,,,,,,,,,,,,,,,,,,,,,,,,,,,,,,,,,,,,,,,,,,,,,,,,,8,2,2,,,,,0,,,,,,,,,,,,1,,,,,,,,,,,,,,,,,,Sub049,001,2022_Oct_11_1523,2_2_Rating_MRI_SEREcombine_Eyetracking,2021.2.3,59.73597889897196,
1,0,8,2,2,80,1,0,1,0,,,,,0,0,0,0,0,0,0,0,0,6,6,8,,,,,,,,,,,,,,,,,,,,,,,,,,,,,,,,,,,,,,,,,,,,,,,,,,,,,,,,,,,,8,2,2,,,,,0,,,,,,,,,,,,1,,,,,,,,,,,,,,,,,,Sub049,001,2022_Oct_11_1523,2_2_Rating_MRI_SEREcombine_Eyetracking,2021.2.3,59.73597889897196,
1,0,1,0,1,50,2,0,1,0,,,,,0,0,0,0,0,0,0,0,0,7,7,28,0,0,0,0,,,,,,,,,0,0,0,0,,,,,,,,,,,,,,,,,,,,,,,,,,,,,,,,,,,,,,,,,,,,1,0,1,6.955605495902009,50,0,,0,126.12024260009639,None,126.12024260009639,None,126.12024260009639,None,126.12024260009639,None,128.1239341001492,None,2,1,130.12392290006392,None,b,0.38210310018621385,130.12392290006392,None,Extremely Unlikely,2.6021950999999888,1.6021950999999888,130.52393940021284,None,,,,,,,Sub049,001,2022_Oct_11_1523,2_2_Rating_MRI_SEREcombine_Eyetracking,2021.2.3,59.73597889897196,
1,0,1,0,1,50,2,0,1,0,,,,,0,0,0,0,0,0,0,0,0,7,7,28,0,0,0,0,,,,,,,,,,,,,,,,,,,,,,,,,,,,,,,,,,,,,,,,,,,,,,,,,,,,,,,,1,0,1,,,,,0,,,,,,,,,,,,1,,,,,,,,,,,,,,,,,,Sub049,001,2022_Oct_11_1523,2_2_Rating_MRI_SEREcombine_Eyetracking,2021.2.3,59.73597889897196,
1,0,1,0,1,50,2,0,1,0,,,,,0,0,0,0,0,0,0,0,0,7,7,28,,,,,,,,,,,,,,,,,,,,,,,,,,,,,,,,,,,,,,,,,,,,,,,,,,,,,,,,,,,,1,0,1,,,,,0,,,,,,,,,,,,1,,,,,,,,,,,,,,,,,,Sub049,001,2022_Oct_11_1523,2_2_Rating_MRI_SEREcombine_Eyetracking,2021.2.3,59.73597889897196,
1,0,1,0,1,50,2,0,0,0,,,,,0,0,0,0,0,0,0,0,0,8,8,10,0,0,0,0,,,,,,,,,,,,,,,,,,,,,,,,,,,,,,,,,,,,,,,,,,,,,,,,,,,,,,,,1,0,1,6.955605495902009,50,0,,0,133.1524586000014,None,133.1524586000014,None,133.1524586000014,None,133.1524586000014,None,135.15749060013331,None,2,0,,,,,,,,,,,,,,,,,,Sub049,001,2022_Oct_11_1523,2_2_Rating_MRI_SEREcombine_Eyetracking,2021.2.3,59.73597889897196,
1,0,1,0,1,50,2,0,0,0,,,,,0,0,0,0,0,0,0,0,0,8,8,10,,,,,,,,,,,,,,,,,,,,,,,,,,,,,,,,,,,,,,,,,,,,,,,,,,,,,,,,,,,,1,0,1,,,,,0,,,,,,,,,,,,0,,,,,,,,,,,,,,,,,,Sub049,001,2022_Oct_11_1523,2_2_Rating_MRI_SEREcombine_Eyetracking,2021.2.3,59.73597889897196,
1,0,8,2,2,80,2,0,0,0,,,,,0,0,0,0,0,0,0,0,0,9,9,17,0,0,0,0,,,,,,,,,,,,,,,,,,,,,,,,,,,,,,,,,,,,,,,,,,,,,,,,,,,,,,,,8,2,2,35.192672734101905,80,0,,0,137.16553540015593,None,137.16553540015593,None,137.16553540015593,None,137.16553540015593,None,139.17450920003466,None,2,0,,,,,,,,,,,,,,,,,,Sub049,001,2022_Oct_11_1523,2_2_Rating_MRI_SEREcombine_Eyetracking,2021.2.3,59.73597889897196,
1,0,8,2,2,80,2,0,0,0,,,,,0,0,0,0,0,0,0,0,0,9,9,17,,,,,,,,,,,,,,,,,,,,,,,,,,,,,,,,,,,,,,,,,,,,,,,,,,,,,,,,,,,,8,2,2,,,,,0,,,,,,,,,,,,0,,,,,,,,,,,,,,,,,,Sub049,001,2022_Oct_11_1523,2_2_Rating_MRI_SEREcombine_Eyetracking,2021.2.3,59.73597889897196,
1,0,4,1,1,50,1,0,1,0,,,,,0,0,0,0,0,0,0,0,0,10,10,4,0,0,0,0,,,,,,,,,0,0,0,0,,,,,,,,,,,,,,,,,,,,,,,,,,,,,,,,,,,,,,,,,,,,4,1,1,18.521736703457968,50,0,,0,141.1827454001177,None,141.1827454001177,None,141.1827454001177,None,141.1827454001177,None,143.1911082000006,None,1,1,144.19136960012838,None,b,0.38491719984449446,144.19136960012838,None,Extremely Unlikely,2.5804587000000083,1.5804587000000083,144.60806780005805,None,,,,,,,Sub049,001,2022_Oct_11_1523,2_2_Rating_MRI_SEREcombine_Eyetracking,2021.2.3,59.73597889897196,
1,0,4,1,1,50,1,0,1,0,,,,,0,0,0,0,0,0,0,0,0,10,10,4,0,0,0,0,,,,,,,,,,,,,,,,,,,,,,,,,,,,,,,,,,,,,,,,,,,,,,,,,,,,,,,,4,1,1,,,,,0,,,,,,,,,,,,1,,,,,,,,,,,,,,,,,,Sub049,001,2022_Oct_11_1523,2_2_Rating_MRI_SEREcombine_Eyetracking,2021.2.3,59.73597889897196,
1,0,4,1,1,50,1,0,1,0,,,,,0,0,0,0,0,0,0,0,0,10,10,4,,,,,,,,,,,,,,,,,,,,,,,,,,,,,,,,,,,,,,,,,,,,,,,,,,,,,,,,,,,,4,1,1,,,,,0,,,,,,,,,,,,1,,,,,,,,,,,,,,,,,,Sub049,001,2022_Oct_11_1523,2_2_Rating_MRI_SEREcombine_Eyetracking,2021.2.3,59.73597889897196,
0,1,6,2,0,20,0,1,0,1,,,,,0,0,0,0,0,0,0,0,0,11,11,42,,,,,0,0,0,0,0,0,0,0,,,,,,,,,,,,,,,,,,,,,,,,,,,,,,,,,,,,,,147.20828630006872,None,147.20828630006872,None,147.20828630006872,None,147.20828630006872,None,149.20808060001582,None,6,2,0,35.192672734101905,20,1,1,1,,,,,,,,,,,,0,,,,,,,Extremely Unlikely,2.4196993999999847,1.4196993999999847,150.7913779001683,None,150.21021290007047,None,b,0.5626356001012027,150.21021290007047,None,Sub049,001,2022_Oct_11_1523,2_2_Rating_MRI_SEREcombine_Eyetracking,2021.2.3,59.73597889897196,
0,1,6,2,0,20,0,1,0,1,,,,,0,0,0,0,0,0,0,0,0,11,11,42,,,,,0,0,0,0,,,,,,,,,,,,,,,,,,,,,,,,,,,,,,,,,,,,,,,,,,,,,,,,,,,,6,2,0,,,,,1,,,,,,,,,,,,0,,,,,,,,,,,,,,,,,,Sub049,001,2022_Oct_11_1523,2_2_Rating_MRI_SEREcombine_Eyetracking,2021.2.3,59.73597889897196,
0,1,6,2,0,20,0,1,0,1,,,,,0,0,0,0,0,0,0,0,0,11,11,42,,,,,,,,,,,,,,,,,,,,,,,,,,,,,,,,,,,,,,,,,,,,,,,,,,,,,,,,,,,,6,2,0,,,,,1,,,,,,,,,,,,0,,,,,,,,,,,,,,,,,,Sub049,001,2022_Oct_11_1523,2_2_Rating_MRI_SEREcombine_Eyetracking,2021.2.3,59.73597889897196,
1,0,3,1,0,20,2,0,0,0,,,,,0,0,0,0,0,0,0,0,0,12,12,12,0,0,0,0,,,,,,,,,,,,,,,,,,,,,,,,,,,,,,,,,,,,,,,,,,,,,,,,,,,,,,,,3,1,0,18.521736703457968,20,0,,0,153.2388984002173,None,153.2388984002173,None,153.2388984002173,None,153.2388984002173,None,155.2416965002194,None,2,0,,,,,,,,,,,,,,,,,,Sub049,001,2022_Oct_11_1523,2_2_Rating_MRI_SEREcombine_Eyetracking,2021.2.3,59.73597889897196,
1,0,3,1,0,20,2,0,0,0,,,,,0,0,0,0,0,0,0,0,0,12,12,12,,,,,,,,,,,,,,,,,,,,,,,,,,,,,,,,,,,,,,,,,,,,,,,,,,,,,,,,,,,,3,1,0,,,,,0,,,,,,,,,,,,0,,,,,,,,,,,,,,,,,,Sub049,001,2022_Oct_11_1523,2_2_Rating_MRI_SEREcombine_Eyetracking,2021.2.3,59.73597889897196,
1,0,6,2,0,20,3,0,1,0,,,,,0,0,0,0,0,0,0,0,0,13,13,33,0,0,0,0,,,,,,,,,0,0,0,0,,,,,,,,,,,,,,,,,,,,,,,,,,,,,,,,,,,,,,,,,,,,6,2,0,35.192672734101905,20,0,,0,157.2477538001258,None,157.2477538001258,None,157.2477538001258,None,157.2477538001258,None,159.25836950005032,None,3,1,162.25849500019103,None,g,0.3629367998801172,162.25849500019103,None,Slightly Likely,2.612479300000018,1.6124793000000182,162.64208430005237,None,,,,,,,Sub049,001,2022_Oct_11_1523,2_2_Rating_MRI_SEREcombine_Eyetracking,2021.2.3,59.73597889897196,
1,0,6,2,0,20,3,0,1,0,,,,,0,0,0,0,0,0,0,0,0,13,13,33,0,0,0,0,,,,,,,,,,,,,,,,,,,,,,,,,,,,,,,,,,,,,,,,,,,,,,,,,,,,,,,,6,2,0,,,,,0,,,,,,,,,,,,1,,,,,,,,,,,,,,,,,,Sub049,001,2022_Oct_11_1523,2_2_Rating_MRI_SEREcombine_Eyetracking,2021.2.3,59.73597889897196,
1,0,6,2,0,20,3,0,1,0,,,,,0,0,0,0,0,0,0,0,0,13,13,33,,,,,,,,,,,,,,,,,,,,,,,,,,,,,,,,,,,,,,,,,,,,,,,,,,,,,,,,,,,,6,2,0,,,,,0,,,,,,,,,,,,1,,,,,,,,,,,,,,,,,,Sub049,001,2022_Oct_11_1523,2_2_Rating_MRI_SEREcombine_Eyetracking,2021.2.3,59.73597889897196,
1,0,0,0,0,20,1,0,1,0,,,,,0,0,0,0,0,0,0,0,0,14,14,27,0,0,0,0,,,,,,,,,0,0,0,0,,,,,,,,,,,,,,,,,,,,,,,,,,,,,,,,,,,,,,,,,,,,0,0,0,6.955605495902009,20,0,,0,165.26972390012816,None,165.26972390012816,None,165.26972390012816,None,165.26972390012816,None,167.27530900016427,None,1,1,168.27515590004623,None,b,0.5977851001080126,168.27515590004623,None,Extremely Unlikely,2.384836199999995,1.3848361999999952,168.8920558001846,None,,,,,,,Sub049,001,2022_Oct_11_1523,2_2_Rating_MRI_SEREcombine_Eyetracking,2021.2.3,59.73597889897196,
1,0,0,0,0,20,1,0,1,0,,,,,0,0,0,0,0,0,0,0,0,14,14,27,0,0,0,0,,,,,,,,,,,,,,,,,,,,,,,,,,,,,,,,,,,,,,,,,,,,,,,,,,,,,,,,0,0,0,,,,,0,,,,,,,,,,,,1,,,,,,,,,,,,,,,,,,Sub049,001,2022_Oct_11_1523,2_2_Rating_MRI_SEREcombine_Eyetracking,2021.2.3,59.73597889897196,
1,0,0,0,0,20,1,0,1,0,,,,,0,0,0,0,0,0,0,0,0,14,14,27,,,,,,,,,,,,,,,,,,,,,,,,,,,,,,,,,,,,,,,,,,,,,,,,,,,,,,,,,,,,0,0,0,,,,,0,,,,,,,,,,,,1,,,,,,,,,,,,,,,,,,Sub049,001,2022_Oct_11_1523,2_2_Rating_MRI_SEREcombine_Eyetracking,2021.2.3,59.73597889897196,
0,1,3,1,0,20,0,3,0,1,,,,,0,0,0,0,0,0,0,0,0,15,15,57,,,,,0,0,0,0,0,0,0,0,,,,,,,,,,,,,,,,,,,,,,,,,,,,,,,,,,,,,,171.3076769001782,None,171.3076769001782,None,171.3076769001782,None,171.3076769001782,None,173.30879810010083,None,3,1,0,18.521736703457968,20,1,3,1,,,,,,,,,,,,0,,,,,,,Extremely Unlikely,2.45528010000001,1.4552801000000102,176.8591706000734,None,176.30908370018005,None,b,0.5251929999794811,176.30908370018005,None,Sub049,001,2022_Oct_11_1523,2_2_Rating_MRI_SEREcombine_Eyetracking,2021.2.3,59.73597889897196,
0,1,3,1,0,20,0,3,0,1,,,,,0,0,0,0,0,0,0,0,0,15,15,57,,,,,0,0,0,0,,,,,,,,,,,,,,,,,,,,,,,,,,,,,,,,,,,,,,,,,,,,,,,,,,,,3,1,0,,,,,1,,,,,,,,,,,,0,,,,,,,,,,,,,,,,,,Sub049,001,2022_Oct_11_1523,2_2_Rating_MRI_SEREcombine_Eyetracking,2021.2.3,59.73597889897196,
0,1,3,1,0,20,0,3,0,1,,,,,0,0,0,0,0,0,0,0,0,15,15,57,,,,,,,,,,,,,,,,,,,,,,,,,,,,,,,,,,,,,,,,,,,,,,,,,,,,,,,,,,,,3,1,0,,,,,1,,,,,,,,,,,,0,,,,,,,,,,,,,,,,,,Sub049,001,2022_Oct_11_1523,2_2_Rating_MRI_SEREcombine_Eyetracking,2021.2.3,59.73597889897196,
0,1,6,2,0,20,0,2,0,0,,,,,0,0,0,0,0,0,0,0,0,16,16,51,,,,,0,0,0,0,,,,,,,,,,,,,,,,,,,,,,,,,,,,,,,,,,,,,,,,,,179.34121770015918,None,179.34121770015918,None,179.34121770015918,None,179.34121770015918,None,181.34261460020207,None,6,2,0,35.192672734101905,20,1,2,0,,,,,,,,,,,,0,,,,,,,,,,,,,,,,,,Sub049,001,2022_Oct_11_1523,2_2_Rating_MRI_SEREcombine_Eyetracking,2021.2.3,59.73597889897196,
0,1,6,2,0,20,0,2,0,0,,,,,0,0,0,0,0,0,0,0,0,16,16,51,,,,,,,,,,,,,,,,,,,,,,,,,,,,,,,,,,,,,,,,,,,,,,,,,,,,,,,,,,,,6,2,0,,,,,0,,,,,,,,,,,,0,,,,,,,,,,,,,,,,,,Sub049,001,2022_Oct_11_1523,2_2_Rating_MRI_SEREcombine_Eyetracking,2021.2.3,59.73597889897196,
0,1,4,1,1,50,0,1,0,1,,,,,0,0,0,0,0,0,0,0,0,17,17,40,,,,,0,0,0,0,0,0,0,0,,,,,,,,,,,,,,,,,,,,,,,,,,,,,,,,,,,,,,183.35134640010074,None,183.35134640010074,None,183.35134640010074,None,183.35134640010074,None,185.35942069999874,None,4,1,1,18.521736703457968,50,1,1,1,,,,,,,,,,,,0,,,,,,,Extremely Unlikely,2.4971408999999767,1.4971408999999767,186.85943810013123,None,186.3593867002055,None,b,0.4727868000045419,186.3593867002055,None,Sub049,001,2022_Oct_11_1523,2_2_Rating_MRI_SEREcombine_Eyetracking,2021.2.3,59.73597889897196,
0,1,4,1,1,50,0,1,0,1,,,,,0,0,0,0,0,0,0,0,0,17,17,40,,,,,0,0,0,0,,,,,,,,,,,,,,,,,,,,,,,,,,,,,,,,,,,,,,,,,,,,,,,,,,,,4,1,1,,,,,1,,,,,,,,,,,,0,,,,,,,,,,,,,,,,,,Sub049,001,2022_Oct_11_1523,2_2_Rating_MRI_SEREcombine_Eyetracking,2021.2.3,59.73597889897196,
0,1,4,1,1,50,0,1,0,1,,,,,0,0,0,0,0,0,0,0,0,17,17,40,,,,,,,,,,,,,,,,,,,,,,,,,,,,,,,,,,,,,,,,,,,,,,,,,,,,,,,,,,,,4,1,1,,,,,1,,,,,,,,,,,,0,,,,,,,,,,,,,,,,,,Sub049,001,2022_Oct_11_1523,2_2_Rating_MRI_SEREcombine_Eyetracking,2021.2.3,59.73597889897196,
0,1,6,2,0,20,0,3,0,1,,,,,0,0,0,0,0,0,0,0,0,18,18,69,,,,,0,0,0,0,0,0,0,0,,,,,,,,,,,,,,,,,,,,,,,,,,,,,,,,,,,,,,189.37229090020992,None,189.37229090020992,None,189.37229090020992,None,189.37229090020992,None,191.37600550008938,None,6,2,0,35.192672734101905,20,1,3,1,,,,,,,,,,,,0,,,,,,,Extremely Unlikely,2.6183115999999984,1.6183115999999984,194.7598306001164,None,194.37617830000818,None,b,0.36404070002026856,194.37617830000818,None,Sub049,001,2022_Oct_11_1523,2_2_Rating_MRI_SEREcombine_Eyetracking,2021.2.3,59.73597889897196,
0,1,6,2,0,20,0,3,0,1,,,,,0,0,0,0,0,0,0,0,0,18,18,69,,,,,0,0,0,0,,,,,,,,,,,,,,,,,,,,,,,,,,,,,,,,,,,,,,,,,,,,,,,,,,,,6,2,0,,,,,1,,,,,,,,,,,,0,,,,,,,,,,,,,,,,,,Sub049,001,2022_Oct_11_1523,2_2_Rating_MRI_SEREcombine_Eyetracking,2021.2.3,59.73597889897196,
0,1,6,2,0,20,0,3,0,1,,,,,0,0,0,0,0,0,0,0,0,18,18,69,,,,,,,,,,,,,,,,,,,,,,,,,,,,,,,,,,,,,,,,,,,,,,,,,,,,,,,,,,,,6,2,0,,,,,1,,,,,,,,,,,,0,,,,,,,,,,,,,,,,,,Sub049,001,2022_Oct_11_1523,2_2_Rating_MRI_SEREcombine_Eyetracking,2021.2.3,59.73597889897196,
0,1,7,2,1,50,0,2,0,0,,,,,0,0,0,0,0,0,0,0,0,19,19,52,,,,,0,0,0,0,,,,,,,,,,,,,,,,,,,,,,,,,,,,,,,,,,,,,,,,,,197.40611610002816,None,197.40611610002816,None,197.40611610002816,None,197.40611610002816,None,199.4096101000905,None,7,2,1,35.192672734101905,50,1,2,0,,,,,,,,,,,,0,,,,,,,,,,,,,,,,,,Sub049,001,2022_Oct_11_1523,2_2_Rating_MRI_SEREcombine_Eyetracking,2021.2.3,59.73597889897196,
0,1,7,2,1,50,0,2,0,0,,,,,0,0,0,0,0,0,0,0,0,19,19,52,,,,,,,,,,,,,,,,,,,,,,,,,,,,,,,,,,,,,,,,,,,,,,,,,,,,,,,,,,,,7,2,1,,,,,0,,,,,,,,,,,,0,,,,,,,,,,,,,,,,,,Sub049,001,2022_Oct_11_1523,2_2_Rating_MRI_SEREcombine_Eyetracking,2021.2.3,59.73597889897196,
0,1,7,2,1,50,0,1,0,1,,,,,0,0,0,0,0,0,0,0,0,20,20,43,,,,,0,0,0,0,0,0,0,0,,,,,,,,,,,,,,,,,,,,,,,,,,,,,,,,,,,,,,201.4150214002002,None,201.4150214002002,None,201.4150214002002,None,201.4150214002002,None,203.42656530020759,None,7,2,1,35.192672734101905,50,1,1,1,,,,,,,,,,,,0,,,,,,,Extremely Unlikely,2.613157000000001,1.613157000000001,204.81008960003965,None,204.4266964001581,None,b,0.35207929997704923,204.4266964001581,None,Sub049,001,2022_Oct_11_1523,2_2_Rating_MRI_SEREcombine_Eyetracking,2021.2.3,59.73597889897196,
0,1,7,2,1,50,0,1,0,1,,,,,0,0,0,0,0,0,0,0,0,20,20,43,,,,,0,0,0,0,,,,,,,,,,,,,,,,,,,,,,,,,,,,,,,,,,,,,,,,,,,,,,,,,,,,7,2,1,,,,,1,,,,,,,,,,,,0,,,,,,,,,,,,,,,,,,Sub049,001,2022_Oct_11_1523,2_2_Rating_MRI_SEREcombine_Eyetracking,2021.2.3,59.73597889897196,
0,1,7,2,1,50,0,1,0,1,,,,,0,0,0,0,0,0,0,0,0,20,20,43,,,,,,,,,,,,,,,,,,,,,,,,,,,,,,,,,,,,,,,,,,,,,,,,,,,,,,,,,,,,7,2,1,,,,,1,,,,,,,,,,,,0,,,,,,,,,,,,,,,,,,Sub049,001,2022_Oct_11_1523,2_2_Rating_MRI_SEREcombine_Eyetracking,2021.2.3,59.73597889897196,
1,0,5,1,2,80,2,0,0,0,,,,,0,0,0,0,0,0,0,0,0,21,21,14,0,0,0,0,,,,,,,,,,,,,,,,,,,,,,,,,,,,,,,,,,,,,,,,,,,,,,,,,,,,,,,,5,1,2,18.521736703457968,80,0,,0,207.4379660000559,None,207.4379660000559,None,207.4379660000559,None,207.4379660000559,None,209.44371820008382,None,2,0,,,,,,,,,,,,,,,,,,Sub049,001,2022_Oct_11_1523,2_2_Rating_MRI_SEREcombine_Eyetracking,2021.2.3,59.73597889897196,
1,0,5,1,2,80,2,0,0,0,,,,,0,0,0,0,0,0,0,0,0,21,21,14,,,,,,,,,,,,,,,,,,,,,,,,,,,,,,,,,,,,,,,,,,,,,,,,,,,,,,,,,,,,5,1,2,,,,,0,,,,,,,,,,,,0,,,,,,,,,,,,,,,,,,Sub049,001,2022_Oct_11_1523,2_2_Rating_MRI_SEREcombine_Eyetracking,2021.2.3,59.73597889897196,
1,0,0,0,0,20,1,0,1,0,,,,,0,0,0,0,0,0,0,0,0,22,22,0,0,0,0,0,,,,,,,,,0,0,0,0,,,,,,,,,,,,,,,,,,,,,,,,,,,,,,,,,,,,,,,,,,,,0,0,0,6.955605495902009,20,0,,0,211.450259400066,None,211.450259400066,None,211.450259400066,None,211.450259400066,None,213.46032150019892,None,1,1,214.46032350021414,None,b,0.3656419001054019,214.46032350021414,None,Extremely Unlikely,2.610293899999988,1.6102938999999878,214.8436998000834,None,,,,,,,Sub049,001,2022_Oct_11_1523,2_2_Rating_MRI_SEREcombine_Eyetracking,2021.2.3,59.73597889897196,
1,0,0,0,0,20,1,0,1,0,,,,,0,0,0,0,0,0,0,0,0,22,22,0,0,0,0,0,,,,,,,,,,,,,,,,,,,,,,,,,,,,,,,,,,,,,,,,,,,,,,,,,,,,,,,,0,0,0,,,,,0,,,,,,,,,,,,1,,,,,,,,,,,,,,,,,,Sub049,001,2022_Oct_11_1523,2_2_Rating_MRI_SEREcombine_Eyetracking,2021.2.3,59.73597889897196,
1,0,0,0,0,20,1,0,1,0,,,,,0,0,0,0,0,0,0,0,0,22,22,0,,,,,,,,,,,,,,,,,,,,,,,,,,,,,,,,,,,,,,,,,,,,,,,,,,,,,,,,,,,,0,0,0,,,,,0,,,,,,,,,,,,1,,,,,,,,,,,,,,,,,,Sub049,001,2022_Oct_11_1523,2_2_Rating_MRI_SEREcombine_Eyetracking,2021.2.3,59.73597889897196,
0,1,5,1,2,80,0,2,0,1,,,,,0,0,0,0,0,0,0,0,0,23,23,68,,,,,0,0,0,0,0,0,0,0,,,,,,,,,,,,,,,,,,,,,,,,,,,,,,,,,,,,,,217.4752497000154,None,217.4752497000154,None,217.4752497000154,None,217.4752497000154,None,219.47718050004914,None,5,1,2,18.521736703457968,80,1,2,1,,,,,,,,,,,,0,,,,,,,Extremely Likely,2.404810900000001,1.404810900000001,222.0774557001423,None,221.47780200000852,None,r,0.5734315998852253,221.47780200000852,None,Sub049,001,2022_Oct_11_1523,2_2_Rating_MRI_SEREcombine_Eyetracking,2021.2.3,59.73597889897196,
0,1,5,1,2,80,0,2,0,1,,,,,0,0,0,0,0,0,0,0,0,23,23,68,,,,,0,0,0,0,,,,,,,,,,,,,,,,,,,,,,,,,,,,,,,,,,,,,,,,,,,,,,,,,,,,5,1,2,,,,,1,,,,,,,,,,,,0,,,,,,,,,,,,,,,,,,Sub049,001,2022_Oct_11_1523,2_2_Rating_MRI_SEREcombine_Eyetracking,2021.2.3,59.73597889897196,
0,1,5,1,2,80,0,2,0,1,,,,,0,0,0,0,0,0,0,0,0,23,23,68,,,,,,,,,,,,,,,,,,,,,,,,,,,,,,,,,,,,,,,,,,,,,,,,,,,,,,,,,,,,5,1,2,,,,,1,,,,,,,,,,,,0,,,,,,,,,,,,,,,,,,Sub049,001,2022_Oct_11_1523,2_2_Rating_MRI_SEREcombine_Eyetracking,2021.2.3,59.73597889897196,
1,0,5,1,2,80,1,0,1,0,,,,,0,0,0,0,0,0,0,0,0,24,24,32,0,0,0,0,,,,,,,,,0,0,0,0,,,,,,,,,,,,,,,,,,,,,,,,,,,,,,,,,,,,,,,,,,,,5,1,2,18.521736703457968,80,0,,0,224.50999320019037,None,224.50999320019037,None,224.50999320019037,None,224.50999320019037,None,226.51075590006076,None,1,1,227.51069000014104,None,y,1.3701343000866473,227.51069000014104,None,Slightly Unlikely,1.60501339999999,0.60501339999999,228.91092260018922,None,,,,,,,Sub049,001,2022_Oct_11_1523,2_2_Rating_MRI_SEREcombine_Eyetracking,2021.2.3,59.73597889897196,
1,0,5,1,2,80,1,0,1,0,,,,,0,0,0,0,0,0,0,0,0,24,24,32,0,0,0,0,,,,,,,,,,,,,,,,,,,,,,,,,,,,,,,,,,,,,,,,,,,,,,,,,,,,,,,,5,1,2,,,,,0,,,,,,,,,,,,1,,,,,,,,,,,,,,,,,,Sub049,001,2022_Oct_11_1523,2_2_Rating_MRI_SEREcombine_Eyetracking,2021.2.3,59.73597889897196,
1,0,5,1,2,80,1,0,1,0,,,,,0,0,0,0,0,0,0,0,0,24,24,32,,,,,,,,,,,,,,,,,,,,,,,,,,,,,,,,,,,,,,,,,,,,,,,,,,,,,,,,,,,,5,1,2,,,,,0,,,,,,,,,,,,1,,,,,,,,,,,,,,,,,,Sub049,001,2022_Oct_11_1523,2_2_Rating_MRI_SEREcombine_Eyetracking,2021.2.3,59.73597889897196,
0,1,0,0,0,20,0,2,0,1,,,,,0,0,0,0,0,0,0,0,0,25,25,63,,,,,0,0,0,0,0,0,0,0,,,,,,,,,,,,,,,,,,,,,,,,,,,,,,,,,,,,,,230.5415719000157,None,230.5415719000157,None,230.5415719000157,None,230.5415719000157,None,232.54421370010823,None,0,0,0,6.955605495902009,20,1,2,1,,,,,,,,,,,,0,,,,,,,Extremely Unlikely,2.6358443999999963,1.6358443999999963,234.911514100153,None,234.5443066000007,None,b,0.3459089999087155,234.5443066000007,None,Sub049,001,2022_Oct_11_1523,2_2_Rating_MRI_SEREcombine_Eyetracking,2021.2.3,59.73597889897196,
0,1,0,0,0,20,0,2,0,1,,,,,0,0,0,0,0,0,0,0,0,25,25,63,,,,,0,0,0,0,,,,,,,,,,,,,,,,,,,,,,,,,,,,,,,,,,,,,,,,,,,,,,,,,,,,0,0,0,,,,,1,,,,,,,,,,,,0,,,,,,,,,,,,,,,,,,Sub049,001,2022_Oct_11_1523,2_2_Rating_MRI_SEREcombine_Eyetracking,2021.2.3,59.73597889897196,
0,1,0,0,0,20,0,2,0,1,,,,,0,0,0,0,0,0,0,0,0,25,25,63,,,,,,,,,,,,,,,,,,,,,,,,,,,,,,,,,,,,,,,,,,,,,,,,,,,,,,,,,,,,0,0,0,,,,,1,,,,,,,,,,,,0,,,,,,,,,,,,,,,,,,Sub049,001,2022_Oct_11_1523,2_2_Rating_MRI_SEREcombine_Eyetracking,2021.2.3,59.73597889897196,
1,0,4,1,1,50,3,0,1,0,,,,,0,0,0,0,0,0,0,0,0,26,26,31,0,0,0,0,,,,,,,,,0,0,0,0,,,,,,,,,,,,,,,,,,,,,,,,,,,,,,,,,,,,,,,,,,,,4,1,1,18.521736703457968,50,0,,0,237.57430920004845,None,237.57430920004845,None,237.57430920004845,None,237.57430920004845,None,239.57787660020404,None,3,1,242.57848810008727,None,y,0.49568900000303984,242.57848810008727,None,Slightly Unlikely,2.486380099999991,1.486380099999991,243.09480820014141,None,,,,,,,Sub049,001,2022_Oct_11_1523,2_2_Rating_MRI_SEREcombine_Eyetracking,2021.2.3,59.73597889897196,
1,0,4,1,1,50,3,0,1,0,,,,,0,0,0,0,0,0,0,0,0,26,26,31,0,0,0,0,,,,,,,,,,,,,,,,,,,,,,,,,,,,,,,,,,,,,,,,,,,,,,,,,,,,,,,,4,1,1,,,,,0,,,,,,,,,,,,1,,,,,,,,,,,,,,,,,,Sub049,001,2022_Oct_11_1523,2_2_Rating_MRI_SEREcombine_Eyetracking,2021.2.3,59.73597889897196,
1,0,4,1,1,50,3,0,1,0,,,,,0,0,0,0,0,0,0,0,0,26,26,31,,,,,,,,,,,,,,,,,,,,,,,,,,,,,,,,,,,,,,,,,,,,,,,,,,,,,,,,,,,,4,1,1,,,,,0,,,,,,,,,,,,1,,,,,,,,,,,,,,,,,,Sub049,001,2022_Oct_11_1523,2_2_Rating_MRI_SEREcombine_Eyetracking,2021.2.3,59.73597889897196,
1,0,6,2,0,20,3,0,1,0,,,,,0,0,0,0,0,0,0,0,0,27,27,24,0,0,0,0,,,,,,,,,0,0,0,0,,,,,,,,,,,,,,,,,,,,,,,,,,,,,,,,,,,,,,,,,,,,6,2,0,35.192672734101905,20,0,,0,245.60829940019175,None,245.60829940019175,None,245.60829940019175,None,245.60829940019175,None,247.6115369000472,None,3,1,250.61172510008328,None,r,0.43259520013816655,250.61172510008328,None,Extremely Likely,2.552312900000004,1.552312900000004,251.06183280004188,None,,,,,,,Sub049,001,2022_Oct_11_1523,2_2_Rating_MRI_SEREcombine_Eyetracking,2021.2.3,59.73597889897196,
1,0,6,2,0,20,3,0,1,0,,,,,0,0,0,0,0,0,0,0,0,27,27,24,0,0,0,0,,,,,,,,,,,,,,,,,,,,,,,,,,,,,,,,,,,,,,,,,,,,,,,,,,,,,,,,6,2,0,,,,,0,,,,,,,,,,,,1,,,,,,,,,,,,,,,,,,Sub049,001,2022_Oct_11_1523,2_2_Rating_MRI_SEREcombine_Eyetracking,2021.2.3,59.73597889897196,
1,0,6,2,0,20,3,0,1,0,,,,,0,0,0,0,0,0,0,0,0,27,27,24,,,,,,,,,,,,,,,,,,,,,,,,,,,,,,,,,,,,,,,,,,,,,,,,,,,,,,,,,,,,6,2,0,,,,,0,,,,,,,,,,,,1,,,,,,,,,,,,,,,,,,Sub049,001,2022_Oct_11_1523,2_2_Rating_MRI_SEREcombine_Eyetracking,2021.2.3,59.73597889897196,
1,0,1,0,1,50,1,0,1,0,,,,,0,0,0,0,0,0,0,0,0,28,28,1,0,0,0,0,,,,,,,,,0,0,0,0,,,,,,,,,,,,,,,,,,,,,,,,,,,,,,,,,,,,,,,,,,,,1,0,1,6.955605495902009,50,0,,0,253.64306830009446,None,253.64306830009446,None,253.64306830009446,None,253.64306830009446,None,255.645406300202,None,1,1,256.64491050015204,None,b,0.5357708998490125,256.64491050015204,None,Extremely Unlikely,2.4377053999999987,1.4377053999999987,257.2122462000698,None,,,,,,,Sub049,001,2022_Oct_11_1523,2_2_Rating_MRI_SEREcombine_Eyetracking,2021.2.3,59.73597889897196,
1,0,1,0,1,50,1,0,1,0,,,,,0,0,0,0,0,0,0,0,0,28,28,1,0,0,0,0,,,,,,,,,,,,,,,,,,,,,,,,,,,,,,,,,,,,,,,,,,,,,,,,,,,,,,,,1,0,1,,,,,0,,,,,,,,,,,,1,,,,,,,,,,,,,,,,,,Sub049,001,2022_Oct_11_1523,2_2_Rating_MRI_SEREcombine_Eyetracking,2021.2.3,59.73597889897196,
1,0,1,0,1,50,1,0,1,0,,,,,0,0,0,0,0,0,0,0,0,28,28,1,,,,,,,,,,,,,,,,,,,,,,,,,,,,,,,,,,,,,,,,,,,,,,,,,,,,,,,,,,,,1,0,1,,,,,0,,,,,,,,,,,,1,,,,,,,,,,,,,,,,,,Sub049,001,2022_Oct_11_1523,2_2_Rating_MRI_SEREcombine_Eyetracking,2021.2.3,59.73597889897196,
1,0,7,2,1,50,1,0,1,0,,,,,0,0,0,0,0,0,0,0,0,29,29,34,0,0,0,0,,,,,,,,,0,0,0,0,,,,,,,,,,,,,,,,,,,,,,,,,,,,,,,,,,,,,,,,,,,,7,2,1,35.192672734101905,50,0,,0,259.6745451001916,None,259.6745451001916,None,259.6745451001916,None,259.6745451001916,None,261.67876250017434,None,1,1,262.67908150004223,None,r,0.4988923999480903,262.67908150004223,None,Extremely Likely,2.484946700000023,1.4849467000000232,263.19546250021085,None,,,,,,,Sub049,001,2022_Oct_11_1523,2_2_Rating_MRI_SEREcombine_Eyetracking,2021.2.3,59.73597889897196,
1,0,7,2,1,50,1,0,1,0,,,,,0,0,0,0,0,0,0,0,0,29,29,34,0,0,0,0,,,,,,,,,,,,,,,,,,,,,,,,,,,,,,,,,,,,,,,,,,,,,,,,,,,,,,,,7,2,1,,,,,0,,,,,,,,,,,,1,,,,,,,,,,,,,,,,,,Sub049,001,2022_Oct_11_1523,2_2_Rating_MRI_SEREcombine_Eyetracking,2021.2.3,59.73597889897196,
1,0,7,2,1,50,1,0,1,0,,,,,0,0,0,0,0,0,0,0,0,29,29,34,,,,,,,,,,,,,,,,,,,,,,,,,,,,,,,,,,,,,,,,,,,,,,,,,,,,,,,,,,,,7,2,1,,,,,0,,,,,,,,,,,,1,,,,,,,,,,,,,,,,,,Sub049,001,2022_Oct_11_1523,2_2_Rating_MRI_SEREcombine_Eyetracking,2021.2.3,59.73597889897196,
0,1,1,0,1,50,0,3,0,1,,,,,0,0,0,0,0,0,0,0,0,30,30,55,,,,,0,0,0,0,0,0,0,0,,,,,,,,,,,,,,,,,,,,,,,,,,,,,,,,,,,,,,265.7072486001998,None,265.7072486001998,None,265.7072486001998,None,265.7072486001998,None,267.71236480004154,None,1,0,1,6.955605495902009,50,1,3,1,,,,,,,,,,,,0,,,,,,,Slightly Unlikely,2.652282800000023,1.6522828000000231,271.06237980001606,None,270.7134761000052,None,y,0.32445370010100305,270.7134761000052,None,Sub049,001,2022_Oct_11_1523,2_2_Rating_MRI_SEREcombine_Eyetracking,2021.2.3,59.73597889897196,
0,1,1,0,1,50,0,3,0,1,,,,,0,0,0,0,0,0,0,0,0,30,30,55,,,,,0,0,0,0,,,,,,,,,,,,,,,,,,,,,,,,,,,,,,,,,,,,,,,,,,,,,,,,,,,,1,0,1,,,,,1,,,,,,,,,,,,0,,,,,,,,,,,,,,,,,,Sub049,001,2022_Oct_11_1523,2_2_Rating_MRI_SEREcombine_Eyetracking,2021.2.3,59.73597889897196,
0,1,1,0,1,50,0,3,0,1,,,,,0,0,0,0,0,0,0,0,0,30,30,55,,,,,,,,,,,,,,,,,,,,,,,,,,,,,,,,,,,,,,,,,,,,,,,,,,,,,,,,,,,,1,0,1,,,,,1,,,,,,,,,,,,0,,,,,,,,,,,,,,,,,,Sub049,001,2022_Oct_11_1523,2_2_Rating_MRI_SEREcombine_Eyetracking,2021.2.3,59.73597889897196,
0,1,8,2,2,80,0,1,0,1,,,,,0,0,0,0,0,0,0,0,0,31,31,71,,,,,0,0,0,0,0,0,0,0,,,,,,,,,,,,,,,,,,,,,,,,,,,,,,,,,,,,,,273.7429148000665,None,273.7429148000665,None,273.7429148000665,None,273.7429148000665,None,275.74610270000994,None,8,2,2,35.192672734101905,80,1,1,1,,,,,,,,,,,,0,,,,,,,Extremely Likely,2.3871249000000034,1.3871249000000034,277.3629403000232,None,276.74623210006393,None,r,0.5848960001021624,276.74623210006393,None,Sub049,001,2022_Oct_11_1523,2_2_Rating_MRI_SEREcombine_Eyetracking,2021.2.3,59.73597889897196,
0,1,8,2,2,80,0,1,0,1,,,,,0,0,0,0,0,0,0,0,0,31,31,71,,,,,0,0,0,0,,,,,,,,,,,,,,,,,,,,,,,,,,,,,,,,,,,,,,,,,,,,,,,,,,,,8,2,2,,,,,1,,,,,,,,,,,,0,,,,,,,,,,,,,,,,,,Sub049,001,2022_Oct_11_1523,2_2_Rating_MRI_SEREcombine_Eyetracking,2021.2.3,59.73597889897196,
0,1,8,2,2,80,0,1,0,1,,,,,0,0,0,0,0,0,0,0,0,31,31,71,,,,,,,,,,,,,,,,,,,,,,,,,,,,,,,,,,,,,,,,,,,,,,,,,,,,,,,,,,,,8,2,2,,,,,1,,,,,,,,,,,,0,,,,,,,,,,,,,,,,,,Sub049,001,2022_Oct_11_1523,2_2_Rating_MRI_SEREcombine_Eyetracking,2021.2.3,59.73597889897196,
1,0,5,1,2,80,3,0,1,0,,,,,0,0,0,0,0,0,0,0,0,32,32,23,0,0,0,0,,,,,,,,,0,0,0,0,,,,,,,,,,,,,,,,,,,,,,,,,,,,,,,,,,,,,,,,,,,,5,1,2,18.521736703457968,80,0,,0,279.77630880009383,None,279.77630880009383,None,279.77630880009383,None,279.77630880009383,None,281.7794956001453,None,3,1,284.77960960008204,None,y,0.49813389987684786,284.77960960008204,None,Slightly Unlikely,2.4861475000000155,1.4861475000000155,285.2963705000002,None,,,,,,,Sub049,001,2022_Oct_11_1523,2_2_Rating_MRI_SEREcombine_Eyetracking,2021.2.3,59.73597889897196,
1,0,5,1,2,80,3,0,1,0,,,,,0,0,0,0,0,0,0,0,0,32,32,23,0,0,0,0,,,,,,,,,,,,,,,,,,,,,,,,,,,,,,,,,,,,,,,,,,,,,,,,,,,,,,,,5,1,2,,,,,0,,,,,,,,,,,,1,,,,,,,,,,,,,,,,,,Sub049,001,2022_Oct_11_1523,2_2_Rating_MRI_SEREcombine_Eyetracking,2021.2.3,59.73597889897196,
1,0,5,1,2,80,3,0,1,0,,,,,0,0,0,0,0,0,0,0,0,32,32,23,,,,,,,,,,,,,,,,,,,,,,,,,,,,,,,,,,,,,,,,,,,,,,,,,,,,,,,,,,,,5,1,2,,,,,0,,,,,,,,,,,,1,,,,,,,,,,,,,,,,,,Sub049,001,2022_Oct_11_1523,2_2_Rating_MRI_SEREcombine_Eyetracking,2021.2.3,59.73597889897196,
0,1,2,0,2,80,0,3,0,1,,,,,0,0,0,0,0,0,0,0,0,33,33,56,,,,,0,0,0,0,0,0,0,0,,,,,,,,,,,,,,,,,,,,,,,,,,,,,,,,,,,,,,287.81023550010286,None,287.81023550010286,None,287.81023550010286,None,287.81023550010286,None,289.81307740020566,None,2,0,2,6.955605495902009,80,1,3,1,,,,,,,,,,,,0,,,,,,,Extremely Likely,2.6210994000000483,1.6210994000000483,293.19679700001143,None,292.82748840004206,None,r,0.3379289999138564,292.82748840004206,None,Sub049,001,2022_Oct_11_1523,2_2_Rating_MRI_SEREcombine_Eyetracking,2021.2.3,59.73597889897196,
0,1,2,0,2,80,0,3,0,1,,,,,0,0,0,0,0,0,0,0,0,33,33,56,,,,,0,0,0,0,,,,,,,,,,,,,,,,,,,,,,,,,,,,,,,,,,,,,,,,,,,,,,,,,,,,2,0,2,,,,,1,,,,,,,,,,,,0,,,,,,,,,,,,,,,,,,Sub049,001,2022_Oct_11_1523,2_2_Rating_MRI_SEREcombine_Eyetracking,2021.2.3,59.73597889897196,
0,1,2,0,2,80,0,3,0,1,,,,,0,0,0,0,0,0,0,0,0,33,33,56,,,,,,,,,,,,,,,,,,,,,,,,,,,,,,,,,,,,,,,,,,,,,,,,,,,,,,,,,,,,2,0,2,,,,,1,,,,,,,,,,,,0,,,,,,,,,,,,,,,,,,Sub049,001,2022_Oct_11_1523,2_2_Rating_MRI_SEREcombine_Eyetracking,2021.2.3,59.73597889897196,
0,1,8,2,2,80,0,3,0,1,,,,,0,0,0,0,0,0,0,0,0,34,34,62,,,,,0,0,0,0,0,0,0,0,,,,,,,,,,,,,,,,,,,,,,,,,,,,,,,,,,,,,,295.84606300015,None,295.84606300015,None,295.84606300015,None,295.84606300015,None,297.84669610019773,None,8,2,2,35.192672734101905,80,1,3,1,,,,,,,,,,,,0,,,,,,,Extremely Likely,2.6233793000000105,1.6233793000000105,301.2306972001679,None,300.84671910014004,None,r,0.3626129999756813,300.84671910014004,None,Sub049,001,2022_Oct_11_1523,2_2_Rating_MRI_SEREcombine_Eyetracking,2021.2.3,59.73597889897196,
0,1,8,2,2,80,0,3,0,1,,,,,0,0,0,0,0,0,0,0,0,34,34,62,,,,,0,0,0,0,,,,,,,,,,,,,,,,,,,,,,,,,,,,,,,,,,,,,,,,,,,,,,,,,,,,8,2,2,,,,,1,,,,,,,,,,,,0,,,,,,,,,,,,,,,,,,Sub049,001,2022_Oct_11_1523,2_2_Rating_MRI_SEREcombine_Eyetracking,2021.2.3,59.73597889897196,
0,1,8,2,2,80,0,3,0,1,,,,,0,0,0,0,0,0,0,0,0,34,34,62,,,,,,,,,,,,,,,,,,,,,,,,,,,,,,,,,,,,,,,,,,,,,,,,,,,,,,,,,,,,8,2,2,,,,,1,,,,,,,,,,,,0,,,,,,,,,,,,,,,,,,Sub049,001,2022_Oct_11_1523,2_2_Rating_MRI_SEREcombine_Eyetracking,2021.2.3,59.73597889897196,
0,1,6,2,0,20,0,3,0,1,,,,,0,0,0,0,0,0,0,0,0,35,35,60,,,,,0,0,0,0,0,0,0,0,,,,,,,,,,,,,,,,,,,,,,,,,,,,,,,,,,,,,,303.8761969001498,None,303.8761969001498,None,303.8761969001498,None,303.8761969001498,None,305.88027380011044,None,6,2,0,35.192672734101905,20,1,3,1,,,,,,,,,,,,0,,,,,,,Extremely Unlikely,2.6695823999999675,1.6695823999999675,309.214031400159,None,308.88046840019524,None,b,0.31027100002393126,308.88046840019524,None,Sub049,001,2022_Oct_11_1523,2_2_Rating_MRI_SEREcombine_Eyetracking,2021.2.3,59.73597889897196,
0,1,6,2,0,20,0,3,0,1,,,,,0,0,0,0,0,0,0,0,0,35,35,60,,,,,0,0,0,0,,,,,,,,,,,,,,,,,,,,,,,,,,,,,,,,,,,,,,,,,,,,,,,,,,,,6,2,0,,,,,1,,,,,,,,,,,,0,,,,,,,,,,,,,,,,,,Sub049,001,2022_Oct_11_1523,2_2_Rating_MRI_SEREcombine_Eyetracking,2021.2.3,59.73597889897196,
0,1,6,2,0,20,0,3,0,1,,,,,0,0,0,0,0,0,0,0,0,35,35,60,,,,,,,,,,,,,,,,,,,,,,,,,,,,,,,,,,,,,,,,,,,,,,,,,,,,,,,,,,,,6,2,0,,,,,1,,,,,,,,,,,,0,,,,,,,,,,,,,,,,,,Sub049,001,2022_Oct_11_1523,2_2_Rating_MRI_SEREcombine_Eyetracking,2021.2.3,59.73597889897196,
0,1,1,0,1,50,0,1,0,1,,,,,0,0,0,0,0,0,0,0,0,36,36,64,,,,,0,0,0,0,0,0,0,0,,,,,,,,,,,,,,,,,,,,,,,,,,,,,,,,,,,,,,311.9112274001818,None,311.9112274001818,None,311.9112274001818,None,311.9112274001818,None,313.91427810001187,None,1,0,1,6.955605495902009,50,1,1,1,,,,,,,,,,,,0,,,,,,,Slightly Unlikely,2.520162099999993,1.5201620999999932,315.3972754999995,None,314.91394390002824,None,y,0.45582620007917285,314.91394390002824,None,Sub049,001,2022_Oct_11_1523,2_2_Rating_MRI_SEREcombine_Eyetracking,2021.2.3,59.73597889897196,
0,1,1,0,1,50,0,1,0,1,,,,,0,0,0,0,0,0,0,0,0,36,36,64,,,,,0,0,0,0,,,,,,,,,,,,,,,,,,,,,,,,,,,,,,,,,,,,,,,,,,,,,,,,,,,,1,0,1,,,,,1,,,,,,,,,,,,0,,,,,,,,,,,,,,,,,,Sub049,001,2022_Oct_11_1523,2_2_Rating_MRI_SEREcombine_Eyetracking,2021.2.3,59.73597889897196,
0,1,1,0,1,50,0,1,0,1,,,,,0,0,0,0,0,0,0,0,0,36,36,64,,,,,,,,,,,,,,,,,,,,,,,,,,,,,,,,,,,,,,,,,,,,,,,,,,,,,,,,,,,,1,0,1,,,,,1,,,,,,,,,,,,0,,,,,,,,,,,,,,,,,,Sub049,001,2022_Oct_11_1523,2_2_Rating_MRI_SEREcombine_Eyetracking,2021.2.3,59.73597889897196,
1,0,2,0,2,80,3,0,1,0,,,,,0,0,0,0,0,0,0,0,0,37,37,29,0,0,0,0,,,,,,,,,0,0,0,0,,,,,,,,,,,,,,,,,,,,,,,,,,,,,,,,,,,,,,,,,,,,2,0,2,6.955605495902009,80,0,,0,317.94745830004103,None,317.94745830004103,None,317.94745830004103,None,317.94745830004103,None,319.9474716000259,None,3,1,322.9475813000463,None,b,0.3176031999755651,322.9475813000463,None,Extremely Unlikely,2.6722208999999566,1.6722208999999566,323.28118980000727,None,,,,,,,Sub049,001,2022_Oct_11_1523,2_2_Rating_MRI_SEREcombine_Eyetracking,2021.2.3,59.73597889897196,
1,0,2,0,2,80,3,0,1,0,,,,,0,0,0,0,0,0,0,0,0,37,37,29,0,0,0,0,,,,,,,,,,,,,,,,,,,,,,,,,,,,,,,,,,,,,,,,,,,,,,,,,,,,,,,,2,0,2,,,,,0,,,,,,,,,,,,1,,,,,,,,,,,,,,,,,,Sub049,001,2022_Oct_11_1523,2_2_Rating_MRI_SEREcombine_Eyetracking,2021.2.3,59.73597889897196,
1,0,2,0,2,80,3,0,1,0,,,,,0,0,0,0,0,0,0,0,0,37,37,29,,,,,,,,,,,,,,,,,,,,,,,,,,,,,,,,,,,,,,,,,,,,,,,,,,,,,,,,,,,,2,0,2,,,,,0,,,,,,,,,,,,1,,,,,,,,,,,,,,,,,,Sub049,001,2022_Oct_11_1523,2_2_Rating_MRI_SEREcombine_Eyetracking,2021.2.3,59.73597889897196,
1,0,2,0,2,80,2,0,0,0,,,,,0,0,0,0,0,0,0,0,0,38,38,11,0,0,0,0,,,,,,,,,,,,,,,,,,,,,,,,,,,,,,,,,,,,,,,,,,,,,,,,,,,,,,,,2,0,2,6.955605495902009,80,0,,0,325.9788525002077,None,325.9788525002077,None,325.9788525002077,None,325.9788525002077,None,327.980922000017,None,2,0,,,,,,,,,,,,,,,,,,Sub049,001,2022_Oct_11_1523,2_2_Rating_MRI_SEREcombine_Eyetracking,2021.2.3,59.73597889897196,
1,0,2,0,2,80,2,0,0,0,,,,,0,0,0,0,0,0,0,0,0,38,38,11,,,,,,,,,,,,,,,,,,,,,,,,,,,,,,,,,,,,,,,,,,,,,,,,,,,,,,,,,,,,2,0,2,,,,,0,,,,,,,,,,,,0,,,,,,,,,,,,,,,,,,Sub049,001,2022_Oct_11_1523,2_2_Rating_MRI_SEREcombine_Eyetracking,2021.2.3,59.73597889897196,
1,0,7,2,1,50,3,0,1,0,,,,,0,0,0,0,0,0,0,0,0,39,39,25,0,0,0,0,,,,,,,,,0,0,0,0,,,,,,,,,,,,,,,,,,,,,,,,,,,,,,,,,,,,,,,,,,,,7,2,1,35.192672734101905,50,0,,0,329.99140300019644,None,329.99140300019644,None,329.99140300019644,None,329.99140300019644,None,331.99785640020855,None,3,1,334.9983448002022,None,b,0.3172604001592845,334.9983448002022,None,Extremely Unlikely,2.648266699999965,1.6482666999999651,335.34836460021324,None,,,,,,,Sub049,001,2022_Oct_11_1523,2_2_Rating_MRI_SEREcombine_Eyetracking,2021.2.3,59.73597889897196,
1,0,7,2,1,50,3,0,1,0,,,,,0,0,0,0,0,0,0,0,0,39,39,25,0,0,0,0,,,,,,,,,,,,,,,,,,,,,,,,,,,,,,,,,,,,,,,,,,,,,,,,,,,,,,,,7,2,1,,,,,0,,,,,,,,,,,,1,,,,,,,,,,,,,,,,,,Sub049,001,2022_Oct_11_1523,2_2_Rating_MRI_SEREcombine_Eyetracking,2021.2.3,59.73597889897196,
1,0,7,2,1,50,3,0,1,0,,,,,0,0,0,0,0,0,0,0,0,39,39,25,,,,,,,,,,,,,,,,,,,,,,,,,,,,,,,,,,,,,,,,,,,,,,,,,,,,,,,,,,,,7,2,1,,,,,0,,,,,,,,,,,,1,,,,,,,,,,,,,,,,,,Sub049,001,2022_Oct_11_1523,2_2_Rating_MRI_SEREcombine_Eyetracking,2021.2.3,59.73597889897196,
1,0,3,1,0,20,1,0,1,0,,,,,0,0,0,0,0,0,0,0,0,40,40,3,0,0,0,0,,,,,,,,,0,0,0,0,,,,,,,,,,,,,,,,,,,,,,,,,,,,,,,,,,,,,,,,,,,,3,1,0,18.521736703457968,20,0,,0,338.013564000139,None,338.013564000139,None,338.013564000139,None,338.013564000139,None,340.0148466001265,None,1,1,341.015209000092,None,y,0.5732568001840264,341.015209000092,None,Slightly Unlikely,2.405196799999999,1.4051967999999988,341.61521410010755,None,,,,,,,Sub049,001,2022_Oct_11_1523,2_2_Rating_MRI_SEREcombine_Eyetracking,2021.2.3,59.73597889897196,
1,0,3,1,0,20,1,0,1,0,,,,,0,0,0,0,0,0,0,0,0,40,40,3,0,0,0,0,,,,,,,,,,,,,,,,,,,,,,,,,,,,,,,,,,,,,,,,,,,,,,,,,,,,,,,,3,1,0,,,,,0,,,,,,,,,,,,1,,,,,,,,,,,,,,,,,,Sub049,001,2022_Oct_11_1523,2_2_Rating_MRI_SEREcombine_Eyetracking,2021.2.3,59.73597889897196,
1,0,3,1,0,20,1,0,1,0,,,,,0,0,0,0,0,0,0,0,0,40,40,3,,,,,,,,,,,,,,,,,,,,,,,,,,,,,,,,,,,,,,,,,,,,,,,,,,,,,,,,,,,,3,1,0,,,,,0,,,,,,,,,,,,1,,,,,,,,,,,,,,,,,,Sub049,001,2022_Oct_11_1523,2_2_Rating_MRI_SEREcombine_Eyetracking,2021.2.3,59.73597889897196,
0,1,4,1,1,50,0,2,0,0,,,,,0,0,0,0,0,0,0,0,0,41,41,49,,,,,0,0,0,0,,,,,,,,,,,,,,,,,,,,,,,,,,,,,,,,,,,,,,,,,,344.04572150018066,None,344.04572150018066,None,344.04572150018066,None,344.04572150018066,None,346.0484176001046,None,4,1,1,18.521736703457968,50,1,2,0,,,,,,,,,,,,0,,,,,,,,,,,,,,,,,,Sub049,001,2022_Oct_11_1523,2_2_Rating_MRI_SEREcombine_Eyetracking,2021.2.3,59.73597889897196,
0,1,4,1,1,50,0,2,0,0,,,,,0,0,0,0,0,0,0,0,0,41,41,49,,,,,,,,,,,,,,,,,,,,,,,,,,,,,,,,,,,,,,,,,,,,,,,,,,,,,,,,,,,,4,1,1,,,,,0,,,,,,,,,,,,0,,,,,,,,,,,,,,,,,,Sub049,001,2022_Oct_11_1523,2_2_Rating_MRI_SEREcombine_Eyetracking,2021.2.3,59.73597889897196,
1,0,2,0,2,80,1,0,1,0,,,,,0,0,0,0,0,0,0,0,0,42,42,2,0,0,0,0,,,,,,,,,0,0,0,0,,,,,,,,,,,,,,,,,,,,,,,,,,,,,,,,,,,,,,,,,,,,2,0,2,6.955605495902009,80,0,,0,348.058195900172,None,348.058195900172,None,348.058195900172,None,348.058195900172,None,350.0657099999953,None,1,1,351.0794691001065,None,b,0.2695530999917537,351.0794691001065,None,Extremely Unlikely,2.697308000000021,1.697308000000021,351.36543690017425,None,,,,,,,Sub049,001,2022_Oct_11_1523,2_2_Rating_MRI_SEREcombine_Eyetracking,2021.2.3,59.73597889897196,
1,0,2,0,2,80,1,0,1,0,,,,,0,0,0,0,0,0,0,0,0,42,42,2,0,0,0,0,,,,,,,,,,,,,,,,,,,,,,,,,,,,,,,,,,,,,,,,,,,,,,,,,,,,,,,,2,0,2,,,,,0,,,,,,,,,,,,1,,,,,,,,,,,,,,,,,,Sub049,001,2022_Oct_11_1523,2_2_Rating_MRI_SEREcombine_Eyetracking,2021.2.3,59.73597889897196,
1,0,2,0,2,80,1,0,1,0,,,,,0,0,0,0,0,0,0,0,0,42,42,2,,,,,,,,,,,,,,,,,,,,,,,,,,,,,,,,,,,,,,,,,,,,,,,,,,,,,,,,,,,,2,0,2,,,,,0,,,,,,,,,,,,1,,,,,,,,,,,,,,,,,,Sub049,001,2022_Oct_11_1523,2_2_Rating_MRI_SEREcombine_Eyetracking,2021.2.3,59.73597889897196,
0,1,0,0,0,20,0,1,0,1,,,,,0,0,0,0,0,0,0,0,0,43,43,36,,,,,0,0,0,0,0,0,0,0,,,,,,,,,,,,,,,,,,,,,,,,,,,,,,,,,,,,,,354.0777700000908,None,354.0777700000908,None,354.0777700000908,None,354.0777700000908,None,356.0820316001773,None,0,0,0,6.955605495902009,20,1,1,1,,,,,,,,,,,,0,,,,,,,Extremely Unlikely,2.5360539999999787,1.5360539999999787,357.5489855001215,None,357.0820580001455,None,b,0.4378426999319345,357.0820580001455,None,Sub049,001,2022_Oct_11_1523,2_2_Rating_MRI_SEREcombine_Eyetracking,2021.2.3,59.73597889897196,
0,1,0,0,0,20,0,1,0,1,,,,,0,0,0,0,0,0,0,0,0,43,43,36,,,,,0,0,0,0,,,,,,,,,,,,,,,,,,,,,,,,,,,,,,,,,,,,,,,,,,,,,,,,,,,,0,0,0,,,,,1,,,,,,,,,,,,0,,,,,,,,,,,,,,,,,,Sub049,001,2022_Oct_11_1523,2_2_Rating_MRI_SEREcombine_Eyetracking,2021.2.3,59.73597889897196,
0,1,0,0,0,20,0,1,0,1,,,,,0,0,0,0,0,0,0,0,0,43,43,36,,,,,,,,,,,,,,,,,,,,,,,,,,,,,,,,,,,,,,,,,,,,,,,,,,,,,,,,,,,,0,0,0,,,,,1,,,,,,,,,,,,0,,,,,,,,,,,,,,,,,,Sub049,001,2022_Oct_11_1523,2_2_Rating_MRI_SEREcombine_Eyetracking,2021.2.3,59.73597889897196,
1,0,8,2,2,80,3,0,1,0,,,,,0,0,0,0,0,0,0,0,0,44,44,26,0,0,0,0,,,,,,,,,0,0,0,0,,,,,,,,,,,,,,,,,,,,,,,,,,,,,,,,,,,,,,,,,,,,8,2,2,35.192672734101905,80,0,,0,360.11074100015685,None,360.11074100015685,None,360.11074100015685,None,360.11074100015685,None,362.11557640018873,None,3,1,365.11587530002,None,r,0.514150399947539,365.11587530002,None,Extremely Likely,2.4685968000000003,1.4685968000000003,365.6492069000378,None,,,,,,,Sub049,001,2022_Oct_11_1523,2_2_Rating_MRI_SEREcombine_Eyetracking,2021.2.3,59.73597889897196,
1,0,8,2,2,80,3,0,1,0,,,,,0,0,0,0,0,0,0,0,0,44,44,26,0,0,0,0,,,,,,,,,,,,,,,,,,,,,,,,,,,,,,,,,,,,,,,,,,,,,,,,,,,,,,,,8,2,2,,,,,0,,,,,,,,,,,,1,,,,,,,,,,,,,,,,,,Sub049,001,2022_Oct_11_1523,2_2_Rating_MRI_SEREcombine_Eyetracking,2021.2.3,59.73597889897196,
1,0,8,2,2,80,3,0,1,0,,,,,0,0,0,0,0,0,0,0,0,44,44,26,,,,,,,,,,,,,,,,,,,,,,,,,,,,,,,,,,,,,,,,,,,,,,,,,,,,,,,,,,,,8,2,2,,,,,0,,,,,,,,,,,,1,,,,,,,,,,,,,,,,,,Sub049,001,2022_Oct_11_1523,2_2_Rating_MRI_SEREcombine_Eyetracking,2021.2.3,59.73597889897196,
0,1,4,1,1,50,0,3,0,1,,,,,0,0,0,0,0,0,0,0,0,45,45,67,,,,,0,0,0,0,0,0,0,0,,,,,,,,,,,,,,,,,,,,,,,,,,,,,,,,,,,,,,368.13241400010884,None,368.13241400010884,None,368.13241400010884,None,368.13241400010884,None,370.13252680003643,None,4,1,1,18.521736703457968,50,1,3,1,,,,,,,,,,,,0,,,,,,,Slightly Unlikely,2.471296699999982,1.4712966999999821,373.6664857000578,None,373.1325438001659,None,y,0.5053747000638396,373.1325438001659,None,Sub049,001,2022_Oct_11_1523,2_2_Rating_MRI_SEREcombine_Eyetracking,2021.2.3,59.73597889897196,
0,1,4,1,1,50,0,3,0,1,,,,,0,0,0,0,0,0,0,0,0,45,45,67,,,,,0,0,0,0,,,,,,,,,,,,,,,,,,,,,,,,,,,,,,,,,,,,,,,,,,,,,,,,,,,,4,1,1,,,,,1,,,,,,,,,,,,0,,,,,,,,,,,,,,,,,,Sub049,001,2022_Oct_11_1523,2_2_Rating_MRI_SEREcombine_Eyetracking,2021.2.3,59.73597889897196,
0,1,4,1,1,50,0,3,0,1,,,,,0,0,0,0,0,0,0,0,0,45,45,67,,,,,,,,,,,,,,,,,,,,,,,,,,,,,,,,,,,,,,,,,,,,,,,,,,,,,,,,,,,,4,1,1,,,,,1,,,,,,,,,,,,0,,,,,,,,,,,,,,,,,,Sub049,001,2022_Oct_11_1523,2_2_Rating_MRI_SEREcombine_Eyetracking,2021.2.3,59.73597889897196,
0,1,3,1,0,20,0,2,0,0,,,,,0,0,0,0,0,0,0,0,0,46,46,48,,,,,0,0,0,0,,,,,,,,,,,,,,,,,,,,,,,,,,,,,,,,,,,,,,,,,,376.16659930022433,None,376.16659930022433,None,376.16659930022433,None,376.16659930022433,None,378.16630370006897,None,3,1,0,18.521736703457968,20,1,2,0,,,,,,,,,,,,0,,,,,,,,,,,,,,,,,,Sub049,001,2022_Oct_11_1523,2_2_Rating_MRI_SEREcombine_Eyetracking,2021.2.3,59.73597889897196,
0,1,3,1,0,20,0,2,0,0,,,,,0,0,0,0,0,0,0,0,0,46,46,48,,,,,,,,,,,,,,,,,,,,,,,,,,,,,,,,,,,,,,,,,,,,,,,,,,,,,,,,,,,,3,1,0,,,,,0,,,,,,,,,,,,0,,,,,,,,,,,,,,,,,,Sub049,001,2022_Oct_11_1523,2_2_Rating_MRI_SEREcombine_Eyetracking,2021.2.3,59.73597889897196,
1,0,3,1,0,20,3,0,1,0,,,,,0,0,0,0,0,0,0,0,0,47,47,21,0,0,0,0,,,,,,,,,0,0,0,0,,,,,,,,,,,,,,,,,,,,,,,,,,,,,,,,,,,,,,,,,,,,3,1,0,18.521736703457968,20,0,,0,380.17471810011193,None,380.17471810011193,None,380.17471810011193,None,380.17471810011193,None,382.1833566001151,None,3,1,385.1831575999968,None,b,0.2913359999656677,385.1831575999968,None,Extremely Unlikely,2.680503499999986,1.6805034999999862,385.500040500192,None,,,,,,,Sub049,001,2022_Oct_11_1523,2_2_Rating_MRI_SEREcombine_Eyetracking,2021.2.3,59.73597889897196,
1,0,3,1,0,20,3,0,1,0,,,,,0,0,0,0,0,0,0,0,0,47,47,21,0,0,0,0,,,,,,,,,,,,,,,,,,,,,,,,,,,,,,,,,,,,,,,,,,,,,,,,,,,,,,,,3,1,0,,,,,0,,,,,,,,,,,,1,,,,,,,,,,,,,,,,,,Sub049,001,2022_Oct_11_1523,2_2_Rating_MRI_SEREcombine_Eyetracking,2021.2.3,59.73597889897196,
1,0,3,1,0,20,3,0,1,0,,,,,0,0,0,0,0,0,0,0,0,47,47,21,,,,,,,,,,,,,,,,,,,,,,,,,,,,,,,,,,,,,,,,,,,,,,,,,,,,,,,,,,,,3,1,0,,,,,0,,,,,,,,,,,,1,,,,,,,,,,,,,,,,,,Sub049,001,2022_Oct_11_1523,2_2_Rating_MRI_SEREcombine_Eyetracking,2021.2.3,59.73597889897196,
0,1,2,0,2,80,0,2,0,0,,,,,0,0,0,0,0,0,0,0,0,48,48,47,,,,,0,0,0,0,,,,,,,,,,,,,,,,,,,,,,,,,,,,,,,,,,,,,,,,,,388.2010443001054,None,388.2010443001054,None,388.2010443001054,None,388.2010443001054,None,390.20015450008214,None,2,0,2,6.955605495902009,80,1,2,0,,,,,,,,,,,,0,,,,,,,,,,,,,,,,,,Sub049,001,2022_Oct_11_1523,2_2_Rating_MRI_SEREcombine_Eyetracking,2021.2.3,59.73597889897196,
0,1,2,0,2,80,0,2,0,0,,,,,0,0,0,0,0,0,0,0,0,48,48,47,,,,,,,,,,,,,,,,,,,,,,,,,,,,,,,,,,,,,,,,,,,,,,,,,,,,,,,,,,,,2,0,2,,,,,0,,,,,,,,,,,,0,,,,,,,,,,,,,,,,,,Sub049,001,2022_Oct_11_1523,2_2_Rating_MRI_SEREcombine_Eyetracking,2021.2.3,59.73597889897196,
1,0,6,2,0,20,1,0,1,0,,,,,0,0,0,0,0,0,0,0,0,49,49,6,0,0,0,0,,,,,,,,,0,0,0,0,,,,,,,,,,,,,,,,,,,,,,,,,,,,,,,,,,,,,,,,,,,,6,2,0,35.192672734101905,20,0,,0,392.2053938000463,None,392.2053938000463,None,392.2053938000463,None,392.2053938000463,None,394.21714320010506,None,1,1,395.21692070015706,None,r,0.41388370003551245,395.21692070015706,None,Extremely Likely,2.5600078999999596,1.5600078999999596,395.6503768002149,None,,,,,,,Sub049,001,2022_Oct_11_1523,2_2_Rating_MRI_SEREcombine_Eyetracking,2021.2.3,59.73597889897196,
1,0,6,2,0,20,1,0,1,0,,,,,0,0,0,0,0,0,0,0,0,49,49,6,0,0,0,0,,,,,,,,,,,,,,,,,,,,,,,,,,,,,,,,,,,,,,,,,,,,,,,,,,,,,,,,6,2,0,,,,,0,,,,,,,,,,,,1,,,,,,,,,,,,,,,,,,Sub049,001,2022_Oct_11_1523,2_2_Rating_MRI_SEREcombine_Eyetracking,2021.2.3,59.73597889897196,
1,0,6,2,0,20,1,0,1,0,,,,,0,0,0,0,0,0,0,0,0,49,49,6,,,,,,,,,,,,,,,,,,,,,,,,,,,,,,,,,,,,,,,,,,,,,,,,,,,,,,,,,,,,6,2,0,,,,,0,,,,,,,,,,,,1,,,,,,,,,,,,,,,,,,Sub049,001,2022_Oct_11_1523,2_2_Rating_MRI_SEREcombine_Eyetracking,2021.2.3,59.73597889897196,
1,0,2,0,2,80,3,0,1,0,,,,,0,0,0,0,0,0,0,0,0,50,50,20,0,0,0,0,,,,,,,,,0,0,0,0,,,,,,,,,,,,,,,,,,,,,,,,,,,,,,,,,,,,,,,,,,,,2,0,2,6.955605495902009,80,0,,0,398.23305880022235,None,398.23305880022235,None,398.23305880022235,None,398.23305880022235,None,400.23393430002034,None,3,1,403.23415660019964,None,b,0.5352145999204367,403.23415660019964,None,Extremely Unlikely,2.4388258999999834,1.4388258999999834,403.8005965000484,None,,,,,,,Sub049,001,2022_Oct_11_1523,2_2_Rating_MRI_SEREcombine_Eyetracking,2021.2.3,59.73597889897196,
1,0,2,0,2,80,3,0,1,0,,,,,0,0,0,0,0,0,0,0,0,50,50,20,0,0,0,0,,,,,,,,,,,,,,,,,,,,,,,,,,,,,,,,,,,,,,,,,,,,,,,,,,,,,,,,2,0,2,,,,,0,,,,,,,,,,,,1,,,,,,,,,,,,,,,,,,Sub049,001,2022_Oct_11_1523,2_2_Rating_MRI_SEREcombine_Eyetracking,2021.2.3,59.73597889897196,
1,0,2,0,2,80,3,0,1,0,,,,,0,0,0,0,0,0,0,0,0,50,50,20,,,,,,,,,,,,,,,,,,,,,,,,,,,,,,,,,,,,,,,,,,,,,,,,,,,,,,,,,,,,2,0,2,,,,,0,,,,,,,,,,,,1,,,,,,,,,,,,,,,,,,Sub049,001,2022_Oct_11_1523,2_2_Rating_MRI_SEREcombine_Eyetracking,2021.2.3,59.73597889897196,
0,1,5,1,2,80,0,3,0,1,,,,,0,0,0,0,0,0,0,0,0,51,51,59,,,,,0,0,0,0,0,0,0,0,,,,,,,,,,,,,,,,,,,,,,,,,,,,,,,,,,,,,,406.26645830017515,None,406.26645830017515,None,406.26645830017515,None,406.26645830017515,None,408.2678909001406,None,5,1,2,18.521736703457968,80,1,3,1,,,,,,,,,,,,0,,,,,,,Extremely Likely,2.4227195999999935,1.4227195999999935,411.85060750017874,None,411.2674405002035,None,r,0.5614090000744909,411.2674405002035,None,Sub049,001,2022_Oct_11_1523,2_2_Rating_MRI_SEREcombine_Eyetracking,2021.2.3,59.73597889897196,
0,1,5,1,2,80,0,3,0,1,,,,,0,0,0,0,0,0,0,0,0,51,51,59,,,,,0,0,0,0,,,,,,,,,,,,,,,,,,,,,,,,,,,,,,,,,,,,,,,,,,,,,,,,,,,,5,1,2,,,,,1,,,,,,,,,,,,0,,,,,,,,,,,,,,,,,,Sub049,001,2022_Oct_11_1523,2_2_Rating_MRI_SEREcombine_Eyetracking,2021.2.3,59.73597889897196,
0,1,5,1,2,80,0,3,0,1,,,,,0,0,0,0,0,0,0,0,0,51,51,59,,,,,,,,,,,,,,,,,,,,,,,,,,,,,,,,,,,,,,,,,,,,,,,,,,,,,,,,,,,,5,1,2,,,,,1,,,,,,,,,,,,0,,,,,,,,,,,,,,,,,,Sub049,001,2022_Oct_11_1523,2_2_Rating_MRI_SEREcombine_Eyetracking,2021.2.3,59.73597889897196,
0,1,8,2,2,80,0,1,0,1,,,,,0,0,0,0,0,0,0,0,0,52,52,44,,,,,0,0,0,0,0,0,0,0,,,,,,,,,,,,,,,,,,,,,,,,,,,,,,,,,,,,,,414.29803710011765,None,414.29803710011765,None,414.29803710011765,None,414.29803710011765,None,416.3009221001994,None,8,2,2,35.192672734101905,80,1,1,1,,,,,,,,,,,,0,,,,,,,Extremely Unlikely,2.5688210999999797,1.5688210999999797,417.7347076002043,None,417.30117670004256,None,b,0.4150368000846356,417.30117670004256,None,Sub049,001,2022_Oct_11_1523,2_2_Rating_MRI_SEREcombine_Eyetracking,2021.2.3,59.73597889897196,
0,1,8,2,2,80,0,1,0,1,,,,,0,0,0,0,0,0,0,0,0,52,52,44,,,,,0,0,0,0,,,,,,,,,,,,,,,,,,,,,,,,,,,,,,,,,,,,,,,,,,,,,,,,,,,,8,2,2,,,,,1,,,,,,,,,,,,0,,,,,,,,,,,,,,,,,,Sub049,001,2022_Oct_11_1523,2_2_Rating_MRI_SEREcombine_Eyetracking,2021.2.3,59.73597889897196,
0,1,8,2,2,80,0,1,0,1,,,,,0,0,0,0,0,0,0,0,0,52,52,44,,,,,,,,,,,,,,,,,,,,,,,,,,,,,,,,,,,,,,,,,,,,,,,,,,,,,,,,,,,,8,2,2,,,,,1,,,,,,,,,,,,0,,,,,,,,,,,,,,,,,,Sub049,001,2022_Oct_11_1523,2_2_Rating_MRI_SEREcombine_Eyetracking,2021.2.3,59.73597889897196,
0,1,3,1,0,20,0,1,0,1,,,,,0,0,0,0,0,0,0,0,0,53,53,66,,,,,0,0,0,0,0,0,0,0,,,,,,,,,,,,,,,,,,,,,,,,,,,,,,,,,,,,,,420.33346420014277,None,420.33346420014277,None,420.33346420014277,None,420.33346420014277,None,422.33455580007285,None,3,1,0,18.521736703457968,20,1,1,1,,,,,,,,,,,,0,,,,,,,Extremely Unlikely,2.4698479999999563,1.4698479999999563,423.8680596000049,None,423.3343156001065,None,b,0.507564099971205,423.3343156001065,None,Sub049,001,2022_Oct_11_1523,2_2_Rating_MRI_SEREcombine_Eyetracking,2021.2.3,59.73597889897196,
0,1,3,1,0,20,0,1,0,1,,,,,0,0,0,0,0,0,0,0,0,53,53,66,,,,,0,0,0,0,,,,,,,,,,,,,,,,,,,,,,,,,,,,,,,,,,,,,,,,,,,,,,,,,,,,3,1,0,,,,,1,,,,,,,,,,,,0,,,,,,,,,,,,,,,,,,Sub049,001,2022_Oct_11_1523,2_2_Rating_MRI_SEREcombine_Eyetracking,2021.2.3,59.73597889897196,
0,1,3,1,0,20,0,1,0,1,,,,,0,0,0,0,0,0,0,0,0,53,53,66,,,,,,,,,,,,,,,,,,,,,,,,,,,,,,,,,,,,,,,,,,,,,,,,,,,,,,,,,,,,3,1,0,,,,,1,,,,,,,,,,,,0,,,,,,,,,,,,,,,,,,Sub049,001,2022_Oct_11_1523,2_2_Rating_MRI_SEREcombine_Eyetracking,2021.2.3,59.73597889897196,
0,1,7,2,1,50,0,3,0,1,,,,,0,0,0,0,0,0,0,0,0,54,54,61,,,,,0,0,0,0,0,0,0,0,,,,,,,,,,,,,,,,,,,,,,,,,,,,,,,,,,,,,,426.3643850001972,None,426.3643850001972,None,426.3643850001972,None,426.3643850001972,None,428.36843080003746,None,7,2,1,35.192672734101905,50,1,3,1,,,,,,,,,,,,0,,,,,,,Slightly Unlikely,2.6861420999999837,1.6861420999999837,431.6849171000067,None,431.382472100202,None,y,0.2757158998865634,431.382472100202,None,Sub049,001,2022_Oct_11_1523,2_2_Rating_MRI_SEREcombine_Eyetracking,2021.2.3,59.73597889897196,
0,1,7,2,1,50,0,3,0,1,,,,,0,0,0,0,0,0,0,0,0,54,54,61,,,,,0,0,0,0,,,,,,,,,,,,,,,,,,,,,,,,,,,,,,,,,,,,,,,,,,,,,,,,,,,,7,2,1,,,,,1,,,,,,,,,,,,0,,,,,,,,,,,,,,,,,,Sub049,001,2022_Oct_11_1523,2_2_Rating_MRI_SEREcombine_Eyetracking,2021.2.3,59.73597889897196,
0,1,7,2,1,50,0,3,0,1,,,,,0,0,0,0,0,0,0,0,0,54,54,61,,,,,,,,,,,,,,,,,,,,,,,,,,,,,,,,,,,,,,,,,,,,,,,,,,,,,,,,,,,,7,2,1,,,,,1,,,,,,,,,,,,0,,,,,,,,,,,,,,,,,,Sub049,001,2022_Oct_11_1523,2_2_Rating_MRI_SEREcombine_Eyetracking,2021.2.3,59.73597889897196,
0,1,2,0,2,80,0,1,0,1,,,,,0,0,0,0,0,0,0,0,0,55,55,38,,,,,0,0,0,0,0,0,0,0,,,,,,,,,,,,,,,,,,,,,,,,,,,,,,,,,,,,,,434.40103890001774,None,434.40103890001774,None,434.40103890001774,None,434.40103890001774,None,436.40212500002235,None,2,0,2,6.955605495902009,80,1,1,1,,,,,,,,,,,,0,,,,,,,Extremely Likely,2.6529352000000017,1.6529352000000017,437.75171159999445,None,437.4018256000709,None,r,0.3212574999779463,437.4018256000709,None,Sub049,001,2022_Oct_11_1523,2_2_Rating_MRI_SEREcombine_Eyetracking,2021.2.3,59.73597889897196,
0,1,2,0,2,80,0,1,0,1,,,,,0,0,0,0,0,0,0,0,0,55,55,38,,,,,0,0,0,0,,,,,,,,,,,,,,,,,,,,,,,,,,,,,,,,,,,,,,,,,,,,,,,,,,,,2,0,2,,,,,1,,,,,,,,,,,,0,,,,,,,,,,,,,,,,,,Sub049,001,2022_Oct_11_1523,2_2_Rating_MRI_SEREcombine_Eyetracking,2021.2.3,59.73597889897196,
0,1,2,0,2,80,0,1,0,1,,,,,0,0,0,0,0,0,0,0,0,55,55,38,,,,,,,,,,,,,,,,,,,,,,,,,,,,,,,,,,,,,,,,,,,,,,,,,,,,,,,,,,,,2,0,2,,,,,1,,,,,,,,,,,,0,,,,,,,,,,,,,,,,,,Sub049,001,2022_Oct_11_1523,2_2_Rating_MRI_SEREcombine_Eyetracking,2021.2.3,59.73597889897196,
0,1,8,2,2,80,0,2,0,0,,,,,0,0,0,0,0,0,0,0,0,56,56,53,,,,,0,0,0,0,,,,,,,,,,,,,,,,,,,,,,,,,,,,,,,,,,,,,,,,,,440.4305903001223,None,440.4305903001223,None,440.4305903001223,None,440.4305903001223,None,442.43527280003764,None,8,2,2,35.192672734101905,80,1,2,0,,,,,,,,,,,,0,,,,,,,,,,,,,,,,,,Sub049,001,2022_Oct_11_1523,2_2_Rating_MRI_SEREcombine_Eyetracking,2021.2.3,59.73597889897196,
0,1,8,2,2,80,0,2,0,0,,,,,0,0,0,0,0,0,0,0,0,56,56,53,,,,,,,,,,,,,,,,,,,,,,,,,,,,,,,,,,,,,,,,,,,,,,,,,,,,,,,,,,,,8,2,2,,,,,0,,,,,,,,,,,,0,,,,,,,,,,,,,,,,,,Sub049,001,2022_Oct_11_1523,2_2_Rating_MRI_SEREcombine_Eyetracking,2021.2.3,59.73597889897196,
1,0,5,1,2,80,1,0,1,0,,,,,0,0,0,0,0,0,0,0,0,57,57,5,0,0,0,0,,,,,,,,,0,0,0,0,,,,,,,,,,,,,,,,,,,,,,,,,,,,,,,,,,,,,,,,,,,,5,1,2,18.521736703457968,80,0,,0,444.44177150004543,None,444.44177150004543,None,444.44177150004543,None,444.44177150004543,None,446.4523641001433,None,1,1,447.4526233000215,None,y,0.7342894999310374,447.4526233000215,None,Slightly Unlikely,2.230353600000001,1.2303536000000008,448.2187976001296,None,,,,,,,Sub049,001,2022_Oct_11_1523,2_2_Rating_MRI_SEREcombine_Eyetracking,2021.2.3,59.73597889897196,
1,0,5,1,2,80,1,0,1,0,,,,,0,0,0,0,0,0,0,0,0,57,57,5,0,0,0,0,,,,,,,,,,,,,,,,,,,,,,,,,,,,,,,,,,,,,,,,,,,,,,,,,,,,,,,,5,1,2,,,,,0,,,,,,,,,,,,1,,,,,,,,,,,,,,,,,,Sub049,001,2022_Oct_11_1523,2_2_Rating_MRI_SEREcombine_Eyetracking,2021.2.3,59.73597889897196,
1,0,5,1,2,80,1,0,1,0,,,,,0,0,0,0,0,0,0,0,0,57,57,5,,,,,,,,,,,,,,,,,,,,,,,,,,,,,,,,,,,,,,,,,,,,,,,,,,,,,,,,,,,,5,1,2,,,,,0,,,,,,,,,,,,1,,,,,,,,,,,,,,,,,,Sub049,001,2022_Oct_11_1523,2_2_Rating_MRI_SEREcombine_Eyetracking,2021.2.3,59.73597889897196,
0,1,1,0,1,50,0,2,0,0,,,,,0,0,0,0,0,0,0,0,0,58,58,46,,,,,0,0,0,0,,,,,,,,,,,,,,,,,,,,,,,,,,,,,,,,,,,,,,,,,,450.46586330002174,None,450.46586330002174,None,450.46586330002174,None,450.46586330002174,None,452.4689777002204,None,1,0,1,6.955605495902009,50,1,2,0,,,,,,,,,,,,0,,,,,,,,,,,,,,,,,,Sub049,001,2022_Oct_11_1523,2_2_Rating_MRI_SEREcombine_Eyetracking,2021.2.3,59.73597889897196,
0,1,1,0,1,50,0,2,0,0,,,,,0,0,0,0,0,0,0,0,0,58,58,46,,,,,,,,,,,,,,,,,,,,,,,,,,,,,,,,,,,,,,,,,,,,,,,,,,,,,,,,,,,,1,0,1,,,,,0,,,,,,,,,,,,0,,,,,,,,,,,,,,,,,,Sub049,001,2022_Oct_11_1523,2_2_Rating_MRI_SEREcombine_Eyetracking,2021.2.3,59.73597889897196,
1,0,7,2,1,50,2,0,0,0,,,,,0,0,0,0,0,0,0,0,0,59,59,16,0,0,0,0,,,,,,,,,,,,,,,,,,,,,,,,,,,,,,,,,,,,,,,,,,,,,,,,,,,,,,,,7,2,1,35.192672734101905,50,0,,0,454.47919960017316,None,454.47919960017316,None,454.47919960017316,None,454.47919960017316,None,456.4857902000658,None,2,0,,,,,,,,,,,,,,,,,,Sub049,001,2022_Oct_11_1523,2_2_Rating_MRI_SEREcombine_Eyetracking,2021.2.3,59.73597889897196,
1,0,7,2,1,50,2,0,0,0,,,,,0,0,0,0,0,0,0,0,0,59,59,16,,,,,,,,,,,,,,,,,,,,,,,,,,,,,,,,,,,,,,,,,,,,,,,,,,,,,,,,,,,,7,2,1,,,,,0,,,,,,,,,,,,0,,,,,,,,,,,,,,,,,,Sub049,001,2022_Oct_11_1523,2_2_Rating_MRI_SEREcombine_Eyetracking,2021.2.3,59.73597889897196,
0,1,4,1,1,50,0,3,0,1,,,,,0,0,0,0,0,0,0,0,0,60,60,58,,,,,0,0,0,0,0,0,0,0,,,,,,,,,,,,,,,,,,,,,,,,,,,,,,,,,,,,,,458.49434360000305,None,458.49434360000305,None,458.49434360000305,None,458.49434360000305,None,460.5032838000916,None,4,1,1,18.521736703457968,50,1,3,1,,,,,,,,,,,,0,,,,,,,Extremely Unlikely,2.4641143000000056,1.4641143000000056,464.0361671000719,None,463.50343790021725,None,b,0.5153147999662906,463.50343790021725,None,Sub049,001,2022_Oct_11_1523,2_2_Rating_MRI_SEREcombine_Eyetracking,2021.2.3,59.73597889897196,
0,1,4,1,1,50,0,3,0,1,,,,,0,0,0,0,0,0,0,0,0,60,60,58,,,,,0,0,0,0,,,,,,,,,,,,,,,,,,,,,,,,,,,,,,,,,,,,,,,,,,,,,,,,,,,,4,1,1,,,,,1,,,,,,,,,,,,0,,,,,,,,,,,,,,,,,,Sub049,001,2022_Oct_11_1523,2_2_Rating_MRI_SEREcombine_Eyetracking,2021.2.3,59.73597889897196,
0,1,4,1,1,50,0,3,0,1,,,,,0,0,0,0,0,0,0,0,0,60,60,58,,,,,,,,,,,,,,,,,,,,,,,,,,,,,,,,,,,,,,,,,,,,,,,,,,,,,,,,,,,,4,1,1,,,,,1,,,,,,,,,,,,0,,,,,,,,,,,,,,,,,,Sub049,001,2022_Oct_11_1523,2_2_Rating_MRI_SEREcombine_Eyetracking,2021.2.3,59.73597889897196,
1,0,3,1,0,20,2,0,1,0,,,,,0,0,0,0,0,0,0,0,0,61,61,30,0,0,0,0,,,,,,,,,0,0,0,0,,,,,,,,,,,,,,,,,,,,,,,,,,,,,,,,,,,,,,,,,,,,3,1,0,18.521736703457968,20,0,,0,466.51950660021976,None,466.51950660021976,None,466.51950660021976,None,466.51950660021976,None,468.51972780004144,None,2,1,470.5195846001152,None,y,0.5094192000105977,470.5195846001152,None,Slightly Unlikely,2.4722180999999637,1.4722180999999637,471.0531021000352,None,,,,,,,Sub049,001,2022_Oct_11_1523,2_2_Rating_MRI_SEREcombine_Eyetracking,2021.2.3,59.73597889897196,
1,0,3,1,0,20,2,0,1,0,,,,,0,0,0,0,0,0,0,0,0,61,61,30,0,0,0,0,,,,,,,,,,,,,,,,,,,,,,,,,,,,,,,,,,,,,,,,,,,,,,,,,,,,,,,,3,1,0,,,,,0,,,,,,,,,,,,1,,,,,,,,,,,,,,,,,,Sub049,001,2022_Oct_11_1523,2_2_Rating_MRI_SEREcombine_Eyetracking,2021.2.3,59.73597889897196,
1,0,3,1,0,20,2,0,1,0,,,,,0,0,0,0,0,0,0,0,0,61,61,30,,,,,,,,,,,,,,,,,,,,,,,,,,,,,,,,,,,,,,,,,,,,,,,,,,,,,,,,,,,,3,1,0,,,,,0,,,,,,,,,,,,1,,,,,,,,,,,,,,,,,,Sub049,001,2022_Oct_11_1523,2_2_Rating_MRI_SEREcombine_Eyetracking,2021.2.3,59.73597889897196,
1,0,0,0,0,20,3,0,1,0,,,,,0,0,0,0,0,0,0,0,0,62,62,18,0,0,0,0,,,,,,,,,0,0,0,0,,,,,,,,,,,,,,,,,,,,,,,,,,,,,,,,,,,,,,,,,,,,0,0,0,6.955605495902009,20,0,,0,473.5477152999956,None,473.5477152999956,None,473.5477152999956,None,473.5477152999956,None,475.5533396000974,None,3,1,478.5532881000545,None,b,0.4791833001654595,478.5532881000545,None,Extremely Unlikely,2.501556600000015,1.501556600000015,479.0534281001892,None,,,,,,,Sub049,001,2022_Oct_11_1523,2_2_Rating_MRI_SEREcombine_Eyetracking,2021.2.3,59.73597889897196,
1,0,0,0,0,20,3,0,1,0,,,,,0,0,0,0,0,0,0,0,0,62,62,18,0,0,0,0,,,,,,,,,,,,,,,,,,,,,,,,,,,,,,,,,,,,,,,,,,,,,,,,,,,,,,,,0,0,0,,,,,0,,,,,,,,,,,,1,,,,,,,,,,,,,,,,,,Sub049,001,2022_Oct_11_1523,2_2_Rating_MRI_SEREcombine_Eyetracking,2021.2.3,59.73597889897196,
1,0,0,0,0,20,3,0,1,0,,,,,0,0,0,0,0,0,0,0,0,62,62,18,,,,,,,,,,,,,,,,,,,,,,,,,,,,,,,,,,,,,,,,,,,,,,,,,,,,,,,,,,,,0,0,0,,,,,0,,,,,,,,,,,,1,,,,,,,,,,,,,,,,,,Sub049,001,2022_Oct_11_1523,2_2_Rating_MRI_SEREcombine_Eyetracking,2021.2.3,59.73597889897196,
0,1,0,0,0,20,0,3,0,1,,,,,0,0,0,0,0,0,0,0,0,63,63,54,,,,,0,0,0,0,0,0,0,0,,,,,,,,,,,,,,,,,,,,,,,,,,,,,,,,,,,,,,481.5825118001085,None,481.5825118001085,None,481.5825118001085,None,481.5825118001085,None,483.58710790006444,None,0,0,0,6.955605495902009,20,1,3,1,,,,,,,,,,,,0,,,,,,,Extremely Unlikely,2.534793900000011,1.534793900000011,487.0537727000192,None,486.5874188002199,None,b,0.4378323999699205,486.5874188002199,None,Sub049,001,2022_Oct_11_1523,2_2_Rating_MRI_SEREcombine_Eyetracking,2021.2.3,59.73597889897196,
0,1,0,0,0,20,0,3,0,1,,,,,0,0,0,0,0,0,0,0,0,63,63,54,,,,,0,0,0,0,,,,,,,,,,,,,,,,,,,,,,,,,,,,,,,,,,,,,,,,,,,,,,,,,,,,0,0,0,,,,,1,,,,,,,,,,,,0,,,,,,,,,,,,,,,,,,Sub049,001,2022_Oct_11_1523,2_2_Rating_MRI_SEREcombine_Eyetracking,2021.2.3,59.73597889897196,
0,1,0,0,0,20,0,3,0,1,,,,,0,0,0,0,0,0,0,0,0,63,63,54,,,,,,,,,,,,,,,,,,,,,,,,,,,,,,,,,,,,,,,,,,,,,,,,,,,,,,,,,,,,0,0,0,,,,,1,,,,,,,,,,,,0,,,,,,,,,,,,,,,,,,Sub049,001,2022_Oct_11_1523,2_2_Rating_MRI_SEREcombine_Eyetracking,2021.2.3,59.73597889897196,
1,0,1,0,1,50,3,0,1,0,,,,,0,0,0,0,0,0,0,0,0,64,64,19,0,0,0,0,,,,,,,,,0,0,0,0,,,,,,,,,,,,,,,,,,,,,,,,,,,,,,,,,,,,,,,,,,,,1,0,1,6.955605495902009,50,0,,0,489.6171433001291,None,489.6171433001291,None,489.6171433001291,None,489.6171433001291,None,491.62081430014223,None,3,1,494.62045330018736,None,b,0.457115099998191,494.62045330018736,None,Extremely Unlikely,2.5197272999999996,1.5197272999999996,495.1037754002027,None,,,,,,,Sub049,001,2022_Oct_11_1523,2_2_Rating_MRI_SEREcombine_Eyetracking,2021.2.3,59.73597889897196,
1,0,1,0,1,50,3,0,1,0,,,,,0,0,0,0,0,0,0,0,0,64,64,19,0,0,0,0,,,,,,,,,,,,,,,,,,,,,,,,,,,,,,,,,,,,,,,,,,,,,,,,,,,,,,,,1,0,1,,,,,0,,,,,,,,,,,,1,,,,,,,,,,,,,,,,,,Sub049,001,2022_Oct_11_1523,2_2_Rating_MRI_SEREcombine_Eyetracking,2021.2.3,59.73597889897196,
1,0,1,0,1,50,3,0,1,0,,,,,0,0,0,0,0,0,0,0,0,64,64,19,,,,,,,,,,,,,,,,,,,,,,,,,,,,,,,,,,,,,,,,,,,,,,,,,,,,,,,,,,,,1,0,1,,,,,0,,,,,,,,,,,,1,,,,,,,,,,,,,,,,,,Sub049,001,2022_Oct_11_1523,2_2_Rating_MRI_SEREcombine_Eyetracking,2021.2.3,59.73597889897196,
0,1,2,0,2,80,0,3,0,1,,,,,0,0,0,0,0,0,0,0,0,65,65,65,,,,,0,0,0,0,0,0,0,0,,,,,,,,,,,,,,,,,,,,,,,,,,,,,,,,,,,,,,497.6501625000965,None,497.6501625000965,None,497.6501625000965,None,497.6501625000965,None,499.6375174000859,None,2,0,2,6.955605495902009,80,1,3,1,,,,,,,,,,,,0,,,,,,,Extremely Likely,2.620095699999979,1.620095699999979,503.0377456001006,None,502.63765580020845,None,r,0.3774714001920074,502.63765580020845,None,Sub049,001,2022_Oct_11_1523,2_2_Rating_MRI_SEREcombine_Eyetracking,2021.2.3,59.73597889897196,
0,1,2,0,2,80,0,3,0,1,,,,,0,0,0,0,0,0,0,0,0,65,65,65,,,,,0,0,0,0,,,,,,,,,,,,,,,,,,,,,,,,,,,,,,,,,,,,,,,,,,,,,,,,,,,,2,0,2,,,,,1,,,,,,,,,,,,0,,,,,,,,,,,,,,,,,,Sub049,001,2022_Oct_11_1523,2_2_Rating_MRI_SEREcombine_Eyetracking,2021.2.3,59.73597889897196,
0,1,2,0,2,80,0,3,0,1,,,,,0,0,0,0,0,0,0,0,0,65,65,65,,,,,,,,,,,,,,,,,,,,,,,,,,,,,,,,,,,,,,,,,,,,,,,,,,,,,,,,,,,,2,0,2,,,,,1,,,,,,,,,,,,0,,,,,,,,,,,,,,,,,,Sub049,001,2022_Oct_11_1523,2_2_Rating_MRI_SEREcombine_Eyetracking,2021.2.3,59.73597889897196,
0,1,3,1,0,20,0,1,0,1,,,,,0,0,0,0,0,0,0,0,0,66,66,39,,,,,0,0,0,0,0,0,0,0,,,,,,,,,,,,,,,,,,,,,,,,,,,,,,,,,,,,,,505.6822365000844,None,505.6822365000844,None,505.6822365000844,None,505.6822365000844,None,507.6878137001768,None,3,1,0,18.521736703457968,20,1,1,1,,,,,,,,,,,,0,,,,,,,Extremely Unlikely,2.417462499999999,1.4174624999999992,509.2710648002103,None,508.68789990013465,None,b,0.5604804998729378,508.68789990013465,None,Sub049,001,2022_Oct_11_1523,2_2_Rating_MRI_SEREcombine_Eyetracking,2021.2.3,59.73597889897196,
0,1,3,1,0,20,0,1,0,1,,,,,0,0,0,0,0,0,0,0,0,66,66,39,,,,,0,0,0,0,,,,,,,,,,,,,,,,,,,,,,,,,,,,,,,,,,,,,,,,,,,,,,,,,,,,3,1,0,,,,,1,,,,,,,,,,,,0,,,,,,,,,,,,,,,,,,Sub049,001,2022_Oct_11_1523,2_2_Rating_MRI_SEREcombine_Eyetracking,2021.2.3,59.73597889897196,
0,1,3,1,0,20,0,1,0,1,,,,,0,0,0,0,0,0,0,0,0,66,66,39,,,,,,,,,,,,,,,,,,,,,,,,,,,,,,,,,,,,,,,,,,,,,,,,,,,,,,,,,,,,3,1,0,,,,,1,,,,,,,,,,,,0,,,,,,,,,,,,,,,,,,Sub049,001,2022_Oct_11_1523,2_2_Rating_MRI_SEREcombine_Eyetracking,2021.2.3,59.73597889897196,
1,0,4,1,1,50,3,0,1,0,,,,,0,0,0,0,0,0,0,0,0,67,67,22,0,0,0,0,,,,,,,,,0,0,0,0,,,,,,,,,,,,,,,,,,,,,,,,,,,,,,,,,,,,,,,,,,,,4,1,1,18.521736703457968,50,0,,0,511.7007931000553,None,511.7007931000553,None,511.7007931000553,None,511.7007931000553,None,513.7044987000991,None,3,1,516.7049261000939,None,g,1.133804899873212,516.7049261000939,None,Slightly Likely,1.8520657000000824,0.8520657000000824,517.8551313001662,None,,,,,,,Sub049,001,2022_Oct_11_1523,2_2_Rating_MRI_SEREcombine_Eyetracking,2021.2.3,59.73597889897196,
1,0,4,1,1,50,3,0,1,0,,,,,0,0,0,0,0,0,0,0,0,67,67,22,0,0,0,0,,,,,,,,,,,,,,,,,,,,,,,,,,,,,,,,,,,,,,,,,,,,,,,,,,,,,,,,4,1,1,,,,,0,,,,,,,,,,,,1,,,,,,,,,,,,,,,,,,Sub049,001,2022_Oct_11_1523,2_2_Rating_MRI_SEREcombine_Eyetracking,2021.2.3,59.73597889897196,
1,0,4,1,1,50,3,0,1,0,,,,,0,0,0,0,0,0,0,0,0,67,67,22,,,,,,,,,,,,,,,,,,,,,,,,,,,,,,,,,,,,,,,,,,,,,,,,,,,,,,,,,,,,4,1,1,,,,,0,,,,,,,,,,,,1,,,,,,,,,,,,,,,,,,Sub049,001,2022_Oct_11_1523,2_2_Rating_MRI_SEREcombine_Eyetracking,2021.2.3,59.73597889897196,
0,1,0,0,0,20,0,2,0,0,,,,,0,0,0,0,0,0,0,0,0,68,68,45,,,,,0,0,0,0,,,,,,,,,,,,,,,,,,,,,,,,,,,,,,,,,,,,,,,,,,519.7333342002239,None,519.7333342002239,None,519.7333342002239,None,519.7333342002239,None,521.7385701001622,None,0,0,0,6.955605495902009,20,1,2,0,,,,,,,,,,,,0,,,,,,,,,,,,,,,,,,Sub049,001,2022_Oct_11_1523,2_2_Rating_MRI_SEREcombine_Eyetracking,2021.2.3,59.73597889897196,
0,1,0,0,0,20,0,2,0,0,,,,,0,0,0,0,0,0,0,0,0,68,68,45,,,,,,,,,,,,,,,,,,,,,,,,,,,,,,,,,,,,,,,,,,,,,,,,,,,,,,,,,,,,0,0,0,,,,,0,,,,,,,,,,,,0,,,,,,,,,,,,,,,,,,Sub049,001,2022_Oct_11_1523,2_2_Rating_MRI_SEREcombine_Eyetracking,2021.2.3,59.73597889897196,
0,1,5,1,2,80,0,1,0,1,,,,,0,0,0,0,0,0,0,0,0,69,69,41,,,,,0,0,0,0,0,0,0,0,,,,,,,,,,,,,,,,,,,,,,,,,,,,,,,,,,,,,,523.7457904000767,None,523.7457904000767,None,523.7457904000767,None,523.7457904000767,None,525.7549757000525,None,5,1,2,18.521736703457968,80,1,1,1,,,,,,,,,,,,0,,,,,,,Slightly Unlikely,2.2471219999999903,1.2471219999999903,527.5055271000601,None,526.7549191000871,None,y,0.7313771999906749,526.7549191000871,None,Sub049,001,2022_Oct_11_1523,2_2_Rating_MRI_SEREcombine_Eyetracking,2021.2.3,59.73597889897196,
0,1,5,1,2,80,0,1,0,1,,,,,0,0,0,0,0,0,0,0,0,69,69,41,,,,,0,0,0,0,,,,,,,,,,,,,,,,,,,,,,,,,,,,,,,,,,,,,,,,,,,,,,,,,,,,5,1,2,,,,,1,,,,,,,,,,,,0,,,,,,,,,,,,,,,,,,Sub049,001,2022_Oct_11_1523,2_2_Rating_MRI_SEREcombine_Eyetracking,2021.2.3,59.73597889897196,
0,1,5,1,2,80,0,1,0,1,,,,,0,0,0,0,0,0,0,0,0,69,69,41,,,,,,,,,,,,,,,,,,,,,,,,,,,,,,,,,,,,,,,,,,,,,,,,,,,,,,,,,,,,5,1,2,,,,,1,,,,,,,,,,,,0,,,,,,,,,,,,,,,,,,Sub049,001,2022_Oct_11_1523,2_2_Rating_MRI_SEREcombine_Eyetracking,2021.2.3,59.73597889897196,
1,0,4,1,1,50,2,0,0,0,,,,,0,0,0,0,0,0,0,0,0,70,70,13,0,0,0,0,,,,,,,,,,,,,,,,,,,,,,,,,,,,,,,,,,,,,,,,,,,,,,,,,,,,,,,,4,1,1,18.521736703457968,50,0,,0,529.7678496001754,None,529.7678496001754,None,529.7678496001754,None,529.7678496001754,None,531.7719367002137,None,2,0,,,,,,,,,,,,,,,,,,Sub049,001,2022_Oct_11_1523,2_2_Rating_MRI_SEREcombine_Eyetracking,2021.2.3,59.73597889897196,
1,0,4,1,1,50,2,0,0,0,,,,,0,0,0,0,0,0,0,0,0,70,70,13,,,,,,,,,,,,,,,,,,,,,,,,,,,,,,,,,,,,,,,,,,,,,,,,,,,,,,,,,,,,4,1,1,,,,,0,,,,,,,,,,,,0,,,,,,,,,,,,,,,,,,Sub049,001,2022_Oct_11_1523,2_2_Rating_MRI_SEREcombine_Eyetracking,2021.2.3,59.73597889897196,
0,1,7,2,1,50,0,2,0,1,,,,,0,0,0,0,0,0,0,0,0,71,71,70,,,,,0,0,0,0,0,0,0,0,,,,,,,,,,,,,,,,,,,,,,,,,,,,,,,,,,,,,,533.7817397001199,None,533.7817397001199,None,533.7817397001199,None,533.7817397001199,None,535.7887046001852,None,7,2,1,35.192672734101905,50,1,2,1,,,,,,,,,,,,0,,,,,,,Extremely Unlikely,2.5973553999999694,1.5973553999999694,538.189143500058,None,537.7891849000007,None,b,0.37066320003941655,537.7891849000007,None,Sub049,001,2022_Oct_11_1523,2_2_Rating_MRI_SEREcombine_Eyetracking,2021.2.3,59.73597889897196,
0,1,7,2,1,50,0,2,0,1,,,,,0,0,0,0,0,0,0,0,0,71,71,70,,,,,0,0,0,0,,,,,,,,,,,,,,,,,,,,,,,,,,,,,,,,,,,,,,,,,,,,,,,,,,,,7,2,1,,,,,1,,,,,,,,,,,,0,,,,,,,,,,,,,,,,,,Sub049,001,2022_Oct_11_1523,2_2_Rating_MRI_SEREcombine_Eyetracking,2021.2.3,59.73597889897196,
0,1,7,2,1,50,0,2,0,1,,,,,0,0,0,0,0,0,0,0,0,71,71,70,,,,,,,,,,,,,,,,,,,,,,,,,,,,,,,,,,,,,,,,,,,,,,,,,,,,,,,,,,,,7,2,1,,,,,1,,,,,,,,,,,,0,,,,,,,,,,,,,,,,,,Sub049,001,2022_Oct_11_1523,2_2_Rating_MRI_SEREcombine_Eyetracking,2021.2.3,59.73597889897196,
,,,,,,,,,,,,,,0,0,0,0,0,0,0,0,,,,,,,,,,,,,,,,,,,,,,,,,,,,,,,,,,,,,,,,,,,,,,,,,,,,,,,,,,,,,,,,,,,,,,,,,,,,,,,,,,,,,,,,,,,,,,,,,,,,,Sub049,001,2022_Oct_11_1523,2_2_Rating_MRI_SEREcombine_Eyetracking,2021.2.3,59.73597889897196,
