﻿current_pair,current_pair_SE,current_pair_RE,current_card_prob,ITI_Play,Play_block_Q,start_MRI.thisRepN,start_MRI.thisTrialN,start_MRI.thisN,start_MRI.thisIndex,L_subjects.thisRepN,L_subjects.thisTrialN,L_subjects.thisN,L_subjects.thisIndex,fMRI_trials_Play_L.thisRepN,fMRI_trials_Play_L.thisTrialN,fMRI_trials_Play_L.thisN,fMRI_trials_Play_L.thisIndex,Q_Play_L.thisRepN,Q_Play_L.thisTrialN,Q_Play_L.thisN,Q_Play_L.thisIndex,R_subjects.thisRepN,R_subjects.thisTrialN,R_subjects.thisN,R_subjects.thisIndex,fMRI_center.started,fMRI_center.stopped,fMR_Instr1_text.started,fMR_Instr1_text.stopped,text_SE_7.started,text_SE_7.stopped,fMRI_center_2.started,fMRI_center_2.stopped,fMR_Instr2_text_2.started,fMR_Instr2_text_2.stopped,text_SE_8.started,text_SE_8.stopped,Slider_rating_Play_instr_L.response,Slider_rating_Play_instr_L.rt,Slider_rating_Play_instr_L.started,Slider_rating_Play_instr_L.stopped,fMRI_center_instrTimePlay_L.started,fMRI_center_instrTimePlay_L.stopped,fMR_Instr2_text_6.started,fMR_Instr2_text_6.stopped,fMRI_instr3_Q_play.started,fMRI_instr3_Q_play.stopped,text_SE_3.started,text_SE_3.stopped,PairQuestionONSET_attri_R_2.started,PairQuestionONSET_attri_R_2.stopped,key_resp_rating_Attri_R_2.keys,key_resp_rating_Attri_R_2.rt,key_resp_rating_Attri_R_2.started,key_resp_rating_Attri_R_2.stopped,text_SE_18.started,text_SE_18.stopped,fMR_Instr2_text_9.started,fMR_Instr2_text_9.stopped,Ready_text.started,Ready_text.stopped,trigger_2.keys,trigger_2.rt,trigger_2.started,trigger_2.stopped,center_OnsetTime.started,center_OnsetTime.stopped,PairONSET_card_prob.started,PairONSET_card_prob.stopped,text_SE_9.started,text_SE_9.stopped,fixOnset_text_5.started,fixOnset_text_5.stopped,current_pair,current_pair_SE,current_pair_RE,target_pair,card_pair,ISI1_Play,type_Q,Play_block_Q,PairQuestionONSET_text_2.started,PairQuestionONSET_text_2.stopped,key_resp_rating_play_L.keys,key_resp_rating_play_L.rt,key_resp_rating_play_L.started,key_resp_rating_play_L.stopped,Rating_pair_Play,ISI2_Play,fixOnset_text.started,fixOnset_text.stopped,PairQuestionONSET_attri_2.started,PairQuestionONSET_attri_2.stopped,key_resp_rating_Attri_L2.keys,key_resp_rating_Attri_L2.rt,key_resp_rating_Attri_L2.started,key_resp_rating_Attri_L2.stopped,ITI_actual_Play,Attri_Ans,lagTime,text_SE_19.started,text_SE_19.stopped,fixOnset_text_ITI.started,fixOnset_text_ITI.stopped,Final_text_Q.started,Final_text_Q.stopped,key_resp_3.keys,participant,session,date,expName,psychopyVersion,frameRate,
,,,,,,0,0,0,0,,,,,,,,,,,,,,,,,12.033595599234104,None,12.033595599234104,None,12.033595599234104,None,,,,,,,,,,,,,,,,,,,,,,,,,,,,,,,,,,,,,,,,,,,,,,,,,,,,,,,,,,,,,,,,,,,,,,,,,,,,,Sub013,001,2022_May_26_1509,2_3_MRI_Rating_Play_Eyetracking,2021.2.3,59.88386151189824,
1,0,1,50,3,1,,,,,0,0,0,0,0,0,0,46,0,0,0,0,,,,,,,,,,,25.63652189914137,None,25.63652189914137,None,25.63652189914137,None,None,None,222.7974119996652,None,222.7974119996652,None,222.7974119996652,None,222.7974119996652,None,222.7974119996652,None,229.82864589989185,None,g,5.461163200438023,229.82864589989185,None,229.82864589989185,None,229.82864589989185,None,235.30631529912353,None,t,15.382602800615132,235.30631529912353,None,250.7938082991168,None,250.7938082991168,None,250.7938082991168,None,252.8225188991055,None,1,0,1,7.274917079279487,50,3,2,1,255.92917729914188,None,b,0.9230484012514353,255.92917729914188,None,Definitely No,2.0769515987485647,256.9531517997384,None,259.1286969995126,None,r,0.6366368010640144,259.1286969995126,None,1.9292906999999957,Definitely Bar,0.9292906999999957,259.1286969995126,None,259.8943641996011,None,,,,Sub013,001,2022_May_26_1509,2_3_MRI_Rating_Play_Eyetracking,2021.2.3,59.88386151189824,
1,0,1,50,3,1,,,,,0,0,0,0,0,0,0,46,,,,,,,,,,,,,,,,,,,,,,,,,,,,,,,,,,,,,,,,,,,,,,,,,,,,,,,,,1,0,1,,,,,1,,,,,,,,,,,,,,,,,,,,,,,,,,,Sub013,001,2022_May_26_1509,2_3_MRI_Rating_Play_Eyetracking,2021.2.3,59.88386151189824,
3,1,0,20,1,1,,,,,0,0,0,0,0,1,1,30,0,0,0,0,,,,,,,,,,,,,,,,,,,,,,,,,,,,,,,,,,,,,,,,,,,,,261.92883859947324,None,261.92883859947324,None,261.92883859947324,None,263.9400043999776,None,3,1,0,19.37201567301229,20,1,2,1,265.0361106991768,None,y,1.2307100016623735,265.0361106991768,None,No,1.7692899983376265,266.3710009995848,None,268.2440224997699,None,y,1.2017883006483316,268.2440224997699,None,1.3791128999999955,Card,0.37911289999999553,268.2440224997699,None,269.57705299928784,None,,,,Sub013,001,2022_May_26_1509,2_3_MRI_Rating_Play_Eyetracking,2021.2.3,59.88386151189824,
3,1,0,20,1,1,,,,,0,0,0,0,0,1,1,30,,,,,,,,,,,,,,,,,,,,,,,,,,,,,,,,,,,,,,,,,,,,,,,,,,,,,,,,,3,1,0,,,,,1,,,,,,,,,,,,,,,,,,,,,,,,,,,Sub013,001,2022_May_26_1509,2_3_MRI_Rating_Play_Eyetracking,2021.2.3,59.88386151189824,
4,1,1,50,1,1,,,,,0,0,0,0,0,2,2,31,0,0,0,0,,,,,,,,,,,,,,,,,,,,,,,,,,,,,,,,,,,,,,,,,,,,,271.0386692993343,None,271.0386692993343,None,271.0386692993343,None,273.06727909948677,None,4,1,1,19.37201567301229,50,1,2,1,274.1759910993278,None,g,1.795332401059568,274.1759910993278,None,Yes,1.204667598940432,276.08385889977217,None,277.3969257995486,None,y,0.785457600839436,277.3969257995486,None,1.7718996000000402,Card,0.7718996000000402,277.3969257995486,None,278.3069992996752,None,,,,Sub013,001,2022_May_26_1509,2_3_MRI_Rating_Play_Eyetracking,2021.2.3,59.88386151189824,
4,1,1,50,1,1,,,,,0,0,0,0,0,2,2,31,,,,,,,,,,,,,,,,,,,,,,,,,,,,,,,,,,,,,,,,,,,,,,,,,,,,,,,,,4,1,1,,,,,1,,,,,,,,,,,,,,,,,,,,,,,,,,,Sub013,001,2022_May_26_1509,2_3_MRI_Rating_Play_Eyetracking,2021.2.3,59.88386151189824,
7,2,1,50,2,1,,,,,0,0,0,0,0,3,3,16,0,0,0,0,,,,,,,,,,,,,,,,,,,,,,,,,,,,,,,,,,,,,,,,,,,,,280.1905914992094,None,280.1905914992094,None,280.1905914992094,None,282.20890729967505,None,7,2,1,36.80826580657162,50,2,2,1,284.3071332992986,None,g,0.5493728006258607,284.3071332992986,None,Yes,2.4506271993741393,284.9757233997807,None,287.5457626990974,None,g,0.6712186010554433,287.5457626990974,None,1.8745794999999816,Bar,0.8745794999999816,287.5457626990974,None,288.34397089947015,None,,,,Sub013,001,2022_May_26_1509,2_3_MRI_Rating_Play_Eyetracking,2021.2.3,59.88386151189824,
7,2,1,50,2,1,,,,,0,0,0,0,0,3,3,16,,,,,,,,,,,,,,,,,,,,,,,,,,,,,,,,,,,,,,,,,,,,,,,,,,,,,,,,,7,2,1,,,,,1,,,,,,,,,,,,,,,,,,,,,,,,,,,Sub013,001,2022_May_26_1509,2_3_MRI_Rating_Play_Eyetracking,2021.2.3,59.88386151189824,
4,1,1,50,1,1,,,,,0,0,0,0,0,4,4,58,0,0,0,0,,,,,,,,,,,,,,,,,,,,,,,,,,,,,,,,,,,,,,,,,,,,,290.32878509908915,None,290.32878509908915,None,290.32878509908915,None,292.3398980991915,None,4,1,1,19.37201567301229,50,1,2,1,293.44242569990456,None,g,1.1854981016367674,293.44242569990456,None,Yes,1.8145018983632326,294.76500049978495,None,296.68982400000095,None,y,0.597188800573349,296.68982400000095,None,1.937654899999984,Card,0.9376548999999841,296.68982400000095,None,297.40169249940664,None,,,,Sub013,001,2022_May_26_1509,2_3_MRI_Rating_Play_Eyetracking,2021.2.3,59.88386151189824,
4,1,1,50,1,1,,,,,0,0,0,0,0,4,4,58,,,,,,,,,,,,,,,,,,,,,,,,,,,,,,,,,,,,,,,,,,,,,,,,,,,,,,,,,4,1,1,,,,,1,,,,,,,,,,,,,,,,,,,,,,,,,,,Sub013,001,2022_May_26_1509,2_3_MRI_Rating_Play_Eyetracking,2021.2.3,59.88386151189824,
8,2,2,80,3,0,,,,,0,0,0,0,0,5,5,26,,,,,,,,,,,,,,,,,,,,,,,,,,,,,,,,,,,,,,,,,,,,,,,,,299.43460979964584,None,299.43460979964584,None,299.43460979964584,None,301.4371122997254,None,8,2,2,36.80826580657162,80,3,2,0,,,,,,,,,,,,,,,,,,,,,,,,,,,Sub013,001,2022_May_26_1509,2_3_MRI_Rating_Play_Eyetracking,2021.2.3,59.88386151189824,
5,1,2,80,3,0,,,,,0,0,0,0,0,6,6,23,,,,,,,,,,,,,,,,,,,,,,,,,,,,,,,,,,,,,,,,,,,,,,,,,304.5350926993415,None,304.5350926993415,None,304.5350926993415,None,306.5602543000132,None,5,1,2,19.37201567301229,80,3,2,0,,,,,,,,,,,,,,,,,,,,,,,,,,,Sub013,001,2022_May_26_1509,2_3_MRI_Rating_Play_Eyetracking,2021.2.3,59.88386151189824,
8,2,2,80,1,1,,,,,0,0,0,0,0,7,7,35,0,0,0,0,,,,,,,,,,,,,,,,,,,,,,,,,,,,,,,,,,,,,,,,,,,,,309.6573043996468,None,309.6573043996468,None,309.6573043996468,None,311.69233119953424,None,8,2,2,36.80826580657162,80,1,2,1,312.7763522993773,None,r,0.6850364003330469,312.7763522993773,None,Definitely Yes,2.314963599666953,313.59012899920344,None,316.0139510994777,None,b,0.9400287009775639,316.0139510994777,None,1.6096688999999742,Definitely Card,0.6096688999999742,316.0139510994777,None,317.0691621992737,None,,,,Sub013,001,2022_May_26_1509,2_3_MRI_Rating_Play_Eyetracking,2021.2.3,59.88386151189824,
8,2,2,80,1,1,,,,,0,0,0,0,0,7,7,35,,,,,,,,,,,,,,,,,,,,,,,,,,,,,,,,,,,,,,,,,,,,,,,,,,,,,,,,,8,2,2,,,,,1,,,,,,,,,,,,,,,,,,,,,,,,,,,Sub013,001,2022_May_26_1509,2_3_MRI_Rating_Play_Eyetracking,2021.2.3,59.88386151189824,
6,2,0,20,2,1,,,,,0,0,0,0,0,8,8,60,0,0,0,0,,,,,,,,,,,,,,,,,,,,,,,,,,,,,,,,,,,,,,,,,,,,,318.7702060993761,None,318.7702060993761,None,318.7702060993761,None,320.81061359960586,None,6,2,0,36.80826580657162,20,2,2,1,322.9102524993941,None,g,0.6009588008746505,322.9102524993941,None,Yes,2.3990411991253495,323.63447159994394,None,326.1457647997886,None,g,1.0070380009710789,326.1457647997886,None,1.5392140000000154,Bar,0.5392140000000154,326.1457647997886,None,327.2735524997115,None,,,,Sub013,001,2022_May_26_1509,2_3_MRI_Rating_Play_Eyetracking,2021.2.3,59.88386151189824,
6,2,0,20,2,1,,,,,0,0,0,0,0,8,8,60,,,,,,,,,,,,,,,,,,,,,,,,,,,,,,,,,,,,,,,,,,,,,,,,,,,,,,,,,6,2,0,,,,,1,,,,,,,,,,,,,,,,,,,,,,,,,,,Sub013,001,2022_May_26_1509,2_3_MRI_Rating_Play_Eyetracking,2021.2.3,59.88386151189824,
2,0,2,80,1,0,,,,,0,0,0,0,0,9,9,2,,,,,,,,,,,,,,,,,,,,,,,,,,,,,,,,,,,,,,,,,,,,,,,,,328.9298964999616,None,328.9298964999616,None,328.9298964999616,None,330.92197809927166,None,2,0,2,7.274917079279487,80,1,2,0,,,,,,,,,,,,,,,,,,,,,,,,,,,Sub013,001,2022_May_26_1509,2_3_MRI_Rating_Play_Eyetracking,2021.2.3,59.88386151189824,
3,1,0,20,3,0,,,,,0,0,0,0,0,10,10,21,,,,,,,,,,,,,,,,,,,,,,,,,,,,,,,,,,,,,,,,,,,,,,,,,332.02772809937596,None,332.02772809937596,None,332.02772809937596,None,334.0359975993633,None,3,1,0,19.37201567301229,20,3,2,0,,,,,,,,,,,,,,,,,,,,,,,,,,,Sub013,001,2022_May_26_1509,2_3_MRI_Rating_Play_Eyetracking,2021.2.3,59.88386151189824,
1,0,1,50,1,1,,,,,0,0,0,0,0,11,11,28,0,0,0,0,,,,,,,,,,,,,,,,,,,,,,,,,,,,,,,,,,,,,,,,,,,,,337.14304889924824,None,337.14304889924824,None,337.14304889924824,None,339.15989659912884,None,1,0,1,7.274917079279487,50,1,2,1,340.25629129912704,None,y,1.488442501053214,340.25629129912704,None,No,1.511557498946786,341.87509099952877,None,343.49981059972197,None,r,0.5483641000464559,343.49981059972197,None,1.9780471999999918,Definitely Bar,0.9780471999999918,343.49981059972197,None,344.1556799998507,None,,,,Sub013,001,2022_May_26_1509,2_3_MRI_Rating_Play_Eyetracking,2021.2.3,59.88386151189824,
1,0,1,50,1,1,,,,,0,0,0,0,0,11,11,28,,,,,,,,,,,,,,,,,,,,,,,,,,,,,,,,,,,,,,,,,,,,,,,,,,,,,,,,,1,0,1,,,,,1,,,,,,,,,,,,,,,,,,,,,,,,,,,Sub013,001,2022_May_26_1509,2_3_MRI_Rating_Play_Eyetracking,2021.2.3,59.88386151189824,
0,0,0,20,2,1,,,,,0,0,0,0,0,12,12,9,0,0,0,0,,,,,,,,,,,,,,,,,,,,,,,,,,,,,,,,,,,,,,,,,,,,,346.24396199919283,None,346.24396199919283,None,346.24396199919283,None,348.2365173995495,None,0,0,0,7.274917079279487,20,2,2,1,350.3486696993932,None,y,1.028659300878644,350.3486696993932,None,No,1.971340699121356,351.49708969984204,None,353.5772349992767,None,None,,353.5772349992767,None,0.6721300000000383,,-0.3278699999999617,353.5772349992767,None,355.57621099986136,None,,,,Sub013,001,2022_May_26_1509,2_3_MRI_Rating_Play_Eyetracking,2021.2.3,59.88386151189824,
0,0,0,20,2,1,,,,,0,0,0,0,0,12,12,9,,,,,,,,,,,,,,,,,,,,,,,,,,,,,,,,,,,,,,,,,,,,,,,,,,,,,,,,,0,0,0,,,,,1,,,,,,,,,,,,,,,,,,,,,,,,,,,Sub013,001,2022_May_26_1509,2_3_MRI_Rating_Play_Eyetracking,2021.2.3,59.88386151189824,
5,1,2,80,1,1,,,,,0,0,0,0,0,13,13,59,0,0,0,0,,,,,,,,,,,,,,,,,,,,,,,,,,,,,,,,,,,,,,,,,,,,,356.3331034993753,None,356.3331034993753,None,356.3331034993753,None,358.3476998992264,None,5,1,2,19.37201567301229,80,1,2,1,359.4306891998276,None,g,1.022958100773394,359.4306891998276,None,Yes,1.977041899226606,360.57855769991875,None,362.6397867994383,None,b,0.8680925015360117,362.6397867994383,None,1.7577871999999957,Definitely Card,0.7577871999999957,362.6397867994383,None,363.6293213991448,None,,,,Sub013,001,2022_May_26_1509,2_3_MRI_Rating_Play_Eyetracking,2021.2.3,59.88386151189824,
5,1,2,80,1,1,,,,,0,0,0,0,0,13,13,59,,,,,,,,,,,,,,,,,,,,,,,,,,,,,,,,,,,,,,,,,,,,,,,,,,,,,,,,,5,1,2,,,,,1,,,,,,,,,,,,,,,,,,,,,,,,,,,Sub013,001,2022_May_26_1509,2_3_MRI_Rating_Play_Eyetracking,2021.2.3,59.88386151189824,
4,1,1,50,3,0,,,,,0,0,0,0,0,14,14,22,,,,,,,,,,,,,,,,,,,,,,,,,,,,,,,,,,,,,,,,,,,,,,,,,365.4990331996232,None,365.4990331996232,None,365.4990331996232,None,367.4856103993952,None,4,1,1,19.37201567301229,50,3,2,0,,,,,,,,,,,,,,,,,,,,,,,,,,,Sub013,001,2022_May_26_1509,2_3_MRI_Rating_Play_Eyetracking,2021.2.3,59.88386151189824,
0,0,0,20,2,1,,,,,0,0,0,0,0,15,15,36,0,0,0,0,,,,,,,,,,,,,,,,,,,,,,,,,,,,,,,,,,,,,,,,,,,,,370.58949039969593,None,370.58949039969593,None,370.58949039969593,None,372.58787379972637,None,0,0,0,7.274917079279487,20,2,2,1,374.6996454996988,None,y,1.8681520009413362,374.6996454996988,None,No,1.1318479990586638,376.6998134991154,None,377.9448825996369,None,g,1.6604851009324193,377.9448825996369,None,0.8772202999999763,Bar,-0.1227797000000237,377.9448825996369,None,379.7031117994338,None,,,,Sub013,001,2022_May_26_1509,2_3_MRI_Rating_Play_Eyetracking,2021.2.3,59.88386151189824,
0,0,0,20,2,1,,,,,0,0,0,0,0,15,15,36,,,,,,,,,,,,,,,,,,,,,,,,,,,,,,,,,,,,,,,,,,,,,,,,,,,,,,,,,0,0,0,,,,,1,,,,,,,,,,,,,,,,,,,,,,,,,,,Sub013,001,2022_May_26_1509,2_3_MRI_Rating_Play_Eyetracking,2021.2.3,59.88386151189824,
6,2,0,20,3,0,,,,,0,0,0,0,0,16,16,24,,,,,,,,,,,,,,,,,,,,,,,,,,,,,,,,,,,,,,,,,,,,,,,,,380.6994560994208,None,380.6994560994208,None,380.6994560994208,None,382.7038955995813,None,6,2,0,36.80826580657162,20,3,2,0,,,,,,,,,,,,,,,,,,,,,,,,,,,Sub013,001,2022_May_26_1509,2_3_MRI_Rating_Play_Eyetracking,2021.2.3,59.88386151189824,
8,2,2,80,2,1,,,,,0,0,0,0,0,17,17,17,0,0,0,0,,,,,,,,,,,,,,,,,,,,,,,,,,,,,,,,,,,,,,,,,,,,,385.8140491992235,None,385.8140491992235,None,385.8140491992235,None,387.821889099665,None,8,2,2,36.80826580657162,80,2,2,1,389.91981179919094,None,g,0.5829562013968825,389.91981179919094,None,Yes,2.4170437986031175,390.6312918998301,None,393.17006549984217,None,y,0.7659228015691042,393.17006549984217,None,1.7607690999999477,Card,0.7607690999999477,393.17006549984217,None,394.0674525992945,None,,,,Sub013,001,2022_May_26_1509,2_3_MRI_Rating_Play_Eyetracking,2021.2.3,59.88386151189824,
8,2,2,80,2,1,,,,,0,0,0,0,0,17,17,17,,,,,,,,,,,,,,,,,,,,,,,,,,,,,,,,,,,,,,,,,,,,,,,,,,,,,,,,,8,2,2,,,,,1,,,,,,,,,,,,,,,,,,,,,,,,,,,Sub013,001,2022_May_26_1509,2_3_MRI_Rating_Play_Eyetracking,2021.2.3,59.88386151189824,
2,0,2,80,1,1,,,,,0,0,0,0,0,18,18,56,0,0,0,0,,,,,,,,,,,,,,,,,,,,,,,,,,,,,,,,,,,,,,,,,,,,,395.9331612996757,None,395.9331612996757,None,395.9331612996757,None,397.94259159918875,None,2,0,2,7.274917079279487,80,1,2,1,399.05246769916266,None,g,0.7358257006853819,399.05246769916266,None,Yes,2.264174299314618,399.9075290998444,None,402.2801024997607,None,b,0.4485039012506604,402.2801024997607,None,2.1075700000000097,Definitely Card,1.1075700000000097,402.2801024997607,None,402.8487660996616,None,,,,Sub013,001,2022_May_26_1509,2_3_MRI_Rating_Play_Eyetracking,2021.2.3,59.88386151189824,
2,0,2,80,1,1,,,,,0,0,0,0,0,18,18,56,,,,,,,,,,,,,,,,,,,,,,,,,,,,,,,,,,,,,,,,,,,,,,,,,,,,,,,,,2,0,2,,,,,1,,,,,,,,,,,,,,,,,,,,,,,,,,,Sub013,001,2022_May_26_1509,2_3_MRI_Rating_Play_Eyetracking,2021.2.3,59.88386151189824,
8,2,2,80,3,1,,,,,0,0,0,0,0,19,19,53,0,0,0,0,,,,,,,,,,,,,,,,,,,,,,,,,,,,,,,,,,,,,,,,,,,,,405.0642988998443,None,405.0642988998443,None,405.0642988998443,None,407.0809999993071,None,8,2,2,36.80826580657162,80,3,2,1,410.2028605993837,None,g,0.6268613012507558,410.2028605993837,None,Yes,2.373138698749244,410.9492760999128,None,413.43646519910544,None,y,0.9354982003569603,413.43646519910544,None,1.5882268000000295,Card,0.5882268000000295,413.43646519910544,None,414.50002199970186,None,,,,Sub013,001,2022_May_26_1509,2_3_MRI_Rating_Play_Eyetracking,2021.2.3,59.88386151189824,
8,2,2,80,3,1,,,,,0,0,0,0,0,19,19,53,,,,,,,,,,,,,,,,,,,,,,,,,,,,,,,,,,,,,,,,,,,,,,,,,,,,,,,,,8,2,2,,,,,1,,,,,,,,,,,,,,,,,,,,,,,,,,,Sub013,001,2022_May_26_1509,2_3_MRI_Rating_Play_Eyetracking,2021.2.3,59.88386151189824,
7,2,1,50,3,0,,,,,0,0,0,0,0,20,20,25,,,,,,,,,,,,,,,,,,,,,,,,,,,,,,,,,,,,,,,,,,,,,,,,,416.19803429953754,None,416.19803429953754,None,416.19803429953754,None,418.2089500995353,None,7,2,1,36.80826580657162,50,3,2,0,,,,,,,,,,,,,,,,,,,,,,,,,,,Sub013,001,2022_May_26_1509,2_3_MRI_Rating_Play_Eyetracking,2021.2.3,59.88386151189824,
2,0,2,80,2,1,,,,,0,0,0,0,0,21,21,38,0,0,0,0,,,,,,,,,,,,,,,,,,,,,,,,,,,,,,,,,,,,,,,,,,,,,421.3160831993446,None,421.3160831993446,None,421.3160831993446,None,423.30832819920033,None,2,0,2,7.274917079279487,80,2,2,1,425.4081415999681,None,y,0.7494662003591657,425.4081415999681,None,No,2.2505337996408343,426.27421169914305,None,428.6269643995911,None,r,0.4047722006216645,428.6269643995911,None,2.1607599000000164,Definitely Bar,1.1607599000000164,428.6269643995911,None,429.1540669994429,None,,,,Sub013,001,2022_May_26_1509,2_3_MRI_Rating_Play_Eyetracking,2021.2.3,59.88386151189824,
2,0,2,80,2,1,,,,,0,0,0,0,0,21,21,38,,,,,,,,,,,,,,,,,,,,,,,,,,,,,,,,,,,,,,,,,,,,,,,,,,,,,,,,,2,0,2,,,,,1,,,,,,,,,,,,,,,,,,,,,,,,,,,Sub013,001,2022_May_26_1509,2_3_MRI_Rating_Play_Eyetracking,2021.2.3,59.88386151189824,
3,1,0,20,1,0,,,,,0,0,0,0,0,22,22,3,,,,,,,,,,,,,,,,,,,,,,,,,,,,,,,,,,,,,,,,,,,,,,,,,431.4323167996481,None,431.4323167996481,None,431.4323167996481,None,433.41766059957445,None,3,1,0,19.37201567301229,20,1,2,0,,,,,,,,,,,,,,,,,,,,,,,,,,,Sub013,001,2022_May_26_1509,2_3_MRI_Rating_Play_Eyetracking,2021.2.3,59.88386151189824,
0,0,0,20,1,1,,,,,0,0,0,0,0,23,23,27,0,0,0,0,,,,,,,,,,,,,,,,,,,,,,,,,,,,,,,,,,,,,,,,,,,,,434.51035879924893,None,434.51035879924893,None,434.51035879924893,None,436.5437137996778,None,0,0,0,7.274917079279487,20,1,2,1,437.6495185997337,None,y,0.8208127012476325,437.6495185997337,None,No,2.1791872987523675,438.5982455993071,None,440.8867491995916,None,g,0.4959666011855006,440.8867491995916,None,2.0297161999999958,Bar,1.0297161999999958,440.8867491995916,None,441.51496789976954,None,,,,Sub013,001,2022_May_26_1509,2_3_MRI_Rating_Play_Eyetracking,2021.2.3,59.88386151189824,
0,0,0,20,1,1,,,,,0,0,0,0,0,23,23,27,,,,,,,,,,,,,,,,,,,,,,,,,,,,,,,,,,,,,,,,,,,,,,,,,,,,,,,,,0,0,0,,,,,1,,,,,,,,,,,,,,,,,,,,,,,,,,,Sub013,001,2022_May_26_1509,2_3_MRI_Rating_Play_Eyetracking,2021.2.3,59.88386151189824,
5,1,2,80,2,1,,,,,0,0,0,0,0,24,24,41,0,0,0,0,,,,,,,,,,,,,,,,,,,,,,,,,,,,,,,,,,,,,,,,,,,,,443.64948959928006,None,443.64948959928006,None,443.64948959928006,None,445.6638343995437,None,5,1,2,19.37201567301229,80,2,2,1,447.74867809936404,None,g,1.3076818007975817,447.74867809936404,None,Yes,1.6923181992024183,449.1856271997094,None,450.9899494992569,None,y,0.26842250023037195,450.9899494992569,None,2.2878507000000354,Card,1.2878507000000354,450.9899494992569,None,451.38392349984497,None,,,,Sub013,001,2022_May_26_1509,2_3_MRI_Rating_Play_Eyetracking,2021.2.3,59.88386151189824,
5,1,2,80,2,1,,,,,0,0,0,0,0,24,24,41,,,,,,,,,,,,,,,,,,,,,,,,,,,,,,,,,,,,,,,,,,,,,,,,,,,,,,,,,5,1,2,,,,,1,,,,,,,,,,,,,,,,,,,,,,,,,,,Sub013,001,2022_May_26_1509,2_3_MRI_Rating_Play_Eyetracking,2021.2.3,59.88386151189824,
5,1,2,80,3,1,,,,,0,0,0,0,0,25,25,50,0,0,0,0,,,,,,,,,,,,,,,,,,,,,,,,,,,,,,,,,,,,,,,,,,,,,453.7735774992034,None,453.7735774992034,None,453.7735774992034,None,455.79943719971925,None,5,1,2,19.37201567301229,80,3,2,1,458.91801829915494,None,g,0.586581401526928,458.91801829915494,None,Yes,2.413418598473072,459.62631399929523,None,462.15336359944195,None,b,1.1487074000760913,462.15336359944195,None,1.3733907999999815,Definitely Card,0.3733907999999815,462.15336359944195,None,463.4304623994976,None,,,,Sub013,001,2022_May_26_1509,2_3_MRI_Rating_Play_Eyetracking,2021.2.3,59.88386151189824,
5,1,2,80,3,1,,,,,0,0,0,0,0,25,25,50,,,,,,,,,,,,,,,,,,,,,,,,,,,,,,,,,,,,,,,,,,,,,,,,,,,,,,,,,5,1,2,,,,,1,,,,,,,,,,,,,,,,,,,,,,,,,,,Sub013,001,2022_May_26_1509,2_3_MRI_Rating_Play_Eyetracking,2021.2.3,59.88386151189824,
0,0,0,20,3,1,,,,,0,0,0,0,0,26,26,63,0,0,0,0,,,,,,,,,,,,,,,,,,,,,,,,,,,,,,,,,,,,,,,,,,,,,464.920990399085,None,464.920990399085,None,464.920990399085,None,466.93000689987093,None,0,0,0,7.274917079279487,20,3,2,1,470.03445699997246,None,y,0.4516891008242965,470.03445699997246,None,No,2.5483108991757035,470.60925699956715,None,473.271540899761,None,g,0.3373448010534048,473.271540899761,None,2.205858599999999,Bar,1.2058585999999991,473.271540899761,None,473.7339550992474,None,,,,Sub013,001,2022_May_26_1509,2_3_MRI_Rating_Play_Eyetracking,2021.2.3,59.88386151189824,
0,0,0,20,3,1,,,,,0,0,0,0,0,26,26,63,,,,,,,,,,,,,,,,,,,,,,,,,,,,,,,,,,,,,,,,,,,,,,,,,,,,,,,,,0,0,0,,,,,1,,,,,,,,,,,,,,,,,,,,,,,,,,,Sub013,001,2022_May_26_1509,2_3_MRI_Rating_Play_Eyetracking,2021.2.3,59.88386151189824,
4,1,1,50,2,1,,,,,0,0,0,0,0,27,27,40,0,0,0,0,,,,,,,,,,,,,,,,,,,,,,,,,,,,,,,,,,,,,,,,,,,,,476.0274131000042,None,476.0274131000042,None,476.0274131000042,None,478.0419818991795,None,4,1,1,19.37201567301229,50,2,2,1,480.1499916994944,None,None,,480.1499916994944,None,,1,482.1617175992578,None,483.2708604997024,None,g,0.5776527002453804,483.2708604997024,None,2.102416099999971,Bar,1.1024160999999708,483.2708604997024,None,483.96352069918066,None,,,,Sub013,001,2022_May_26_1509,2_3_MRI_Rating_Play_Eyetracking,2021.2.3,59.88386151189824,
4,1,1,50,2,1,,,,,0,0,0,0,0,27,27,40,,,,,,,,,,,,,,,,,,,,,,,,,,,,,,,,,,,,,,,,,,,,,,,,,,,,,,,,,4,1,1,,,,,1,,,,,,,,,,,,,,,,,,,,,,,,,,,Sub013,001,2022_May_26_1509,2_3_MRI_Rating_Play_Eyetracking,2021.2.3,59.88386151189824,
4,1,1,50,1,0,,,,,0,0,0,0,0,28,28,4,,,,,,,,,,,,,,,,,,,,,,,,,,,,,,,,,,,,,,,,,,,,,,,,,486.1605936996639,None,486.1605936996639,None,486.1605936996639,None,488.1819373993203,None,4,1,1,19.37201567301229,50,1,2,0,,,,,,,,,,,,,,,,,,,,,,,,,,,Sub013,001,2022_May_26_1509,2_3_MRI_Rating_Play_Eyetracking,2021.2.3,59.88386151189824,
8,2,2,80,2,1,,,,,0,0,0,0,0,29,29,44,0,0,0,0,,,,,,,,,,,,,,,,,,,,,,,,,,,,,,,,,,,,,,,,,,,,,489.2863180991262,None,489.2863180991262,None,489.2863180991262,None,491.289553899318,None,8,2,2,36.80826580657162,80,2,2,1,493.38178229983896,None,g,0.4260758012533188,493.38178229983896,None,Yes,2.573924198746681,493.9124955991283,None,496.6007526991889,None,y,0.4521531006321311,496.6007526991889,None,2.111494900000025,Card,1.1114949000000252,496.6007526991889,None,497.1738478997722,None,,,,Sub013,001,2022_May_26_1509,2_3_MRI_Rating_Play_Eyetracking,2021.2.3,59.88386151189824,
8,2,2,80,2,1,,,,,0,0,0,0,0,29,29,44,,,,,,,,,,,,,,,,,,,,,,,,,,,,,,,,,,,,,,,,,,,,,,,,,,,,,,,,,8,2,2,,,,,1,,,,,,,,,,,,,,,,,,,,,,,,,,,Sub013,001,2022_May_26_1509,2_3_MRI_Rating_Play_Eyetracking,2021.2.3,59.88386151189824,
4,1,1,50,3,1,,,,,0,0,0,0,0,30,30,67,0,0,0,0,,,,,,,,,,,,,,,,,,,,,,,,,,,,,,,,,,,,,,,,,,,,,499.3925852999091,None,499.3925852999091,None,499.3925852999091,None,501.41512109991163,None,4,1,1,19.37201567301229,50,3,2,1,504.5177986994386,None,y,1.7281671008095145,504.5177986994386,None,No,1.2718328991904855,506.36568959988654,None,507.75820059981197,None,g,0.3144963011145592,507.75820059981197,None,2.223550799999998,Bar,1.2235507999999982,507.75820059981197,None,508.19808079954237,None,,,,Sub013,001,2022_May_26_1509,2_3_MRI_Rating_Play_Eyetracking,2021.2.3,59.88386151189824,
4,1,1,50,3,1,,,,,0,0,0,0,0,30,30,67,,,,,,,,,,,,,,,,,,,,,,,,,,,,,,,,,,,,,,,,,,,,,,,,,,,,,,,,,4,1,1,,,,,1,,,,,,,,,,,,,,,,,,,,,,,,,,,Sub013,001,2022_May_26_1509,2_3_MRI_Rating_Play_Eyetracking,2021.2.3,59.88386151189824,
2,0,2,80,1,1,,,,,0,0,0,0,0,31,31,29,0,0,0,0,,,,,,,,,,,,,,,,,,,,,,,,,,,,,,,,,,,,,,,,,,,,,510.5327375996858,None,510.5327375996858,None,510.5327375996858,None,512.5457806997001,None,2,0,2,7.274917079279487,80,1,2,1,513.6506650997326,None,g,0.9761761007830501,513.6506650997326,None,Yes,2.02382389921695,514.7542220996693,None,516.8905619997531,None,b,0.5010642008855939,516.8905619997531,None,2.0376468000000045,Definitely Card,1.0376468000000045,516.8905619997531,None,517.517296099104,None,,,,Sub013,001,2022_May_26_1509,2_3_MRI_Rating_Play_Eyetracking,2021.2.3,59.88386151189824,
2,0,2,80,1,1,,,,,0,0,0,0,0,31,31,29,,,,,,,,,,,,,,,,,,,,,,,,,,,,,,,,,,,,,,,,,,,,,,,,,,,,,,,,,2,0,2,,,,,1,,,,,,,,,,,,,,,,,,,,,,,,,,,Sub013,001,2022_May_26_1509,2_3_MRI_Rating_Play_Eyetracking,2021.2.3,59.88386151189824,
6,2,0,20,3,1,,,,,0,0,0,0,0,32,32,69,0,0,0,0,,,,,,,,,,,,,,,,,,,,,,,,,,,,,,,,,,,,,,,,,,,,,519.6689970996231,None,519.6689970996231,None,519.6689970996231,None,521.6790042994544,None,6,2,0,36.80826580657162,20,3,2,1,524.7895311992615,None,g,0.5956952003762126,524.7895311992615,None,Yes,2.4043047996237874,525.4897446995601,None,528.0056846998632,None,g,0.27295610029250383,528.0056846998632,None,2.2900487000000567,Bar,1.2900487000000567,528.0056846998632,None,528.4017522996292,None,,,,Sub013,001,2022_May_26_1509,2_3_MRI_Rating_Play_Eyetracking,2021.2.3,59.88386151189824,
6,2,0,20,3,1,,,,,0,0,0,0,0,32,32,69,,,,,,,,,,,,,,,,,,,,,,,,,,,,,,,,,,,,,,,,,,,,,,,,,,,,,,,,,6,2,0,,,,,1,,,,,,,,,,,,,,,,,,,,,,,,,,,Sub013,001,2022_May_26_1509,2_3_MRI_Rating_Play_Eyetracking,2021.2.3,59.88386151189824,
0,0,0,20,3,0,,,,,0,0,0,0,0,33,33,18,,,,,,,,,,,,,,,,,,,,,,,,,,,,,,,,,,,,,,,,,,,,,,,,,530.8062682999298,None,530.8062682999298,None,530.8062682999298,None,532.79444709979,None,0,0,0,7.274917079279487,20,3,2,0,,,,,,,,,,,,,,,,,,,,,,,,,,,Sub013,001,2022_May_26_1509,2_3_MRI_Rating_Play_Eyetracking,2021.2.3,59.88386151189824,
7,2,1,50,2,1,,,,,0,0,0,0,0,34,34,43,0,0,0,0,,,,,,,,,,,,,,,,,,,,,,,,,,,,,,,,,,,,,,,,,,,,,535.9004330998287,None,535.9004330998287,None,535.9004330998287,None,537.9150133999065,None,7,2,1,36.80826580657162,50,2,2,1,540.0188536997885,None,y,0.6126307006925344,540.0188536997885,None,No,2.3873692993074656,540.7533042998984,None,543.2552356999367,None,None,,543.2552356999367,None,0.6469531000000188,,-0.3530468999999812,543.2552356999367,None,545.2648454997689,None,,,,Sub013,001,2022_May_26_1509,2_3_MRI_Rating_Play_Eyetracking,2021.2.3,59.88386151189824,
7,2,1,50,2,1,,,,,0,0,0,0,0,34,34,43,,,,,,,,,,,,,,,,,,,,,,,,,,,,,,,,,,,,,,,,,,,,,,,,,,,,,,,,,7,2,1,,,,,1,,,,,,,,,,,,,,,,,,,,,,,,,,,Sub013,001,2022_May_26_1509,2_3_MRI_Rating_Play_Eyetracking,2021.2.3,59.88386151189824,
5,1,2,80,2,1,,,,,0,0,0,0,0,35,35,68,0,0,0,0,,,,,,,,,,,,,,,,,,,,,,,,,,,,,,,,,,,,,,,,,,,,,545.9996781991795,None,545.9996781991795,None,545.9996781991795,None,548.0309384996071,None,5,1,2,19.37201567301229,80,2,2,1,550.1297848997638,None,g,0.8736758008599281,550.1297848997638,None,Yes,2.126324199140072,551.1162280999124,None,553.3593954993412,None,y,0.29244060069322586,553.3593954993412,None,2.2707404000000224,Card,1.2707404000000224,553.3593954993412,None,553.7723778998479,None,,,,Sub013,001,2022_May_26_1509,2_3_MRI_Rating_Play_Eyetracking,2021.2.3,59.88386151189824,
5,1,2,80,2,1,,,,,0,0,0,0,0,35,35,68,,,,,,,,,,,,,,,,,,,,,,,,,,,,,,,,,,,,,,,,,,,,,,,,,,,,,,,,,5,1,2,,,,,1,,,,,,,,,,,,,,,,,,,,,,,,,,,Sub013,001,2022_May_26_1509,2_3_MRI_Rating_Play_Eyetracking,2021.2.3,59.88386151189824,
1,0,1,50,3,1,,,,,0,0,0,0,0,36,36,64,0,0,0,0,,,,,,,,,,,,,,,,,,,,,,,,,,,,,,,,,,,,,,,,,,,,,556.1539146993309,None,556.1539146993309,None,556.1539146993309,None,558.1564542995766,None,1,0,1,7.274917079279487,50,3,2,1,561.2702009994537,None,y,0.5762037010863423,561.2702009994537,None,No,2.4237962989136577,561.9668071996421,None,564.5054468996823,None,r,0.4214393012225628,564.5054468996823,None,2.123797599999989,Definitely Bar,1.123797599999989,564.5054468996823,None,565.0330598996952,None,,,,Sub013,001,2022_May_26_1509,2_3_MRI_Rating_Play_Eyetracking,2021.2.3,59.88386151189824,
1,0,1,50,3,1,,,,,0,0,0,0,0,36,36,64,,,,,,,,,,,,,,,,,,,,,,,,,,,,,,,,,,,,,,,,,,,,,,,,,,,,,,,,,1,0,1,,,,,1,,,,,,,,,,,,,,,,,,,,,,,,,,,Sub013,001,2022_May_26_1509,2_3_MRI_Rating_Play_Eyetracking,2021.2.3,59.88386151189824,
3,1,0,20,3,1,,,,,0,0,0,0,0,37,37,48,0,0,0,0,,,,,,,,,,,,,,,,,,,,,,,,,,,,,,,,,,,,,,,,,,,,,567.2700449991971,None,567.2700449991971,None,567.2700449991971,None,569.2867830991745,None,3,1,0,19.37201567301229,20,3,2,1,572.4092920999974,None,b,0.9438285008072853,572.4092920999974,None,Definitely No,2.0561714991927147,573.4768098993227,None,575.6338354991749,None,b,1.4550005001947284,575.6338354991749,None,1.0713881000000356,Definitely Card,0.07138810000003559,575.6338354991749,None,577.2193244993687,None,,,,Sub013,001,2022_May_26_1509,2_3_MRI_Rating_Play_Eyetracking,2021.2.3,59.88386151189824,
3,1,0,20,3,1,,,,,0,0,0,0,0,37,37,48,,,,,,,,,,,,,,,,,,,,,,,,,,,,,,,,,,,,,,,,,,,,,,,,,,,,,,,,,3,1,0,,,,,1,,,,,,,,,,,,,,,,,,,,,,,,,,,Sub013,001,2022_May_26_1509,2_3_MRI_Rating_Play_Eyetracking,2021.2.3,59.88386151189824,
1,0,1,50,3,0,,,,,0,0,0,0,0,38,38,19,,,,,,,,,,,,,,,,,,,,,,,,,,,,,,,,,,,,,,,,,,,,,,,,,578.4067879999056,None,578.4067879999056,None,578.4067879999056,None,580.4187454991043,None,1,0,1,7.274917079279487,50,3,2,0,,,,,,,,,,,,,,,,,,,,,,,,,,,Sub013,001,2022_May_26_1509,2_3_MRI_Rating_Play_Eyetracking,2021.2.3,59.88386151189824,
6,2,0,20,3,1,,,,,0,0,0,0,0,39,39,51,0,0,0,0,,,,,,,,,,,,,,,,,,,,,,,,,,,,,,,,,,,,,,,,,,,,,583.519100099802,None,583.519100099802,None,583.519100099802,None,585.5347411995754,None,6,2,0,36.80826580657162,20,3,2,1,588.6308252997696,None,g,0.4395406013354659,588.6308252997696,None,Yes,2.560459398664534,589.1999981999397,None,591.8520024996251,None,r,0.30972600169479847,591.8520024996251,None,2.2426097000000027,Definitely Bar,1.2426097000000027,591.8520024996251,None,592.2882468998432,None,,,,Sub013,001,2022_May_26_1509,2_3_MRI_Rating_Play_Eyetracking,2021.2.3,59.88386151189824,
6,2,0,20,3,1,,,,,0,0,0,0,0,39,39,51,,,,,,,,,,,,,,,,,,,,,,,,,,,,,,,,,,,,,,,,,,,,,,,,,,,,,,,,,6,2,0,,,,,1,,,,,,,,,,,,,,,,,,,,,,,,,,,Sub013,001,2022_May_26_1509,2_3_MRI_Rating_Play_Eyetracking,2021.2.3,59.88386151189824,
8,2,2,80,3,1,,,,,0,0,0,0,0,40,40,71,0,0,0,0,,,,,,,,,,,,,,,,,,,,,,,,,,,,,,,,,,,,,,,,,,,,,594.6352565996349,None,594.6352565996349,None,594.6352565996349,None,596.6522001996636,None,8,2,2,36.80826580657162,80,3,2,1,599.7576119992882,None,r,1.1023496016860008,599.7576119992882,None,Definitely Yes,1.8976503983139992,600.9795480994508,None,602.9884150996804,None,y,0.3036283003166318,602.9884150996804,None,2.2381882000000815,Card,1.2381882000000815,602.9884150996804,None,603.4143646992743,None,,,,Sub013,001,2022_May_26_1509,2_3_MRI_Rating_Play_Eyetracking,2021.2.3,59.88386151189824,
8,2,2,80,3,1,,,,,0,0,0,0,0,40,40,71,,,,,,,,,,,,,,,,,,,,,,,,,,,,,,,,,,,,,,,,,,,,,,,,,,,,,,,,,8,2,2,,,,,1,,,,,,,,,,,,,,,,,,,,,,,,,,,Sub013,001,2022_May_26_1509,2_3_MRI_Rating_Play_Eyetracking,2021.2.3,59.88386151189824,
5,1,2,80,1,1,,,,,0,0,0,0,0,41,41,32,0,0,0,0,,,,,,,,,,,,,,,,,,,,,,,,,,,,,,,,,,,,,,,,,,,,,605.7364747999236,None,605.7364747999236,None,605.7364747999236,None,607.762782599777,None,5,1,2,19.37201567301229,80,1,2,1,608.8728934992105,None,y,1.1199122006073594,608.8728934992105,None,No,1.8800877993926406,610.122281499207,None,612.1103482991457,None,g,0.3694533007219434,612.1103482991457,None,2.1711712000000034,Bar,1.1711712000000034,612.1103482991457,None,612.6037761997432,None,,,,Sub013,001,2022_May_26_1509,2_3_MRI_Rating_Play_Eyetracking,2021.2.3,59.88386151189824,
5,1,2,80,1,1,,,,,0,0,0,0,0,41,41,32,,,,,,,,,,,,,,,,,,,,,,,,,,,,,,,,,,,,,,,,,,,,,,,,,,,,,,,,,5,1,2,,,,,1,,,,,,,,,,,,,,,,,,,,,,,,,,,Sub013,001,2022_May_26_1509,2_3_MRI_Rating_Play_Eyetracking,2021.2.3,59.88386151189824,
6,2,0,20,2,1,,,,,0,0,0,0,0,42,42,15,0,0,0,0,,,,,,,,,,,,,,,,,,,,,,,,,,,,,,,,,,,,,,,,,,,,,614.8895522998646,None,614.8895522998646,None,614.8895522998646,None,616.8987288996577,None,6,2,0,36.80826580657162,20,2,2,1,619.0028767995536,None,y,1.39965630043298,619.0028767995536,None,No,1.60034369956702,620.5230589993298,None,622.2443355992436,None,y,0.6312445010989904,622.2443355992436,None,1.905932499999949,Card,0.905932499999949,622.2443355992436,None,622.9840138992295,None,,,,Sub013,001,2022_May_26_1509,2_3_MRI_Rating_Play_Eyetracking,2021.2.3,59.88386151189824,
6,2,0,20,2,1,,,,,0,0,0,0,0,42,42,15,,,,,,,,,,,,,,,,,,,,,,,,,,,,,,,,,,,,,,,,,,,,,,,,,,,,,,,,,6,2,0,,,,,1,,,,,,,,,,,,,,,,,,,,,,,,,,,Sub013,001,2022_May_26_1509,2_3_MRI_Rating_Play_Eyetracking,2021.2.3,59.88386151189824,
7,2,1,50,2,1,,,,,0,0,0,0,0,43,43,70,0,0,0,0,,,,,,,,,,,,,,,,,,,,,,,,,,,,,,,,,,,,,,,,,,,,,625.0057236999273,None,625.0057236999273,None,625.0057236999273,None,627.0181002998725,None,7,2,1,36.80826580657162,50,2,2,1,629.1248022997752,None,g,0.4017863003537059,629.1248022997752,None,Yes,2.598213699646294,629.6453692996874,None,632.3611247995868,None,y,0.3027056008577347,632.3611247995868,None,2.2397770000000037,Card,1.2397770000000037,632.3611247995868,None,632.7895601997152,None,,,,Sub013,001,2022_May_26_1509,2_3_MRI_Rating_Play_Eyetracking,2021.2.3,59.88386151189824,
7,2,1,50,2,1,,,,,0,0,0,0,0,43,43,70,,,,,,,,,,,,,,,,,,,,,,,,,,,,,,,,,,,,,,,,,,,,,,,,,,,,,,,,,7,2,1,,,,,1,,,,,,,,,,,,,,,,,,,,,,,,,,,Sub013,001,2022_May_26_1509,2_3_MRI_Rating_Play_Eyetracking,2021.2.3,59.88386151189824,
5,1,2,80,1,0,,,,,0,0,0,0,0,44,44,5,,,,,,,,,,,,,,,,,,,,,,,,,,,,,,,,,,,,,,,,,,,,,,,,,635.1324251992628,None,635.1324251992628,None,635.1324251992628,None,637.1570996996015,None,5,1,2,19.37201567301229,80,1,2,0,,,,,,,,,,,,,,,,,,,,,,,,,,,Sub013,001,2022_May_26_1509,2_3_MRI_Rating_Play_Eyetracking,2021.2.3,59.88386151189824,
7,2,1,50,1,1,,,,,0,0,0,0,0,45,45,61,0,0,0,0,,,,,,,,,,,,,,,,,,,,,,,,,,,,,,,,,,,,,,,,,,,,,638.2664836999029,None,638.2664836999029,None,638.2664836999029,None,640.2755259992555,None,7,2,1,36.80826580657162,50,1,2,1,641.3833047999069,None,g,0.7710178010165691,641.3833047999069,None,Yes,2.228982198983431,642.27105189953,None,644.6093241991475,None,y,0.37114760000258684,644.6093241991475,None,2.177981499999987,Card,1.1779814999999871,644.6093241991475,None,645.1020488999784,None,,,,Sub013,001,2022_May_26_1509,2_3_MRI_Rating_Play_Eyetracking,2021.2.3,59.88386151189824,
7,2,1,50,1,1,,,,,0,0,0,0,0,45,45,61,,,,,,,,,,,,,,,,,,,,,,,,,,,,,,,,,,,,,,,,,,,,,,,,,,,,,,,,,7,2,1,,,,,1,,,,,,,,,,,,,,,,,,,,,,,,,,,Sub013,001,2022_May_26_1509,2_3_MRI_Rating_Play_Eyetracking,2021.2.3,59.88386151189824,
3,1,0,20,2,1,,,,,0,0,0,0,0,46,46,12,0,0,0,0,,,,,,,,,,,,,,,,,,,,,,,,,,,,,,,,,,,,,,,,,,,,,647.3851810991764,None,647.3851810991764,None,647.3851810991764,None,649.3966638995335,None,3,1,0,19.37201567301229,20,2,2,1,651.5066213998944,None,b,0.673742201179266,651.5066213998944,None,Definitely No,2.326257798820734,652.3083409992978,None,654.7447752999142,None,y,0.30997970048338175,654.7447752999142,None,2.2358081999999513,Card,1.2358081999999513,654.7447752999142,None,655.1692644990981,None,,,,Sub013,001,2022_May_26_1509,2_3_MRI_Rating_Play_Eyetracking,2021.2.3,59.88386151189824,
3,1,0,20,2,1,,,,,0,0,0,0,0,46,46,12,,,,,,,,,,,,,,,,,,,,,,,,,,,,,,,,,,,,,,,,,,,,,,,,,,,,,,,,,3,1,0,,,,,1,,,,,,,,,,,,,,,,,,,,,,,,,,,Sub013,001,2022_May_26_1509,2_3_MRI_Rating_Play_Eyetracking,2021.2.3,59.88386151189824,
2,0,2,80,3,0,,,,,0,0,0,0,0,47,47,20,,,,,,,,,,,,,,,,,,,,,,,,,,,,,,,,,,,,,,,,,,,,,,,,,657.5093816993758,None,657.5093816993758,None,657.5093816993758,None,659.5208904994652,None,2,0,2,7.274917079279487,80,3,2,0,,,,,,,,,,,,,,,,,,,,,,,,,,,Sub013,001,2022_May_26_1509,2_3_MRI_Rating_Play_Eyetracking,2021.2.3,59.88386151189824,
6,2,0,20,1,0,,,,,0,0,0,0,0,48,48,6,,,,,,,,,,,,,,,,,,,,,,,,,,,,,,,,,,,,,,,,,,,,,,,,,662.6230151997879,None,662.6230151997879,None,662.6230151997879,None,664.637982099317,None,6,2,0,36.80826580657162,20,1,2,0,,,,,,,,,,,,,,,,,,,,,,,,,,,Sub013,001,2022_May_26_1509,2_3_MRI_Rating_Play_Eyetracking,2021.2.3,59.88386151189824,
3,1,0,20,3,1,,,,,0,0,0,0,0,49,49,66,0,0,0,0,,,,,,,,,,,,,,,,,,,,,,,,,,,,,,,,,,,,,,,,,,,,,665.7204527994618,None,665.7204527994618,None,665.7204527994618,None,667.7345337998122,None,3,1,0,19.37201567301229,20,3,2,1,670.8375900993124,None,b,0.5670218011364341,670.8375900993124,None,Definitely No,2.432978198863566,671.526401899755,None,674.0545210000128,None,y,1.3154788007959723,674.0545210000128,None,1.2596002000000226,Card,0.2596002000000226,674.0545210000128,None,675.4846738995984,None,,,,Sub013,001,2022_May_26_1509,2_3_MRI_Rating_Play_Eyetracking,2021.2.3,59.88386151189824,
3,1,0,20,3,1,,,,,0,0,0,0,0,49,49,66,,,,,,,,,,,,,,,,,,,,,,,,,,,,,,,,,,,,,,,,,,,,,,,,,,,,,,,,,3,1,0,,,,,1,,,,,,,,,,,,,,,,,,,,,,,,,,,Sub013,001,2022_May_26_1509,2_3_MRI_Rating_Play_Eyetracking,2021.2.3,59.88386151189824,
3,1,0,20,2,1,,,,,0,0,0,0,0,50,50,39,0,0,0,0,,,,,,,,,,,,,,,,,,,,,,,,,,,,,,,,,,,,,,,,,,,,,676.8546148994938,None,676.8546148994938,None,676.8546148994938,None,678.8688715994358,None,3,1,0,19.37201567301229,20,2,2,1,680.9761164998636,None,y,1.0330755012109876,680.9761164998636,None,No,1.9669244987890124,682.1440168991685,None,684.2265005996451,None,y,0.318447801284492,684.2265005996451,None,2.204874700000005,Card,1.2048747000000049,684.2265005996451,None,684.6739679994062,None,,,,Sub013,001,2022_May_26_1509,2_3_MRI_Rating_Play_Eyetracking,2021.2.3,59.88386151189824,
3,1,0,20,2,1,,,,,0,0,0,0,0,50,50,39,,,,,,,,,,,,,,,,,,,,,,,,,,,,,,,,,,,,,,,,,,,,,,,,,,,,,,,,,3,1,0,,,,,1,,,,,,,,,,,,,,,,,,,,,,,,,,,Sub013,001,2022_May_26_1509,2_3_MRI_Rating_Play_Eyetracking,2021.2.3,59.88386151189824,
6,2,0,20,1,1,,,,,0,0,0,0,0,51,51,33,0,0,0,0,,,,,,,,,,,,,,,,,,,,,,,,,,,,,,,,,,,,,,,,,,,,,686.9897756995633,None,686.9897756995633,None,686.9897756995633,None,688.9968317998573,None,6,2,0,36.80826580657162,20,1,2,1,690.087432699278,None,y,1.721441101282835,690.087432699278,None,No,1.278558898717165,691.9422027999535,None,693.3248834991828,None,y,0.4020451009273529,693.3248834991828,None,2.157851600000072,Card,1.1578516000000718,693.3248834991828,None,693.8502682996914,None,,,,Sub013,001,2022_May_26_1509,2_3_MRI_Rating_Play_Eyetracking,2021.2.3,59.88386151189824,
6,2,0,20,1,1,,,,,0,0,0,0,0,51,51,33,,,,,,,,,,,,,,,,,,,,,,,,,,,,,,,,,,,,,,,,,,,,,,,,,,,,,,,,,6,2,0,,,,,1,,,,,,,,,,,,,,,,,,,,,,,,,,,Sub013,001,2022_May_26_1509,2_3_MRI_Rating_Play_Eyetracking,2021.2.3,59.88386151189824,
7,2,1,50,1,0,,,,,0,0,0,0,0,52,52,7,,,,,,,,,,,,,,,,,,,,,,,,,,,,,,,,,,,,,,,,,,,,,,,,,696.1236952999607,None,696.1236952999607,None,696.1236952999607,None,698.1371806999668,None,7,2,1,36.80826580657162,50,1,2,0,,,,,,,,,,,,,,,,,,,,,,,,,,,Sub013,001,2022_May_26_1509,2_3_MRI_Rating_Play_Eyetracking,2021.2.3,59.88386151189824,
0,0,0,20,1,0,,,,,0,0,0,0,0,53,53,0,,,,,,,,,,,,,,,,,,,,,,,,,,,,,,,,,,,,,,,,,,,,,,,,,699.2448958996683,None,699.2448958996683,None,699.2448958996683,None,701.2509243991226,None,0,0,0,7.274917079279487,20,1,2,0,,,,,,,,,,,,,,,,,,,,,,,,,,,Sub013,001,2022_May_26_1509,2_3_MRI_Rating_Play_Eyetracking,2021.2.3,59.88386151189824,
7,2,1,50,3,1,,,,,0,0,0,0,0,54,54,52,0,0,0,0,,,,,,,,,,,,,,,,,,,,,,,,,,,,,,,,,,,,,,,,,,,,,702.360089099966,None,702.360089099966,None,702.360089099966,None,704.3742449991405,None,7,2,1,36.80826580657162,50,3,2,1,707.4776325998828,None,g,0.5481415009126067,707.4776325998828,None,Yes,2.4518584990873933,708.1283387998119,None,710.7003587996587,None,y,0.2907872013747692,710.7003587996587,None,2.2627280000000383,Card,1.2627280000000383,710.7003587996587,None,711.106124099344,None,,,,Sub013,001,2022_May_26_1509,2_3_MRI_Rating_Play_Eyetracking,2021.2.3,59.88386151189824,
7,2,1,50,3,1,,,,,0,0,0,0,0,54,54,52,,,,,,,,,,,,,,,,,,,,,,,,,,,,,,,,,,,,,,,,,,,,,,,,,,,,,,,,,7,2,1,,,,,1,,,,,,,,,,,,,,,,,,,,,,,,,,,Sub013,001,2022_May_26_1509,2_3_MRI_Rating_Play_Eyetracking,2021.2.3,59.88386151189824,
0,0,0,20,1,1,,,,,0,0,0,0,0,55,55,54,0,0,0,0,,,,,,,,,,,,,,,,,,,,,,,,,,,,,,,,,,,,,,,,,,,,,713.4564721994102,None,713.4564721994102,None,713.4564721994102,None,715.4877768997103,None,0,0,0,7.274917079279487,20,1,2,1,716.5728187998757,None,b,1.7450976008549333,716.5728187998757,None,Definitely No,1.2549023991450667,718.4391917996109,None,719.8143977997825,None,None,,719.8143977997825,None,0.6769401000000244,,-0.32305989999997564,719.8143977997825,None,721.8256092993543,None,,,,Sub013,001,2022_May_26_1509,2_3_MRI_Rating_Play_Eyetracking,2021.2.3,59.88386151189824,
0,0,0,20,1,1,,,,,0,0,0,0,0,55,55,54,,,,,,,,,,,,,,,,,,,,,,,,,,,,,,,,,,,,,,,,,,,,,,,,,,,,,,,,,0,0,0,,,,,1,,,,,,,,,,,,,,,,,,,,,,,,,,,Sub013,001,2022_May_26_1509,2_3_MRI_Rating_Play_Eyetracking,2021.2.3,59.88386151189824,
8,2,2,80,1,1,,,,,0,0,0,0,0,56,56,62,0,0,0,0,,,,,,,,,,,,,,,,,,,,,,,,,,,,,,,,,,,,,,,,,,,,,722.6116249999031,None,722.6116249999031,None,722.6116249999031,None,724.6210707994178,None,8,2,2,36.80826580657162,80,1,2,1,725.7259206995368,None,g,0.8417088007554412,725.7259206995368,None,Yes,2.158291199244559,726.6900714999065,None,728.9678309997544,None,g,0.11905540153384209,728.9678309997544,None,2.421976799999925,Bar,1.4219767999999249,728.9678309997544,None,729.1808315999806,None,,,,Sub013,001,2022_May_26_1509,2_3_MRI_Rating_Play_Eyetracking,2021.2.3,59.88386151189824,
8,2,2,80,1,1,,,,,0,0,0,0,0,56,56,62,,,,,,,,,,,,,,,,,,,,,,,,,,,,,,,,,,,,,,,,,,,,,,,,,,,,,,,,,8,2,2,,,,,1,,,,,,,,,,,,,,,,,,,,,,,,,,,Sub013,001,2022_May_26_1509,2_3_MRI_Rating_Play_Eyetracking,2021.2.3,59.88386151189824,
2,0,2,80,2,1,,,,,0,0,0,0,0,57,57,65,0,0,0,0,,,,,,,,,,,,,,,,,,,,,,,,,,,,,,,,,,,,,,,,,,,,,731.7120973998681,None,731.7120973998681,None,731.7120973998681,None,733.7269278997555,None,2,0,2,7.274917079279487,80,2,2,1,735.8343673991039,None,b,1.1029689004644752,735.8343673991039,None,Definitely No,1.8970310995355248,737.0586126996204,None,739.0699576996267,None,r,0.4187227012589574,739.0699576996267,None,2.1237962000000152,Definitely Bar,1.1237962000000152,739.0699576996267,None,739.6144991992041,None,,,,Sub013,001,2022_May_26_1509,2_3_MRI_Rating_Play_Eyetracking,2021.2.3,59.88386151189824,
2,0,2,80,2,1,,,,,0,0,0,0,0,57,57,65,,,,,,,,,,,,,,,,,,,,,,,,,,,,,,,,,,,,,,,,,,,,,,,,,,,,,,,,,2,0,2,,,,,1,,,,,,,,,,,,,,,,,,,,,,,,,,,Sub013,001,2022_May_26_1509,2_3_MRI_Rating_Play_Eyetracking,2021.2.3,59.88386151189824,
1,0,1,50,1,0,,,,,0,0,0,0,0,58,58,1,,,,,,,,,,,,,,,,,,,,,,,,,,,,,,,,,,,,,,,,,,,,,,,,,741.8389833997935,None,741.8389833997935,None,741.8389833997935,None,743.8367925994098,None,1,0,1,7.274917079279487,50,1,2,0,,,,,,,,,,,,,,,,,,,,,,,,,,,Sub013,001,2022_May_26_1509,2_3_MRI_Rating_Play_Eyetracking,2021.2.3,59.88386151189824,
3,1,0,20,2,1,,,,,0,0,0,0,0,59,59,57,0,0,0,0,,,,,,,,,,,,,,,,,,,,,,,,,,,,,,,,,,,,,,,,,,,,,744.9203965999186,None,744.9203965999186,None,744.9203965999186,None,746.9474336998537,None,3,1,0,19.37201567301229,20,2,2,1,749.0555733991787,None,y,0.5868164002895355,749.0555733991787,None,No,2.4131835997104645,749.762893599458,None,752.2799611994997,None,y,0.623402900993824,752.2799611994997,None,1.9255967000000282,Card,0.9255967000000282,752.2799611994997,None,753.0273490995169,None,,,,Sub013,001,2022_May_26_1509,2_3_MRI_Rating_Play_Eyetracking,2021.2.3,59.88386151189824,
3,1,0,20,2,1,,,,,0,0,0,0,0,59,59,57,,,,,,,,,,,,,,,,,,,,,,,,,,,,,,,,,,,,,,,,,,,,,,,,,,,,,,,,,3,1,0,,,,,1,,,,,,,,,,,,,,,,,,,,,,,,,,,Sub013,001,2022_May_26_1509,2_3_MRI_Rating_Play_Eyetracking,2021.2.3,59.88386151189824,
1,0,1,50,2,1,,,,,0,0,0,0,0,60,60,55,0,0,0,0,,,,,,,,,,,,,,,,,,,,,,,,,,,,,,,,,,,,,,,,,,,,,755.0407808991149,None,755.0407808991149,None,755.0407808991149,None,757.0778295993805,None,1,0,1,7.274917079279487,50,2,2,1,759.1933915996924,None,y,1.4125565011054277,759.1933915996924,None,No,1.5874434988945723,760.7299174992368,None,762.4335912996903,None,r,0.295503000728786,762.4335912996903,None,2.223686100000009,Definitely Bar,1.223686100000009,762.4335912996903,None,762.8638189993799,None,,,,Sub013,001,2022_May_26_1509,2_3_MRI_Rating_Play_Eyetracking,2021.2.3,59.88386151189824,
1,0,1,50,2,1,,,,,0,0,0,0,0,60,60,55,,,,,,,,,,,,,,,,,,,,,,,,,,,,,,,,,,,,,,,,,,,,,,,,,,,,,,,,,1,0,1,,,,,1,,,,,,,,,,,,,,,,,,,,,,,,,,,Sub013,001,2022_May_26_1509,2_3_MRI_Rating_Play_Eyetracking,2021.2.3,59.88386151189824,
1,0,1,50,2,1,,,,,0,0,0,0,0,61,61,37,0,0,0,0,,,,,,,,,,,,,,,,,,,,,,,,,,,,,,,,,,,,,,,,,,,,,765.1941139996052,None,765.1941139996052,None,765.1941139996052,None,767.2069695992395,None,1,0,1,7.274917079279487,50,2,2,1,769.3137773992494,None,y,0.3472594013437629,769.3137773992494,None,No,2.652740598656237,769.7669521998614,None,772.5300929993391,None,r,0.46568010095506907,772.5300929993391,None,2.0889053999999305,Definitely Bar,1.0889053999999305,772.5300929993391,None,773.1273333998397,None,,,,Sub013,001,2022_May_26_1509,2_3_MRI_Rating_Play_Eyetracking,2021.2.3,59.88386151189824,
1,0,1,50,2,1,,,,,0,0,0,0,0,61,61,37,,,,,,,,,,,,,,,,,,,,,,,,,,,,,,,,,,,,,,,,,,,,,,,,,,,,,,,,,1,0,1,,,,,1,,,,,,,,,,,,,,,,,,,,,,,,,,,Sub013,001,2022_May_26_1509,2_3_MRI_Rating_Play_Eyetracking,2021.2.3,59.88386151189824,
4,1,1,50,2,1,,,,,0,0,0,0,0,62,62,13,0,0,0,0,,,,,,,,,,,,,,,,,,,,,,,,,,,,,,,,,,,,,,,,,,,,,775.3309395993128,None,775.3309395993128,None,775.3309395993128,None,777.3447128999978,None,4,1,1,19.37201567301229,50,2,2,1,779.4626714996994,None,y,0.8319982010871172,779.4626714996994,None,No,2.168001798912883,780.4061768995598,None,782.6619593994692,None,g,0.09268590155988932,782.6619593994692,None,2.4725435999999945,Bar,1.4725435999999945,782.6619593994692,None,782.8570838999003,None,,,,Sub013,001,2022_May_26_1509,2_3_MRI_Rating_Play_Eyetracking,2021.2.3,59.88386151189824,
4,1,1,50,2,1,,,,,0,0,0,0,0,62,62,13,,,,,,,,,,,,,,,,,,,,,,,,,,,,,,,,,,,,,,,,,,,,,,,,,,,,,,,,,4,1,1,,,,,1,,,,,,,,,,,,,,,,,,,,,,,,,,,Sub013,001,2022_May_26_1509,2_3_MRI_Rating_Play_Eyetracking,2021.2.3,59.88386151189824,
2,0,2,80,3,1,,,,,0,0,0,0,0,63,63,47,0,0,0,0,,,,,,,,,,,,,,,,,,,,,,,,,,,,,,,,,,,,,,,,,,,,,785.4498804993927,None,785.4498804993927,None,785.4498804993927,None,787.4589145993814,None,2,0,2,7.274917079279487,80,3,2,1,790.5615183999762,None,g,1.2530681006610394,790.5615183999762,None,Yes,1.7469318993389606,791.922328999266,None,793.7853376995772,None,y,0.2174103008583188,793.7853376995772,None,2.3406330000000253,Card,1.3406330000000253,793.7853376995772,None,794.1251216996461,None,,,,Sub013,001,2022_May_26_1509,2_3_MRI_Rating_Play_Eyetracking,2021.2.3,59.88386151189824,
2,0,2,80,3,1,,,,,0,0,0,0,0,63,63,47,,,,,,,,,,,,,,,,,,,,,,,,,,,,,,,,,,,,,,,,,,,,,,,,,,,,,,,,,2,0,2,,,,,1,,,,,,,,,,,,,,,,,,,,,,,,,,,Sub013,001,2022_May_26_1509,2_3_MRI_Rating_Play_Eyetracking,2021.2.3,59.88386151189824,
5,1,2,80,2,1,,,,,0,0,0,0,0,64,64,14,0,0,0,0,,,,,,,,,,,,,,,,,,,,,,,,,,,,,,,,,,,,,,,,,,,,,796.5775337992236,None,796.5775337992236,None,796.5775337992236,None,798.5870020994917,None,5,1,2,19.37201567301229,80,2,2,1,800.6988138994202,None,g,0.5508847003802657,800.6988138994202,None,Yes,2.4491152996197343,801.3714261995628,None,803.930129699409,None,y,0.7297903001308441,803.930129699409,None,1.8207658999999694,Card,0.8207658999999694,803.930129699409,None,804.7779413992539,None,,,,Sub013,001,2022_May_26_1509,2_3_MRI_Rating_Play_Eyetracking,2021.2.3,59.88386151189824,
5,1,2,80,2,1,,,,,0,0,0,0,0,64,64,14,,,,,,,,,,,,,,,,,,,,,,,,,,,,,,,,,,,,,,,,,,,,,,,,,,,,,,,,,5,1,2,,,,,1,,,,,,,,,,,,,,,,,,,,,,,,,,,Sub013,001,2022_May_26_1509,2_3_MRI_Rating_Play_Eyetracking,2021.2.3,59.88386151189824,
0,0,0,20,3,1,,,,,0,0,0,0,0,65,65,45,0,0,0,0,,,,,,,,,,,,,,,,,,,,,,,,,,,,,,,,,,,,,,,,,,,,,806.7132434993982,None,806.7132434993982,None,806.7132434993982,None,808.7255080994219,None,0,0,0,7.274917079279487,20,3,2,1,811.826488699764,None,b,0.6074398010969162,811.826488699764,None,Definitely No,2.392560198903084,812.5430609993637,None,815.0288490997627,None,r,0.4704293003305793,815.0288490997627,None,2.107659300000023,Definitely Bar,1.107659300000023,815.0288490997627,None,815.6186041999608,None,,,,Sub013,001,2022_May_26_1509,2_3_MRI_Rating_Play_Eyetracking,2021.2.3,59.88386151189824,
0,0,0,20,3,1,,,,,0,0,0,0,0,65,65,45,,,,,,,,,,,,,,,,,,,,,,,,,,,,,,,,,,,,,,,,,,,,,,,,,,,,,,,,,0,0,0,,,,,1,,,,,,,,,,,,,,,,,,,,,,,,,,,Sub013,001,2022_May_26_1509,2_3_MRI_Rating_Play_Eyetracking,2021.2.3,59.88386151189824,
8,2,2,80,1,0,,,,,0,0,0,0,0,66,66,8,,,,,,,,,,,,,,,,,,,,,,,,,,,,,,,,,,,,,,,,,,,,,,,,,817.830291999504,None,817.830291999504,None,817.830291999504,None,819.8368400000036,None,8,2,2,36.80826580657162,80,1,2,0,,,,,,,,,,,,,,,,,,,,,,,,,,,Sub013,001,2022_May_26_1509,2_3_MRI_Rating_Play_Eyetracking,2021.2.3,59.88386151189824,
2,0,2,80,2,1,,,,,0,0,0,0,0,67,67,11,0,0,0,0,,,,,,,,,,,,,,,,,,,,,,,,,,,,,,,,,,,,,,,,,,,,,820.9452785998583,None,820.9452785998583,None,820.9452785998583,None,822.9594323998317,None,2,0,2,7.274917079279487,80,2,2,1,825.0624970998615,None,y,0.6940032010897994,825.0624970998615,None,No,2.3059967989102006,825.8800434991717,None,828.2926123999059,None,r,0.3280983008444309,828.2926123999059,None,2.2102323999999953,Definitely Bar,1.2102323999999953,828.2926123999059,None,828.7464658999816,None,,,,Sub013,001,2022_May_26_1509,2_3_MRI_Rating_Play_Eyetracking,2021.2.3,59.88386151189824,
2,0,2,80,2,1,,,,,0,0,0,0,0,67,67,11,,,,,,,,,,,,,,,,,,,,,,,,,,,,,,,,,,,,,,,,,,,,,,,,,,,,,,,,,2,0,2,,,,,1,,,,,,,,,,,,,,,,,,,,,,,,,,,Sub013,001,2022_May_26_1509,2_3_MRI_Rating_Play_Eyetracking,2021.2.3,59.88386151189824,
1,0,1,50,2,1,,,,,0,0,0,0,0,68,68,10,0,0,0,0,,,,,,,,,,,,,,,,,,,,,,,,,,,,,,,,,,,,,,,,,,,,,831.0641939993948,None,831.0641939993948,None,831.0641939993948,None,833.0489550996572,None,1,0,1,7.274917079279487,50,2,2,1,835.1618570992723,None,y,0.6844755010679364,835.1618570992723,None,No,2.3155244989320636,835.9803146999329,None,838.3807541998103,None,g,0.3179172007367015,838.3807541998103,None,2.2574588999999605,Bar,1.2574588999999605,838.3807541998103,None,838.8244233997539,None,,,,Sub013,001,2022_May_26_1509,2_3_MRI_Rating_Play_Eyetracking,2021.2.3,59.88386151189824,
1,0,1,50,2,1,,,,,0,0,0,0,0,68,68,10,,,,,,,,,,,,,,,,,,,,,,,,,,,,,,,,,,,,,,,,,,,,,,,,,,,,,,,,,1,0,1,,,,,1,,,,,,,,,,,,,,,,,,,,,,,,,,,Sub013,001,2022_May_26_1509,2_3_MRI_Rating_Play_Eyetracking,2021.2.3,59.88386151189824,
4,1,1,50,3,1,,,,,0,0,0,0,0,69,69,49,0,0,0,0,,,,,,,,,,,,,,,,,,,,,,,,,,,,,,,,,,,,,,,,,,,,,841.1924344999716,None,841.1924344999716,None,841.1924344999716,None,843.2031975993887,None,4,1,1,19.37201567301229,50,3,2,1,846.319197899662,None,y,1.4724634010344744,846.319197899662,None,No,1.5275365989655256,847.9047596994787,None,849.5441907998174,None,g,1.8248396003618836,849.5441907998174,None,0.7246802000000798,Bar,-0.2753197999999202,849.5441907998174,None,851.4973247991875,None,,,,Sub013,001,2022_May_26_1509,2_3_MRI_Rating_Play_Eyetracking,2021.2.3,59.88386151189824,
4,1,1,50,3,1,,,,,0,0,0,0,0,69,69,49,,,,,,,,,,,,,,,,,,,,,,,,,,,,,,,,,,,,,,,,,,,,,,,,,,,,,,,,,4,1,1,,,,,1,,,,,,,,,,,,,,,,,,,,,,,,,,,Sub013,001,2022_May_26_1509,2_3_MRI_Rating_Play_Eyetracking,2021.2.3,59.88386151189824,
7,2,1,50,1,1,,,,,0,0,0,0,0,70,70,34,0,0,0,0,,,,,,,,,,,,,,,,,,,,,,,,,,,,,,,,,,,,,,,,,,,,,852.3105558995157,None,852.3105558995157,None,852.3105558995157,None,854.3393114991486,None,7,2,1,36.80826580657162,50,1,2,1,855.4414852997288,None,g,0.45010130014270544,855.4414852997288,None,Yes,2.5498986998572946,856.0154495993629,None,858.6642670994624,None,g,0.39138020016252995,858.6642670994624,None,2.172482999999943,Bar,1.1724829999999429,858.6642670994624,None,859.1826532995328,None,,,,Sub013,001,2022_May_26_1509,2_3_MRI_Rating_Play_Eyetracking,2021.2.3,59.88386151189824,
7,2,1,50,1,1,,,,,0,0,0,0,0,70,70,34,,,,,,,,,,,,,,,,,,,,,,,,,,,,,,,,,,,,,,,,,,,,,,,,,,,,,,,,,7,2,1,,,,,1,,,,,,,,,,,,,,,,,,,,,,,,,,,Sub013,001,2022_May_26_1509,2_3_MRI_Rating_Play_Eyetracking,2021.2.3,59.88386151189824,
6,2,0,20,2,1,,,,,0,0,0,0,0,71,71,42,0,0,0,0,,,,,,,,,,,,,,,,,,,,,,,,,,,,,,,,,,,,,,,,,,,,,861.4648535996675,None,861.4648535996675,None,861.4648535996675,None,863.4765294995159,None,6,2,0,36.80826580657162,20,2,2,1,865.585678299889,None,y,1.2953315014019608,865.585678299889,None,No,1.7046684985980392,867.0129090994596,None,868.8311077998951,None,y,0.9550322005525231,868.8311077998951,None,1.5720753000000514,Card,0.5720753000000514,868.8311077998951,None,869.8912732992321,None,,,,Sub013,001,2022_May_26_1509,2_3_MRI_Rating_Play_Eyetracking,2021.2.3,59.88386151189824,
6,2,0,20,2,1,,,,,0,0,0,0,0,71,71,42,,,,,,,,,,,,,,,,,,,,,,,,,,,,,,,,,,,,,,,,,,,,,,,,,,,,,,,,,6,2,0,,,,,1,,,,,,,,,,,,,,,,,,,,,,,,,,,Sub013,001,2022_May_26_1509,2_3_MRI_Rating_Play_Eyetracking,2021.2.3,59.88386151189824,
,,,,,,,,,,0,0,0,0,,,,,,,,,,,,,,,,,,,,,,,,,,,,,,,,,,,,,,,,,,,,,,,,,,,,,,,,,,,,,,,,,,,,,,,,,,,,,,,,,,,,,,,,,,,,,,,Sub013,001,2022_May_26_1509,2_3_MRI_Rating_Play_Eyetracking,2021.2.3,59.88386151189824,
,,,,,,,,,,,,,,,,,,,,,,,,,,,,,,,,,,,,,,,,,,,,,,,,,,,,,,,,,,,,,,,,,,,,,,,,,,,,,,,,,,,,,,,,,,,,,,,,,,,,,,,,,871.5448519997299,None,None,Sub013,001,2022_May_26_1509,2_3_MRI_Rating_Play_Eyetracking,2021.2.3,59.88386151189824,
