﻿current_pair,current_pair_SE,current_pair_RE,current_card_prob,ITI_Play,Play_block_Q,start_MRI.thisRepN,start_MRI.thisTrialN,start_MRI.thisN,start_MRI.thisIndex,L_subjects.thisRepN,L_subjects.thisTrialN,L_subjects.thisN,L_subjects.thisIndex,R_subjects.thisRepN,R_subjects.thisTrialN,R_subjects.thisN,R_subjects.thisIndex,fMRI_trials_Play_R.thisRepN,fMRI_trials_Play_R.thisTrialN,fMRI_trials_Play_R.thisN,fMRI_trials_Play_R.thisIndex,Q_Play_R.thisRepN,Q_Play_R.thisTrialN,Q_Play_R.thisN,Q_Play_R.thisIndex,fMRI_center.started,fMRI_center.stopped,fMR_Instr1_text.started,fMR_Instr1_text.stopped,text_SE_7.started,text_SE_7.stopped,fMRI_center_2.started,fMRI_center_2.stopped,fMR_Instr2_text_2.started,fMR_Instr2_text_2.stopped,text_SE_8.started,text_SE_8.stopped,Slider_rating_Play_instr_R_2.response,Slider_rating_Play_instr_R_2.rt,Slider_rating_Play_instr_R_2.started,Slider_rating_Play_instr_R_2.stopped,fMRI_center_instrTimePlay_R.started,fMRI_center_instrTimePlay_R.stopped,fMR_Instr2_text_8.started,fMR_Instr2_text_8.stopped,fMRI_instr3_Q_play_R.started,fMRI_instr3_Q_play_R.stopped,text_SE_6.started,text_SE_6.stopped,PairQuestionONSET_attri_R_2.started,PairQuestionONSET_attri_R_2.stopped,key_resp_rating_Attri_R_2.keys,key_resp_rating_Attri_R_2.rt,key_resp_rating_Attri_R_2.started,key_resp_rating_Attri_R_2.stopped,text_SE_18.started,text_SE_18.stopped,fMR_Instr2_text_9.started,fMR_Instr2_text_9.stopped,Ready_text.started,Ready_text.stopped,trigger_2.keys,trigger_2.rt,trigger_2.started,trigger_2.stopped,center_OnsetTime.started,center_OnsetTime.stopped,PairONSET_card_prob.started,PairONSET_card_prob.stopped,text_SE_9.started,text_SE_9.stopped,fixOnset_text_4.started,fixOnset_text_4.stopped,current_pair,current_pair_SE,current_pair_RE,target_pair,card_pair,type_Q,ISI1_Play,Play_block_Q,PairQuestionONSET_text_4.started,PairQuestionONSET_text_4.stopped,key_resp_rating_play_R.keys,key_resp_rating_play_R.rt,key_resp_rating_play_R.started,key_resp_rating_play_R.stopped,Rating_pair_Play,ISI2_Play,fixOnset_text.started,fixOnset_text.stopped,PairQuestionONSET_attri.started,PairQuestionONSET_attri.stopped,key_resp_rating_Attri_R.keys,key_resp_rating_Attri_R.started,key_resp_rating_Attri_R.stopped,ITI_actual_Play,Attri_Ans,lagTime,text_SE_17.started,text_SE_17.stopped,fixOnset_text_ITI.started,fixOnset_text_ITI.stopped,key_resp_rating_Attri_R.rt,Final_text_Q.started,Final_text_Q.stopped,key_resp_3.keys,participant,session,date,expName,psychopyVersion,frameRate,
,,,,,,0,0,0,0,,,,,,,,,,,,,,,,,20.82047099999909,None,20.82047099999909,None,20.82047099999909,None,,,,,,,,,,,,,,,,,,,,,,,,,,,,,,,,,,,,,,,,,,,,,,,,,,,,,,,,,,,,,,,,,,,,,,,,,,,,,Sub041,001,2022_Sep_27_1537,2_3_MRI_Rating_Play_Eyetracking,2021.2.3,59.94039526890902,
5,1,2,80,1,1,,,,,,,,,0,0,0,0,0,0,0,32,0,0,0,0,,,,,,,44.03228939999826,None,44.03228939999826,None,44.03228939999826,None,None,None,124.97756420000223,None,124.97756420000223,None,124.97756420000223,None,124.97756420000223,None,124.97756420000223,None,131.18805630000134,None,g,3.0560895999951754,131.18805630000134,None,131.18805630000134,None,131.18805630000134,None,134.26289899999392,None,t,22.71109900000738,134.26289899999392,None,157.0904523999925,None,157.0904523999925,None,157.0904523999925,None,159.10646219999762,None,5,1,2,26.466219980924983,80,2,1,1,160.21954419999383,None,y,1.3314649000094505,160.21954419999383,None,Yes,1.6685350999905495,161.67301569999836,None,163.45483519999834,None,None,163.45483519999834,None,0.6484761000000105,,-0.35152389999998945,163.45483519999834,None,165.46500709999236,None,,,,,Sub041,001,2022_Sep_27_1537,2_3_MRI_Rating_Play_Eyetracking,2021.2.3,59.94039526890902,
5,1,2,80,1,1,,,,,,,,,0,0,0,0,0,0,0,32,,,,,,,,,,,,,,,,,,,,,,,,,,,,,,,,,,,,,,,,,,,,,,,,,,,,,5,1,2,,,,,1,,,,,,,,,,,,,,,,,,,,,,,,,,,Sub041,001,2022_Sep_27_1537,2_3_MRI_Rating_Play_Eyetracking,2021.2.3,59.94039526890902,
4,1,1,50,3,0,,,,,,,,,0,0,0,0,0,1,1,22,,,,,,,,,,,,,,,,,,,,,,,,,,,,,,,,,,,,,,,,,,,,,166.21678649999376,None,166.21678649999376,None,166.21678649999376,None,168.23177499999292,None,4,1,1,26.466219980924983,50,2,3,0,,,,,,,,,,,,,,,,,,,,,,,,,,,Sub041,001,2022_Sep_27_1537,2_3_MRI_Rating_Play_Eyetracking,2021.2.3,59.94039526890902,
2,0,2,80,1,1,,,,,,,,,0,0,0,0,0,2,2,29,0,0,0,0,,,,,,,,,,,,,,,,,,,,,,,,,,,,,,,,,,,,,,,,,171.3350739000016,None,171.3350739000016,None,171.3350739000016,None,173.31729589999304,None,2,0,2,9.93905636941186,80,2,1,1,174.4383197999996,None,g,0.9984555999981239,174.4383197999996,None,No,2.001544400001876,175.5634749999881,None,177.6700368999882,None,None,177.6700368999882,None,0.6619322000000238,,-0.33806779999997616,177.6700368999882,None,179.68272489999072,None,,,,,Sub041,001,2022_Sep_27_1537,2_3_MRI_Rating_Play_Eyetracking,2021.2.3,59.94039526890902,
2,0,2,80,1,1,,,,,,,,,0,0,0,0,0,2,2,29,,,,,,,,,,,,,,,,,,,,,,,,,,,,,,,,,,,,,,,,,,,,,,,,,,,,,2,0,2,,,,,1,,,,,,,,,,,,,,,,,,,,,,,,,,,Sub041,001,2022_Sep_27_1537,2_3_MRI_Rating_Play_Eyetracking,2021.2.3,59.94039526890902,
3,1,0,20,1,1,,,,,,,,,0,0,0,0,0,3,3,30,0,0,0,0,,,,,,,,,,,,,,,,,,,,,,,,,,,,,,,,,,,,,,,,,180.452440699999,None,180.452440699999,None,180.452440699999,None,182.46367339999415,None,3,1,0,26.466219980924983,20,2,1,1,183.54763299999468,None,y,0.9985899000021163,183.54763299999468,None,Yes,2.0014100999978837,184.66562410000188,None,186.78742069999862,None,g,186.78742069999862,None,1.321631300000007,Bar,0.32163130000000706,186.78742069999862,None,188.14664999999513,None,1.2297508000046946,,,,Sub041,001,2022_Sep_27_1537,2_3_MRI_Rating_Play_Eyetracking,2021.2.3,59.94039526890902,
3,1,0,20,1,1,,,,,,,,,0,0,0,0,0,3,3,30,,,,,,,,,,,,,,,,,,,,,,,,,,,,,,,,,,,,,,,,,,,,,,,,,,,,,3,1,0,,,,,1,,,,,,,,,,,,,,,,,,,,,,,,,,,Sub041,001,2022_Sep_27_1537,2_3_MRI_Rating_Play_Eyetracking,2021.2.3,59.94039526890902,
7,2,1,50,1,1,,,,,,,,,0,0,0,0,0,4,4,34,0,0,0,0,,,,,,,,,,,,,,,,,,,,,,,,,,,,,,,,,,,,,,,,,189.58552139998937,None,189.58552139998937,None,189.58552139998937,None,191.588176499994,None,7,2,1,50.28777987776644,50,2,1,1,192.70253629999934,None,y,0.5481567999959225,192.70253629999934,None,Yes,2.4518432000040775,193.3838812999893,None,195.94892249999975,None,g,195.94892249999975,None,1.6886328999999876,Bar,0.6886328999999876,195.94892249999975,None,196.91695739999705,None,0.8423437000019476,,,,Sub041,001,2022_Sep_27_1537,2_3_MRI_Rating_Play_Eyetracking,2021.2.3,59.94039526890902,
7,2,1,50,1,1,,,,,,,,,0,0,0,0,0,4,4,34,,,,,,,,,,,,,,,,,,,,,,,,,,,,,,,,,,,,,,,,,,,,,,,,,,,,,7,2,1,,,,,1,,,,,,,,,,,,,,,,,,,,,,,,,,,Sub041,001,2022_Sep_27_1537,2_3_MRI_Rating_Play_Eyetracking,2021.2.3,59.94039526890902,
6,2,0,20,1,1,,,,,,,,,0,0,0,0,0,5,5,33,0,0,0,0,,,,,,,,,,,,,,,,,,,,,,,,,,,,,,,,,,,,,,,,,198.69731109999702,None,198.69731109999702,None,198.69731109999702,None,200.71024289999332,None,6,2,0,50.28777987776644,20,2,1,1,201.8219276000018,None,y,0.967463900000439,201.8219276000018,None,Yes,2.032536099999561,202.91082689999894,None,205.0609007000021,None,g,205.0609007000021,None,1.8047836000000075,Bar,0.8047836000000075,205.0609007000021,None,205.93300160000217,None,0.7441121000010753,,,,Sub041,001,2022_Sep_27_1537,2_3_MRI_Rating_Play_Eyetracking,2021.2.3,59.94039526890902,
6,2,0,20,1,1,,,,,,,,,0,0,0,0,0,5,5,33,,,,,,,,,,,,,,,,,,,,,,,,,,,,,,,,,,,,,,,,,,,,,,,,,,,,,6,2,0,,,,,1,,,,,,,,,,,,,,,,,,,,,,,,,,,Sub041,001,2022_Sep_27_1537,2_3_MRI_Rating_Play_Eyetracking,2021.2.3,59.94039526890902,
5,1,2,80,2,1,,,,,,,,,0,0,0,0,0,6,6,41,0,0,0,0,,,,,,,,,,,,,,,,,,,,,,,,,,,,,,,,,,,,,,,,,207.84847089998948,None,207.84847089998948,None,207.84847089998948,None,209.8547930999921,None,5,1,2,26.466219980924983,80,2,2,1,211.94923610000114,None,y,0.4749344000010751,211.94923610000114,None,Yes,2.525065599998925,212.55236799998966,None,215.16746879999118,None,r,215.16746879999118,None,1.7050990000000183,Definitely Bar,0.7050990000000183,215.16746879999118,None,216.16549059998943,None,0.8692640999943251,,,,Sub041,001,2022_Sep_27_1537,2_3_MRI_Rating_Play_Eyetracking,2021.2.3,59.94039526890902,
5,1,2,80,2,1,,,,,,,,,0,0,0,0,0,6,6,41,,,,,,,,,,,,,,,,,,,,,,,,,,,,,,,,,,,,,,,,,,,,,,,,,,,,,5,1,2,,,,,1,,,,,,,,,,,,,,,,,,,,,,,,,,,Sub041,001,2022_Sep_27_1537,2_3_MRI_Rating_Play_Eyetracking,2021.2.3,59.94039526890902,
1,0,1,50,2,1,,,,,,,,,0,0,0,0,0,7,7,10,0,0,0,0,,,,,,,,,,,,,,,,,,,,,,,,,,,,,,,,,,,,,,,,,217.96488970000064,None,217.96488970000064,None,217.96488970000064,None,220.00056949999998,None,1,0,1,9.93905636941186,50,2,2,1,222.1022219000006,None,b,0.6653921999968588,222.1022219000006,None,Definitely Yes,2.334607800003141,222.8807020999957,None,225.32670700000017,None,g,225.32670700000017,None,1.6888013999999885,Bar,0.6888013999999885,225.32670700000017,None,226.319610999999,None,0.86198489999515,,,,Sub041,001,2022_Sep_27_1537,2_3_MRI_Rating_Play_Eyetracking,2021.2.3,59.94039526890902,
1,0,1,50,2,1,,,,,,,,,0,0,0,0,0,7,7,10,,,,,,,,,,,,,,,,,,,,,,,,,,,,,,,,,,,,,,,,,,,,,,,,,,,,,1,0,1,,,,,1,,,,,,,,,,,,,,,,,,,,,,,,,,,Sub041,001,2022_Sep_27_1537,2_3_MRI_Rating_Play_Eyetracking,2021.2.3,59.94039526890902,
5,1,2,80,3,1,,,,,,,,,0,0,0,0,0,8,8,50,0,0,0,0,,,,,,,,,,,,,,,,,,,,,,,,,,,,,,,,,,,,,,,,,228.090724099995,None,228.090724099995,None,228.090724099995,None,230.1301892999909,None,5,1,2,26.466219980924983,80,2,3,1,233.23687049999717,None,y,0.5915854000049876,233.23687049999717,None,Yes,2.4084145999950124,233.95480329998827,None,236.44665859999077,None,g,236.44665859999077,None,1.9052321000000063,Bar,0.9052321000000063,236.44665859999077,None,237.21373360000143,None,0.6573674000101164,,,,Sub041,001,2022_Sep_27_1537,2_3_MRI_Rating_Play_Eyetracking,2021.2.3,59.94039526890902,
5,1,2,80,3,1,,,,,,,,,0,0,0,0,0,8,8,50,,,,,,,,,,,,,,,,,,,,,,,,,,,,,,,,,,,,,,,,,,,,,,,,,,,,,5,1,2,,,,,1,,,,,,,,,,,,,,,,,,,,,,,,,,,Sub041,001,2022_Sep_27_1537,2_3_MRI_Rating_Play_Eyetracking,2021.2.3,59.94039526890902,
4,1,1,50,2,1,,,,,,,,,0,0,0,0,0,9,9,40,0,0,0,0,,,,,,,,,,,,,,,,,,,,,,,,,,,,,,,,,,,,,,,,,239.2360745999904,None,239.2360745999904,None,239.2360745999904,None,241.2507018999895,None,4,1,1,26.466219980924983,50,2,2,1,243.3502554000006,None,y,0.8728945000038948,243.3502554000006,None,Yes,2.127105499996105,244.3442420999927,None,246.5896911000018,None,g,246.5896911000018,None,1.7378241000000116,Bar,0.7378241000000116,246.5896911000018,None,247.52131119999103,None,0.8071802000049502,,,,Sub041,001,2022_Sep_27_1537,2_3_MRI_Rating_Play_Eyetracking,2021.2.3,59.94039526890902,
4,1,1,50,2,1,,,,,,,,,0,0,0,0,0,9,9,40,,,,,,,,,,,,,,,,,,,,,,,,,,,,,,,,,,,,,,,,,,,,,,,,,,,,,4,1,1,,,,,1,,,,,,,,,,,,,,,,,,,,,,,,,,,Sub041,001,2022_Sep_27_1537,2_3_MRI_Rating_Play_Eyetracking,2021.2.3,59.94039526890902,
8,2,2,80,3,1,,,,,,,,,0,0,0,0,0,10,10,53,0,0,0,0,,,,,,,,,,,,,,,,,,,,,,,,,,,,,,,,,,,,,,,,,249.3701602999936,None,249.3701602999936,None,249.3701602999936,None,251.3816996999958,None,8,2,2,50.28777987776644,80,2,3,1,254.48988379999355,None,y,0.8379840999987209,254.48988379999355,None,Yes,2.162015900001279,255.4437831999967,None,257.69855799998913,None,r,257.69855799998913,None,1.5930564000000231,Definitely Bar,0.5930564000000231,257.69855799998913,None,258.8023372999887,None,0.9734828000073321,,,,Sub041,001,2022_Sep_27_1537,2_3_MRI_Rating_Play_Eyetracking,2021.2.3,59.94039526890902,
8,2,2,80,3,1,,,,,,,,,0,0,0,0,0,10,10,53,,,,,,,,,,,,,,,,,,,,,,,,,,,,,,,,,,,,,,,,,,,,,,,,,,,,,8,2,2,,,,,1,,,,,,,,,,,,,,,,,,,,,,,,,,,Sub041,001,2022_Sep_27_1537,2_3_MRI_Rating_Play_Eyetracking,2021.2.3,59.94039526890902,
3,1,0,20,1,0,,,,,,,,,0,0,0,0,0,11,11,3,,,,,,,,,,,,,,,,,,,,,,,,,,,,,,,,,,,,,,,,,,,,,260.50540389999514,None,260.50540389999514,None,260.50540389999514,None,262.5165654000011,None,3,1,0,26.466219980924983,20,2,1,0,,,,,,,,,,,,,,,,,,,,,,,,,,,Sub041,001,2022_Sep_27_1537,2_3_MRI_Rating_Play_Eyetracking,2021.2.3,59.94039526890902,
0,0,0,20,3,1,,,,,,,,,0,0,0,0,0,12,12,45,0,0,0,0,,,,,,,,,,,,,,,,,,,,,,,,,,,,,,,,,,,,,,,,,263.62189709999075,None,263.62189709999075,None,263.62189709999075,None,265.633728899993,None,0,0,0,9.93905636941186,20,2,3,1,268.73580650000076,None,y,0.7120371000055457,268.73580650000076,None,Yes,2.2879628999944543,269.5691355000017,None,271.95477529999334,None,r,271.95477529999334,None,1.9286330999999564,Definitely Bar,0.9286330999999564,271.95477529999334,None,272.69493749999674,None,0.6242523999972036,,,,Sub041,001,2022_Sep_27_1537,2_3_MRI_Rating_Play_Eyetracking,2021.2.3,59.94039526890902,
0,0,0,20,3,1,,,,,,,,,0,0,0,0,0,12,12,45,,,,,,,,,,,,,,,,,,,,,,,,,,,,,,,,,,,,,,,,,,,,,,,,,,,,,0,0,0,,,,,1,,,,,,,,,,,,,,,,,,,,,,,,,,,Sub041,001,2022_Sep_27_1537,2_3_MRI_Rating_Play_Eyetracking,2021.2.3,59.94039526890902,
3,1,0,20,3,1,,,,,,,,,0,0,0,0,0,13,13,66,0,0,0,0,,,,,,,,,,,,,,,,,,,,,,,,,,,,,,,,,,,,,,,,,274.7384955000016,None,274.7384955000016,None,274.7384955000016,None,276.74981249999837,None,3,1,0,26.466219980924983,20,2,3,1,279.8473760999914,None,y,0.4478030000027502,279.8473760999914,None,Yes,2.55219699999725,280.4216071999981,None,283.0966466999962,None,None,283.0966466999962,None,0.6547194999999988,,-0.3452805000000012,283.0966466999962,None,285.1000992999907,None,,,,,Sub041,001,2022_Sep_27_1537,2_3_MRI_Rating_Play_Eyetracking,2021.2.3,59.94039526890902,
3,1,0,20,3,1,,,,,,,,,0,0,0,0,0,13,13,66,,,,,,,,,,,,,,,,,,,,,,,,,,,,,,,,,,,,,,,,,,,,,,,,,,,,,3,1,0,,,,,1,,,,,,,,,,,,,,,,,,,,,,,,,,,Sub041,001,2022_Sep_27_1537,2_3_MRI_Rating_Play_Eyetracking,2021.2.3,59.94039526890902,
6,2,0,20,3,1,,,,,,,,,0,0,0,0,0,14,14,69,0,0,0,0,,,,,,,,,,,,,,,,,,,,,,,,,,,,,,,,,,,,,,,,,285.8701491999964,None,285.8701491999964,None,285.8701491999964,None,287.8631575999898,None,6,2,0,50.28777987776644,20,2,3,1,290.97251519998827,None,y,0.4952272999944398,290.97251519998827,None,Yes,2.50477270000556,291.56629760000214,None,294.17108249999,None,g,294.17108249999,None,1.305828599999984,Bar,0.3058285999999839,294.17108249999,None,295.5891280999931,None,1.2951149000000441,,,,Sub041,001,2022_Sep_27_1537,2_3_MRI_Rating_Play_Eyetracking,2021.2.3,59.94039526890902,
6,2,0,20,3,1,,,,,,,,,0,0,0,0,0,14,14,69,,,,,,,,,,,,,,,,,,,,,,,,,,,,,,,,,,,,,,,,,,,,,,,,,,,,,6,2,0,,,,,1,,,,,,,,,,,,,,,,,,,,,,,,,,,Sub041,001,2022_Sep_27_1537,2_3_MRI_Rating_Play_Eyetracking,2021.2.3,59.94039526890902,
2,0,2,80,3,0,,,,,,,,,0,0,0,0,0,15,15,20,,,,,,,,,,,,,,,,,,,,,,,,,,,,,,,,,,,,,,,,,,,,,297.0045561000006,None,297.0045561000006,None,297.0045561000006,None,299.0192737999896,None,2,0,2,9.93905636941186,80,2,3,0,,,,,,,,,,,,,,,,,,,,,,,,,,,Sub041,001,2022_Sep_27_1537,2_3_MRI_Rating_Play_Eyetracking,2021.2.3,59.94039526890902,
7,2,1,50,2,1,,,,,,,,,0,0,0,0,0,16,16,16,0,0,0,0,,,,,,,,,,,,,,,,,,,,,,,,,,,,,,,,,,,,,,,,,302.12469989999954,None,302.12469989999954,None,302.12469989999954,None,304.13571459999366,None,7,2,1,50.28777987776644,50,2,2,1,306.23025490000146,None,y,0.6430795000051148,306.23025490000146,None,Yes,2.356920499994885,306.9978076999978,None,309.4739963999891,None,g,309.4739963999891,None,1.2471312000000125,Bar,0.24713120000001254,309.4739963999891,None,310.8601268999919,None,1.2933463999943342,,,,Sub041,001,2022_Sep_27_1537,2_3_MRI_Rating_Play_Eyetracking,2021.2.3,59.94039526890902,
7,2,1,50,2,1,,,,,,,,,0,0,0,0,0,16,16,16,,,,,,,,,,,,,,,,,,,,,,,,,,,,,,,,,,,,,,,,,,,,,,,,,,,,,7,2,1,,,,,1,,,,,,,,,,,,,,,,,,,,,,,,,,,Sub041,001,2022_Sep_27_1537,2_3_MRI_Rating_Play_Eyetracking,2021.2.3,59.94039526890902,
2,0,2,80,1,0,,,,,,,,,0,0,0,0,0,17,17,2,,,,,,,,,,,,,,,,,,,,,,,,,,,,,,,,,,,,,,,,,,,,,312.2029513000016,None,312.2029513000016,None,312.2029513000016,None,314.2364482999983,None,2,0,2,9.93905636941186,80,2,1,0,,,,,,,,,,,,,,,,,,,,,,,,,,,Sub041,001,2022_Sep_27_1537,2_3_MRI_Rating_Play_Eyetracking,2021.2.3,59.94039526890902,
5,1,2,80,1,0,,,,,,,,,0,0,0,0,0,18,18,5,,,,,,,,,,,,,,,,,,,,,,,,,,,,,,,,,,,,,,,,,,,,,315.31489449999935,None,315.31489449999935,None,315.31489449999935,None,317.35704019998957,None,5,1,2,26.466219980924983,80,2,1,0,,,,,,,,,,,,,,,,,,,,,,,,,,,Sub041,001,2022_Sep_27_1537,2_3_MRI_Rating_Play_Eyetracking,2021.2.3,59.94039526890902,
4,1,1,50,1,1,,,,,,,,,0,0,0,0,0,19,19,31,0,0,0,0,,,,,,,,,,,,,,,,,,,,,,,,,,,,,,,,,,,,,,,,,318.471618999989,None,318.471618999989,None,318.471618999989,None,320.4895877999952,None,4,1,1,26.466219980924983,50,2,1,1,321.61067059999914,None,y,1.2565721999999369,321.61067059999914,None,Yes,1.7434278000000631,322.988265699998,None,324.8472591999889,None,y,324.8472591999889,None,0.825288100000023,Card,-0.17471189999997705,324.8472591999889,None,326.63348229999247,None,1.687448900003801,,,,Sub041,001,2022_Sep_27_1537,2_3_MRI_Rating_Play_Eyetracking,2021.2.3,59.94039526890902,
4,1,1,50,1,1,,,,,,,,,0,0,0,0,0,19,19,31,,,,,,,,,,,,,,,,,,,,,,,,,,,,,,,,,,,,,,,,,,,,,,,,,,,,,4,1,1,,,,,1,,,,,,,,,,,,,,,,,,,,,,,,,,,Sub041,001,2022_Sep_27_1537,2_3_MRI_Rating_Play_Eyetracking,2021.2.3,59.94039526890902,
8,2,2,80,3,0,,,,,,,,,0,0,0,0,0,20,20,26,,,,,,,,,,,,,,,,,,,,,,,,,,,,,,,,,,,,,,,,,,,,,327.57312839999213,None,327.57312839999213,None,327.57312839999213,None,329.58764739999606,None,8,2,2,50.28777987776644,80,2,3,0,,,,,,,,,,,,,,,,,,,,,,,,,,,Sub041,001,2022_Sep_27_1537,2_3_MRI_Rating_Play_Eyetracking,2021.2.3,59.94039526890902,
7,2,1,50,1,0,,,,,,,,,0,0,0,0,0,21,21,7,,,,,,,,,,,,,,,,,,,,,,,,,,,,,,,,,,,,,,,,,,,,,332.69163529999787,None,332.69163529999787,None,332.69163529999787,None,334.6998855999991,None,7,2,1,50.28777987776644,50,2,1,0,,,,,,,,,,,,,,,,,,,,,,,,,,,Sub041,001,2022_Sep_27_1537,2_3_MRI_Rating_Play_Eyetracking,2021.2.3,59.94039526890902,
4,1,1,50,1,0,,,,,,,,,0,0,0,0,0,22,22,4,,,,,,,,,,,,,,,,,,,,,,,,,,,,,,,,,,,,,,,,,,,,,335.80598949998966,None,335.80598949998966,None,335.80598949998966,None,337.8088853999943,None,4,1,1,26.466219980924983,50,2,1,0,,,,,,,,,,,,,,,,,,,,,,,,,,,Sub041,001,2022_Sep_27_1537,2_3_MRI_Rating_Play_Eyetracking,2021.2.3,59.94039526890902,
0,0,0,20,2,1,,,,,,,,,0,0,0,0,0,23,23,36,0,0,0,0,,,,,,,,,,,,,,,,,,,,,,,,,,,,,,,,,,,,,,,,,338.91676419999567,None,338.91676419999567,None,338.91676419999567,None,340.92848969998886,None,0,0,0,9.93905636941186,20,2,2,1,343.0392842000001,None,None,,343.0392842000001,None,,1,345.05046589999984,None,346.1574346999987,None,None,346.1574346999987,None,0.762749499999984,,-0.23725050000001602,346.1574346999987,None,348.1624149999989,None,,,,,Sub041,001,2022_Sep_27_1537,2_3_MRI_Rating_Play_Eyetracking,2021.2.3,59.94039526890902,
0,0,0,20,2,1,,,,,,,,,0,0,0,0,0,23,23,36,,,,,,,,,,,,,,,,,,,,,,,,,,,,,,,,,,,,,,,,,,,,,,,,,,,,,0,0,0,,,,,1,,,,,,,,,,,,,,,,,,,,,,,,,,,Sub041,001,2022_Sep_27_1537,2_3_MRI_Rating_Play_Eyetracking,2021.2.3,59.94039526890902,
8,2,2,80,2,1,,,,,,,,,0,0,0,0,0,24,24,17,0,0,0,0,,,,,,,,,,,,,,,,,,,,,,,,,,,,,,,,,,,,,,,,,349.04431849998946,None,349.04431849998946,None,349.04431849998946,None,351.0592195999925,None,8,2,2,50.28777987776644,80,2,2,1,353.1741040999914,None,y,0.7677271000138717,353.1741040999914,None,Yes,2.2322728999861283,354.0731240999885,None,356.4287209999893,None,g,356.4287209999893,None,1.136284499999988,Bar,0.13628449999998793,356.4287209999893,None,357.9256660999963,None,1.3683656000066549,,,,Sub041,001,2022_Sep_27_1537,2_3_MRI_Rating_Play_Eyetracking,2021.2.3,59.94039526890902,
8,2,2,80,2,1,,,,,,,,,0,0,0,0,0,24,24,17,,,,,,,,,,,,,,,,,,,,,,,,,,,,,,,,,,,,,,,,,,,,,,,,,,,,,8,2,2,,,,,1,,,,,,,,,,,,,,,,,,,,,,,,,,,Sub041,001,2022_Sep_27_1537,2_3_MRI_Rating_Play_Eyetracking,2021.2.3,59.94039526890902,
6,2,0,20,1,0,,,,,,,,,0,0,0,0,0,25,25,6,,,,,,,,,,,,,,,,,,,,,,,,,,,,,,,,,,,,,,,,,,,,,359.1456074000016,None,359.1456074000016,None,359.1456074000016,None,361.1886575999961,None,6,2,0,50.28777987776644,20,2,1,0,,,,,,,,,,,,,,,,,,,,,,,,,,,Sub041,001,2022_Sep_27_1537,2_3_MRI_Rating_Play_Eyetracking,2021.2.3,59.94039526890902,
7,2,1,50,3,1,,,,,,,,,0,0,0,0,0,26,26,52,0,0,0,0,,,,,,,,,,,,,,,,,,,,,,,,,,,,,,,,,,,,,,,,,362.2684784000012,None,362.2684784000012,None,362.2684784000012,None,364.3034897999896,None,7,2,1,50.28777987776644,50,2,3,1,367.3864132999879,None,y,0.6399203000037232,367.3864132999879,None,Yes,2.3600796999962768,368.1357435999962,None,370.5900466000021,None,g,370.5900466000021,None,1.3912424999999757,Bar,0.39124249999997573,370.5900466000021,None,371.90664359999937,None,1.1909548999974504,,,,Sub041,001,2022_Sep_27_1537,2_3_MRI_Rating_Play_Eyetracking,2021.2.3,59.94039526890902,
7,2,1,50,3,1,,,,,,,,,0,0,0,0,0,26,26,52,,,,,,,,,,,,,,,,,,,,,,,,,,,,,,,,,,,,,,,,,,,,,,,,,,,,,7,2,1,,,,,1,,,,,,,,,,,,,,,,,,,,,,,,,,,Sub041,001,2022_Sep_27_1537,2_3_MRI_Rating_Play_Eyetracking,2021.2.3,59.94039526890902,
0,0,0,20,2,1,,,,,,,,,0,0,0,0,0,27,27,9,0,0,0,0,,,,,,,,,,,,,,,,,,,,,,,,,,,,,,,,,,,,,,,,,373.40089779999107,None,373.40089779999107,None,373.40089779999107,None,375.4228480999882,None,0,0,0,9.93905636941186,20,2,2,1,377.5298650999903,None,y,1.0291877000126988,377.5298650999903,None,Yes,1.9708122999873012,378.6815326999931,None,380.76525719999336,None,g,380.76525719999336,None,1.0895453999999631,Bar,0.08954539999996314,380.76525719999336,None,382.3448422999936,None,1.4553779999987455,,,,Sub041,001,2022_Sep_27_1537,2_3_MRI_Rating_Play_Eyetracking,2021.2.3,59.94039526890902,
0,0,0,20,2,1,,,,,,,,,0,0,0,0,0,27,27,9,,,,,,,,,,,,,,,,,,,,,,,,,,,,,,,,,,,,,,,,,,,,,,,,,,,,,0,0,0,,,,,1,,,,,,,,,,,,,,,,,,,,,,,,,,,Sub041,001,2022_Sep_27_1537,2_3_MRI_Rating_Play_Eyetracking,2021.2.3,59.94039526890902,
4,1,1,50,3,1,,,,,,,,,0,0,0,0,0,28,28,67,0,0,0,0,,,,,,,,,,,,,,,,,,,,,,,,,,,,,,,,,,,,,,,,,383.53031859999464,None,383.53031859999464,None,383.53031859999464,None,385.55419369999436,None,4,1,1,26.466219980924983,50,2,3,1,388.639162499996,None,y,0.8767752999992808,388.639162499996,None,Yes,2.123224700000719,389.6408366999967,None,391.87800699999207,None,g,391.87800699999207,None,1.2359808000000498,Bar,0.23598080000004984,391.87800699999207,None,393.2961134999932,None,1.3185951999912504,,,,Sub041,001,2022_Sep_27_1537,2_3_MRI_Rating_Play_Eyetracking,2021.2.3,59.94039526890902,
4,1,1,50,3,1,,,,,,,,,0,0,0,0,0,28,28,67,,,,,,,,,,,,,,,,,,,,,,,,,,,,,,,,,,,,,,,,,,,,,,,,,,,,,4,1,1,,,,,1,,,,,,,,,,,,,,,,,,,,,,,,,,,Sub041,001,2022_Sep_27_1537,2_3_MRI_Rating_Play_Eyetracking,2021.2.3,59.94039526890902,
0,0,0,20,1,1,,,,,,,,,0,0,0,0,0,29,29,27,0,0,0,0,,,,,,,,,,,,,,,,,,,,,,,,,,,,,,,,,,,,,,,,,394.6451422999962,None,394.6451422999962,None,394.6451422999962,None,396.6536336999998,None,0,0,0,9.93905636941186,20,2,1,1,397.73765619999904,None,g,0.6495744999992894,397.73765619999904,None,No,2.3504255000007106,398.498583099994,None,400.95021859998815,None,g,400.95021859998815,None,0.7056900000000041,Bar,-0.29430999999999585,400.95021859998815,None,402.9379528999998,None,1.889114100005827,,,,Sub041,001,2022_Sep_27_1537,2_3_MRI_Rating_Play_Eyetracking,2021.2.3,59.94039526890902,
0,0,0,20,1,1,,,,,,,,,0,0,0,0,0,29,29,27,,,,,,,,,,,,,,,,,,,,,,,,,,,,,,,,,,,,,,,,,,,,,,,,,,,,,0,0,0,,,,,1,,,,,,,,,,,,,,,,,,,,,,,,,,,Sub041,001,2022_Sep_27_1537,2_3_MRI_Rating_Play_Eyetracking,2021.2.3,59.94039526890902,
7,2,1,50,2,1,,,,,,,,,0,0,0,0,0,30,30,43,0,0,0,0,,,,,,,,,,,,,,,,,,,,,,,,,,,,,,,,,,,,,,,,,403.75582409999333,None,403.75582409999333,None,403.75582409999333,None,405.77165629999945,None,7,2,1,50.28777987776644,50,2,2,1,407.87507840000035,None,y,0.7396498000016436,407.87507840000035,None,Yes,2.2603501999983564,408.74038879999716,None,411.10791320000135,None,r,411.10791320000135,None,0.9234584999999811,Definitely Bar,-0.07654150000001891,411.10791320000135,None,412.8581725999975,None,1.6230869999999413,,,,Sub041,001,2022_Sep_27_1537,2_3_MRI_Rating_Play_Eyetracking,2021.2.3,59.94039526890902,
7,2,1,50,2,1,,,,,,,,,0,0,0,0,0,30,30,43,,,,,,,,,,,,,,,,,,,,,,,,,,,,,,,,,,,,,,,,,,,,,,,,,,,,,7,2,1,,,,,1,,,,,,,,,,,,,,,,,,,,,,,,,,,Sub041,001,2022_Sep_27_1537,2_3_MRI_Rating_Play_Eyetracking,2021.2.3,59.94039526890902,
6,2,0,20,3,0,,,,,,,,,0,0,0,0,0,31,31,24,,,,,,,,,,,,,,,,,,,,,,,,,,,,,,,,,,,,,,,,,,,,,413.8716410999914,None,413.8716410999914,None,413.8716410999914,None,415.9095940999978,None,6,2,0,50.28777987776644,20,2,3,0,,,,,,,,,,,,,,,,,,,,,,,,,,,Sub041,001,2022_Sep_27_1537,2_3_MRI_Rating_Play_Eyetracking,2021.2.3,59.94039526890902,
3,1,0,20,2,1,,,,,,,,,0,0,0,0,0,32,32,57,0,0,0,0,,,,,,,,,,,,,,,,,,,,,,,,,,,,,,,,,,,,,,,,,419.0272990999947,None,419.0272990999947,None,419.0272990999947,None,421.03973259999475,None,3,1,0,26.466219980924983,20,2,2,1,423.1163799999922,None,y,0.5856973999907495,423.1163799999922,None,Yes,2.4143026000092505,423.81789859999844,None,426.34560989998863,None,g,426.34560989998863,None,1.7951735999999983,Bar,0.7951735999999983,426.34560989998863,None,427.24617939999735,None,0.7782990999985486,,,,Sub041,001,2022_Sep_27_1537,2_3_MRI_Rating_Play_Eyetracking,2021.2.3,59.94039526890902,
3,1,0,20,2,1,,,,,,,,,0,0,0,0,0,32,32,57,,,,,,,,,,,,,,,,,,,,,,,,,,,,,,,,,,,,,,,,,,,,,,,,,,,,,3,1,0,,,,,1,,,,,,,,,,,,,,,,,,,,,,,,,,,Sub041,001,2022_Sep_27_1537,2_3_MRI_Rating_Play_Eyetracking,2021.2.3,59.94039526890902,
1,0,1,50,1,0,,,,,,,,,0,0,0,0,0,33,33,1,,,,,,,,,,,,,,,,,,,,,,,,,,,,,,,,,,,,,,,,,,,,,429.1504431999929,None,429.1504431999929,None,429.1504431999929,None,431.1696082999988,None,1,0,1,9.93905636941186,50,2,1,0,,,,,,,,,,,,,,,,,,,,,,,,,,,Sub041,001,2022_Sep_27_1537,2_3_MRI_Rating_Play_Eyetracking,2021.2.3,59.94039526890902,
0,0,0,20,1,1,,,,,,,,,0,0,0,0,0,34,34,54,0,0,0,0,,,,,,,,,,,,,,,,,,,,,,,,,,,,,,,,,,,,,,,,,432.27816839999286,None,432.27816839999286,None,432.27816839999286,None,434.2634756999905,None,0,0,0,9.93905636941186,20,2,1,1,435.35630610000226,None,g,0.810080499999458,435.35630610000226,None,No,2.189919500000542,436.29179119999753,None,438.5901804999885,None,y,438.5901804999885,None,1.7456326000000217,Card,0.7456326000000217,438.5901804999885,None,439.5453223999939,None,0.825188300004811,,,,Sub041,001,2022_Sep_27_1537,2_3_MRI_Rating_Play_Eyetracking,2021.2.3,59.94039526890902,
0,0,0,20,1,1,,,,,,,,,0,0,0,0,0,34,34,54,,,,,,,,,,,,,,,,,,,,,,,,,,,,,,,,,,,,,,,,,,,,,,,,,,,,,0,0,0,,,,,1,,,,,,,,,,,,,,,,,,,,,,,,,,,Sub041,001,2022_Sep_27_1537,2_3_MRI_Rating_Play_Eyetracking,2021.2.3,59.94039526890902,
8,2,2,80,3,1,,,,,,,,,0,0,0,0,0,35,35,71,0,0,0,0,,,,,,,,,,,,,,,,,,,,,,,,,,,,,,,,,,,,,,,,,441.39660509998794,None,441.39660509998794,None,441.39660509998794,None,443.3987602999987,None,8,2,2,50.28777987776644,80,2,3,1,446.49117110000225,None,y,1.1766578999959165,446.49117110000225,None,Yes,1.8233421000040835,447.7911235999927,None,449.7275482999976,None,g,449.7275482999976,None,1.3356102999999848,Bar,0.3356102999999848,449.7275482999976,None,451.06963139999425,None,1.2150990000081947,,,,Sub041,001,2022_Sep_27_1537,2_3_MRI_Rating_Play_Eyetracking,2021.2.3,59.94039526890902,
8,2,2,80,3,1,,,,,,,,,0,0,0,0,0,35,35,71,,,,,,,,,,,,,,,,,,,,,,,,,,,,,,,,,,,,,,,,,,,,,,,,,,,,,8,2,2,,,,,1,,,,,,,,,,,,,,,,,,,,,,,,,,,Sub041,001,2022_Sep_27_1537,2_3_MRI_Rating_Play_Eyetracking,2021.2.3,59.94039526890902,
1,0,1,50,3,1,,,,,,,,,0,0,0,0,0,36,36,64,0,0,0,0,,,,,,,,,,,,,,,,,,,,,,,,,,,,,,,,,,,,,,,,,452.5100420999952,None,452.5100420999952,None,452.5100420999952,None,454.5260946999915,None,1,0,1,9.93905636941186,50,2,3,1,457.6428875999991,None,r,0.573854800008121,457.6428875999991,None,Definitely No,2.426145199991879,458.3459390999924,None,460.85761749999074,None,g,460.85761749999074,None,1.3400717999999756,Bar,0.3400717999999756,460.85761749999074,None,462.196065799988,None,1.201829000012367,,,,Sub041,001,2022_Sep_27_1537,2_3_MRI_Rating_Play_Eyetracking,2021.2.3,59.94039526890902,
1,0,1,50,3,1,,,,,,,,,0,0,0,0,0,36,36,64,,,,,,,,,,,,,,,,,,,,,,,,,,,,,,,,,,,,,,,,,,,,,,,,,,,,,1,0,1,,,,,1,,,,,,,,,,,,,,,,,,,,,,,,,,,Sub041,001,2022_Sep_27_1537,2_3_MRI_Rating_Play_Eyetracking,2021.2.3,59.94039526890902,
8,2,2,80,1,1,,,,,,,,,0,0,0,0,0,37,37,62,0,0,0,0,,,,,,,,,,,,,,,,,,,,,,,,,,,,,,,,,,,,,,,,,463.64682229999744,None,463.64682229999744,None,463.64682229999744,None,465.6555098999961,None,8,2,2,50.28777987776644,80,2,1,1,466.7662600999902,None,b,0.5228309999947669,466.7662600999902,None,Definitely Yes,2.477169000005233,467.41100279999955,None,469.9791813999909,None,g,469.9791813999909,None,1.4253697999999986,Bar,0.4253697999999986,469.9791813999909,None,471.2150399999955,None,1.1415697000047658,,,,Sub041,001,2022_Sep_27_1537,2_3_MRI_Rating_Play_Eyetracking,2021.2.3,59.94039526890902,
8,2,2,80,1,1,,,,,,,,,0,0,0,0,0,37,37,62,,,,,,,,,,,,,,,,,,,,,,,,,,,,,,,,,,,,,,,,,,,,,,,,,,,,,8,2,2,,,,,1,,,,,,,,,,,,,,,,,,,,,,,,,,,Sub041,001,2022_Sep_27_1537,2_3_MRI_Rating_Play_Eyetracking,2021.2.3,59.94039526890902,
3,1,0,20,3,0,,,,,,,,,0,0,0,0,0,38,38,21,,,,,,,,,,,,,,,,,,,,,,,,,,,,,,,,,,,,,,,,,,,,,472.7155941999954,None,472.7155941999954,None,472.7155941999954,None,474.7355213999981,None,3,1,0,26.466219980924983,20,2,3,0,,,,,,,,,,,,,,,,,,,,,,,,,,,Sub041,001,2022_Sep_27_1537,2_3_MRI_Rating_Play_Eyetracking,2021.2.3,59.94039526890902,
8,2,2,80,1,1,,,,,,,,,0,0,0,0,0,39,39,35,0,0,0,0,,,,,,,,,,,,,,,,,,,,,,,,,,,,,,,,,,,,,,,,,477.83731740000076,None,477.83731740000076,None,477.83731740000076,None,479.8587933999952,None,8,2,2,50.28777987776644,80,2,1,1,480.95609890000196,None,b,1.3954277000011643,480.95609890000196,None,Definitely Yes,1.6045722999988357,482.47626989999844,None,484.19744699999865,None,y,484.19744699999865,None,1.7452011000000311,Card,0.7452011000000311,484.19744699999865,None,485.10484699999506,None,0.7867432000057306,,,,Sub041,001,2022_Sep_27_1537,2_3_MRI_Rating_Play_Eyetracking,2021.2.3,59.94039526890902,
8,2,2,80,1,1,,,,,,,,,0,0,0,0,0,39,39,35,,,,,,,,,,,,,,,,,,,,,,,,,,,,,,,,,,,,,,,,,,,,,,,,,,,,,8,2,2,,,,,1,,,,,,,,,,,,,,,,,,,,,,,,,,,Sub041,001,2022_Sep_27_1537,2_3_MRI_Rating_Play_Eyetracking,2021.2.3,59.94039526890902,
0,0,0,20,3,1,,,,,,,,,0,0,0,0,0,40,40,63,0,0,0,0,,,,,,,,,,,,,,,,,,,,,,,,,,,,,,,,,,,,,,,,,486.9645133000013,None,486.9645133000013,None,486.9645133000013,None,488.974518899995,None,0,0,0,9.93905636941186,20,2,3,1,492.0579183999944,None,g,1.7583120000053896,492.0579183999944,None,No,1.2416879999946104,493.9437472999998,None,495.2806724999973,None,g,495.2806724999973,None,0.9227799999999888,Bar,-0.07722000000001117,495.2806724999973,None,497.05597529999795,None,1.658021600000211,,,,Sub041,001,2022_Sep_27_1537,2_3_MRI_Rating_Play_Eyetracking,2021.2.3,59.94039526890902,
0,0,0,20,3,1,,,,,,,,,0,0,0,0,0,40,40,63,,,,,,,,,,,,,,,,,,,,,,,,,,,,,,,,,,,,,,,,,,,,,,,,,,,,,0,0,0,,,,,1,,,,,,,,,,,,,,,,,,,,,,,,,,,Sub041,001,2022_Sep_27_1537,2_3_MRI_Rating_Play_Eyetracking,2021.2.3,59.94039526890902,
1,0,1,50,2,1,,,,,,,,,0,0,0,0,0,41,41,37,0,0,0,0,,,,,,,,,,,,,,,,,,,,,,,,,,,,,,,,,,,,,,,,,498.09698259999277,None,498.09698259999277,None,498.09698259999277,None,500.1069979999884,None,1,0,1,9.93905636941186,50,2,2,1,502.214103899998,None,y,0.9532352999958675,502.214103899998,None,Yes,2.0467647000041325,503.29490979999537,None,505.4500337999925,None,y,505.4500337999925,None,1.4736939000000007,Card,0.47369390000000067,505.4500337999925,None,506.62442189999274,None,1.0758017000043765,,,,Sub041,001,2022_Sep_27_1537,2_3_MRI_Rating_Play_Eyetracking,2021.2.3,59.94039526890902,
1,0,1,50,2,1,,,,,,,,,0,0,0,0,0,41,41,37,,,,,,,,,,,,,,,,,,,,,,,,,,,,,,,,,,,,,,,,,,,,,,,,,,,,,1,0,1,,,,,1,,,,,,,,,,,,,,,,,,,,,,,,,,,Sub041,001,2022_Sep_27_1537,2_3_MRI_Rating_Play_Eyetracking,2021.2.3,59.94039526890902,
7,2,1,50,2,1,,,,,,,,,0,0,0,0,0,42,42,70,0,0,0,0,,,,,,,,,,,,,,,,,,,,,,,,,,,,,,,,,,,,,,,,,508.2132300999947,None,508.2132300999947,None,508.2132300999947,None,510.20486109999183,None,7,2,1,50.28777987776644,50,2,2,1,512.3075525000022,None,y,0.9812184000038542,512.3075525000022,None,Yes,2.018781599996146,513.4038605999958,None,515.5353366999916,None,g,515.5353366999916,None,1.7078211000000465,Bar,0.7078211000000465,515.5353366999916,None,516.5281122000015,None,0.8647825000080047,,,,Sub041,001,2022_Sep_27_1537,2_3_MRI_Rating_Play_Eyetracking,2021.2.3,59.94039526890902,
7,2,1,50,2,1,,,,,,,,,0,0,0,0,0,42,42,70,,,,,,,,,,,,,,,,,,,,,,,,,,,,,,,,,,,,,,,,,,,,,,,,,,,,,7,2,1,,,,,1,,,,,,,,,,,,,,,,,,,,,,,,,,,Sub041,001,2022_Sep_27_1537,2_3_MRI_Rating_Play_Eyetracking,2021.2.3,59.94039526890902,
0,0,0,20,1,0,,,,,,,,,0,0,0,0,0,43,43,0,,,,,,,,,,,,,,,,,,,,,,,,,,,,,,,,,,,,,,,,,,,,,518.3477664999955,None,518.3477664999955,None,518.3477664999955,None,520.3514674999897,None,0,0,0,9.93905636941186,20,2,1,0,,,,,,,,,,,,,,,,,,,,,,,,,,,Sub041,001,2022_Sep_27_1537,2_3_MRI_Rating_Play_Eyetracking,2021.2.3,59.94039526890902,
3,1,0,20,2,1,,,,,,,,,0,0,0,0,0,44,44,39,0,0,0,0,,,,,,,,,,,,,,,,,,,,,,,,,,,,,,,,,,,,,,,,,521.4641542999889,None,521.4641542999889,None,521.4641542999889,None,523.4549808000011,None,3,1,0,26.466219980924983,20,2,2,1,525.5639828999992,None,y,1.290192799991928,525.5639828999992,None,Yes,1.709807200008072,526.98258109999,None,528.7995296000008,None,g,528.7995296000008,None,1.6452043999998978,Bar,0.6452043999998978,528.7995296000008,None,529.8308486999886,None,0.9040961999999126,,,,Sub041,001,2022_Sep_27_1537,2_3_MRI_Rating_Play_Eyetracking,2021.2.3,59.94039526890902,
3,1,0,20,2,1,,,,,,,,,0,0,0,0,0,44,44,39,,,,,,,,,,,,,,,,,,,,,,,,,,,,,,,,,,,,,,,,,,,,,,,,,,,,,3,1,0,,,,,1,,,,,,,,,,,,,,,,,,,,,,,,,,,Sub041,001,2022_Sep_27_1537,2_3_MRI_Rating_Play_Eyetracking,2021.2.3,59.94039526890902,
6,2,0,20,2,1,,,,,,,,,0,0,0,0,0,45,45,42,0,0,0,0,,,,,,,,,,,,,,,,,,,,,,,,,,,,,,,,,,,,,,,,,531.5727245000016,None,531.5727245000016,None,531.5727245000016,None,533.5703644999885,None,6,2,0,50.28777987776644,20,2,2,1,535.6789084999909,None,b,0.9558449000032851,535.6789084999909,None,Definitely Yes,2.044155099996715,536.7433971999999,None,538.9028753999883,None,r,538.9028753999883,None,1.3722530999999663,Definitely Bar,0.37225309999996625,538.9028753999883,None,540.2291713000013,None,1.1936111000104574,,,,Sub041,001,2022_Sep_27_1537,2_3_MRI_Rating_Play_Eyetracking,2021.2.3,59.94039526890902,
6,2,0,20,2,1,,,,,,,,,0,0,0,0,0,45,45,42,,,,,,,,,,,,,,,,,,,,,,,,,,,,,,,,,,,,,,,,,,,,,,,,,,,,,6,2,0,,,,,1,,,,,,,,,,,,,,,,,,,,,,,,,,,Sub041,001,2022_Sep_27_1537,2_3_MRI_Rating_Play_Eyetracking,2021.2.3,59.94039526890902,
7,2,1,50,3,0,,,,,,,,,0,0,0,0,0,46,46,25,,,,,,,,,,,,,,,,,,,,,,,,,,,,,,,,,,,,,,,,,,,,,541.7137099999964,None,541.7137099999964,None,541.7137099999964,None,543.7062156999891,None,7,2,1,50.28777987776644,50,2,3,0,,,,,,,,,,,,,,,,,,,,,,,,,,,Sub041,001,2022_Sep_27_1537,2_3_MRI_Rating_Play_Eyetracking,2021.2.3,59.94039526890902,
3,1,0,20,2,1,,,,,,,,,0,0,0,0,0,47,47,12,0,0,0,0,,,,,,,,,,,,,,,,,,,,,,,,,,,,,,,,,,,,,,,,,546.7873881999985,None,546.7873881999985,None,546.7873881999985,None,548.8072558999993,None,3,1,0,26.466219980924983,20,2,2,1,550.9140826999937,None,y,1.0850742000038736,550.9140826999937,None,Yes,1.9149257999961264,552.1301498999965,None,554.1497851000022,None,r,554.1497851000022,None,1.1117094999999608,Definitely Bar,0.11170949999996083,554.1497851000022,None,555.7093422999897,None,1.4367531000025338,,,,Sub041,001,2022_Sep_27_1537,2_3_MRI_Rating_Play_Eyetracking,2021.2.3,59.94039526890902,
3,1,0,20,2,1,,,,,,,,,0,0,0,0,0,47,47,12,,,,,,,,,,,,,,,,,,,,,,,,,,,,,,,,,,,,,,,,,,,,,,,,,,,,,3,1,0,,,,,1,,,,,,,,,,,,,,,,,,,,,,,,,,,Sub041,001,2022_Sep_27_1537,2_3_MRI_Rating_Play_Eyetracking,2021.2.3,59.94039526890902,
1,0,1,50,1,1,,,,,,,,,0,0,0,0,0,48,48,28,0,0,0,0,,,,,,,,,,,,,,,,,,,,,,,,,,,,,,,,,,,,,,,,,556.9239725999942,None,556.9239725999942,None,556.9239725999942,None,558.9477296999976,None,1,0,1,9.93905636941186,50,2,1,1,560.0688938999956,None,y,1.24658969999291,560.0688938999956,None,Yes,1.75341030000709,561.4406245999999,None,563.2804595999914,None,y,563.2804595999914,None,1.1899581000000126,Card,0.18995810000001256,563.2804595999914,None,564.7576778999937,None,1.3629966000007698,,,,Sub041,001,2022_Sep_27_1537,2_3_MRI_Rating_Play_Eyetracking,2021.2.3,59.94039526890902,
1,0,1,50,1,1,,,,,,,,,0,0,0,0,0,48,48,28,,,,,,,,,,,,,,,,,,,,,,,,,,,,,,,,,,,,,,,,,,,,,,,,,,,,,1,0,1,,,,,1,,,,,,,,,,,,,,,,,,,,,,,,,,,Sub041,001,2022_Sep_27_1537,2_3_MRI_Rating_Play_Eyetracking,2021.2.3,59.94039526890902,
7,2,1,50,1,1,,,,,,,,,0,0,0,0,0,49,49,61,0,0,0,0,,,,,,,,,,,,,,,,,,,,,,,,,,,,,,,,,,,,,,,,,566.0428977999982,None,566.0428977999982,None,566.0428977999982,None,568.0803015999991,None,7,2,1,50.28777987776644,50,2,1,1,569.1919403999927,None,y,0.8989910999953281,569.1919403999927,None,Yes,2.101008900004672,570.2028291999886,None,572.4148331999895,None,g,572.4148331999895,None,1.386102899999969,Bar,0.38610289999996894,572.4148331999895,None,573.6965138999949,None,1.1495776000083424,,,,Sub041,001,2022_Sep_27_1537,2_3_MRI_Rating_Play_Eyetracking,2021.2.3,59.94039526890902,
7,2,1,50,1,1,,,,,,,,,0,0,0,0,0,49,49,61,,,,,,,,,,,,,,,,,,,,,,,,,,,,,,,,,,,,,,,,,,,,,,,,,,,,,7,2,1,,,,,1,,,,,,,,,,,,,,,,,,,,,,,,,,,Sub041,001,2022_Sep_27_1537,2_3_MRI_Rating_Play_Eyetracking,2021.2.3,59.94039526890902,
1,0,1,50,3,1,,,,,,,,,0,0,0,0,0,50,50,46,0,0,0,0,,,,,,,,,,,,,,,,,,,,,,,,,,,,,,,,,,,,,,,,,575.1983978999924,None,575.1983978999924,None,575.1983978999924,None,577.1903164999967,None,1,0,1,9.93905636941186,50,2,3,1,580.2989101999992,None,g,0.7320146999991266,580.2989101999992,None,No,2.2679853000008734,581.1575882999896,None,583.5302072999912,None,g,583.5302072999912,None,2.0045904999999493,Bar,1.0045904999999493,583.5302072999912,None,584.216288999989,None,0.5650553000014042,,,,Sub041,001,2022_Sep_27_1537,2_3_MRI_Rating_Play_Eyetracking,2021.2.3,59.94039526890902,
1,0,1,50,3,1,,,,,,,,,0,0,0,0,0,50,50,46,,,,,,,,,,,,,,,,,,,,,,,,,,,,,,,,,,,,,,,,,,,,,,,,,,,,,1,0,1,,,,,1,,,,,,,,,,,,,,,,,,,,,,,,,,,Sub041,001,2022_Sep_27_1537,2_3_MRI_Rating_Play_Eyetracking,2021.2.3,59.94039526890902,
8,2,2,80,1,0,,,,,,,,,0,0,0,0,0,51,51,8,,,,,,,,,,,,,,,,,,,,,,,,,,,,,,,,,,,,,,,,,,,,,586.3304489000002,None,586.3304489000002,None,586.3304489000002,None,588.348834199991,None,8,2,2,50.28777987776644,80,2,1,0,,,,,,,,,,,,,,,,,,,,,,,,,,,Sub041,001,2022_Sep_27_1537,2_3_MRI_Rating_Play_Eyetracking,2021.2.3,59.94039526890902,
5,1,2,80,1,1,,,,,,,,,0,0,0,0,0,52,52,59,0,0,0,0,,,,,,,,,,,,,,,,,,,,,,,,,,,,,,,,,,,,,,,,,589.457659599997,None,589.457659599997,None,589.457659599997,None,591.4795499999891,None,5,1,2,26.466219980924983,80,2,1,1,592.5847154999938,None,y,0.7424137000052724,592.5847154999938,None,Yes,2.2575862999947276,593.4516522999911,None,595.8157699000003,None,g,595.8157699000003,None,1.926842899999997,Bar,0.9268428999999969,595.8157699000003,None,596.5530100999895,None,0.6150841999915428,,,,Sub041,001,2022_Sep_27_1537,2_3_MRI_Rating_Play_Eyetracking,2021.2.3,59.94039526890902,
5,1,2,80,1,1,,,,,,,,,0,0,0,0,0,52,52,59,,,,,,,,,,,,,,,,,,,,,,,,,,,,,,,,,,,,,,,,,,,,,,,,,,,,,5,1,2,,,,,1,,,,,,,,,,,,,,,,,,,,,,,,,,,Sub041,001,2022_Sep_27_1537,2_3_MRI_Rating_Play_Eyetracking,2021.2.3,59.94039526890902,
2,0,2,80,3,1,,,,,,,,,0,0,0,0,0,53,53,47,0,0,0,0,,,,,,,,,,,,,,,,,,,,,,,,,,,,,,,,,,,,,,,,,598.5749746999936,None,598.5749746999936,None,598.5749746999936,None,600.5720394999953,None,2,0,2,9.93905636941186,80,2,3,1,603.6816395999922,None,y,0.863612799992552,603.6816395999922,None,Yes,2.136387200007448,604.6688158999896,None,606.9112858000008,None,y,606.9112858000008,None,1.1405145999999604,Card,0.1405145999999604,606.9112858000008,None,608.4648920999898,None,1.429013800006942,,,,Sub041,001,2022_Sep_27_1537,2_3_MRI_Rating_Play_Eyetracking,2021.2.3,59.94039526890902,
2,0,2,80,3,1,,,,,,,,,0,0,0,0,0,53,53,47,,,,,,,,,,,,,,,,,,,,,,,,,,,,,,,,,,,,,,,,,,,,,,,,,,,,,2,0,2,,,,,1,,,,,,,,,,,,,,,,,,,,,,,,,,,Sub041,001,2022_Sep_27_1537,2_3_MRI_Rating_Play_Eyetracking,2021.2.3,59.94039526890902,
4,1,1,50,2,1,,,,,,,,,0,0,0,0,0,54,54,13,0,0,0,0,,,,,,,,,,,,,,,,,,,,,,,,,,,,,,,,,,,,,,,,,609.713428099989,None,609.713428099989,None,609.713428099989,None,611.7320640999969,None,4,1,1,26.466219980924983,50,2,2,1,613.8527343000023,None,y,1.258484200006933,613.8527343000023,None,Yes,1.741515799993067,615.2359962999908,None,617.0904703999986,None,y,617.0904703999986,None,1.1727153000000499,Card,0.17271530000004987,617.0904703999986,None,618.5658550999942,None,1.3575392999919131,,,,Sub041,001,2022_Sep_27_1537,2_3_MRI_Rating_Play_Eyetracking,2021.2.3,59.94039526890902,
4,1,1,50,2,1,,,,,,,,,0,0,0,0,0,54,54,13,,,,,,,,,,,,,,,,,,,,,,,,,,,,,,,,,,,,,,,,,,,,,,,,,,,,,4,1,1,,,,,1,,,,,,,,,,,,,,,,,,,,,,,,,,,Sub041,001,2022_Sep_27_1537,2_3_MRI_Rating_Play_Eyetracking,2021.2.3,59.94039526890902,
1,0,1,50,3,0,,,,,,,,,0,0,0,0,0,55,55,19,,,,,,,,,,,,,,,,,,,,,,,,,,,,,,,,,,,,,,,,,,,,,619.8486349000013,None,619.8486349000013,None,619.8486349000013,None,621.8533042999916,None,1,0,1,9.93905636941186,50,2,3,0,,,,,,,,,,,,,,,,,,,,,,,,,,,Sub041,001,2022_Sep_27_1537,2_3_MRI_Rating_Play_Eyetracking,2021.2.3,59.94039526890902,
8,2,2,80,2,1,,,,,,,,,0,0,0,0,0,56,56,44,0,0,0,0,,,,,,,,,,,,,,,,,,,,,,,,,,,,,,,,,,,,,,,,,624.9695638999983,None,624.9695638999983,None,624.9695638999983,None,626.9832253999921,None,8,2,2,50.28777987776644,80,2,2,1,629.1049287999922,None,y,0.6670950999978231,629.1049287999922,None,Yes,2.332904900002177,629.878584399994,None,632.3104326999892,None,y,632.3104326999892,None,1.4776190999999699,Card,0.4776190999999699,632.3104326999892,None,633.5003170999989,None,1.0584060000110185,,,,Sub041,001,2022_Sep_27_1537,2_3_MRI_Rating_Play_Eyetracking,2021.2.3,59.94039526890902,
8,2,2,80,2,1,,,,,,,,,0,0,0,0,0,56,56,44,,,,,,,,,,,,,,,,,,,,,,,,,,,,,,,,,,,,,,,,,,,,,,,,,,,,,8,2,2,,,,,1,,,,,,,,,,,,,,,,,,,,,,,,,,,Sub041,001,2022_Sep_27_1537,2_3_MRI_Rating_Play_Eyetracking,2021.2.3,59.94039526890902,
4,1,1,50,3,1,,,,,,,,,0,0,0,0,0,57,57,49,0,0,0,0,,,,,,,,,,,,,,,,,,,,,,,,,,,,,,,,,,,,,,,,,635.0838113999926,None,635.0838113999926,None,635.0838113999926,None,637.0996573000011,None,4,1,1,26.466219980924983,50,2,3,1,640.2215158999898,None,y,1.030180300003849,640.2215158999898,None,Yes,1.969819699996151,641.3742351999972,None,643.4459373999998,None,g,643.4459373999998,None,0.8568860000000313,Bar,-0.14311399999996866,643.4459373999998,None,645.2497408999916,None,1.6850118000002112,,,,Sub041,001,2022_Sep_27_1537,2_3_MRI_Rating_Play_Eyetracking,2021.2.3,59.94039526890902,
4,1,1,50,3,1,,,,,,,,,0,0,0,0,0,57,57,49,,,,,,,,,,,,,,,,,,,,,,,,,,,,,,,,,,,,,,,,,,,,,,,,,,,,,4,1,1,,,,,1,,,,,,,,,,,,,,,,,,,,,,,,,,,Sub041,001,2022_Sep_27_1537,2_3_MRI_Rating_Play_Eyetracking,2021.2.3,59.94039526890902,
2,0,2,80,2,1,,,,,,,,,0,0,0,0,0,58,58,11,0,0,0,0,,,,,,,,,,,,,,,,,,,,,,,,,,,,,,,,,,,,,,,,,646.2072761000018,None,646.2072761000018,None,646.2072761000018,None,648.2312792000012,None,2,0,2,9.93905636941186,80,2,2,1,650.3363973999949,None,y,1.1383659999992233,650.3363973999949,None,Yes,1.8616340000007767,651.5790624999936,None,653.5575550999929,None,g,653.5575550999929,None,0.7728861000000506,Bar,-0.22711389999994935,653.5575550999929,None,655.4684235999885,None,1.783033700005035,,,,Sub041,001,2022_Sep_27_1537,2_3_MRI_Rating_Play_Eyetracking,2021.2.3,59.94039526890902,
2,0,2,80,2,1,,,,,,,,,0,0,0,0,0,58,58,11,,,,,,,,,,,,,,,,,,,,,,,,,,,,,,,,,,,,,,,,,,,,,,,,,,,,,2,0,2,,,,,1,,,,,,,,,,,,,,,,,,,,,,,,,,,Sub041,001,2022_Sep_27_1537,2_3_MRI_Rating_Play_Eyetracking,2021.2.3,59.94039526890902,
6,2,0,20,2,1,,,,,,,,,0,0,0,0,0,59,59,60,0,0,0,0,,,,,,,,,,,,,,,,,,,,,,,,,,,,,,,,,,,,,,,,,656.353126499991,None,656.353126499991,None,656.353126499991,None,658.3672109999898,None,6,2,0,50.28777987776644,20,2,2,1,660.4856342999992,None,y,0.47226860000228044,660.4856342999992,None,Yes,2.5277313999977196,661.0635380999884,None,663.6837218000001,None,g,663.6837218000001,None,1.788198399999942,Bar,0.788198399999942,663.6837218000001,None,664.5844566000014,None,0.7696855999965919,,,,Sub041,001,2022_Sep_27_1537,2_3_MRI_Rating_Play_Eyetracking,2021.2.3,59.94039526890902,
6,2,0,20,2,1,,,,,,,,,0,0,0,0,0,59,59,60,,,,,,,,,,,,,,,,,,,,,,,,,,,,,,,,,,,,,,,,,,,,,,,,,,,,,6,2,0,,,,,1,,,,,,,,,,,,,,,,,,,,,,,,,,,Sub041,001,2022_Sep_27_1537,2_3_MRI_Rating_Play_Eyetracking,2021.2.3,59.94039526890902,
4,1,1,50,1,1,,,,,,,,,0,0,0,0,0,60,60,58,0,0,0,0,,,,,,,,,,,,,,,,,,,,,,,,,,,,,,,,,,,,,,,,,666.4854510000005,None,666.4854510000005,None,666.4854510000005,None,668.498351000002,None,4,1,1,26.466219980924983,50,2,1,1,669.6036651999893,None,y,0.8049402000033297,669.6036651999893,None,Yes,2.1950597999966703,670.5126533000002,None,672.8181106999982,None,g,672.8181106999982,None,1.7888173000000052,Bar,0.7888173000000052,672.8181106999982,None,673.719637000002,None,0.776997000008123,,,,Sub041,001,2022_Sep_27_1537,2_3_MRI_Rating_Play_Eyetracking,2021.2.3,59.94039526890902,
4,1,1,50,1,1,,,,,,,,,0,0,0,0,0,60,60,58,,,,,,,,,,,,,,,,,,,,,,,,,,,,,,,,,,,,,,,,,,,,,,,,,,,,,4,1,1,,,,,1,,,,,,,,,,,,,,,,,,,,,,,,,,,Sub041,001,2022_Sep_27_1537,2_3_MRI_Rating_Play_Eyetracking,2021.2.3,59.94039526890902,
0,0,0,20,3,0,,,,,,,,,0,0,0,0,0,61,61,18,,,,,,,,,,,,,,,,,,,,,,,,,,,,,,,,,,,,,,,,,,,,,675.5963931000006,None,675.5963931000006,None,675.5963931000006,None,677.6335094999959,None,0,0,0,9.93905636941186,20,2,3,0,,,,,,,,,,,,,,,,,,,,,,,,,,,Sub041,001,2022_Sep_27_1537,2_3_MRI_Rating_Play_Eyetracking,2021.2.3,59.94039526890902,
5,1,2,80,3,0,,,,,,,,,0,0,0,0,0,62,62,23,,,,,,,,,,,,,,,,,,,,,,,,,,,,,,,,,,,,,,,,,,,,,680.7388160999981,None,680.7388160999981,None,680.7388160999981,None,682.7423287999991,None,5,1,2,26.466219980924983,80,2,3,0,,,,,,,,,,,,,,,,,,,,,,,,,,,Sub041,001,2022_Sep_27_1537,2_3_MRI_Rating_Play_Eyetracking,2021.2.3,59.94039526890902,
5,1,2,80,2,1,,,,,,,,,0,0,0,0,0,63,63,14,0,0,0,0,,,,,,,,,,,,,,,,,,,,,,,,,,,,,,,,,,,,,,,,,685.8523738999938,None,685.8523738999938,None,685.8523738999938,None,687.8652170999994,None,5,1,2,26.466219980924983,80,2,2,1,689.9643006999977,None,y,0.7775006000010762,689.9643006999977,None,Yes,2.2224993999989238,690.8680517999892,None,693.1848971,None,b,693.1848971,None,1.161875699999996,Definitely Card,0.16187569999999596,693.1848971,None,694.6809046999988,None,1.3908001000090735,,,,Sub041,001,2022_Sep_27_1537,2_3_MRI_Rating_Play_Eyetracking,2021.2.3,59.94039526890902,
5,1,2,80,2,1,,,,,,,,,0,0,0,0,0,63,63,14,,,,,,,,,,,,,,,,,,,,,,,,,,,,,,,,,,,,,,,,,,,,,,,,,,,,,5,1,2,,,,,1,,,,,,,,,,,,,,,,,,,,,,,,,,,Sub041,001,2022_Sep_27_1537,2_3_MRI_Rating_Play_Eyetracking,2021.2.3,59.94039526890902,
3,1,0,20,3,1,,,,,,,,,0,0,0,0,0,64,64,48,0,0,0,0,,,,,,,,,,,,,,,,,,,,,,,,,,,,,,,,,,,,,,,,,695.9532595999917,None,695.9532595999917,None,695.9532595999917,None,697.9567887000012,None,3,1,0,26.466219980924983,20,2,3,1,701.0714952999988,None,g,0.6294133000046713,701.0714952999988,None,No,2.3705866999953287,701.8127538999979,None,704.2908698999963,None,y,704.2908698999963,None,2.072031100000004,Card,1.0720311000000038,704.2908698999963,None,704.9013421999989,None,0.49014470001566224,,,,Sub041,001,2022_Sep_27_1537,2_3_MRI_Rating_Play_Eyetracking,2021.2.3,59.94039526890902,
3,1,0,20,3,1,,,,,,,,,0,0,0,0,0,64,64,48,,,,,,,,,,,,,,,,,,,,,,,,,,,,,,,,,,,,,,,,,,,,,,,,,,,,,3,1,0,,,,,1,,,,,,,,,,,,,,,,,,,,,,,,,,,Sub041,001,2022_Sep_27_1537,2_3_MRI_Rating_Play_Eyetracking,2021.2.3,59.94039526890902,
5,1,2,80,2,1,,,,,,,,,0,0,0,0,0,65,65,68,0,0,0,0,,,,,,,,,,,,,,,,,,,,,,,,,,,,,,,,,,,,,,,,,707.0791074000008,None,707.0791074000008,None,707.0791074000008,None,709.1015607000008,None,5,1,2,26.466219980924983,80,2,2,1,711.1835376999952,None,y,0.7233390999899711,711.1835376999952,None,Yes,2.276660900010029,712.0381626999879,None,714.4016681999929,None,g,714.4016681999929,None,1.9051005000000032,Bar,0.9051005000000032,714.4016681999929,None,715.2048508000007,None,0.6806020000076387,,,,Sub041,001,2022_Sep_27_1537,2_3_MRI_Rating_Play_Eyetracking,2021.2.3,59.94039526890902,
5,1,2,80,2,1,,,,,,,,,0,0,0,0,0,65,65,68,,,,,,,,,,,,,,,,,,,,,,,,,,,,,,,,,,,,,,,,,,,,,,,,,,,,,5,1,2,,,,,1,,,,,,,,,,,,,,,,,,,,,,,,,,,Sub041,001,2022_Sep_27_1537,2_3_MRI_Rating_Play_Eyetracking,2021.2.3,59.94039526890902,
2,0,2,80,1,1,,,,,,,,,0,0,0,0,0,66,66,56,0,0,0,0,,,,,,,,,,,,,,,,,,,,,,,,,,,,,,,,,,,,,,,,,717.2207101999957,None,717.2207101999957,None,717.2207101999957,None,719.232127700001,None,2,0,2,9.93905636941186,80,2,1,1,720.3348391999898,None,y,1.125626300010481,720.3348391999898,None,Yes,1.874373699989519,721.5872089999903,None,723.5729353999923,None,y,723.5729353999923,None,1.5722035000000005,Card,0.5722035000000005,723.5729353999923,None,724.6718631999975,None,0.9751494000083767,,,,Sub041,001,2022_Sep_27_1537,2_3_MRI_Rating_Play_Eyetracking,2021.2.3,59.94039526890902,
2,0,2,80,1,1,,,,,,,,,0,0,0,0,0,66,66,56,,,,,,,,,,,,,,,,,,,,,,,,,,,,,,,,,,,,,,,,,,,,,,,,,,,,,2,0,2,,,,,1,,,,,,,,,,,,,,,,,,,,,,,,,,,Sub041,001,2022_Sep_27_1537,2_3_MRI_Rating_Play_Eyetracking,2021.2.3,59.94039526890902,
6,2,0,20,3,1,,,,,,,,,0,0,0,0,0,67,67,51,0,0,0,0,,,,,,,,,,,,,,,,,,,,,,,,,,,,,,,,,,,,,,,,,726.3538558,None,726.3538558,None,726.3538558,None,728.3444640999951,None,6,2,0,50.28777987776644,20,2,3,1,731.4446007999941,None,y,0.5601238000090234,731.4446007999941,None,Yes,2.4398761999909766,732.1386091000022,None,734.6708667999919,None,g,734.6708667999919,None,1.9719943000000058,Bar,0.9719943000000058,734.6708667999919,None,735.4056558000011,None,0.6018084999959683,,,,Sub041,001,2022_Sep_27_1537,2_3_MRI_Rating_Play_Eyetracking,2021.2.3,59.94039526890902,
6,2,0,20,3,1,,,,,,,,,0,0,0,0,0,67,67,51,,,,,,,,,,,,,,,,,,,,,,,,,,,,,,,,,,,,,,,,,,,,,,,,,,,,,6,2,0,,,,,1,,,,,,,,,,,,,,,,,,,,,,,,,,,Sub041,001,2022_Sep_27_1537,2_3_MRI_Rating_Play_Eyetracking,2021.2.3,59.94039526890902,
2,0,2,80,2,1,,,,,,,,,0,0,0,0,0,68,68,38,0,0,0,0,,,,,,,,,,,,,,,,,,,,,,,,,,,,,,,,,,,,,,,,,737.4808770999953,None,737.4808770999953,None,737.4808770999953,None,739.4781962999987,None,2,0,2,9.93905636941186,80,2,2,1,741.5857837999938,None,y,0.7837702999968315,741.5857837999938,None,Yes,2.2162297000031685,742.5048908999888,None,744.8228215999989,None,y,744.8228215999989,None,1.6050705999999764,Card,0.6050705999999764,744.8228215999989,None,745.8744062999904,None,0.9598326000123052,,,,Sub041,001,2022_Sep_27_1537,2_3_MRI_Rating_Play_Eyetracking,2021.2.3,59.94039526890902,
2,0,2,80,2,1,,,,,,,,,0,0,0,0,0,68,68,38,,,,,,,,,,,,,,,,,,,,,,,,,,,,,,,,,,,,,,,,,,,,,,,,,,,,,2,0,2,,,,,1,,,,,,,,,,,,,,,,,,,,,,,,,,,Sub041,001,2022_Sep_27_1537,2_3_MRI_Rating_Play_Eyetracking,2021.2.3,59.94039526890902,
6,2,0,20,2,1,,,,,,,,,0,0,0,0,0,69,69,15,0,0,0,0,,,,,,,,,,,,,,,,,,,,,,,,,,,,,,,,,,,,,,,,,747.5896633999946,None,747.5896633999946,None,747.5896633999946,None,749.5800785999891,None,6,2,0,50.28777987776644,20,2,2,1,751.6821167000016,None,y,0.6136454000079539,751.6821167000016,None,Yes,2.386354599992046,752.4182154000009,None,754.9012241000019,None,g,754.9012241000019,None,1.5723781000000372,Bar,0.5723781000000372,754.9012241000019,None,756.0190858999995,None,1.0175649000011617,,,,Sub041,001,2022_Sep_27_1537,2_3_MRI_Rating_Play_Eyetracking,2021.2.3,59.94039526890902,
6,2,0,20,2,1,,,,,,,,,0,0,0,0,0,69,69,15,,,,,,,,,,,,,,,,,,,,,,,,,,,,,,,,,,,,,,,,,,,,,,,,,,,,,6,2,0,,,,,1,,,,,,,,,,,,,,,,,,,,,,,,,,,Sub041,001,2022_Sep_27_1537,2_3_MRI_Rating_Play_Eyetracking,2021.2.3,59.94039526890902,
2,0,2,80,2,1,,,,,,,,,0,0,0,0,0,70,70,65,0,0,0,0,,,,,,,,,,,,,,,,,,,,,,,,,,,,,,,,,,,,,,,,,757.7095824999997,None,757.7095824999997,None,757.7095824999997,None,759.7182631999895,None,2,0,2,9.93905636941186,80,2,2,1,761.8208047999942,None,y,1.1858890000003157,761.8208047999942,None,Yes,1.8141109999996843,763.1358553999889,None,765.0620135999925,None,b,765.0620135999925,None,1.8732584000000543,Definitely Card,0.8732584000000543,765.0620135999925,None,765.8561467999971,None,0.6697255000035511,,,,Sub041,001,2022_Sep_27_1537,2_3_MRI_Rating_Play_Eyetracking,2021.2.3,59.94039526890902,
2,0,2,80,2,1,,,,,,,,,0,0,0,0,0,70,70,65,,,,,,,,,,,,,,,,,,,,,,,,,,,,,,,,,,,,,,,,,,,,,,,,,,,,,2,0,2,,,,,1,,,,,,,,,,,,,,,,,,,,,,,,,,,Sub041,001,2022_Sep_27_1537,2_3_MRI_Rating_Play_Eyetracking,2021.2.3,59.94039526890902,
1,0,1,50,2,1,,,,,,,,,0,0,0,0,0,71,71,55,0,0,0,0,,,,,,,,,,,,,,,,,,,,,,,,,,,,,,,,,,,,,,,,,767.8310741000023,None,767.8310741000023,None,767.8310741000023,None,769.853108700001,None,1,0,1,9.93905636941186,50,2,2,1,771.9566775999992,None,y,1.4592747999995481,771.9566775999992,None,Yes,1.5407252000004519,773.5405318999983,None,775.188118799997,None,y,775.188118799997,None,1.8408905000000004,Card,0.8408905000000004,775.188118799997,None,776.0268784999935,None,0.7013299000100233,,,,Sub041,001,2022_Sep_27_1537,2_3_MRI_Rating_Play_Eyetracking,2021.2.3,59.94039526890902,
1,0,1,50,2,1,,,,,,,,,0,0,0,0,0,71,71,55,,,,,,,,,,,,,,,,,,,,,,,,,,,,,,,,,,,,,,,,,,,,,,,,,,,,,1,0,1,,,,,1,,,,,,,,,,,,,,,,,,,,,,,,,,,Sub041,001,2022_Sep_27_1537,2_3_MRI_Rating_Play_Eyetracking,2021.2.3,59.94039526890902,
,,,,,,,,,,,,,,0,0,0,0,,,,,,,,,,,,,,,,,,,,,,,,,,,,,,,,,,,,,,,,,,,,,,,,,,,,,,,,,,,,,,,,,,,,,,,,,,,,,,,,,,,,,,,,,,,Sub041,001,2022_Sep_27_1537,2_3_MRI_Rating_Play_Eyetracking,2021.2.3,59.94039526890902,
,,,,,,,,,,,,,,,,,,,,,,,,,,,,,,,,,,,,,,,,,,,,,,,,,,,,,,,,,,,,,,,,,,,,,,,,,,,,,,,,,,,,,,,,,,,,,,,,,,,,,,,,,777.952558399993,None,None,Sub041,001,2022_Sep_27_1537,2_3_MRI_Rating_Play_Eyetracking,2021.2.3,59.94039526890902,
