﻿current_pair,current_pair_SE,current_pair_RE,current_card_prob,ITI_Play,Play_block_Q,start_MRI.thisRepN,start_MRI.thisTrialN,start_MRI.thisN,start_MRI.thisIndex,L_subjects.thisRepN,L_subjects.thisTrialN,L_subjects.thisN,L_subjects.thisIndex,R_subjects.thisRepN,R_subjects.thisTrialN,R_subjects.thisN,R_subjects.thisIndex,fMRI_trials_Play_R.thisRepN,fMRI_trials_Play_R.thisTrialN,fMRI_trials_Play_R.thisN,fMRI_trials_Play_R.thisIndex,Q_Play_R.thisRepN,Q_Play_R.thisTrialN,Q_Play_R.thisN,Q_Play_R.thisIndex,fMRI_center.started,fMRI_center.stopped,fMR_Instr1_text.started,fMR_Instr1_text.stopped,text_SE_7.started,text_SE_7.stopped,fMRI_center_2.started,fMRI_center_2.stopped,fMR_Instr2_text_2.started,fMR_Instr2_text_2.stopped,text_SE_8.started,text_SE_8.stopped,Slider_rating_Play_instr_R_2.response,Slider_rating_Play_instr_R_2.rt,Slider_rating_Play_instr_R_2.started,Slider_rating_Play_instr_R_2.stopped,fMRI_center_instrTimePlay_R.started,fMRI_center_instrTimePlay_R.stopped,fMR_Instr2_text_8.started,fMR_Instr2_text_8.stopped,fMRI_instr3_Q_play_R.started,fMRI_instr3_Q_play_R.stopped,text_SE_6.started,text_SE_6.stopped,PairQuestionONSET_attri_R_2.started,PairQuestionONSET_attri_R_2.stopped,key_resp_rating_Attri_R_2.keys,key_resp_rating_Attri_R_2.rt,key_resp_rating_Attri_R_2.started,key_resp_rating_Attri_R_2.stopped,text_SE_18.started,text_SE_18.stopped,fMR_Instr2_text_9.started,fMR_Instr2_text_9.stopped,Ready_text.started,Ready_text.stopped,trigger_2.keys,trigger_2.rt,trigger_2.started,trigger_2.stopped,center_OnsetTime.started,center_OnsetTime.stopped,PairONSET_card_prob.started,PairONSET_card_prob.stopped,text_SE_9.started,text_SE_9.stopped,fixOnset_text_4.started,fixOnset_text_4.stopped,current_pair,current_pair_SE,current_pair_RE,target_pair,card_pair,type_Q,ISI1_Play,Play_block_Q,PairQuestionONSET_text_4.started,PairQuestionONSET_text_4.stopped,key_resp_rating_play_R.keys,key_resp_rating_play_R.rt,key_resp_rating_play_R.started,key_resp_rating_play_R.stopped,Rating_pair_Play,ISI2_Play,fixOnset_text.started,fixOnset_text.stopped,PairQuestionONSET_attri.started,PairQuestionONSET_attri.stopped,key_resp_rating_Attri_R.keys,key_resp_rating_Attri_R.rt,key_resp_rating_Attri_R.started,key_resp_rating_Attri_R.stopped,ITI_actual_Play,Attri_Ans,lagTime,text_SE_17.started,text_SE_17.stopped,fixOnset_text_ITI.started,fixOnset_text_ITI.stopped,Final_text_Q.started,Final_text_Q.stopped,key_resp_3.keys,participant,session,date,expName,psychopyVersion,frameRate,
,,,,,,0,0,0,0,,,,,,,,,,,,,,,,,11.303383199963719,None,11.303383199963719,None,11.303383199963719,None,,,,,,,,,,,,,,,,,,,,,,,,,,,,,,,,,,,,,,,,,,,,,,,,,,,,,,,,,,,,,,,,,,,,,,,,,,,,,Sub048,001,2022_Oct_03_1148,2_3_MRI_Rating_Play_Eyetracking,2021.2.3,59.91712261874847,
7,2,1,50,3,0,,,,,,,,,0,0,0,0,0,0,0,25,,,,,,,,,,,71.12563070002943,None,71.12563070002943,None,71.12563070002943,None,None,None,192.09955559996888,None,192.09955559996888,None,192.09955559996888,None,192.09955559996888,None,192.09955559996888,None,213.06609350000508,None,y,21.100121300085448,213.06609350000508,None,213.06609350000508,None,213.06609350000508,None,234.1922848999966,None,t,23.170510899974033,234.1922848999966,None,257.48353430000134,None,257.48353430000134,None,257.48353430000134,None,259.488734500017,None,7,2,1,30.526560147769068,50,2,3,0,,,,,,,,,,,,,,,,,,,,,,,,,,,Sub048,001,2022_Oct_03_1148,2_3_MRI_Rating_Play_Eyetracking,2021.2.3,59.91712261874847,
0,0,0,20,3,0,,,,,,,,,0,0,0,0,0,1,1,18,,,,,,,,,,,,,,,,,,,,,,,,,,,,,,,,,,,,,,,,,,,,,262.57185900001787,None,262.57185900001787,None,262.57185900001787,None,264.6088652999606,None,0,0,0,6.033378343812347,20,2,3,0,,,,,,,,,,,,,,,,,,,,,,,,,,,Sub048,001,2022_Oct_03_1148,2_3_MRI_Rating_Play_Eyetracking,2021.2.3,59.91712261874847,
1,0,1,50,3,0,,,,,,,,,0,0,0,0,0,2,2,19,,,,,,,,,,,,,,,,,,,,,,,,,,,,,,,,,,,,,,,,,,,,,267.71130810002796,None,267.71130810002796,None,267.71130810002796,None,269.7247434000019,None,1,0,1,6.033378343812347,50,2,3,0,,,,,,,,,,,,,,,,,,,,,,,,,,,Sub048,001,2022_Oct_03_1148,2_3_MRI_Rating_Play_Eyetracking,2021.2.3,59.91712261874847,
2,0,2,80,2,1,,,,,,,,,0,0,0,0,0,3,3,11,0,0,0,0,,,,,,,,,,,,,,,,,,,,,,,,,,,,,,,,,,,,,,,,,272.8269743999699,None,272.8269743999699,None,272.8269743999699,None,274.82113799999934,None,2,0,2,6.033378343812347,80,2,2,1,276.93257970002014,None,g,0.9799545999849215,276.93257970002014,None,No,2.0200454000150785,278.0257277999772,None,280.17069579998497,None,g,1.7697862000204623,280.17069579998497,None,0.776431500000001,Bar,-0.22356849999999895,280.17069579998497,None,282.0615759999491,None,,,,Sub048,001,2022_Oct_03_1148,2_3_MRI_Rating_Play_Eyetracking,2021.2.3,59.91712261874847,
2,0,2,80,2,1,,,,,,,,,0,0,0,0,0,3,3,11,,,,,,,,,,,,,,,,,,,,,,,,,,,,,,,,,,,,,,,,,,,,,,,,,,,,,2,0,2,,,,,1,,,,,,,,,,,,,,,,,,,,,,,,,,,Sub048,001,2022_Oct_03_1148,2_3_MRI_Rating_Play_Eyetracking,2021.2.3,59.91712261874847,
2,0,2,80,1,1,,,,,,,,,0,0,0,0,0,4,4,56,0,0,0,0,,,,,,,,,,,,,,,,,,,,,,,,,,,,,,,,,,,,,,,,,282.9420845999848,None,282.9420845999848,None,282.9420845999848,None,284.96186699997634,None,2,0,2,6.033378343812347,80,2,1,1,286.08292610000353,None,g,1.0004909000126645,286.08292610000353,None,No,1.9995090999873355,287.21665519999806,None,289.33634099992923,None,g,0.6152548999525607,289.33634099992923,None,1.8981609999999591,Bar,0.8981609999999591,289.33634099992923,None,290.07994319999125,None,,,,Sub048,001,2022_Oct_03_1148,2_3_MRI_Rating_Play_Eyetracking,2021.2.3,59.91712261874847,
2,0,2,80,1,1,,,,,,,,,0,0,0,0,0,4,4,56,,,,,,,,,,,,,,,,,,,,,,,,,,,,,,,,,,,,,,,,,,,,,,,,,,,,,2,0,2,,,,,1,,,,,,,,,,,,,,,,,,,,,,,,,,,Sub048,001,2022_Oct_03_1148,2_3_MRI_Rating_Play_Eyetracking,2021.2.3,59.91712261874847,
4,1,1,50,2,1,,,,,,,,,0,0,0,0,0,5,5,40,0,0,0,0,,,,,,,,,,,,,,,,,,,,,,,,,,,,,,,,,,,,,,,,,292.0795424999669,None,292.0795424999669,None,292.0795424999669,None,294.09090650000144,None,4,1,1,16.065983785635332,50,2,2,1,296.19980930001475,None,g,0.7644456999842077,296.19980930001475,None,No,2.2355543000157923,297.0878058000235,None,299.41479399998207,None,y,0.8772835000418127,299.41479399998207,None,1.693117099999995,Card,0.6931170999999949,299.41479399998207,None,300.39326539996546,None,,,,Sub048,001,2022_Oct_03_1148,2_3_MRI_Rating_Play_Eyetracking,2021.2.3,59.91712261874847,
4,1,1,50,2,1,,,,,,,,,0,0,0,0,0,5,5,40,,,,,,,,,,,,,,,,,,,,,,,,,,,,,,,,,,,,,,,,,,,,,,,,,,,,,4,1,1,,,,,1,,,,,,,,,,,,,,,,,,,,,,,,,,,Sub048,001,2022_Oct_03_1148,2_3_MRI_Rating_Play_Eyetracking,2021.2.3,59.91712261874847,
6,2,0,20,3,1,,,,,,,,,0,0,0,0,0,6,6,69,0,0,0,0,,,,,,,,,,,,,,,,,,,,,,,,,,,,,,,,,,,,,,,,,302.1979756000219,None,302.1979756000219,None,302.1979756000219,None,304.18989179993514,None,6,2,0,30.526560147769068,20,2,3,1,307.3001211999217,None,g,0.5166276999516413,307.3001211999217,None,No,2.4833723000483587,307.9500132999383,None,310.5524611999281,None,y,0.9898720999481156,310.5524611999281,None,1.555663299999992,Card,0.555663299999992,310.5524611999281,None,311.66657479992136,None,,,,Sub048,001,2022_Oct_03_1148,2_3_MRI_Rating_Play_Eyetracking,2021.2.3,59.91712261874847,
6,2,0,20,3,1,,,,,,,,,0,0,0,0,0,6,6,69,,,,,,,,,,,,,,,,,,,,,,,,,,,,,,,,,,,,,,,,,,,,,,,,,,,,,6,2,0,,,,,1,,,,,,,,,,,,,,,,,,,,,,,,,,,Sub048,001,2022_Oct_03_1148,2_3_MRI_Rating_Play_Eyetracking,2021.2.3,59.91712261874847,
6,2,0,20,2,1,,,,,,,,,0,0,0,0,0,7,7,60,0,0,0,0,,,,,,,,,,,,,,,,,,,,,,,,,,,,,,,,,,,,,,,,,313.3304014999885,None,313.3304014999885,None,313.3304014999885,None,315.34470299992245,None,6,2,0,30.526560147769068,20,2,2,1,317.45366619993,None,None,,317.45366619993,None,,1,319.4651284000138,None,320.5751708999742,None,None,,320.5751708999742,None,0.759529299999997,,-0.24047070000000303,320.5751708999742,None,322.5970716000302,None,,,,Sub048,001,2022_Oct_03_1148,2_3_MRI_Rating_Play_Eyetracking,2021.2.3,59.91712261874847,
6,2,0,20,2,1,,,,,,,,,0,0,0,0,0,7,7,60,,,,,,,,,,,,,,,,,,,,,,,,,,,,,,,,,,,,,,,,,,,,,,,,,,,,,6,2,0,,,,,1,,,,,,,,,,,,,,,,,,,,,,,,,,,Sub048,001,2022_Oct_03_1148,2_3_MRI_Rating_Play_Eyetracking,2021.2.3,59.91712261874847,
7,2,1,50,2,1,,,,,,,,,0,0,0,0,0,8,8,70,0,0,0,0,,,,,,,,,,,,,,,,,,,,,,,,,,,,,,,,,,,,,,,,,323.4648481999757,None,323.4648481999757,None,323.4648481999757,None,325.4829390000086,None,7,2,1,30.526560147769068,50,2,2,1,327.5796641999623,None,g,1.0832346000242978,327.5796641999623,None,No,1.9167653999757022,328.7813785999315,None,330.8201132999966,None,y,0.7400496000191197,330.8201132999966,None,1.8057982999999922,Card,0.8057982999999922,330.8201132999966,None,331.6851137999911,None,,,,Sub048,001,2022_Oct_03_1148,2_3_MRI_Rating_Play_Eyetracking,2021.2.3,59.91712261874847,
7,2,1,50,2,1,,,,,,,,,0,0,0,0,0,8,8,70,,,,,,,,,,,,,,,,,,,,,,,,,,,,,,,,,,,,,,,,,,,,,,,,,,,,,7,2,1,,,,,1,,,,,,,,,,,,,,,,,,,,,,,,,,,Sub048,001,2022_Oct_03_1148,2_3_MRI_Rating_Play_Eyetracking,2021.2.3,59.91712261874847,
7,2,1,50,3,1,,,,,,,,,0,0,0,0,0,9,9,52,0,0,0,0,,,,,,,,,,,,,,,,,,,,,,,,,,,,,,,,,,,,,,,,,333.5771359000355,None,333.5771359000355,None,333.5771359000355,None,335.61057409993373,None,7,2,1,30.526560147769068,50,2,3,1,338.71964239992667,None,g,0.6384597000433132,338.71964239992667,None,No,2.361540299956687,339.4820074000163,None,341.9439224000089,None,y,0.5828127000713721,341.9439224000089,None,1.9730198000000314,Card,0.9730198000000314,341.9439224000089,None,342.6491970999632,None,,,,Sub048,001,2022_Oct_03_1148,2_3_MRI_Rating_Play_Eyetracking,2021.2.3,59.91712261874847,
7,2,1,50,3,1,,,,,,,,,0,0,0,0,0,9,9,52,,,,,,,,,,,,,,,,,,,,,,,,,,,,,,,,,,,,,,,,,,,,,,,,,,,,,7,2,1,,,,,1,,,,,,,,,,,,,,,,,,,,,,,,,,,Sub048,001,2022_Oct_03_1148,2_3_MRI_Rating_Play_Eyetracking,2021.2.3,59.91712261874847,
3,1,0,20,2,1,,,,,,,,,0,0,0,0,0,10,10,39,0,0,0,0,,,,,,,,,,,,,,,,,,,,,,,,,,,,,,,,,,,,,,,,,344.7276068000356,None,344.7276068000356,None,344.7276068000356,None,346.74397409998346,None,3,1,0,16.065983785635332,20,2,2,1,348.84862299996894,None,g,0.44167869992088526,348.84862299996894,None,No,2.5583213000791147,349.4156410000287,None,352.0883119999198,None,y,0.46561640000436455,352.0883119999198,None,2.069985700000018,Card,1.069985700000018,352.0883119999198,None,352.68052870000247,None,,,,Sub048,001,2022_Oct_03_1148,2_3_MRI_Rating_Play_Eyetracking,2021.2.3,59.91712261874847,
3,1,0,20,2,1,,,,,,,,,0,0,0,0,0,10,10,39,,,,,,,,,,,,,,,,,,,,,,,,,,,,,,,,,,,,,,,,,,,,,,,,,,,,,3,1,0,,,,,1,,,,,,,,,,,,,,,,,,,,,,,,,,,Sub048,001,2022_Oct_03_1148,2_3_MRI_Rating_Play_Eyetracking,2021.2.3,59.91712261874847,
4,1,1,50,1,0,,,,,,,,,0,0,0,0,0,11,11,4,,,,,,,,,,,,,,,,,,,,,,,,,,,,,,,,,,,,,,,,,,,,,354.86593440000433,None,354.86593440000433,None,354.86593440000433,None,356.882236000034,None,4,1,1,16.065983785635332,50,2,1,0,,,,,,,,,,,,,,,,,,,,,,,,,,,Sub048,001,2022_Oct_03_1148,2_3_MRI_Rating_Play_Eyetracking,2021.2.3,59.91712261874847,
1,0,1,50,2,1,,,,,,,,,0,0,0,0,0,12,12,55,0,0,0,0,,,,,,,,,,,,,,,,,,,,,,,,,,,,,,,,,,,,,,,,,357.9910462999251,None,357.9910462999251,None,357.9910462999251,None,359.98953309992794,None,1,0,1,6.033378343812347,50,2,2,1,362.0793646000093,None,g,0.5709307000506669,362.0793646000093,None,No,2.429069299949333,362.783796899952,None,365.3198864000151,None,y,0.4744203999871388,365.3198864000151,None,2.0930348999999637,Card,1.0930348999999637,365.3198864000151,None,365.91755329992156,None,,,,Sub048,001,2022_Oct_03_1148,2_3_MRI_Rating_Play_Eyetracking,2021.2.3,59.91712261874847,
1,0,1,50,2,1,,,,,,,,,0,0,0,0,0,12,12,55,,,,,,,,,,,,,,,,,,,,,,,,,,,,,,,,,,,,,,,,,,,,,,,,,,,,,1,0,1,,,,,1,,,,,,,,,,,,,,,,,,,,,,,,,,,Sub048,001,2022_Oct_03_1148,2_3_MRI_Rating_Play_Eyetracking,2021.2.3,59.91712261874847,
1,0,1,50,3,1,,,,,,,,,0,0,0,0,0,13,13,46,0,0,0,0,,,,,,,,,,,,,,,,,,,,,,,,,,,,,,,,,,,,,,,,,368.11425939993933,None,368.11425939993933,None,368.11425939993933,None,370.12993589998223,None,1,0,1,6.033378343812347,50,2,3,1,373.2374560999451,None,g,1.0174858999671414,373.2374560999451,None,No,1.9825141000328586,374.36304329999257,None,376.4571602999931,None,y,0.5334795999806374,376.4571602999931,None,2.0227436000000125,Card,1.0227436000000125,376.4571602999931,None,377.0956570999697,None,,,,Sub048,001,2022_Oct_03_1148,2_3_MRI_Rating_Play_Eyetracking,2021.2.3,59.91712261874847,
1,0,1,50,3,1,,,,,,,,,0,0,0,0,0,13,13,46,,,,,,,,,,,,,,,,,,,,,,,,,,,,,,,,,,,,,,,,,,,,,,,,,,,,,1,0,1,,,,,1,,,,,,,,,,,,,,,,,,,,,,,,,,,Sub048,001,2022_Oct_03_1148,2_3_MRI_Rating_Play_Eyetracking,2021.2.3,59.91712261874847,
0,0,0,20,1,0,,,,,,,,,0,0,0,0,0,14,14,0,,,,,,,,,,,,,,,,,,,,,,,,,,,,,,,,,,,,,,,,,,,,,379.21152519993484,None,379.21152519993484,None,379.21152519993484,None,381.24967499997,None,0,0,0,6.033378343812347,20,2,1,0,,,,,,,,,,,,,,,,,,,,,,,,,,,Sub048,001,2022_Oct_03_1148,2_3_MRI_Rating_Play_Eyetracking,2021.2.3,59.91712261874847,
5,1,2,80,3,0,,,,,,,,,0,0,0,0,0,15,15,23,,,,,,,,,,,,,,,,,,,,,,,,,,,,,,,,,,,,,,,,,,,,,382.36337139992975,None,382.36337139992975,None,382.36337139992975,None,384.381624899921,None,5,1,2,16.065983785635332,80,2,3,0,,,,,,,,,,,,,,,,,,,,,,,,,,,Sub048,001,2022_Oct_03_1148,2_3_MRI_Rating_Play_Eyetracking,2021.2.3,59.91712261874847,
6,2,0,20,1,1,,,,,,,,,0,0,0,0,0,16,16,33,0,0,0,0,,,,,,,,,,,,,,,,,,,,,,,,,,,,,,,,,,,,,,,,,387.4862651999574,None,387.4862651999574,None,387.4862651999574,None,389.47654679999687,None,6,2,0,30.526560147769068,20,2,1,1,390.587090899935,None,g,0.5913925999775529,390.587090899935,None,No,2.408607400022447,391.30398470000364,None,393.8024227999849,None,y,0.46673830004874617,393.8024227999849,None,2.0939897999999744,Card,1.0939897999999744,393.8024227999849,None,394.40056330000516,None,,,,Sub048,001,2022_Oct_03_1148,2_3_MRI_Rating_Play_Eyetracking,2021.2.3,59.91712261874847,
6,2,0,20,1,1,,,,,,,,,0,0,0,0,0,16,16,33,,,,,,,,,,,,,,,,,,,,,,,,,,,,,,,,,,,,,,,,,,,,,,,,,,,,,6,2,0,,,,,1,,,,,,,,,,,,,,,,,,,,,,,,,,,Sub048,001,2022_Oct_03_1148,2_3_MRI_Rating_Play_Eyetracking,2021.2.3,59.91712261874847,
2,0,2,80,1,0,,,,,,,,,0,0,0,0,0,17,17,2,,,,,,,,,,,,,,,,,,,,,,,,,,,,,,,,,,,,,,,,,,,,,396.5708572999574,None,396.5708572999574,None,396.5708572999574,None,398.61350769991986,None,2,0,2,6.033378343812347,80,2,1,0,,,,,,,,,,,,,,,,,,,,,,,,,,,Sub048,001,2022_Oct_03_1148,2_3_MRI_Rating_Play_Eyetracking,2021.2.3,59.91712261874847,
1,0,1,50,1,0,,,,,,,,,0,0,0,0,0,18,18,1,,,,,,,,,,,,,,,,,,,,,,,,,,,,,,,,,,,,,,,,,,,,,399.71554320002906,None,399.71554320002906,None,399.71554320002906,None,401.7258654999314,None,1,0,1,6.033378343812347,50,2,1,0,,,,,,,,,,,,,,,,,,,,,,,,,,,Sub048,001,2022_Oct_03_1148,2_3_MRI_Rating_Play_Eyetracking,2021.2.3,59.91712261874847,
6,2,0,20,1,0,,,,,,,,,0,0,0,0,0,19,19,6,,,,,,,,,,,,,,,,,,,,,,,,,,,,,,,,,,,,,,,,,,,,,402.8325771000236,None,402.8325771000236,None,402.8325771000236,None,404.846399400034,None,6,2,0,30.526560147769068,20,2,1,0,,,,,,,,,,,,,,,,,,,,,,,,,,,Sub048,001,2022_Oct_03_1148,2_3_MRI_Rating_Play_Eyetracking,2021.2.3,59.91712261874847,
0,0,0,20,2,1,,,,,,,,,0,0,0,0,0,20,20,36,0,0,0,0,,,,,,,,,,,,,,,,,,,,,,,,,,,,,,,,,,,,,,,,,405.95572820003144,None,405.95572820003144,None,405.95572820003144,None,407.9427512999391,None,0,0,0,6.033378343812347,20,2,2,1,410.0555717999814,None,g,0.5813106999266893,410.0555717999814,None,No,2.4186893000733107,410.77018639992457,None,413.30764280003496,None,y,0.4062336999922991,413.30764280003496,None,2.129500699999994,Card,1.1295006999999941,413.30764280003496,None,413.8284395999508,None,,,,Sub048,001,2022_Oct_03_1148,2_3_MRI_Rating_Play_Eyetracking,2021.2.3,59.91712261874847,
0,0,0,20,2,1,,,,,,,,,0,0,0,0,0,20,20,36,,,,,,,,,,,,,,,,,,,,,,,,,,,,,,,,,,,,,,,,,,,,,,,,,,,,,0,0,0,,,,,1,,,,,,,,,,,,,,,,,,,,,,,,,,,Sub048,001,2022_Oct_03_1148,2_3_MRI_Rating_Play_Eyetracking,2021.2.3,59.91712261874847,
6,2,0,20,3,1,,,,,,,,,0,0,0,0,0,21,21,51,0,0,0,0,,,,,,,,,,,,,,,,,,,,,,,,,,,,,,,,,,,,,,,,,416.06678899994586,None,416.06678899994586,None,416.06678899994586,None,418.080972500029,None,6,2,0,30.526560147769068,20,2,3,1,421.18630709999707,None,g,0.7619596000295132,421.18630709999707,None,No,2.2380403999704868,422.0687113000313,None,424.4254874000326,None,y,0.6786301999818534,424.4254874000326,None,1.8552483999999936,Card,0.8552483999999936,424.4254874000326,None,425.21319029992446,None,,,,Sub048,001,2022_Oct_03_1148,2_3_MRI_Rating_Play_Eyetracking,2021.2.3,59.91712261874847,
6,2,0,20,3,1,,,,,,,,,0,0,0,0,0,21,21,51,,,,,,,,,,,,,,,,,,,,,,,,,,,,,,,,,,,,,,,,,,,,,,,,,,,,,6,2,0,,,,,1,,,,,,,,,,,,,,,,,,,,,,,,,,,Sub048,001,2022_Oct_03_1148,2_3_MRI_Rating_Play_Eyetracking,2021.2.3,59.91712261874847,
7,2,1,50,1,1,,,,,,,,,0,0,0,0,0,22,22,34,0,0,0,0,,,,,,,,,,,,,,,,,,,,,,,,,,,,,,,,,,,,,,,,,427.18690560001414,None,427.18690560001414,None,427.18690560001414,None,429.19926339993253,None,7,2,1,30.526560147769068,50,2,1,1,430.29925929999445,None,g,0.6546733999857679,430.29925929999445,None,No,2.345326600014232,431.08392839995213,None,433.53882379992865,None,y,0.6481542000547051,433.53882379992865,None,1.888892100000021,Card,0.888892100000021,433.53882379992865,None,434.31254149996676,None,,,,Sub048,001,2022_Oct_03_1148,2_3_MRI_Rating_Play_Eyetracking,2021.2.3,59.91712261874847,
7,2,1,50,1,1,,,,,,,,,0,0,0,0,0,22,22,34,,,,,,,,,,,,,,,,,,,,,,,,,,,,,,,,,,,,,,,,,,,,,,,,,,,,,7,2,1,,,,,1,,,,,,,,,,,,,,,,,,,,,,,,,,,Sub048,001,2022_Oct_03_1148,2_3_MRI_Rating_Play_Eyetracking,2021.2.3,59.91712261874847,
5,1,2,80,1,1,,,,,,,,,0,0,0,0,0,23,23,59,0,0,0,0,,,,,,,,,,,,,,,,,,,,,,,,,,,,,,,,,,,,,,,,,436.3198677999899,None,436.3198677999899,None,436.3198677999899,None,438.33271360001527,None,5,1,2,16.065983785635332,80,2,1,1,439.43965840002056,None,y,1.0655416999943554,439.43965840002056,None,Yes,1.9344583000056446,440.61432379996404,None,442.65553160000127,None,y,0.6129001999506727,442.65553160000127,None,1.9400860999999736,Card,0.9400860999999736,442.65553160000127,None,443.40166520001367,None,,,,Sub048,001,2022_Oct_03_1148,2_3_MRI_Rating_Play_Eyetracking,2021.2.3,59.91712261874847,
5,1,2,80,1,1,,,,,,,,,0,0,0,0,0,23,23,59,,,,,,,,,,,,,,,,,,,,,,,,,,,,,,,,,,,,,,,,,,,,,,,,,,,,,5,1,2,,,,,1,,,,,,,,,,,,,,,,,,,,,,,,,,,Sub048,001,2022_Oct_03_1148,2_3_MRI_Rating_Play_Eyetracking,2021.2.3,59.91712261874847,
6,2,0,20,2,1,,,,,,,,,0,0,0,0,0,24,24,42,0,0,0,0,,,,,,,,,,,,,,,,,,,,,,,,,,,,,,,,,,,,,,,,,445.43155330000445,None,445.43155330000445,None,445.43155330000445,None,447.4458338000113,None,6,2,0,30.526560147769068,20,2,2,1,449.55653729999904,None,g,1.3838179999729618,449.55653729999904,None,No,1.6161820000270382,451.06932479992975,None,452.809375599958,None,y,0.5695519999135286,452.809375599958,None,1.9701773000000458,Card,0.9701773000000458,452.809375599958,None,453.47442139999475,None,,,,Sub048,001,2022_Oct_03_1148,2_3_MRI_Rating_Play_Eyetracking,2021.2.3,59.91712261874847,
6,2,0,20,2,1,,,,,,,,,0,0,0,0,0,24,24,42,,,,,,,,,,,,,,,,,,,,,,,,,,,,,,,,,,,,,,,,,,,,,,,,,,,,,6,2,0,,,,,1,,,,,,,,,,,,,,,,,,,,,,,,,,,Sub048,001,2022_Oct_03_1148,2_3_MRI_Rating_Play_Eyetracking,2021.2.3,59.91712261874847,
3,1,0,20,3,1,,,,,,,,,0,0,0,0,0,25,25,48,0,0,0,0,,,,,,,,,,,,,,,,,,,,,,,,,,,,,,,,,,,,,,,,,455.5240809000097,None,455.5240809000097,None,455.5240809000097,None,457.56608449993655,None,3,1,0,16.065983785635332,20,2,3,1,460.6718387999572,None,g,0.7439862999599427,460.6718387999572,None,No,2.2560137000400573,461.525907299947,None,463.86986360000446,None,y,0.7505352000007406,463.86986360000446,None,1.8221610999999598,Card,0.8221610999999598,463.86986360000446,None,464.75387629994657,None,,,,Sub048,001,2022_Oct_03_1148,2_3_MRI_Rating_Play_Eyetracking,2021.2.3,59.91712261874847,
3,1,0,20,3,1,,,,,,,,,0,0,0,0,0,25,25,48,,,,,,,,,,,,,,,,,,,,,,,,,,,,,,,,,,,,,,,,,,,,,,,,,,,,,3,1,0,,,,,1,,,,,,,,,,,,,,,,,,,,,,,,,,,Sub048,001,2022_Oct_03_1148,2_3_MRI_Rating_Play_Eyetracking,2021.2.3,59.91712261874847,
3,1,0,20,1,0,,,,,,,,,0,0,0,0,0,26,26,3,,,,,,,,,,,,,,,,,,,,,,,,,,,,,,,,,,,,,,,,,,,,,466.67920050001703,None,466.67920050001703,None,466.67920050001703,None,468.7004321999848,None,3,1,0,16.065983785635332,20,2,1,0,,,,,,,,,,,,,,,,,,,,,,,,,,,Sub048,001,2022_Oct_03_1148,2_3_MRI_Rating_Play_Eyetracking,2021.2.3,59.91712261874847,
3,1,0,20,3,1,,,,,,,,,0,0,0,0,0,27,27,66,0,0,0,0,,,,,,,,,,,,,,,,,,,,,,,,,,,,,,,,,,,,,,,,,469.8050763999345,None,469.8050763999345,None,469.8050763999345,None,471.8065919999499,None,3,1,0,16.065983785635332,20,2,3,1,474.9255745999981,None,g,0.5141183999367058,474.9255745999981,None,No,2.485881600063294,475.568231799989,None,478.15477819996886,None,y,0.37399939994793385,478.15477819996886,None,2.1625753000000145,Card,1.1625753000000145,478.15477819996886,None,478.6252651999239,None,,,,Sub048,001,2022_Oct_03_1148,2_3_MRI_Rating_Play_Eyetracking,2021.2.3,59.91712261874847,
3,1,0,20,3,1,,,,,,,,,0,0,0,0,0,27,27,66,,,,,,,,,,,,,,,,,,,,,,,,,,,,,,,,,,,,,,,,,,,,,,,,,,,,,3,1,0,,,,,1,,,,,,,,,,,,,,,,,,,,,,,,,,,Sub048,001,2022_Oct_03_1148,2_3_MRI_Rating_Play_Eyetracking,2021.2.3,59.91712261874847,
3,1,0,20,2,1,,,,,,,,,0,0,0,0,0,28,28,57,0,0,0,0,,,,,,,,,,,,,,,,,,,,,,,,,,,,,,,,,,,,,,,,,480.9035861999728,None,480.9035861999728,None,480.9035861999728,None,482.9182612999575,None,3,1,0,16.065983785635332,20,2,2,1,485.0025315999519,None,g,0.43795910000335425,485.0025315999519,None,No,2.5620408999966457,485.56997139996383,None,488.2215229999274,None,y,0.5089247999712825,488.2215229999274,None,2.0751822999999945,Card,1.0751822999999945,488.2215229999274,None,488.85522309993394,None,,,,Sub048,001,2022_Oct_03_1148,2_3_MRI_Rating_Play_Eyetracking,2021.2.3,59.91712261874847,
3,1,0,20,2,1,,,,,,,,,0,0,0,0,0,28,28,57,,,,,,,,,,,,,,,,,,,,,,,,,,,,,,,,,,,,,,,,,,,,,,,,,,,,,3,1,0,,,,,1,,,,,,,,,,,,,,,,,,,,,,,,,,,Sub048,001,2022_Oct_03_1148,2_3_MRI_Rating_Play_Eyetracking,2021.2.3,59.91712261874847,
6,2,0,20,3,0,,,,,,,,,0,0,0,0,0,29,29,24,,,,,,,,,,,,,,,,,,,,,,,,,,,,,,,,,,,,,,,,,,,,,491.00782189995516,None,491.00782189995516,None,491.00782189995516,None,493.0496653999435,None,6,2,0,30.526560147769068,20,2,3,0,,,,,,,,,,,,,,,,,,,,,,,,,,,Sub048,001,2022_Oct_03_1148,2_3_MRI_Rating_Play_Eyetracking,2021.2.3,59.91712261874847,
1,0,1,50,2,1,,,,,,,,,0,0,0,0,0,30,30,37,0,0,0,0,,,,,,,,,,,,,,,,,,,,,,,,,,,,,,,,,,,,,,,,,496.1559987999499,None,496.1559987999499,None,496.1559987999499,None,498.16758469992783,None,1,0,1,6.033378343812347,50,2,2,1,500.27144589996897,None,g,1.1105521999998018,500.27144589996897,None,No,1.8894478000001982,501.501905699959,None,503.48976519994903,None,y,0.47508539992850274,503.48976519994903,None,2.0793482999999924,Card,1.0793482999999924,503.48976519994903,None,504.08810649998486,None,,,,Sub048,001,2022_Oct_03_1148,2_3_MRI_Rating_Play_Eyetracking,2021.2.3,59.91712261874847,
1,0,1,50,2,1,,,,,,,,,0,0,0,0,0,30,30,37,,,,,,,,,,,,,,,,,,,,,,,,,,,,,,,,,,,,,,,,,,,,,,,,,,,,,1,0,1,,,,,1,,,,,,,,,,,,,,,,,,,,,,,,,,,Sub048,001,2022_Oct_03_1148,2_3_MRI_Rating_Play_Eyetracking,2021.2.3,59.91712261874847,
0,0,0,20,3,1,,,,,,,,,0,0,0,0,0,31,31,45,0,0,0,0,,,,,,,,,,,,,,,,,,,,,,,,,,,,,,,,,,,,,,,,,506.2732804999687,None,506.2732804999687,None,506.2732804999687,None,508.2838589999592,None,0,0,0,6.033378343812347,20,2,3,1,511.369020299986,None,g,0.7317138999933377,511.369020299986,None,No,2.2682861000066623,512.2127982999664,None,514.570633700001,None,y,0.8759488000068814,514.570633700001,None,1.7222598000000175,Card,0.7222598000000175,514.570633700001,None,515.5771640000166,None,,,,Sub048,001,2022_Oct_03_1148,2_3_MRI_Rating_Play_Eyetracking,2021.2.3,59.91712261874847,
0,0,0,20,3,1,,,,,,,,,0,0,0,0,0,31,31,45,,,,,,,,,,,,,,,,,,,,,,,,,,,,,,,,,,,,,,,,,,,,,,,,,,,,,0,0,0,,,,,1,,,,,,,,,,,,,,,,,,,,,,,,,,,Sub048,001,2022_Oct_03_1148,2_3_MRI_Rating_Play_Eyetracking,2021.2.3,59.91712261874847,
4,1,1,50,2,1,,,,,,,,,0,0,0,0,0,32,32,13,0,0,0,0,,,,,,,,,,,,,,,,,,,,,,,,,,,,,,,,,,,,,,,,,517.3972434999887,None,517.3972434999887,None,517.3972434999887,None,519.3971316999523,None,4,1,1,16.065983785635332,50,2,2,1,521.482894100016,None,g,0.8400099000427872,521.482894100016,None,No,2.159990099957213,522.4324565000134,None,524.6878599999472,None,y,0.501251699985005,524.6878599999472,None,2.1062163000000282,Card,1.1062163000000282,524.6878599999472,None,525.3240455000196,None,,,,Sub048,001,2022_Oct_03_1148,2_3_MRI_Rating_Play_Eyetracking,2021.2.3,59.91712261874847,
4,1,1,50,2,1,,,,,,,,,0,0,0,0,0,32,32,13,,,,,,,,,,,,,,,,,,,,,,,,,,,,,,,,,,,,,,,,,,,,,,,,,,,,,4,1,1,,,,,1,,,,,,,,,,,,,,,,,,,,,,,,,,,Sub048,001,2022_Oct_03_1148,2_3_MRI_Rating_Play_Eyetracking,2021.2.3,59.91712261874847,
3,1,0,20,3,0,,,,,,,,,0,0,0,0,0,33,33,21,,,,,,,,,,,,,,,,,,,,,,,,,,,,,,,,,,,,,,,,,,,,,527.5393936999608,None,527.5393936999608,None,527.5393936999608,None,529.5526299999328,None,3,1,0,16.065983785635332,20,2,3,0,,,,,,,,,,,,,,,,,,,,,,,,,,,Sub048,001,2022_Oct_03_1148,2_3_MRI_Rating_Play_Eyetracking,2021.2.3,59.91712261874847,
7,2,1,50,2,1,,,,,,,,,0,0,0,0,0,34,34,16,0,0,0,0,,,,,,,,,,,,,,,,,,,,,,,,,,,,,,,,,,,,,,,,,532.6538980000187,None,532.6538980000187,None,532.6538980000187,None,534.6407683999278,None,7,2,1,30.526560147769068,50,2,2,1,536.7511491000187,None,y,0.7258727999869734,536.7511491000187,None,Yes,2.2741272000130266,537.6065627000062,None,539.99156460003,None,g,0.8442309000529349,539.99156460003,None,1.7099748000000545,Bar,0.7099748000000545,539.99156460003,None,540.9573325000238,None,,,,Sub048,001,2022_Oct_03_1148,2_3_MRI_Rating_Play_Eyetracking,2021.2.3,59.91712261874847,
7,2,1,50,2,1,,,,,,,,,0,0,0,0,0,34,34,16,,,,,,,,,,,,,,,,,,,,,,,,,,,,,,,,,,,,,,,,,,,,,,,,,,,,,7,2,1,,,,,1,,,,,,,,,,,,,,,,,,,,,,,,,,,Sub048,001,2022_Oct_03_1148,2_3_MRI_Rating_Play_Eyetracking,2021.2.3,59.91712261874847,
4,1,1,50,3,0,,,,,,,,,0,0,0,0,0,35,35,22,,,,,,,,,,,,,,,,,,,,,,,,,,,,,,,,,,,,,,,,,,,,,542.7688567999285,None,542.7688567999285,None,542.7688567999285,None,544.7850876000011,None,4,1,1,16.065983785635332,50,2,3,0,,,,,,,,,,,,,,,,,,,,,,,,,,,Sub048,001,2022_Oct_03_1148,2_3_MRI_Rating_Play_Eyetracking,2021.2.3,59.91712261874847,
8,2,2,80,1,1,,,,,,,,,0,0,0,0,0,36,36,62,0,0,0,0,,,,,,,,,,,,,,,,,,,,,,,,,,,,,,,,,,,,,,,,,547.8684024999384,None,547.8684024999384,None,547.8684024999384,None,549.9006491999608,None,8,2,2,30.526560147769068,80,2,1,1,551.0073471999494,None,y,0.6404631000477821,551.0073471999494,None,Yes,2.359536899952218,551.7755879999604,None,554.2387203000253,None,y,1.3602725999662653,554.2387203000253,None,1.1764276999999765,Card,0.17642769999997654,554.2387203000253,None,555.7248212000122,None,,,,Sub048,001,2022_Oct_03_1148,2_3_MRI_Rating_Play_Eyetracking,2021.2.3,59.91712261874847,
8,2,2,80,1,1,,,,,,,,,0,0,0,0,0,36,36,62,,,,,,,,,,,,,,,,,,,,,,,,,,,,,,,,,,,,,,,,,,,,,,,,,,,,,8,2,2,,,,,1,,,,,,,,,,,,,,,,,,,,,,,,,,,Sub048,001,2022_Oct_03_1148,2_3_MRI_Rating_Play_Eyetracking,2021.2.3,59.91712261874847,
3,1,0,20,1,1,,,,,,,,,0,0,0,0,0,37,37,30,0,0,0,0,,,,,,,,,,,,,,,,,,,,,,,,,,,,,,,,,,,,,,,,,557.0081399999326,None,557.0081399999326,None,557.0081399999326,None,558.996865299996,None,3,1,0,16.065983785635332,20,2,1,1,560.1106495999265,None,g,0.49613890005275607,560.1106495999265,None,No,2.503861099947244,560.7319193999283,None,563.3335685000056,None,y,0.6208559999940917,563.3335685000056,None,1.956838800000014,Card,0.9568388000000141,563.3335685000056,None,564.0519348999951,None,,,,Sub048,001,2022_Oct_03_1148,2_3_MRI_Rating_Play_Eyetracking,2021.2.3,59.91712261874847,
3,1,0,20,1,1,,,,,,,,,0,0,0,0,0,37,37,30,,,,,,,,,,,,,,,,,,,,,,,,,,,,,,,,,,,,,,,,,,,,,,,,,,,,,3,1,0,,,,,1,,,,,,,,,,,,,,,,,,,,,,,,,,,Sub048,001,2022_Oct_03_1148,2_3_MRI_Rating_Play_Eyetracking,2021.2.3,59.91712261874847,
8,2,2,80,3,1,,,,,,,,,0,0,0,0,0,38,38,53,0,0,0,0,,,,,,,,,,,,,,,,,,,,,,,,,,,,,,,,,,,,,,,,,566.1237024000147,None,566.1237024000147,None,566.1237024000147,None,568.1373933999566,None,8,2,2,30.526560147769068,80,2,3,1,571.2424179000081,None,g,0.8646687999134883,571.2424179000081,None,No,2.1353312000865117,572.2376436999766,None,574.4749374999665,None,None,,574.4749374999665,None,0.6406819000000041,,-0.35931809999999587,574.4749374999665,None,576.4820525000105,None,,,,Sub048,001,2022_Oct_03_1148,2_3_MRI_Rating_Play_Eyetracking,2021.2.3,59.91712261874847,
8,2,2,80,3,1,,,,,,,,,0,0,0,0,0,38,38,53,,,,,,,,,,,,,,,,,,,,,,,,,,,,,,,,,,,,,,,,,,,,,,,,,,,,,8,2,2,,,,,1,,,,,,,,,,,,,,,,,,,,,,,,,,,Sub048,001,2022_Oct_03_1148,2_3_MRI_Rating_Play_Eyetracking,2021.2.3,59.91712261874847,
0,0,0,20,2,1,,,,,,,,,0,0,0,0,0,39,39,9,0,0,0,0,,,,,,,,,,,,,,,,,,,,,,,,,,,,,,,,,,,,,,,,,577.233926499961,None,577.233926499961,None,577.233926499961,None,579.2335048000095,None,0,0,0,6.033378343812347,20,2,2,1,581.3398404000327,None,g,0.5277842999203131,581.3398404000327,None,No,2.472215700079687,581.9916173999663,None,584.5782674999209,None,y,0.8431113000260666,584.5782674999209,None,1.721552699999961,Card,0.7215526999999611,584.5782674999209,None,585.5417604999384,None,,,,Sub048,001,2022_Oct_03_1148,2_3_MRI_Rating_Play_Eyetracking,2021.2.3,59.91712261874847,
0,0,0,20,2,1,,,,,,,,,0,0,0,0,0,39,39,9,,,,,,,,,,,,,,,,,,,,,,,,,,,,,,,,,,,,,,,,,,,,,,,,,,,,,0,0,0,,,,,1,,,,,,,,,,,,,,,,,,,,,,,,,,,Sub048,001,2022_Oct_03_1148,2_3_MRI_Rating_Play_Eyetracking,2021.2.3,59.91712261874847,
2,0,2,80,3,0,,,,,,,,,0,0,0,0,0,40,40,20,,,,,,,,,,,,,,,,,,,,,,,,,,,,,,,,,,,,,,,,,,,,,587.3786175999558,None,587.3786175999558,None,587.3786175999558,None,589.3670281999512,None,2,0,2,6.033378343812347,80,2,3,0,,,,,,,,,,,,,,,,,,,,,,,,,,,Sub048,001,2022_Oct_03_1148,2_3_MRI_Rating_Play_Eyetracking,2021.2.3,59.91712261874847,
8,2,2,80,3,0,,,,,,,,,0,0,0,0,0,41,41,26,,,,,,,,,,,,,,,,,,,,,,,,,,,,,,,,,,,,,,,,,,,,,592.4700581999496,None,592.4700581999496,None,592.4700581999496,None,594.4795163000235,None,8,2,2,30.526560147769068,80,2,3,0,,,,,,,,,,,,,,,,,,,,,,,,,,,Sub048,001,2022_Oct_03_1148,2_3_MRI_Rating_Play_Eyetracking,2021.2.3,59.91712261874847,
8,2,2,80,1,0,,,,,,,,,0,0,0,0,0,42,42,8,,,,,,,,,,,,,,,,,,,,,,,,,,,,,,,,,,,,,,,,,,,,,597.5913004999747,None,597.5913004999747,None,597.5913004999747,None,599.6041477000108,None,8,2,2,30.526560147769068,80,2,1,0,,,,,,,,,,,,,,,,,,,,,,,,,,,Sub048,001,2022_Oct_03_1148,2_3_MRI_Rating_Play_Eyetracking,2021.2.3,59.91712261874847,
5,1,2,80,2,1,,,,,,,,,0,0,0,0,0,43,43,41,0,0,0,0,,,,,,,,,,,,,,,,,,,,,,,,,,,,,,,,,,,,,,,,,600.687477099942,None,600.687477099942,None,600.687477099942,None,602.7220729999244,None,5,1,2,16.065983785635332,80,2,2,1,604.8257873000111,None,y,0.5846308000618592,604.8257873000111,None,Yes,2.415369199938141,605.5394057999365,None,608.0545378000243,None,y,0.5081166999880224,608.0545378000243,None,2.0283852000000024,Card,1.0283852000000024,608.0545378000243,None,608.6921267999569,None,,,,Sub048,001,2022_Oct_03_1148,2_3_MRI_Rating_Play_Eyetracking,2021.2.3,59.91712261874847,
5,1,2,80,2,1,,,,,,,,,0,0,0,0,0,43,43,41,,,,,,,,,,,,,,,,,,,,,,,,,,,,,,,,,,,,,,,,,,,,,,,,,,,,,5,1,2,,,,,1,,,,,,,,,,,,,,,,,,,,,,,,,,,Sub048,001,2022_Oct_03_1148,2_3_MRI_Rating_Play_Eyetracking,2021.2.3,59.91712261874847,
8,2,2,80,2,1,,,,,,,,,0,0,0,0,0,44,44,17,0,0,0,0,,,,,,,,,,,,,,,,,,,,,,,,,,,,,,,,,,,,,,,,,610.8256685999222,None,610.8256685999222,None,610.8256685999222,None,612.8432699999539,None,8,2,2,30.526560147769068,80,2,2,1,614.9393585999496,None,y,0.8242186000570655,614.9393585999496,None,Yes,2.1757813999429345,615.8909688999411,None,618.159049800015,None,y,0.7034352000337094,618.159049800015,None,1.857925000000023,Card,0.8579250000000229,618.159049800015,None,618.9850752999773,None,,,,Sub048,001,2022_Oct_03_1148,2_3_MRI_Rating_Play_Eyetracking,2021.2.3,59.91712261874847,
8,2,2,80,2,1,,,,,,,,,0,0,0,0,0,44,44,17,,,,,,,,,,,,,,,,,,,,,,,,,,,,,,,,,,,,,,,,,,,,,,,,,,,,,8,2,2,,,,,1,,,,,,,,,,,,,,,,,,,,,,,,,,,Sub048,001,2022_Oct_03_1148,2_3_MRI_Rating_Play_Eyetracking,2021.2.3,59.91712261874847,
5,1,2,80,2,1,,,,,,,,,0,0,0,0,0,45,45,68,0,0,0,0,,,,,,,,,,,,,,,,,,,,,,,,,,,,,,,,,,,,,,,,,620.9618514999747,None,620.9618514999747,None,620.9618514999747,None,622.9516429000068,None,5,1,2,16.065983785635332,80,2,2,1,625.0558573999442,None,y,0.7973394999280572,625.0558573999442,None,Yes,2.202660500071943,625.9767834999366,None,628.2982462999644,None,g,0.9666205999674276,628.2982462999644,None,1.588047500000016,Bar,0.588047500000016,628.2982462999644,None,629.3687657000264,None,,,,Sub048,001,2022_Oct_03_1148,2_3_MRI_Rating_Play_Eyetracking,2021.2.3,59.91712261874847,
5,1,2,80,2,1,,,,,,,,,0,0,0,0,0,45,45,68,,,,,,,,,,,,,,,,,,,,,,,,,,,,,,,,,,,,,,,,,,,,,,,,,,,,,5,1,2,,,,,1,,,,,,,,,,,,,,,,,,,,,,,,,,,Sub048,001,2022_Oct_03_1148,2_3_MRI_Rating_Play_Eyetracking,2021.2.3,59.91712261874847,
5,1,2,80,1,0,,,,,,,,,0,0,0,0,0,46,46,5,,,,,,,,,,,,,,,,,,,,,,,,,,,,,,,,,,,,,,,,,,,,,631.0589702000143,None,631.0589702000143,None,631.0589702000143,None,633.0728869999293,None,5,1,2,16.065983785635332,80,2,1,0,,,,,,,,,,,,,,,,,,,,,,,,,,,Sub048,001,2022_Oct_03_1148,2_3_MRI_Rating_Play_Eyetracking,2021.2.3,59.91712261874847,
4,1,1,50,3,1,,,,,,,,,0,0,0,0,0,47,47,67,0,0,0,0,,,,,,,,,,,,,,,,,,,,,,,,,,,,,,,,,,,,,,,,,634.1758695000317,None,634.1758695000317,None,634.1758695000317,None,636.1670020000311,None,4,1,1,16.065983785635332,50,2,3,1,639.2796777000185,None,g,0.9808769000228494,639.2796777000185,None,No,2.0191230999771506,640.3940671000164,None,642.5287723999936,None,y,0.6656415000325069,642.5287723999936,None,1.8599599000000353,Card,0.8599599000000353,642.5287723999936,None,643.3239275999367,None,,,,Sub048,001,2022_Oct_03_1148,2_3_MRI_Rating_Play_Eyetracking,2021.2.3,59.91712261874847,
4,1,1,50,3,1,,,,,,,,,0,0,0,0,0,47,47,67,,,,,,,,,,,,,,,,,,,,,,,,,,,,,,,,,,,,,,,,,,,,,,,,,,,,,4,1,1,,,,,1,,,,,,,,,,,,,,,,,,,,,,,,,,,Sub048,001,2022_Oct_03_1148,2_3_MRI_Rating_Play_Eyetracking,2021.2.3,59.91712261874847,
8,2,2,80,3,1,,,,,,,,,0,0,0,0,0,48,48,71,0,0,0,0,,,,,,,,,,,,,,,,,,,,,,,,,,,,,,,,,,,,,,,,,645.2849343999987,None,645.2849343999987,None,645.2849343999987,None,647.304420499946,None,8,2,2,30.526560147769068,80,2,3,1,650.4130434999242,None,y,0.5161447999998927,650.4130434999242,None,Yes,2.4838552000001073,651.0610586999683,None,653.6440092999255,None,y,0.6120980000123382,653.6440092999255,None,1.9388371999999663,Card,0.9388371999999663,653.6440092999255,None,654.3770975000225,None,,,,Sub048,001,2022_Oct_03_1148,2_3_MRI_Rating_Play_Eyetracking,2021.2.3,59.91712261874847,
8,2,2,80,3,1,,,,,,,,,0,0,0,0,0,48,48,71,,,,,,,,,,,,,,,,,,,,,,,,,,,,,,,,,,,,,,,,,,,,,,,,,,,,,8,2,2,,,,,1,,,,,,,,,,,,,,,,,,,,,,,,,,,Sub048,001,2022_Oct_03_1148,2_3_MRI_Rating_Play_Eyetracking,2021.2.3,59.91712261874847,
8,2,2,80,1,1,,,,,,,,,0,0,0,0,0,49,49,35,0,0,0,0,,,,,,,,,,,,,,,,,,,,,,,,,,,,,,,,,,,,,,,,,656.4304291999433,None,656.4304291999433,None,656.4304291999433,None,658.4468660999555,None,8,2,2,30.526560147769068,80,2,1,1,659.5588955000276,None,y,0.5463142999215052,659.5588955000276,None,Yes,2.453685700078495,660.193321299972,None,662.756810599938,None,y,1.0081340000033379,662.756810599938,None,1.5576084000000492,Card,0.5576084000000492,662.756810599938,None,663.8716696000192,None,,,,Sub048,001,2022_Oct_03_1148,2_3_MRI_Rating_Play_Eyetracking,2021.2.3,59.91712261874847,
8,2,2,80,1,1,,,,,,,,,0,0,0,0,0,49,49,35,,,,,,,,,,,,,,,,,,,,,,,,,,,,,,,,,,,,,,,,,,,,,,,,,,,,,8,2,2,,,,,1,,,,,,,,,,,,,,,,,,,,,,,,,,,Sub048,001,2022_Oct_03_1148,2_3_MRI_Rating_Play_Eyetracking,2021.2.3,59.91712261874847,
7,2,1,50,1,1,,,,,,,,,0,0,0,0,0,50,50,61,0,0,0,0,,,,,,,,,,,,,,,,,,,,,,,,,,,,,,,,,,,,,,,,,665.5455370999407,None,665.5455370999407,None,665.5455370999407,None,667.5576645999681,None,7,2,1,30.526560147769068,50,2,1,1,668.6395559000084,None,None,,668.6395559000084,None,,1,670.6793003999628,None,671.7972521999618,None,y,1.1527816999005154,671.7972521999618,None,1.4907673999999815,Card,0.49076739999998154,671.7972521999618,None,673.0745429999661,None,,,,Sub048,001,2022_Oct_03_1148,2_3_MRI_Rating_Play_Eyetracking,2021.2.3,59.91712261874847,
7,2,1,50,1,1,,,,,,,,,0,0,0,0,0,50,50,61,,,,,,,,,,,,,,,,,,,,,,,,,,,,,,,,,,,,,,,,,,,,,,,,,,,,,7,2,1,,,,,1,,,,,,,,,,,,,,,,,,,,,,,,,,,Sub048,001,2022_Oct_03_1148,2_3_MRI_Rating_Play_Eyetracking,2021.2.3,59.91712261874847,
6,2,0,20,2,1,,,,,,,,,0,0,0,0,0,51,51,15,0,0,0,0,,,,,,,,,,,,,,,,,,,,,,,,,,,,,,,,,,,,,,,,,674.6829288000008,None,674.6829288000008,None,674.6829288000008,None,676.6688998999307,None,6,2,0,30.526560147769068,20,2,2,1,678.7585520999273,None,g,1.064901200006716,678.7585520999273,None,No,1.935098799993284,679.9447166000027,None,681.9782850999618,None,y,0.4181263000937179,681.9782850999618,None,2.1742702000000236,Card,1.1742702000000236,681.9782850999618,None,682.5270096999593,None,,,,Sub048,001,2022_Oct_03_1148,2_3_MRI_Rating_Play_Eyetracking,2021.2.3,59.91712261874847,
6,2,0,20,2,1,,,,,,,,,0,0,0,0,0,51,51,15,,,,,,,,,,,,,,,,,,,,,,,,,,,,,,,,,,,,,,,,,,,,,,,,,,,,,6,2,0,,,,,1,,,,,,,,,,,,,,,,,,,,,,,,,,,Sub048,001,2022_Oct_03_1148,2_3_MRI_Rating_Play_Eyetracking,2021.2.3,59.91712261874847,
5,1,2,80,3,1,,,,,,,,,0,0,0,0,0,52,52,50,0,0,0,0,,,,,,,,,,,,,,,,,,,,,,,,,,,,,,,,,,,,,,,,,684.8102171999635,None,684.8102171999635,None,684.8102171999635,None,686.8022820999613,None,5,1,2,16.065983785635332,80,2,3,1,689.9103584999684,None,y,0.6305361000122502,689.9103584999684,None,Yes,2.3694638999877498,690.6637497999473,None,693.1513726999983,None,y,0.6824608000461012,693.1513726999983,None,1.8746132999999645,Card,0.8746132999999645,693.1513726999983,None,693.9520755999256,None,,,,Sub048,001,2022_Oct_03_1148,2_3_MRI_Rating_Play_Eyetracking,2021.2.3,59.91712261874847,
5,1,2,80,3,1,,,,,,,,,0,0,0,0,0,52,52,50,,,,,,,,,,,,,,,,,,,,,,,,,,,,,,,,,,,,,,,,,,,,,,,,,,,,,5,1,2,,,,,1,,,,,,,,,,,,,,,,,,,,,,,,,,,Sub048,001,2022_Oct_03_1148,2_3_MRI_Rating_Play_Eyetracking,2021.2.3,59.91712261874847,
1,0,1,50,1,1,,,,,,,,,0,0,0,0,0,53,53,28,0,0,0,0,,,,,,,,,,,,,,,,,,,,,,,,,,,,,,,,,,,,,,,,,695.9201867999509,None,695.9201867999509,None,695.9201867999509,None,697.9169277999317,None,1,0,1,6.033378343812347,50,2,1,1,699.008713999996,None,g,1.0674566000234336,699.008713999996,None,No,1.9325433999765664,700.194172999938,None,702.2322638999904,None,y,0.7643345999531448,702.2322638999904,None,1.8227501000000075,Card,0.8227501000000075,702.2322638999904,None,703.1270691999234,None,,,,Sub048,001,2022_Oct_03_1148,2_3_MRI_Rating_Play_Eyetracking,2021.2.3,59.91712261874847,
1,0,1,50,1,1,,,,,,,,,0,0,0,0,0,53,53,28,,,,,,,,,,,,,,,,,,,,,,,,,,,,,,,,,,,,,,,,,,,,,,,,,,,,,1,0,1,,,,,1,,,,,,,,,,,,,,,,,,,,,,,,,,,Sub048,001,2022_Oct_03_1148,2_3_MRI_Rating_Play_Eyetracking,2021.2.3,59.91712261874847,
4,1,1,50,3,1,,,,,,,,,0,0,0,0,0,54,54,49,0,0,0,0,,,,,,,,,,,,,,,,,,,,,,,,,,,,,,,,,,,,,,,,,705.0327357000206,None,705.0327357000206,None,705.0327357000206,None,707.0764504999388,None,4,1,1,16.065983785635332,50,2,3,1,710.1583038999233,None,g,0.5565647999756038,710.1583038999233,None,No,2.443435200024396,710.8455036999658,None,713.3785444999812,None,y,0.6762797000119463,713.3785444999812,None,1.9040338999999449,Card,0.9040338999999449,713.3785444999812,None,714.1805689999601,None,,,,Sub048,001,2022_Oct_03_1148,2_3_MRI_Rating_Play_Eyetracking,2021.2.3,59.91712261874847,
4,1,1,50,3,1,,,,,,,,,0,0,0,0,0,54,54,49,,,,,,,,,,,,,,,,,,,,,,,,,,,,,,,,,,,,,,,,,,,,,,,,,,,,,4,1,1,,,,,1,,,,,,,,,,,,,,,,,,,,,,,,,,,Sub048,001,2022_Oct_03_1148,2_3_MRI_Rating_Play_Eyetracking,2021.2.3,59.91712261874847,
2,0,2,80,2,1,,,,,,,,,0,0,0,0,0,55,55,38,0,0,0,0,,,,,,,,,,,,,,,,,,,,,,,,,,,,,,,,,,,,,,,,,716.1971518999198,None,716.1971518999198,None,716.1971518999198,None,718.2097285999916,None,2,0,2,6.033378343812347,80,2,2,1,720.3147102999501,None,g,1.392294800025411,720.3147102999501,None,No,1.607705199974589,721.8310833999421,None,723.5260529000079,None,g,0.8737448999891058,723.5260529000079,None,1.692427500000008,Bar,0.692427500000008,723.5260529000079,None,724.5273495999863,None,,,,Sub048,001,2022_Oct_03_1148,2_3_MRI_Rating_Play_Eyetracking,2021.2.3,59.91712261874847,
2,0,2,80,2,1,,,,,,,,,0,0,0,0,0,55,55,38,,,,,,,,,,,,,,,,,,,,,,,,,,,,,,,,,,,,,,,,,,,,,,,,,,,,,2,0,2,,,,,1,,,,,,,,,,,,,,,,,,,,,,,,,,,Sub048,001,2022_Oct_03_1148,2_3_MRI_Rating_Play_Eyetracking,2021.2.3,59.91712261874847,
7,2,1,50,1,0,,,,,,,,,0,0,0,0,0,56,56,7,,,,,,,,,,,,,,,,,,,,,,,,,,,,,,,,,,,,,,,,,,,,,726.3304308999795,None,726.3304308999795,None,726.3304308999795,None,728.3432801000308,None,7,2,1,30.526560147769068,50,2,1,0,,,,,,,,,,,,,,,,,,,,,,,,,,,Sub048,001,2022_Oct_03_1148,2_3_MRI_Rating_Play_Eyetracking,2021.2.3,59.91712261874847,
1,0,1,50,3,1,,,,,,,,,0,0,0,0,0,57,57,64,0,0,0,0,,,,,,,,,,,,,,,,,,,,,,,,,,,,,,,,,,,,,,,,,729.4514806999359,None,729.4514806999359,None,729.4514806999359,None,731.4599416999845,None,1,0,1,6.033378343812347,50,2,3,1,734.5433217999525,None,g,0.4987664999207482,734.5433217999525,None,No,2.501233500079252,735.1621917999582,None,737.7820616000099,None,g,0.7825311999768019,737.7820616000099,None,1.7608863000000383,Bar,0.7608863000000383,737.7820616000099,None,738.670250199968,None,,,,Sub048,001,2022_Oct_03_1148,2_3_MRI_Rating_Play_Eyetracking,2021.2.3,59.91712261874847,
1,0,1,50,3,1,,,,,,,,,0,0,0,0,0,57,57,64,,,,,,,,,,,,,,,,,,,,,,,,,,,,,,,,,,,,,,,,,,,,,,,,,,,,,1,0,1,,,,,1,,,,,,,,,,,,,,,,,,,,,,,,,,,Sub048,001,2022_Oct_03_1148,2_3_MRI_Rating_Play_Eyetracking,2021.2.3,59.91712261874847,
7,2,1,50,2,1,,,,,,,,,0,0,0,0,0,58,58,43,0,0,0,0,,,,,,,,,,,,,,,,,,,,,,,,,,,,,,,,,,,,,,,,,740.5444770000177,None,740.5444770000177,None,740.5444770000177,None,742.5288244999247,None,7,2,1,30.526560147769068,50,2,2,1,744.6496593999909,None,g,0.8547228000825271,744.6496593999909,None,No,2.145277199917473,745.6279134999495,None,747.8829657000024,None,y,0.4727608000393957,747.8829657000024,None,2.086576300000047,Card,1.086576300000047,747.8829657000024,None,748.4606639000122,None,,,,Sub048,001,2022_Oct_03_1148,2_3_MRI_Rating_Play_Eyetracking,2021.2.3,59.91712261874847,
7,2,1,50,2,1,,,,,,,,,0,0,0,0,0,58,58,43,,,,,,,,,,,,,,,,,,,,,,,,,,,,,,,,,,,,,,,,,,,,,,,,,,,,,7,2,1,,,,,1,,,,,,,,,,,,,,,,,,,,,,,,,,,Sub048,001,2022_Oct_03_1148,2_3_MRI_Rating_Play_Eyetracking,2021.2.3,59.91712261874847,
5,1,2,80,2,1,,,,,,,,,0,0,0,0,0,59,59,14,0,0,0,0,,,,,,,,,,,,,,,,,,,,,,,,,,,,,,,,,,,,,,,,,750.6618573999731,None,750.6618573999731,None,750.6618573999731,None,752.6755876999814,None,5,1,2,16.065983785635332,80,2,2,1,754.7757929000072,None,y,0.5804460999788716,754.7757929000072,None,Yes,2.4195539000211284,755.48016799998,None,757.9964216999942,None,y,0.9514983000699431,757.9964216999942,None,1.606657499999983,Card,0.606657499999983,757.9964216999942,None,759.0819228999317,None,,,,Sub048,001,2022_Oct_03_1148,2_3_MRI_Rating_Play_Eyetracking,2021.2.3,59.91712261874847,
5,1,2,80,2,1,,,,,,,,,0,0,0,0,0,59,59,14,,,,,,,,,,,,,,,,,,,,,,,,,,,,,,,,,,,,,,,,,,,,,,,,,,,,,5,1,2,,,,,1,,,,,,,,,,,,,,,,,,,,,,,,,,,Sub048,001,2022_Oct_03_1148,2_3_MRI_Rating_Play_Eyetracking,2021.2.3,59.91712261874847,
8,2,2,80,2,1,,,,,,,,,0,0,0,0,0,60,60,44,0,0,0,0,,,,,,,,,,,,,,,,,,,,,,,,,,,,,,,,,,,,,,,,,760.7947533000261,None,760.7947533000261,None,760.7947533000261,None,762.8019835000159,None,8,2,2,30.526560147769068,80,2,2,1,764.9038309999742,None,y,0.3895935999462381,764.9038309999742,None,Yes,2.610406400053762,765.4130331999622,None,768.1131972000003,None,y,0.6436830000020564,768.1131972000003,None,1.9358746000000338,Card,0.9358746000000338,768.1131972000003,None,768.8519275999861,None,,,,Sub048,001,2022_Oct_03_1148,2_3_MRI_Rating_Play_Eyetracking,2021.2.3,59.91712261874847,
8,2,2,80,2,1,,,,,,,,,0,0,0,0,0,60,60,44,,,,,,,,,,,,,,,,,,,,,,,,,,,,,,,,,,,,,,,,,,,,,,,,,,,,,8,2,2,,,,,1,,,,,,,,,,,,,,,,,,,,,,,,,,,Sub048,001,2022_Oct_03_1148,2_3_MRI_Rating_Play_Eyetracking,2021.2.3,59.91712261874847,
1,0,1,50,2,1,,,,,,,,,0,0,0,0,0,61,61,10,0,0,0,0,,,,,,,,,,,,,,,,,,,,,,,,,,,,,,,,,,,,,,,,,770.9011788999196,None,770.9011788999196,None,770.9011788999196,None,772.9034695000155,None,1,0,1,6.033378343812347,50,2,2,1,775.0057902999688,None,g,1.813747400068678,775.0057902999688,None,No,1.186252599931322,776.947446599952,None,778.2487599999877,None,y,1.1108696999726817,778.2487599999877,None,1.4387795999999753,Card,0.4387795999999753,778.2487599999877,None,779.4831658999901,None,,,,Sub048,001,2022_Oct_03_1148,2_3_MRI_Rating_Play_Eyetracking,2021.2.3,59.91712261874847,
1,0,1,50,2,1,,,,,,,,,0,0,0,0,0,61,61,10,,,,,,,,,,,,,,,,,,,,,,,,,,,,,,,,,,,,,,,,,,,,,,,,,,,,,1,0,1,,,,,1,,,,,,,,,,,,,,,,,,,,,,,,,,,Sub048,001,2022_Oct_03_1148,2_3_MRI_Rating_Play_Eyetracking,2021.2.3,59.91712261874847,
0,0,0,20,3,1,,,,,,,,,0,0,0,0,0,62,62,63,0,0,0,0,,,,,,,,,,,,,,,,,,,,,,,,,,,,,,,,,,,,,,,,,781.020961000002,None,781.020961000002,None,781.020961000002,None,783.0232162999455,None,0,0,0,6.033378343812347,20,2,3,1,786.1261616999982,None,g,0.455455599934794,786.1261616999982,None,No,2.544544400065206,786.7078188000014,None,789.3624554999406,None,y,0.4159584000008181,789.3624554999406,None,2.1539209999999684,Card,1.1539209999999684,789.3624554999406,None,789.8695594000164,None,,,,Sub048,001,2022_Oct_03_1148,2_3_MRI_Rating_Play_Eyetracking,2021.2.3,59.91712261874847,
0,0,0,20,3,1,,,,,,,,,0,0,0,0,0,62,62,63,,,,,,,,,,,,,,,,,,,,,,,,,,,,,,,,,,,,,,,,,,,,,,,,,,,,,0,0,0,,,,,1,,,,,,,,,,,,,,,,,,,,,,,,,,,Sub048,001,2022_Oct_03_1148,2_3_MRI_Rating_Play_Eyetracking,2021.2.3,59.91712261874847,
5,1,2,80,1,1,,,,,,,,,0,0,0,0,0,63,63,32,0,0,0,0,,,,,,,,,,,,,,,,,,,,,,,,,,,,,,,,,,,,,,,,,792.1089684999315,None,792.1089684999315,None,792.1089684999315,None,794.1450413999846,None,5,1,2,16.065983785635332,80,2,1,1,795.2516503999941,None,y,0.5458932999754325,795.2516503999941,None,Yes,2.4541067000245675,795.9322306999238,None,798.5053233000217,None,y,0.8230241999262944,798.5053233000217,None,1.7043866999999864,Card,0.7043866999999864,798.5053233000217,None,799.4492637999356,None,,,,Sub048,001,2022_Oct_03_1148,2_3_MRI_Rating_Play_Eyetracking,2021.2.3,59.91712261874847,
5,1,2,80,1,1,,,,,,,,,0,0,0,0,0,63,63,32,,,,,,,,,,,,,,,,,,,,,,,,,,,,,,,,,,,,,,,,,,,,,,,,,,,,,5,1,2,,,,,1,,,,,,,,,,,,,,,,,,,,,,,,,,,Sub048,001,2022_Oct_03_1148,2_3_MRI_Rating_Play_Eyetracking,2021.2.3,59.91712261874847,
4,1,1,50,1,1,,,,,,,,,0,0,0,0,0,64,64,31,0,0,0,0,,,,,,,,,,,,,,,,,,,,,,,,,,,,,,,,,,,,,,,,,801.2644822000293,None,801.2644822000293,None,801.2644822000293,None,803.2579255999299,None,4,1,1,16.065983785635332,50,2,1,1,804.3696531000314,None,g,0.483695299946703,804.3696531000314,None,No,2.516304700053297,804.9760284000076,None,807.5832757999888,None,y,0.9977640999713913,807.5832757999888,None,1.5758339999999862,Card,0.5758339999999862,807.5832757999888,None,808.6935611999361,None,,,,Sub048,001,2022_Oct_03_1148,2_3_MRI_Rating_Play_Eyetracking,2021.2.3,59.91712261874847,
4,1,1,50,1,1,,,,,,,,,0,0,0,0,0,64,64,31,,,,,,,,,,,,,,,,,,,,,,,,,,,,,,,,,,,,,,,,,,,,,,,,,,,,,4,1,1,,,,,1,,,,,,,,,,,,,,,,,,,,,,,,,,,Sub048,001,2022_Oct_03_1148,2_3_MRI_Rating_Play_Eyetracking,2021.2.3,59.91712261874847,
0,0,0,20,1,1,,,,,,,,,0,0,0,0,0,65,65,54,0,0,0,0,,,,,,,,,,,,,,,,,,,,,,,,,,,,,,,,,,,,,,,,,810.3842300999677,None,810.3842300999677,None,810.3842300999677,None,812.3936430999311,None,0,0,0,6.033378343812347,20,2,1,1,813.4832105999812,None,g,1.5232697000028566,813.4832105999812,None,No,1.4767302999971434,815.1243871999905,None,816.6912156000035,None,y,0.6823507000226527,816.6912156000035,None,1.9097342000000026,Card,0.9097342000000026,816.6912156000035,None,817.497306699981,None,,,,Sub048,001,2022_Oct_03_1148,2_3_MRI_Rating_Play_Eyetracking,2021.2.3,59.91712261874847,
0,0,0,20,1,1,,,,,,,,,0,0,0,0,0,65,65,54,,,,,,,,,,,,,,,,,,,,,,,,,,,,,,,,,,,,,,,,,,,,,,,,,,,,,0,0,0,,,,,1,,,,,,,,,,,,,,,,,,,,,,,,,,,Sub048,001,2022_Oct_03_1148,2_3_MRI_Rating_Play_Eyetracking,2021.2.3,59.91712261874847,
2,0,2,80,2,1,,,,,,,,,0,0,0,0,0,66,66,65,0,0,0,0,,,,,,,,,,,,,,,,,,,,,,,,,,,,,,,,,,,,,,,,,819.5148304000031,None,819.5148304000031,None,819.5148304000031,None,821.5308309999527,None,2,0,2,6.033378343812347,80,2,2,1,823.6135457999771,None,g,0.4004908000351861,823.6135457999771,None,No,2.599509199964814,824.1319913000334,None,826.8544462999562,None,g,0.7197163999080658,826.8544462999562,None,1.840885299999968,Bar,0.8408852999999681,826.8544462999562,None,827.6789051999804,None,,,,Sub048,001,2022_Oct_03_1148,2_3_MRI_Rating_Play_Eyetracking,2021.2.3,59.91712261874847,
2,0,2,80,2,1,,,,,,,,,0,0,0,0,0,66,66,65,,,,,,,,,,,,,,,,,,,,,,,,,,,,,,,,,,,,,,,,,,,,,,,,,,,,,2,0,2,,,,,1,,,,,,,,,,,,,,,,,,,,,,,,,,,Sub048,001,2022_Oct_03_1148,2_3_MRI_Rating_Play_Eyetracking,2021.2.3,59.91712261874847,
2,0,2,80,3,1,,,,,,,,,0,0,0,0,0,67,67,47,0,0,0,0,,,,,,,,,,,,,,,,,,,,,,,,,,,,,,,,,,,,,,,,,829.6118223000085,None,829.6118223000085,None,829.6118223000085,None,831.6186951999553,None,2,0,2,6.033378343812347,80,2,3,1,834.736791400006,None,g,0.8383964999811724,834.736791400006,None,No,2.1616035000188276,835.6888967999257,None,837.9468484999379,None,g,0.9476745999418199,837.9468484999379,None,1.6407935000000862,Bar,0.6407935000000862,837.9468484999379,None,839.0064188999822,None,,,,Sub048,001,2022_Oct_03_1148,2_3_MRI_Rating_Play_Eyetracking,2021.2.3,59.91712261874847,
2,0,2,80,3,1,,,,,,,,,0,0,0,0,0,67,67,47,,,,,,,,,,,,,,,,,,,,,,,,,,,,,,,,,,,,,,,,,,,,,,,,,,,,,2,0,2,,,,,1,,,,,,,,,,,,,,,,,,,,,,,,,,,Sub048,001,2022_Oct_03_1148,2_3_MRI_Rating_Play_Eyetracking,2021.2.3,59.91712261874847,
2,0,2,80,1,1,,,,,,,,,0,0,0,0,0,68,68,29,0,0,0,0,,,,,,,,,,,,,,,,,,,,,,,,,,,,,,,,,,,,,,,,,840.742093399982,None,840.742093399982,None,840.742093399982,None,842.7615153000224,None,2,0,2,6.033378343812347,80,2,1,1,843.8461311999708,None,g,1.3336002000141889,843.8461311999708,None,No,1.6663997999858111,845.2948370999657,None,847.0695328000002,None,g,1.1707896000007167,847.0695328000002,None,1.4067747000000281,Bar,0.40677470000002813,847.0695328000002,None,848.3676077999407,None,,,,Sub048,001,2022_Oct_03_1148,2_3_MRI_Rating_Play_Eyetracking,2021.2.3,59.91712261874847,
2,0,2,80,1,1,,,,,,,,,0,0,0,0,0,68,68,29,,,,,,,,,,,,,,,,,,,,,,,,,,,,,,,,,,,,,,,,,,,,,,,,,,,,,2,0,2,,,,,1,,,,,,,,,,,,,,,,,,,,,,,,,,,Sub048,001,2022_Oct_03_1148,2_3_MRI_Rating_Play_Eyetracking,2021.2.3,59.91712261874847,
3,1,0,20,2,1,,,,,,,,,0,0,0,0,0,69,69,12,0,0,0,0,,,,,,,,,,,,,,,,,,,,,,,,,,,,,,,,,,,,,,,,,849.8851422999287,None,849.8851422999287,None,849.8851422999287,None,851.8994530999335,None,3,1,0,16.065983785635332,20,2,2,1,853.9977564000292,None,g,0.4257991999620572,853.9977564000292,None,No,2.574200800037943,854.5503489000257,None,857.2382636999246,None,y,0.38637560000643134,857.2382636999246,None,2.1543596999999863,Card,1.1543596999999863,857.2382636999246,None,857.7298775999807,None,,,,Sub048,001,2022_Oct_03_1148,2_3_MRI_Rating_Play_Eyetracking,2021.2.3,59.91712261874847,
3,1,0,20,2,1,,,,,,,,,0,0,0,0,0,69,69,12,,,,,,,,,,,,,,,,,,,,,,,,,,,,,,,,,,,,,,,,,,,,,,,,,,,,,3,1,0,,,,,1,,,,,,,,,,,,,,,,,,,,,,,,,,,Sub048,001,2022_Oct_03_1148,2_3_MRI_Rating_Play_Eyetracking,2021.2.3,59.91712261874847,
4,1,1,50,1,1,,,,,,,,,0,0,0,0,0,70,70,58,0,0,0,0,,,,,,,,,,,,,,,,,,,,,,,,,,,,,,,,,,,,,,,,,860.0019665999571,None,860.0019665999571,None,860.0019665999571,None,862.0071316999383,None,4,1,1,16.065983785635332,50,2,1,1,863.0999914000276,None,g,0.5984937000321224,863.0999914000276,None,No,2.4015062999678776,863.8180642999941,None,866.3365587999579,None,y,0.4957269999431446,866.3365587999579,None,2.0727108999999473,Card,1.0727108999999473,866.3365587999579,None,866.9537316999631,None,,,,Sub048,001,2022_Oct_03_1148,2_3_MRI_Rating_Play_Eyetracking,2021.2.3,59.91712261874847,
4,1,1,50,1,1,,,,,,,,,0,0,0,0,0,70,70,58,,,,,,,,,,,,,,,,,,,,,,,,,,,,,,,,,,,,,,,,,,,,,,,,,,,,,4,1,1,,,,,1,,,,,,,,,,,,,,,,,,,,,,,,,,,Sub048,001,2022_Oct_03_1148,2_3_MRI_Rating_Play_Eyetracking,2021.2.3,59.91712261874847,
0,0,0,20,1,1,,,,,,,,,0,0,0,0,0,71,71,27,0,0,0,0,,,,,,,,,,,,,,,,,,,,,,,,,,,,,,,,,,,,,,,,,869.1153716000263,None,869.1153716000263,None,869.1153716000263,None,871.1507803000277,None,0,0,0,6.033378343812347,20,2,1,1,872.2690023999894,None,g,0.7955934000201523,872.2690023999894,None,No,2.2044065999798477,873.164037099923,None,875.4913109999616,None,y,0.9151400000555441,875.4913109999616,None,1.6237559999999576,Card,0.6237559999999576,875.4913109999616,None,876.5127896999475,None,,,,Sub048,001,2022_Oct_03_1148,2_3_MRI_Rating_Play_Eyetracking,2021.2.3,59.91712261874847,
0,0,0,20,1,1,,,,,,,,,0,0,0,0,0,71,71,27,,,,,,,,,,,,,,,,,,,,,,,,,,,,,,,,,,,,,,,,,,,,,,,,,,,,,0,0,0,,,,,1,,,,,,,,,,,,,,,,,,,,,,,,,,,Sub048,001,2022_Oct_03_1148,2_3_MRI_Rating_Play_Eyetracking,2021.2.3,59.91712261874847,
,,,,,,,,,,,,,,0,0,0,0,,,,,,,,,,,,,,,,,,,,,,,,,,,,,,,,,,,,,,,,,,,,,,,,,,,,,,,,,,,,,,,,,,,,,,,,,,,,,,,,,,,,,,,,,,,Sub048,001,2022_Oct_03_1148,2_3_MRI_Rating_Play_Eyetracking,2021.2.3,59.91712261874847,
,,,,,,,,,,,,,,,,,,,,,,,,,,,,,,,,,,,,,,,,,,,,,,,,,,,,,,,,,,,,,,,,,,,,,,,,,,,,,,,,,,,,,,,,,,,,,,,,,,,,,,,,,878.2317953000311,None,None,Sub048,001,2022_Oct_03_1148,2_3_MRI_Rating_Play_Eyetracking,2021.2.3,59.91712261874847,
