﻿Current_Run_SE,Current_Run_RE,current_pair_SE,current_pair_RE,current_card_prob,ITI_SE,ITI_RE,Q_bar,Q_card,start_MRI.thisRepN,start_MRI.thisTrialN,start_MRI.thisN,start_MRI.thisIndex,L_subjects.thisRepN,L_subjects.thisTrialN,L_subjects.thisN,L_subjects.thisIndex,Bar_Card_L.thisRepN,Bar_Card_L.thisTrialN,Bar_Card_L.thisN,Bar_Card_L.thisIndex,trials_bar_L.thisRepN,trials_bar_L.thisTrialN,trials_bar_L.thisN,trials_bar_L.thisIndex,Q_bar_L.thisRepN,Q_bar_L.thisTrialN,Q_bar_L.thisN,Q_bar_L.thisIndex,trials_Card_L.thisRepN,trials_Card_L.thisTrialN,trials_Card_L.thisN,trials_Card_L.thisIndex,Q_card_L.thisRepN,Q_card_L.thisTrialN,Q_card_L.thisN,Q_card_L.thisIndex,R_subjects.thisRepN,R_subjects.thisTrialN,R_subjects.thisN,R_subjects.thisIndex,fMR_Instr1_text.started,fMR_Instr1_text.stopped,Ready_text.started,Ready_text.stopped,trigger_2.keys,trigger_2.rt,trigger_2.started,trigger_2.stopped,center_OnsetTime.started,center_OnsetTime.stopped,text_SE_9.started,text_SE_9.stopped,fixOnset_text_ISI_SE_2.started,fixOnset_text_ISI_SE_2.stopped,current_pair_SE,current_pair_RE,target_pair,ISI_SE,Q_bar,PairQuestionONSET_SE_text_L.started,PairQuestionONSET_SE_text_L.stopped,key_resp_rating_SE_L.keys,key_resp_rating_SE_L.rt,key_resp_rating_SE_L.started,key_resp_rating_SE_L.stopped,Rating_pair,current_ITI,lagTime,fixOnset_text_ITI.started,fixOnset_text_ITI.stopped,PairONSET_card_prob_2.started,PairONSET_card_prob_2.stopped,fixOnset_text_ISI_RE_2.started,fixOnset_text_ISI_RE_2.stopped,card_pair,ISI_RE,Q_card,PairQuestionONSET_RE_text_L.started,PairQuestionONSET_RE_text_L.stopped,key_resp_rating_RE_L.keys,key_resp_rating_RE_L.rt,key_resp_rating_RE_L.started,key_resp_rating_RE_L.stopped,participant,session,date,expName,psychopyVersion,frameRate,
,,,,,,,,,0,0,0,0,,,,,,,,,,,,,,,,,,,,,,,,,,,,,16.64685450028628,None,,,,,,,,,,,,,,,,,,,,,,,,,,,,,,,,,,,,,,,,,,Sub034,001,2022_Sep_15_1137,2_1_MRI_Rating_SE_RE,2021.2.3,59.96426130735908,
1,0,2,-1,-1,1,-1,1,0,,,,,0,0,0,0,0,0,0,33,0,0,0,0,0,0,0,0,,,,,,,,,,,,,,,45.78975420072675,None,t,11.456962999887764,45.78975420072675,None,57.292368800379336,None,57.292368800379336,None,59.2831797003746,None,2,-1,55.86632763783208,1,1,60.30119260028005,None,r,1.9169828994199634,60.30119260028005,None,Extremely Likely,1.0587760999999958,0.05877609999999578,62.23308019991964,None,,,,,,,0,,,,,,,Sub034,001,2022_Sep_15_1137,2_1_MRI_Rating_SE_RE,2021.2.3,59.96426130735908,
1,0,2,-1,-1,1,-1,1,0,,,,,0,0,0,0,0,0,0,33,0,0,0,0,,,,,,,,,,,,,,,,,,,,,,,,,,,,,,,2,-1,,,1,,,,,,,,,,,,,,,,,,0,,,,,,,Sub034,001,2022_Sep_15_1137,2_1_MRI_Rating_SE_RE,2021.2.3,59.96426130735908,
1,0,2,-1,-1,1,-1,1,0,,,,,0,0,0,0,0,0,0,33,,,,,,,,,,,,,,,,,,,,,,,,,,,,,,,,,,,2,-1,,,1,,,,,,,,,,,,,,,,,,0,,,,,,,Sub034,001,2022_Sep_15_1137,2_1_MRI_Rating_SE_RE,2021.2.3,59.96426130735908,
0,1,-1,2,80,-1,1,0,1,,,,,0,0,0,0,0,1,1,56,,,,,,,,,0,0,0,0,0,0,0,0,,,,,,,,,,,,,,,,,,,-1,2,,,0,,,,,,,Extremely Likely,1.1231334999999945,0.12313349999999446,68.19989460054785,None,63.32183220051229,None,65.31675900053233,None,80,1,1,66.31955060083419,None,r,1.863596299663186,66.31955060083419,None,Sub034,001,2022_Sep_15_1137,2_1_MRI_Rating_SE_RE,2021.2.3,59.96426130735908,
0,1,-1,2,80,-1,1,0,1,,,,,0,0,0,0,0,1,1,56,,,,,,,,,0,0,0,0,,,,,,,,,,,,,,,,,,,,,,,-1,2,,,0,,,,,,,,,,,,,,,,,,1,,,,,,,Sub034,001,2022_Sep_15_1137,2_1_MRI_Rating_SE_RE,2021.2.3,59.96426130735908,
0,1,-1,2,80,-1,1,0,1,,,,,0,0,0,0,0,1,1,56,,,,,,,,,,,,,,,,,,,,,,,,,,,,,,,,,,,-1,2,,,0,,,,,,,,,,,,,,,,,,1,,,,,,,Sub034,001,2022_Sep_15_1137,2_1_MRI_Rating_SE_RE,2021.2.3,59.96426130735908,
0,1,-1,0,20,-1,2,0,1,,,,,0,0,0,0,0,2,2,66,,,,,,,,,0,0,0,0,0,0,0,0,,,,,,,,,,,,,,,,,,,-1,0,,,0,,,,,,,Extremely Unlikely,1.8241416999999984,0.8241416999999984,74.53336769994348,None,69.35459780041128,None,71.35023930016905,None,20,2,1,73.36530680023134,None,b,1.14686550013721,73.36530680023134,None,Sub034,001,2022_Sep_15_1137,2_1_MRI_Rating_SE_RE,2021.2.3,59.96426130735908,
0,1,-1,0,20,-1,2,0,1,,,,,0,0,0,0,0,2,2,66,,,,,,,,,0,0,0,0,,,,,,,,,,,,,,,,,,,,,,,-1,0,,,0,,,,,,,,,,,,,,,,,,1,,,,,,,Sub034,001,2022_Sep_15_1137,2_1_MRI_Rating_SE_RE,2021.2.3,59.96426130735908,
0,1,-1,0,20,-1,2,0,1,,,,,0,0,0,0,0,2,2,66,,,,,,,,,,,,,,,,,,,,,,,,,,,,,,,,,,,-1,0,,,0,,,,,,,,,,,,,,,,,,1,,,,,,,Sub034,001,2022_Sep_15_1137,2_1_MRI_Rating_SE_RE,2021.2.3,59.96426130735908,
1,0,1,-1,-1,2,-1,0,0,,,,,0,0,0,0,0,3,3,4,0,0,0,0,,,,,,,,,,,,,,,,,,,,,,,,,76.3759339004755,None,76.3759339004755,None,78.3835876006633,None,1,-1,29.40218320202695,2,0,,,,,,,,,,,,,,,,,,0,,,,,,,Sub034,001,2022_Sep_15_1137,2_1_MRI_Rating_SE_RE,2021.2.3,59.96426130735908,
1,0,1,-1,-1,2,-1,0,0,,,,,0,0,0,0,0,3,3,4,,,,,,,,,,,,,,,,,,,,,,,,,,,,,,,,,,,1,-1,,,0,,,,,,,,,,,,,,,,,,0,,,,,,,Sub034,001,2022_Sep_15_1137,2_1_MRI_Rating_SE_RE,2021.2.3,59.96426130735908,
0,1,-1,2,80,-1,3,0,1,,,,,0,0,0,0,0,4,4,71,,,,,,,,,0,0,0,0,0,0,0,0,,,,,,,,,,,,,,,,,,,-1,2,,,0,,,,,,,Slightly Likely,1.5244962000000015,0.5244962000000015,86.86740780062973,None,80.38624210003763,None,82.40073540061712,None,80,3,1,85.40182690043002,None,g,1.447732999920845,85.40182690043002,None,Sub034,001,2022_Sep_15_1137,2_1_MRI_Rating_SE_RE,2021.2.3,59.96426130735908,
0,1,-1,2,80,-1,3,0,1,,,,,0,0,0,0,0,4,4,71,,,,,,,,,0,0,0,0,,,,,,,,,,,,,,,,,,,,,,,-1,2,,,0,,,,,,,,,,,,,,,,,,1,,,,,,,Sub034,001,2022_Sep_15_1137,2_1_MRI_Rating_SE_RE,2021.2.3,59.96426130735908,
0,1,-1,2,80,-1,3,0,1,,,,,0,0,0,0,0,4,4,71,,,,,,,,,,,,,,,,,,,,,,,,,,,,,,,,,,,-1,2,,,0,,,,,,,,,,,,,,,,,,1,,,,,,,Sub034,001,2022_Sep_15_1137,2_1_MRI_Rating_SE_RE,2021.2.3,59.96426130735908,
1,0,0,-1,-1,2,-1,1,0,,,,,0,0,0,0,0,5,5,37,0,0,0,0,0,0,0,0,,,,,,,,,,,,,,,,,,,,,88.40940260048956,None,88.40940260048956,None,90.41740899998695,None,0,-1,11.041620467121463,2,1,92.42025520000607,None,b,1.966822000220418,92.42025520000607,None,Extremely Unlikely,0.994643300000007,-0.005356699999992998,94.41731250006706,None,,,,,,,0,,,,,,,Sub034,001,2022_Sep_15_1137,2_1_MRI_Rating_SE_RE,2021.2.3,59.96426130735908,
1,0,0,-1,-1,2,-1,1,0,,,,,0,0,0,0,0,5,5,37,0,0,0,0,,,,,,,,,,,,,,,,,,,,,,,,,,,,,,,0,-1,,,1,,,,,,,,,,,,,,,,,,0,,,,,,,Sub034,001,2022_Sep_15_1137,2_1_MRI_Rating_SE_RE,2021.2.3,59.96426130735908,
1,0,0,-1,-1,2,-1,1,0,,,,,0,0,0,0,0,5,5,37,,,,,,,,,,,,,,,,,,,,,,,,,,,,,,,,,,,0,-1,,,1,,,,,,,,,,,,,,,,,,0,,,,,,,Sub034,001,2022_Sep_15_1137,2_1_MRI_Rating_SE_RE,2021.2.3,59.96426130735908,
0,1,-1,1,50,-1,1,0,1,,,,,0,0,0,0,0,6,6,64,,,,,,,,,0,0,0,0,0,0,0,0,,,,,,,,,,,,,,,,,,,-1,1,,,0,,,,,,,Slightly Likely,1.3785098999999974,0.3785098999999974,100.05112220067531,None,95.42649880051613,None,97.43469090014696,None,50,1,1,98.4340588003397,None,g,1.6001923000440001,98.4340588003397,None,Sub034,001,2022_Sep_15_1137,2_1_MRI_Rating_SE_RE,2021.2.3,59.96426130735908,
0,1,-1,1,50,-1,1,0,1,,,,,0,0,0,0,0,6,6,64,,,,,,,,,0,0,0,0,,,,,,,,,,,,,,,,,,,,,,,-1,1,,,0,,,,,,,,,,,,,,,,,,1,,,,,,,Sub034,001,2022_Sep_15_1137,2_1_MRI_Rating_SE_RE,2021.2.3,59.96426130735908,
0,1,-1,1,50,-1,1,0,1,,,,,0,0,0,0,0,6,6,64,,,,,,,,,,,,,,,,,,,,,,,,,,,,,,,,,,,-1,1,,,0,,,,,,,,,,,,,,,,,,1,,,,,,,Sub034,001,2022_Sep_15_1137,2_1_MRI_Rating_SE_RE,2021.2.3,59.96426130735908,
0,1,-1,1,50,-1,3,0,1,,,,,0,0,0,0,0,7,7,88,,,,,,,,,0,0,0,0,0,0,0,0,,,,,,,,,,,,,,,,,,,-1,1,,,0,,,,,,,Slightly Likely,1.4077917999999983,0.40779179999999826,108.03521830029786,None,101.43730890005827,None,103.45119110029191,None,50,3,1,106.45316109992564,None,g,1.5549753000959754,106.45316109992564,None,Sub034,001,2022_Sep_15_1137,2_1_MRI_Rating_SE_RE,2021.2.3,59.96426130735908,
0,1,-1,1,50,-1,3,0,1,,,,,0,0,0,0,0,7,7,88,,,,,,,,,0,0,0,0,,,,,,,,,,,,,,,,,,,,,,,-1,1,,,0,,,,,,,,,,,,,,,,,,1,,,,,,,Sub034,001,2022_Sep_15_1137,2_1_MRI_Rating_SE_RE,2021.2.3,59.96426130735908,
0,1,-1,1,50,-1,3,0,1,,,,,0,0,0,0,0,7,7,88,,,,,,,,,,,,,,,,,,,,,,,,,,,,,,,,,,,-1,1,,,0,,,,,,,,,,,,,,,,,,1,,,,,,,Sub034,001,2022_Sep_15_1137,2_1_MRI_Rating_SE_RE,2021.2.3,59.96426130735908,
1,0,2,-1,-1,3,-1,1,0,,,,,0,0,0,0,0,8,8,44,0,0,0,0,0,0,0,0,,,,,,,,,,,,,,,,,,,,,109.45919710025191,None,109.45919710025191,None,111.46857800055295,None,2,-1,55.86632763783208,3,1,114.48369740042835,None,r,0.8135567000135779,114.48369740042835,None,Extremely Likely,2.1438174999999973,1.1438174999999973,115.31839800067246,None,,,,,,,0,,,,,,,Sub034,001,2022_Sep_15_1137,2_1_MRI_Rating_SE_RE,2021.2.3,59.96426130735908,
1,0,2,-1,-1,3,-1,1,0,,,,,0,0,0,0,0,8,8,44,0,0,0,0,,,,,,,,,,,,,,,,,,,,,,,,,,,,,,,2,-1,,,1,,,,,,,,,,,,,,,,,,0,,,,,,,Sub034,001,2022_Sep_15_1137,2_1_MRI_Rating_SE_RE,2021.2.3,59.96426130735908,
1,0,2,-1,-1,3,-1,1,0,,,,,0,0,0,0,0,8,8,44,,,,,,,,,,,,,,,,,,,,,,,,,,,,,,,,,,,2,-1,,,1,,,,,,,,,,,,,,,,,,0,,,,,,,Sub034,001,2022_Sep_15_1137,2_1_MRI_Rating_SE_RE,2021.2.3,59.96426130735908,
0,1,-1,1,50,-1,2,0,1,,,,,0,0,0,0,0,9,9,58,,,,,,,,,0,0,0,0,0,0,0,0,,,,,,,,,,,,,,,,,,,-1,1,,,0,,,,,,,Slightly Likely,1.3463212000000055,0.34632120000000555,123.13528100028634,None,117.47565740067512,None,119.4855835000053,None,50,2,1,121.50059780012816,None,g,1.618516200222075,121.50059780012816,None,Sub034,001,2022_Sep_15_1137,2_1_MRI_Rating_SE_RE,2021.2.3,59.96426130735908,
0,1,-1,1,50,-1,2,0,1,,,,,0,0,0,0,0,9,9,58,,,,,,,,,0,0,0,0,,,,,,,,,,,,,,,,,,,,,,,-1,1,,,0,,,,,,,,,,,,,,,,,,1,,,,,,,Sub034,001,2022_Sep_15_1137,2_1_MRI_Rating_SE_RE,2021.2.3,59.96426130735908,
0,1,-1,1,50,-1,2,0,1,,,,,0,0,0,0,0,9,9,58,,,,,,,,,,,,,,,,,,,,,,,,,,,,,,,,,,,-1,1,,,0,,,,,,,,,,,,,,,,,,1,,,,,,,Sub034,001,2022_Sep_15_1137,2_1_MRI_Rating_SE_RE,2021.2.3,59.96426130735908,
0,1,-1,0,20,-1,3,0,1,,,,,0,0,0,0,0,10,10,69,,,,,,,,,0,0,0,0,0,0,0,0,,,,,,,,,,,,,,,,,,,-1,0,,,0,,,,,,,Extremely Unlikely,1.7443397999999917,0.7443397999999917,130.75270770024508,None,124.49135400075465,None,126.50262320041656,None,20,3,1,129.50323070026934,None,b,1.2229118002578616,129.50323070026934,None,Sub034,001,2022_Sep_15_1137,2_1_MRI_Rating_SE_RE,2021.2.3,59.96426130735908,
0,1,-1,0,20,-1,3,0,1,,,,,0,0,0,0,0,10,10,69,,,,,,,,,0,0,0,0,,,,,,,,,,,,,,,,,,,,,,,-1,0,,,0,,,,,,,,,,,,,,,,,,1,,,,,,,Sub034,001,2022_Sep_15_1137,2_1_MRI_Rating_SE_RE,2021.2.3,59.96426130735908,
0,1,-1,0,20,-1,3,0,1,,,,,0,0,0,0,0,10,10,69,,,,,,,,,,,,,,,,,,,,,,,,,,,,,,,,,,,-1,0,,,0,,,,,,,,,,,,,,,,,,1,,,,,,,Sub034,001,2022_Sep_15_1137,2_1_MRI_Rating_SE_RE,2021.2.3,59.96426130735908,
0,1,-1,1,50,-1,2,0,1,,,,,0,0,0,0,0,11,11,67,,,,,,,,,0,0,0,0,0,0,0,0,,,,,,,,,,,,,,,,,,,-1,1,,,0,,,,,,,Slightly Likely,1.7461940000000027,0.7461940000000027,137.76903240010142,None,132.5103146005422,None,134.51939360052347,None,50,2,1,136.51993180066347,None,g,1.2203355999663472,136.51993180066347,None,Sub034,001,2022_Sep_15_1137,2_1_MRI_Rating_SE_RE,2021.2.3,59.96426130735908,
0,1,-1,1,50,-1,2,0,1,,,,,0,0,0,0,0,11,11,67,,,,,,,,,0,0,0,0,,,,,,,,,,,,,,,,,,,,,,,-1,1,,,0,,,,,,,,,,,,,,,,,,1,,,,,,,Sub034,001,2022_Sep_15_1137,2_1_MRI_Rating_SE_RE,2021.2.3,59.96426130735908,
0,1,-1,1,50,-1,2,0,1,,,,,0,0,0,0,0,11,11,67,,,,,,,,,,,,,,,,,,,,,,,,,,,,,,,,,,,-1,1,,,0,,,,,,,,,,,,,,,,,,1,,,,,,,Sub034,001,2022_Sep_15_1137,2_1_MRI_Rating_SE_RE,2021.2.3,59.96426130735908,
0,1,-1,2,80,-1,1,0,0,,,,,0,0,0,0,0,12,12,47,,,,,,,,,0,0,0,0,,,,,,,,,,,,,,,,,,,,,,,-1,2,,,0,,,,,,,,,,,,139.5269726002589,None,141.53662810008973,None,80,1,0,,,,,,,Sub034,001,2022_Sep_15_1137,2_1_MRI_Rating_SE_RE,2021.2.3,59.96426130735908,
0,1,-1,2,80,-1,1,0,0,,,,,0,0,0,0,0,12,12,47,,,,,,,,,,,,,,,,,,,,,,,,,,,,,,,,,,,-1,2,,,0,,,,,,,,,,,,,,,,,,0,,,,,,,Sub034,001,2022_Sep_15_1137,2_1_MRI_Rating_SE_RE,2021.2.3,59.96426130735908,
0,1,-1,2,80,-1,1,0,1,,,,,0,0,0,0,0,13,13,65,,,,,,,,,0,0,0,0,0,0,0,0,,,,,,,,,,,,,,,,,,,-1,2,,,0,,,,,,,Extremely Likely,1.9404868999999962,0.9404868999999962,146.60320700053126,None,142.5375669002533,None,144.55309600010514,None,80,1,1,145.5549164004624,None,r,1.0171846002340317,145.5549164004624,None,Sub034,001,2022_Sep_15_1137,2_1_MRI_Rating_SE_RE,2021.2.3,59.96426130735908,
0,1,-1,2,80,-1,1,0,1,,,,,0,0,0,0,0,13,13,65,,,,,,,,,0,0,0,0,,,,,,,,,,,,,,,,,,,,,,,-1,2,,,0,,,,,,,,,,,,,,,,,,1,,,,,,,Sub034,001,2022_Sep_15_1137,2_1_MRI_Rating_SE_RE,2021.2.3,59.96426130735908,
0,1,-1,2,80,-1,1,0,1,,,,,0,0,0,0,0,13,13,65,,,,,,,,,,,,,,,,,,,,,,,,,,,,,,,,,,,-1,2,,,0,,,,,,,,,,,,,,,,,,1,,,,,,,Sub034,001,2022_Sep_15_1137,2_1_MRI_Rating_SE_RE,2021.2.3,59.96426130735908,
0,1,-1,2,80,-1,2,0,0,,,,,0,0,0,0,0,14,14,50,,,,,,,,,0,0,0,0,,,,,,,,,,,,,,,,,,,,,,,-1,2,,,0,,,,,,,,,,,,148.562097100541,None,150.56998270004988,None,80,2,0,,,,,,,Sub034,001,2022_Sep_15_1137,2_1_MRI_Rating_SE_RE,2021.2.3,59.96426130735908,
0,1,-1,2,80,-1,2,0,0,,,,,0,0,0,0,0,14,14,50,,,,,,,,,,,,,,,,,,,,,,,,,,,,,,,,,,,-1,2,,,0,,,,,,,,,,,,,,,,,,0,,,,,,,Sub034,001,2022_Sep_15_1137,2_1_MRI_Rating_SE_RE,2021.2.3,59.96426130735908,
0,1,-1,0,20,-1,1,0,1,,,,,0,0,0,0,0,15,15,63,,,,,,,,,0,0,0,0,0,0,0,0,,,,,,,,,,,,,,,,,,,-1,0,,,0,,,,,,,Slightly Likely,1.6397537,0.6397537,156.93665570020676,None,152.57303830049932,None,154.58730529993773,None,20,1,1,155.58926110062748,None,g,1.3265303000807762,155.58926110062748,None,Sub034,001,2022_Sep_15_1137,2_1_MRI_Rating_SE_RE,2021.2.3,59.96426130735908,
0,1,-1,0,20,-1,1,0,1,,,,,0,0,0,0,0,15,15,63,,,,,,,,,0,0,0,0,,,,,,,,,,,,,,,,,,,,,,,-1,0,,,0,,,,,,,,,,,,,,,,,,1,,,,,,,Sub034,001,2022_Sep_15_1137,2_1_MRI_Rating_SE_RE,2021.2.3,59.96426130735908,
0,1,-1,0,20,-1,1,0,1,,,,,0,0,0,0,0,15,15,63,,,,,,,,,,,,,,,,,,,,,,,,,,,,,,,,,,,-1,0,,,0,,,,,,,,,,,,,,,,,,1,,,,,,,Sub034,001,2022_Sep_15_1137,2_1_MRI_Rating_SE_RE,2021.2.3,59.96426130735908,
0,1,-1,0,20,-1,1,0,1,,,,,0,0,0,0,0,16,16,72,,,,,,,,,0,0,0,0,0,0,0,0,,,,,,,,,,,,,,,,,,,-1,0,,,0,,,,,,,Extremely Unlikely,1.8619393000000173,0.8619393000000173,162.7369958003983,None,158.59215639997274,None,160.60353450011462,None,20,1,1,161.60599950049073,None,b,1.1072928002104163,161.60599950049073,None,Sub034,001,2022_Sep_15_1137,2_1_MRI_Rating_SE_RE,2021.2.3,59.96426130735908,
0,1,-1,0,20,-1,1,0,1,,,,,0,0,0,0,0,16,16,72,,,,,,,,,0,0,0,0,,,,,,,,,,,,,,,,,,,,,,,-1,0,,,0,,,,,,,,,,,,,,,,,,1,,,,,,,Sub034,001,2022_Sep_15_1137,2_1_MRI_Rating_SE_RE,2021.2.3,59.96426130735908,
0,1,-1,0,20,-1,1,0,1,,,,,0,0,0,0,0,16,16,72,,,,,,,,,,,,,,,,,,,,,,,,,,,,,,,,,,,-1,0,,,0,,,,,,,,,,,,,,,,,,1,,,,,,,Sub034,001,2022_Sep_15_1137,2_1_MRI_Rating_SE_RE,2021.2.3,59.96426130735908,
1,0,0,-1,-1,1,-1,1,0,,,,,0,0,0,0,0,17,17,18,0,0,0,0,0,0,0,0,,,,,,,,,,,,,,,,,,,,,164.60971350036561,None,164.60971350036561,None,166.62063769996166,None,0,-1,11.041620467121463,1,1,167.6210014000535,None,b,1.3551064999774098,167.6210014000535,None,Extremely Unlikely,1.6109081000000174,0.6109081000000174,169.00403350032866,None,,,,,,,0,,,,,,,Sub034,001,2022_Sep_15_1137,2_1_MRI_Rating_SE_RE,2021.2.3,59.96426130735908,
1,0,0,-1,-1,1,-1,1,0,,,,,0,0,0,0,0,17,17,18,0,0,0,0,,,,,,,,,,,,,,,,,,,,,,,,,,,,,,,0,-1,,,1,,,,,,,,,,,,,,,,,,0,,,,,,,Sub034,001,2022_Sep_15_1137,2_1_MRI_Rating_SE_RE,2021.2.3,59.96426130735908,
1,0,0,-1,-1,1,-1,1,0,,,,,0,0,0,0,0,17,17,18,,,,,,,,,,,,,,,,,,,,,,,,,,,,,,,,,,,0,-1,,,1,,,,,,,,,,,,,,,,,,0,,,,,,,Sub034,001,2022_Sep_15_1137,2_1_MRI_Rating_SE_RE,2021.2.3,59.96426130735908,
0,1,-1,0,20,-1,2,0,0,,,,,0,0,0,0,0,18,18,48,,,,,,,,,0,0,0,0,,,,,,,,,,,,,,,,,,,,,,,-1,0,,,0,,,,,,,,,,,,170.62470949999988,None,172.63757040072232,None,20,2,0,,,,,,,Sub034,001,2022_Sep_15_1137,2_1_MRI_Rating_SE_RE,2021.2.3,59.96426130735908,
0,1,-1,0,20,-1,2,0,0,,,,,0,0,0,0,0,18,18,48,,,,,,,,,,,,,,,,,,,,,,,,,,,,,,,,,,,-1,0,,,0,,,,,,,,,,,,,,,,,,0,,,,,,,Sub034,001,2022_Sep_15_1137,2_1_MRI_Rating_SE_RE,2021.2.3,59.96426130735908,
1,0,1,-1,-1,3,-1,0,0,,,,,0,0,0,0,0,19,19,14,0,0,0,0,,,,,,,,,,,,,,,,,,,,,,,,,174.6407958008349,None,174.6407958008349,None,176.6542303999886,None,1,-1,29.40218320202695,3,0,,,,,,,,,,,,,,,,,,0,,,,,,,Sub034,001,2022_Sep_15_1137,2_1_MRI_Rating_SE_RE,2021.2.3,59.96426130735908,
1,0,1,-1,-1,3,-1,0,0,,,,,0,0,0,0,0,19,19,14,,,,,,,,,,,,,,,,,,,,,,,,,,,,,,,,,,,1,-1,,,0,,,,,,,,,,,,,,,,,,0,,,,,,,Sub034,001,2022_Sep_15_1137,2_1_MRI_Rating_SE_RE,2021.2.3,59.96426130735908,
1,0,2,-1,-1,2,-1,0,0,,,,,0,0,0,0,0,20,20,16,0,0,0,0,,,,,,,,,,,,,,,,,,,,,,,,,179.6593180000782,None,179.6593180000782,None,181.6712260004133,None,2,-1,55.86632763783208,2,0,,,,,,,,,,,,,,,,,,0,,,,,,,Sub034,001,2022_Sep_15_1137,2_1_MRI_Rating_SE_RE,2021.2.3,59.96426130735908,
1,0,2,-1,-1,2,-1,0,0,,,,,0,0,0,0,0,20,20,16,,,,,,,,,,,,,,,,,,,,,,,,,,,,,,,,,,,2,-1,,,0,,,,,,,,,,,,,,,,,,0,,,,,,,Sub034,001,2022_Sep_15_1137,2_1_MRI_Rating_SE_RE,2021.2.3,59.96426130735908,
1,0,0,-1,-1,3,-1,1,0,,,,,0,0,0,0,0,21,21,29,0,0,0,0,0,0,0,0,,,,,,,,,,,,,,,,,,,,,183.6749325003475,None,183.6749325003475,None,185.6880181999877,None,0,-1,11.041620467121463,3,1,188.6916991006583,None,b,1.3854732001200318,188.6916991006583,None,Extremely Unlikely,1.5741016000000059,0.5741016000000059,190.10475180018693,None,,,,,,,0,,,,,,,Sub034,001,2022_Sep_15_1137,2_1_MRI_Rating_SE_RE,2021.2.3,59.96426130735908,
1,0,0,-1,-1,3,-1,1,0,,,,,0,0,0,0,0,21,21,29,0,0,0,0,,,,,,,,,,,,,,,,,,,,,,,,,,,,,,,0,-1,,,1,,,,,,,,,,,,,,,,,,0,,,,,,,Sub034,001,2022_Sep_15_1137,2_1_MRI_Rating_SE_RE,2021.2.3,59.96426130735908,
1,0,0,-1,-1,3,-1,1,0,,,,,0,0,0,0,0,21,21,29,,,,,,,,,,,,,,,,,,,,,,,,,,,,,,,,,,,0,-1,,,1,,,,,,,,,,,,,,,,,,0,,,,,,,Sub034,001,2022_Sep_15_1137,2_1_MRI_Rating_SE_RE,2021.2.3,59.96426130735908,
1,0,1,-1,-1,3,-1,0,0,,,,,0,0,0,0,0,22,22,5,0,0,0,0,,,,,,,,,,,,,,,,,,,,,,,,,191.69775690045208,None,191.69775690045208,None,193.70553260017186,None,1,-1,29.40218320202695,3,0,,,,,,,,,,,,,,,,,,0,,,,,,,Sub034,001,2022_Sep_15_1137,2_1_MRI_Rating_SE_RE,2021.2.3,59.96426130735908,
1,0,1,-1,-1,3,-1,0,0,,,,,0,0,0,0,0,22,22,5,,,,,,,,,,,,,,,,,,,,,,,,,,,,,,,,,,,1,-1,,,0,,,,,,,,,,,,,,,,,,0,,,,,,,Sub034,001,2022_Sep_15_1137,2_1_MRI_Rating_SE_RE,2021.2.3,59.96426130735908,
0,1,-1,0,20,-1,3,0,1,,,,,0,0,0,0,0,23,23,60,,,,,,,,,0,0,0,0,0,0,0,0,,,,,,,,,,,,,,,,,,,-1,0,,,0,,,,,,,Extremely Unlikely,1.773348100000021,0.7733481000000211,202.93832620047033,None,196.70620370004326,None,198.70500990003347,None,20,3,1,201.70478070061654,None,b,1.2159469006583095,201.70478070061654,None,Sub034,001,2022_Sep_15_1137,2_1_MRI_Rating_SE_RE,2021.2.3,59.96426130735908,
0,1,-1,0,20,-1,3,0,1,,,,,0,0,0,0,0,23,23,60,,,,,,,,,0,0,0,0,,,,,,,,,,,,,,,,,,,,,,,-1,0,,,0,,,,,,,,,,,,,,,,,,1,,,,,,,Sub034,001,2022_Sep_15_1137,2_1_MRI_Rating_SE_RE,2021.2.3,59.96426130735908,
0,1,-1,0,20,-1,3,0,1,,,,,0,0,0,0,0,23,23,60,,,,,,,,,,,,,,,,,,,,,,,,,,,,,,,,,,,-1,0,,,0,,,,,,,,,,,,,,,,,,1,,,,,,,Sub034,001,2022_Sep_15_1137,2_1_MRI_Rating_SE_RE,2021.2.3,59.96426130735908,
0,1,-1,0,20,-1,1,0,0,,,,,0,0,0,0,0,24,24,45,,,,,,,,,0,0,0,0,,,,,,,,,,,,,,,,,,,,,,,-1,0,,,0,,,,,,,,,,,,204.72781280055642,None,206.7386335004121,None,20,1,0,,,,,,,Sub034,001,2022_Sep_15_1137,2_1_MRI_Rating_SE_RE,2021.2.3,59.96426130735908,
0,1,-1,0,20,-1,1,0,0,,,,,0,0,0,0,0,24,24,45,,,,,,,,,,,,,,,,,,,,,,,,,,,,,,,,,,,-1,0,,,0,,,,,,,,,,,,,,,,,,0,,,,,,,Sub034,001,2022_Sep_15_1137,2_1_MRI_Rating_SE_RE,2021.2.3,59.96426130735908,
0,1,-1,1,50,-1,1,0,0,,,,,0,0,0,0,0,25,25,55,,,,,,,,,0,0,0,0,,,,,,,,,,,,,,,,,,,,,,,-1,1,,,0,,,,,,,,,,,,207.73850500024855,None,209.73944560065866,None,50,1,0,,,,,,,Sub034,001,2022_Sep_15_1137,2_1_MRI_Rating_SE_RE,2021.2.3,59.96426130735908,
0,1,-1,1,50,-1,1,0,0,,,,,0,0,0,0,0,25,25,55,,,,,,,,,,,,,,,,,,,,,,,,,,,,,,,,,,,-1,1,,,0,,,,,,,,,,,,,,,,,,0,,,,,,,Sub034,001,2022_Sep_15_1137,2_1_MRI_Rating_SE_RE,2021.2.3,59.96426130735908,
0,1,-1,2,80,-1,1,0,1,,,,,0,0,0,0,0,26,26,74,,,,,,,,,0,0,0,0,0,0,0,0,,,,,,,,,,,,,,,,,,,-1,2,,,0,,,,,,,Extremely Likely,2.0700703999999917,1.0700703999999917,214.67213730048388,None,210.7403020001948,None,212.75604550074786,None,80,1,1,213.7562405001372,None,r,0.8949562003836036,213.7562405001372,None,Sub034,001,2022_Sep_15_1137,2_1_MRI_Rating_SE_RE,2021.2.3,59.96426130735908,
0,1,-1,2,80,-1,1,0,1,,,,,0,0,0,0,0,26,26,74,,,,,,,,,0,0,0,0,,,,,,,,,,,,,,,,,,,,,,,-1,2,,,0,,,,,,,,,,,,,,,,,,1,,,,,,,Sub034,001,2022_Sep_15_1137,2_1_MRI_Rating_SE_RE,2021.2.3,59.96426130735908,
0,1,-1,2,80,-1,1,0,1,,,,,0,0,0,0,0,26,26,74,,,,,,,,,,,,,,,,,,,,,,,,,,,,,,,,,,,-1,2,,,0,,,,,,,,,,,,,,,,,,1,,,,,,,Sub034,001,2022_Sep_15_1137,2_1_MRI_Rating_SE_RE,2021.2.3,59.96426130735908,
0,1,-1,0,20,-1,2,0,0,,,,,0,0,0,0,0,27,27,57,,,,,,,,,0,0,0,0,,,,,,,,,,,,,,,,,,,,,,,-1,0,,,0,,,,,,,,,,,,216.76531659998,None,218.77263610064983,None,20,2,0,,,,,,,Sub034,001,2022_Sep_15_1137,2_1_MRI_Rating_SE_RE,2021.2.3,59.96426130735908,
0,1,-1,0,20,-1,2,0,0,,,,,0,0,0,0,0,27,27,57,,,,,,,,,,,,,,,,,,,,,,,,,,,,,,,,,,,-1,0,,,0,,,,,,,,,,,,,,,,,,0,,,,,,,Sub034,001,2022_Sep_15_1137,2_1_MRI_Rating_SE_RE,2021.2.3,59.96426130735908,
1,0,2,-1,-1,3,-1,1,0,,,,,0,0,0,0,0,28,28,35,0,0,0,0,0,0,0,0,,,,,,,,,,,,,,,,,,,,,220.77345370035619,None,220.77345370035619,None,222.7724246000871,None,2,-1,55.86632763783208,3,1,225.774595300667,None,r,1.0978461001068354,225.774595300667,None,Extremely Likely,1.8862884000000122,0.8862884000000122,226.889100600034,None,,,,,,,0,,,,,,,Sub034,001,2022_Sep_15_1137,2_1_MRI_Rating_SE_RE,2021.2.3,59.96426130735908,
1,0,2,-1,-1,3,-1,1,0,,,,,0,0,0,0,0,28,28,35,0,0,0,0,,,,,,,,,,,,,,,,,,,,,,,,,,,,,,,2,-1,,,1,,,,,,,,,,,,,,,,,,0,,,,,,,Sub034,001,2022_Sep_15_1137,2_1_MRI_Rating_SE_RE,2021.2.3,59.96426130735908,
1,0,2,-1,-1,3,-1,1,0,,,,,0,0,0,0,0,28,28,35,,,,,,,,,,,,,,,,,,,,,,,,,,,,,,,,,,,2,-1,,,1,,,,,,,,,,,,,,,,,,0,,,,,,,Sub034,001,2022_Sep_15_1137,2_1_MRI_Rating_SE_RE,2021.2.3,59.96426130735908,
0,1,-1,0,20,-1,3,0,1,,,,,0,0,0,0,0,29,29,87,,,,,,,,,0,0,0,0,0,0,0,0,,,,,,,,,,,,,,,,,,,-1,0,,,0,,,,,,,Extremely Unlikely,1.7459399999999903,0.7459399999999903,235.05629600025713,None,228.79492889996618,None,230.80644550081342,None,20,3,1,233.80775230005383,None,b,1.2194740995764732,233.80775230005383,None,Sub034,001,2022_Sep_15_1137,2_1_MRI_Rating_SE_RE,2021.2.3,59.96426130735908,
0,1,-1,0,20,-1,3,0,1,,,,,0,0,0,0,0,29,29,87,,,,,,,,,0,0,0,0,,,,,,,,,,,,,,,,,,,,,,,-1,0,,,0,,,,,,,,,,,,,,,,,,1,,,,,,,Sub034,001,2022_Sep_15_1137,2_1_MRI_Rating_SE_RE,2021.2.3,59.96426130735908,
0,1,-1,0,20,-1,3,0,1,,,,,0,0,0,0,0,29,29,87,,,,,,,,,,,,,,,,,,,,,,,,,,,,,,,,,,,-1,0,,,0,,,,,,,,,,,,,,,,,,1,,,,,,,Sub034,001,2022_Sep_15_1137,2_1_MRI_Rating_SE_RE,2021.2.3,59.96426130735908,
1,0,1,-1,-1,3,-1,1,0,,,,,0,0,0,0,0,30,30,41,0,0,0,0,0,0,0,0,,,,,,,,,,,,,,,,,,,,,236.81189660076052,None,236.81189660076052,None,238.82360350061208,None,1,-1,29.40218320202695,3,1,241.82372680027038,None,y,1.0636555003002286,241.82372680027038,None,Slightly Unlikely,1.9098681000000113,0.9098681000000113,242.90674040000886,None,,,,,,,0,,,,,,,Sub034,001,2022_Sep_15_1137,2_1_MRI_Rating_SE_RE,2021.2.3,59.96426130735908,
1,0,1,-1,-1,3,-1,1,0,,,,,0,0,0,0,0,30,30,41,0,0,0,0,,,,,,,,,,,,,,,,,,,,,,,,,,,,,,,1,-1,,,1,,,,,,,,,,,,,,,,,,0,,,,,,,Sub034,001,2022_Sep_15_1137,2_1_MRI_Rating_SE_RE,2021.2.3,59.96426130735908,
1,0,1,-1,-1,3,-1,1,0,,,,,0,0,0,0,0,30,30,41,,,,,,,,,,,,,,,,,,,,,,,,,,,,,,,,,,,1,-1,,,1,,,,,,,,,,,,,,,,,,0,,,,,,,Sub034,001,2022_Sep_15_1137,2_1_MRI_Rating_SE_RE,2021.2.3,59.96426130735908,
1,0,0,-1,-1,2,-1,1,0,,,,,0,0,0,0,0,31,31,19,0,0,0,0,0,0,0,0,,,,,,,,,,,,,,,,,,,,,244.83270850032568,None,244.83270850032568,None,246.84028180036694,None,0,-1,11.041620467121463,2,1,248.8407229008153,None,b,1.168460300192237,248.8407229008153,None,Extremely Unlikely,1.7967669999999885,0.7967669999999885,250.04044160060585,None,,,,,,,0,,,,,,,Sub034,001,2022_Sep_15_1137,2_1_MRI_Rating_SE_RE,2021.2.3,59.96426130735908,
1,0,0,-1,-1,2,-1,1,0,,,,,0,0,0,0,0,31,31,19,0,0,0,0,,,,,,,,,,,,,,,,,,,,,,,,,,,,,,,0,-1,,,1,,,,,,,,,,,,,,,,,,0,,,,,,,Sub034,001,2022_Sep_15_1137,2_1_MRI_Rating_SE_RE,2021.2.3,59.96426130735908,
1,0,0,-1,-1,2,-1,1,0,,,,,0,0,0,0,0,31,31,19,,,,,,,,,,,,,,,,,,,,,,,,,,,,,,,,,,,0,-1,,,1,,,,,,,,,,,,,,,,,,0,,,,,,,Sub034,001,2022_Sep_15_1137,2_1_MRI_Rating_SE_RE,2021.2.3,59.96426130735908,
0,1,-1,1,50,-1,3,0,0,,,,,0,0,0,0,0,32,32,61,,,,,,,,,0,0,0,0,,,,,,,,,,,,,,,,,,,,,,,-1,1,,,0,,,,,,,,,,,,251.84644290059805,None,253.85719300061464,None,50,3,0,,,,,,,Sub034,001,2022_Sep_15_1137,2_1_MRI_Rating_SE_RE,2021.2.3,59.96426130735908,
0,1,-1,1,50,-1,3,0,0,,,,,0,0,0,0,0,32,32,61,,,,,,,,,,,,,,,,,,,,,,,,,,,,,,,,,,,-1,1,,,0,,,,,,,,,,,,,,,,,,0,,,,,,,Sub034,001,2022_Sep_15_1137,2_1_MRI_Rating_SE_RE,2021.2.3,59.96426130735908,
1,0,1,-1,-1,3,-1,1,0,,,,,0,0,0,0,0,33,33,23,0,0,0,0,0,0,0,0,,,,,,,,,,,,,,,,,,,,,256.8582133008167,None,256.8582133008167,None,258.87429050076753,None,1,-1,29.40218320202695,3,1,261.8752064006403,None,y,1.2780305994674563,261.8752064006403,None,Slightly Unlikely,1.6882434999999987,0.6882434999999987,263.1744202002883,None,,,,,,,0,,,,,,,Sub034,001,2022_Sep_15_1137,2_1_MRI_Rating_SE_RE,2021.2.3,59.96426130735908,
1,0,1,-1,-1,3,-1,1,0,,,,,0,0,0,0,0,33,33,23,0,0,0,0,,,,,,,,,,,,,,,,,,,,,,,,,,,,,,,1,-1,,,1,,,,,,,,,,,,,,,,,,0,,,,,,,Sub034,001,2022_Sep_15_1137,2_1_MRI_Rating_SE_RE,2021.2.3,59.96426130735908,
1,0,1,-1,-1,3,-1,1,0,,,,,0,0,0,0,0,33,33,23,,,,,,,,,,,,,,,,,,,,,,,,,,,,,,,,,,,1,-1,,,1,,,,,,,,,,,,,,,,,,0,,,,,,,Sub034,001,2022_Sep_15_1137,2_1_MRI_Rating_SE_RE,2021.2.3,59.96426130735908,
1,0,1,-1,-1,1,-1,0,0,,,,,0,0,0,0,0,34,34,3,0,0,0,0,,,,,,,,,,,,,,,,,,,,,,,,,264.88062680047005,None,264.88062680047005,None,266.8910854002461,None,1,-1,29.40218320202695,1,0,,,,,,,,,,,,,,,,,,0,,,,,,,Sub034,001,2022_Sep_15_1137,2_1_MRI_Rating_SE_RE,2021.2.3,59.96426130735908,
1,0,1,-1,-1,1,-1,0,0,,,,,0,0,0,0,0,34,34,3,,,,,,,,,,,,,,,,,,,,,,,,,,,,,,,,,,,1,-1,,,0,,,,,,,,,,,,,,,,,,0,,,,,,,Sub034,001,2022_Sep_15_1137,2_1_MRI_Rating_SE_RE,2021.2.3,59.96426130735908,
1,0,1,-1,-1,2,-1,1,0,,,,,0,0,0,0,0,35,35,40,0,0,0,0,0,0,0,0,,,,,,,,,,,,,,,,,,,,,267.8908657999709,None,267.8908657999709,None,269.89118969999254,None,1,-1,29.40218320202695,2,1,271.8927159002051,None,y,1.4224338000640273,271.8927159002051,None,Slightly Unlikely,1.5517983999999956,0.5517983999999956,273.341165500693,None,,,,,,,0,,,,,,,Sub034,001,2022_Sep_15_1137,2_1_MRI_Rating_SE_RE,2021.2.3,59.96426130735908,
1,0,1,-1,-1,2,-1,1,0,,,,,0,0,0,0,0,35,35,40,0,0,0,0,,,,,,,,,,,,,,,,,,,,,,,,,,,,,,,1,-1,,,1,,,,,,,,,,,,,,,,,,0,,,,,,,Sub034,001,2022_Sep_15_1137,2_1_MRI_Rating_SE_RE,2021.2.3,59.96426130735908,
1,0,1,-1,-1,2,-1,1,0,,,,,0,0,0,0,0,35,35,40,,,,,,,,,,,,,,,,,,,,,,,,,,,,,,,,,,,1,-1,,,1,,,,,,,,,,,,,,,,,,0,,,,,,,Sub034,001,2022_Sep_15_1137,2_1_MRI_Rating_SE_RE,2021.2.3,59.96426130735908,
1,0,2,-1,-1,3,-1,1,0,,,,,0,0,0,0,0,36,36,26,0,0,0,0,0,0,0,0,,,,,,,,,,,,,,,,,,,,,274.91390260029584,None,274.91390260029584,None,276.9244431005791,None,2,-1,55.86632763783208,3,1,279.9252084000036,None,r,1.0800116993486881,279.9252084000036,None,Extremely Likely,1.8907060000000229,0.8907060000000229,281.02534150052816,None,,,,,,,0,,,,,,,Sub034,001,2022_Sep_15_1137,2_1_MRI_Rating_SE_RE,2021.2.3,59.96426130735908,
1,0,2,-1,-1,3,-1,1,0,,,,,0,0,0,0,0,36,36,26,0,0,0,0,,,,,,,,,,,,,,,,,,,,,,,,,,,,,,,2,-1,,,1,,,,,,,,,,,,,,,,,,0,,,,,,,Sub034,001,2022_Sep_15_1137,2_1_MRI_Rating_SE_RE,2021.2.3,59.96426130735908,
1,0,2,-1,-1,3,-1,1,0,,,,,0,0,0,0,0,36,36,26,,,,,,,,,,,,,,,,,,,,,,,,,,,,,,,,,,,2,-1,,,1,,,,,,,,,,,,,,,,,,0,,,,,,,Sub034,001,2022_Sep_15_1137,2_1_MRI_Rating_SE_RE,2021.2.3,59.96426130735908,
1,0,1,-1,-1,3,-1,1,0,,,,,0,0,0,0,0,37,37,32,0,0,0,0,0,0,0,0,,,,,,,,,,,,,,,,,,,,,282.9336414001882,None,282.9336414001882,None,284.94213599991053,None,1,-1,29.40218320202695,3,1,287.942660599947,None,g,1.0880161002278328,287.942660599947,None,Slightly Likely,1.879338099999984,0.879338099999984,289.0583774000406,None,,,,,,,0,,,,,,,Sub034,001,2022_Sep_15_1137,2_1_MRI_Rating_SE_RE,2021.2.3,59.96426130735908,
1,0,1,-1,-1,3,-1,1,0,,,,,0,0,0,0,0,37,37,32,0,0,0,0,,,,,,,,,,,,,,,,,,,,,,,,,,,,,,,1,-1,,,1,,,,,,,,,,,,,,,,,,0,,,,,,,Sub034,001,2022_Sep_15_1137,2_1_MRI_Rating_SE_RE,2021.2.3,59.96426130735908,
1,0,1,-1,-1,3,-1,1,0,,,,,0,0,0,0,0,37,37,32,,,,,,,,,,,,,,,,,,,,,,,,,,,,,,,,,,,1,-1,,,1,,,,,,,,,,,,,,,,,,0,,,,,,,Sub034,001,2022_Sep_15_1137,2_1_MRI_Rating_SE_RE,2021.2.3,59.96426130735908,
1,0,2,-1,-1,1,-1,0,0,,,,,0,0,0,0,0,38,38,6,0,0,0,0,,,,,,,,,,,,,,,,,,,,,,,,,290.94897160027176,None,290.94897160027176,None,292.9585029007867,None,2,-1,55.86632763783208,1,0,,,,,,,,,,,,,,,,,,0,,,,,,,Sub034,001,2022_Sep_15_1137,2_1_MRI_Rating_SE_RE,2021.2.3,59.96426130735908,
1,0,2,-1,-1,1,-1,0,0,,,,,0,0,0,0,0,38,38,6,,,,,,,,,,,,,,,,,,,,,,,,,,,,,,,,,,,2,-1,,,0,,,,,,,,,,,,,,,,,,0,,,,,,,Sub034,001,2022_Sep_15_1137,2_1_MRI_Rating_SE_RE,2021.2.3,59.96426130735908,
1,0,2,-1,-1,1,-1,1,0,,,,,0,0,0,0,0,39,39,24,0,0,0,0,0,0,0,0,,,,,,,,,,,,,,,,,,,,,293.96144030056894,None,293.96144030056894,None,295.97524520009756,None,2,-1,55.86632763783208,1,1,296.97619500011206,None,r,0.9381122998893261,296.97619500011206,None,Extremely Likely,2.024774100000002,1.024774100000002,297.9426255002618,None,,,,,,,0,,,,,,,Sub034,001,2022_Sep_15_1137,2_1_MRI_Rating_SE_RE,2021.2.3,59.96426130735908,
1,0,2,-1,-1,1,-1,1,0,,,,,0,0,0,0,0,39,39,24,0,0,0,0,,,,,,,,,,,,,,,,,,,,,,,,,,,,,,,2,-1,,,1,,,,,,,,,,,,,,,,,,0,,,,,,,Sub034,001,2022_Sep_15_1137,2_1_MRI_Rating_SE_RE,2021.2.3,59.96426130735908,
1,0,2,-1,-1,1,-1,1,0,,,,,0,0,0,0,0,39,39,24,,,,,,,,,,,,,,,,,,,,,,,,,,,,,,,,,,,2,-1,,,1,,,,,,,,,,,,,,,,,,0,,,,,,,Sub034,001,2022_Sep_15_1137,2_1_MRI_Rating_SE_RE,2021.2.3,59.96426130735908,
1,0,1,-1,-1,1,-1,1,0,,,,,0,0,0,0,0,40,40,39,0,0,0,0,0,0,0,0,,,,,,,,,,,,,,,,,,,,,299.98458540067077,None,299.98458540067077,None,301.9925001002848,None,1,-1,29.40218320202695,1,1,302.9929400002584,None,g,1.3063249001279473,302.9929400002584,None,Slightly Likely,1.6632907999999702,0.6632907999999702,304.3257921002805,None,,,,,,,0,,,,,,,Sub034,001,2022_Sep_15_1137,2_1_MRI_Rating_SE_RE,2021.2.3,59.96426130735908,
1,0,1,-1,-1,1,-1,1,0,,,,,0,0,0,0,0,40,40,39,0,0,0,0,,,,,,,,,,,,,,,,,,,,,,,,,,,,,,,1,-1,,,1,,,,,,,,,,,,,,,,,,0,,,,,,,Sub034,001,2022_Sep_15_1137,2_1_MRI_Rating_SE_RE,2021.2.3,59.96426130735908,
1,0,1,-1,-1,1,-1,1,0,,,,,0,0,0,0,0,40,40,39,,,,,,,,,,,,,,,,,,,,,,,,,,,,,,,,,,,1,-1,,,1,,,,,,,,,,,,,,,,,,0,,,,,,,Sub034,001,2022_Sep_15_1137,2_1_MRI_Rating_SE_RE,2021.2.3,59.96426130735908,
1,0,2,-1,-1,2,-1,1,0,,,,,0,0,0,0,0,41,41,34,0,0,0,0,0,0,0,0,,,,,,,,,,,,,,,,,,,,,305.99800150003284,None,305.99800150003284,None,308.0097974007949,None,2,-1,55.86632763783208,2,1,310.0110071999952,None,r,0.8272721990942955,310.0110071999952,None,Extremely Likely,2.1444216999999526,1.1444216999999526,310.859461100772,None,,,,,,,0,,,,,,,Sub034,001,2022_Sep_15_1137,2_1_MRI_Rating_SE_RE,2021.2.3,59.96426130735908,
1,0,2,-1,-1,2,-1,1,0,,,,,0,0,0,0,0,41,41,34,0,0,0,0,,,,,,,,,,,,,,,,,,,,,,,,,,,,,,,2,-1,,,1,,,,,,,,,,,,,,,,,,0,,,,,,,Sub034,001,2022_Sep_15_1137,2_1_MRI_Rating_SE_RE,2021.2.3,59.96426130735908,
1,0,2,-1,-1,2,-1,1,0,,,,,0,0,0,0,0,41,41,34,,,,,,,,,,,,,,,,,,,,,,,,,,,,,,,,,,,2,-1,,,1,,,,,,,,,,,,,,,,,,0,,,,,,,Sub034,001,2022_Sep_15_1137,2_1_MRI_Rating_SE_RE,2021.2.3,59.96426130735908,
1,0,0,-1,-1,3,-1,1,0,,,,,0,0,0,0,0,42,42,20,0,0,0,0,0,0,0,0,,,,,,,,,,,,,,,,,,,,,313.0173444999382,None,313.0173444999382,None,315.02672050055116,None,0,-1,11.041620467121463,3,1,318.02815630007535,None,b,1.0841001002117991,318.02815630007535,None,Extremely Unlikely,1.879388600000027,0.879388600000027,319.14277480077,None,,,,,,,0,,,,,,,Sub034,001,2022_Sep_15_1137,2_1_MRI_Rating_SE_RE,2021.2.3,59.96426130735908,
1,0,0,-1,-1,3,-1,1,0,,,,,0,0,0,0,0,42,42,20,0,0,0,0,,,,,,,,,,,,,,,,,,,,,,,,,,,,,,,0,-1,,,1,,,,,,,,,,,,,,,,,,0,,,,,,,Sub034,001,2022_Sep_15_1137,2_1_MRI_Rating_SE_RE,2021.2.3,59.96426130735908,
1,0,0,-1,-1,3,-1,1,0,,,,,0,0,0,0,0,42,42,20,,,,,,,,,,,,,,,,,,,,,,,,,,,,,,,,,,,0,-1,,,1,,,,,,,,,,,,,,,,,,0,,,,,,,Sub034,001,2022_Sep_15_1137,2_1_MRI_Rating_SE_RE,2021.2.3,59.96426130735908,
1,0,0,-1,-1,1,-1,0,0,,,,,0,0,0,0,0,43,43,9,0,0,0,0,,,,,,,,,,,,,,,,,,,,,,,,,321.03225470054895,None,321.03225470054895,None,323.0432508001104,None,0,-1,11.041620467121463,1,0,,,,,,,,,,,,,,,,,,0,,,,,,,Sub034,001,2022_Sep_15_1137,2_1_MRI_Rating_SE_RE,2021.2.3,59.96426130735908,
1,0,0,-1,-1,1,-1,0,0,,,,,0,0,0,0,0,43,43,9,,,,,,,,,,,,,,,,,,,,,,,,,,,,,,,,,,,0,-1,,,0,,,,,,,,,,,,,,,,,,0,,,,,,,Sub034,001,2022_Sep_15_1137,2_1_MRI_Rating_SE_RE,2021.2.3,59.96426130735908,
0,1,-1,1,50,-1,2,0,1,,,,,0,0,0,0,0,44,44,76,,,,,,,,,0,0,0,0,0,0,0,0,,,,,,,,,,,,,,,,,,,-1,1,,,0,,,,,,,Slightly Likely,1.689648200000022,0.6896482000000219,329.36039980035275,None,324.04494720045477,None,326.0601462004706,None,50,2,1,328.0606980007142,None,g,1.2725804997608066,328.0606980007142,None,Sub034,001,2022_Sep_15_1137,2_1_MRI_Rating_SE_RE,2021.2.3,59.96426130735908,
0,1,-1,1,50,-1,2,0,1,,,,,0,0,0,0,0,44,44,76,,,,,,,,,0,0,0,0,,,,,,,,,,,,,,,,,,,,,,,-1,1,,,0,,,,,,,,,,,,,,,,,,1,,,,,,,Sub034,001,2022_Sep_15_1137,2_1_MRI_Rating_SE_RE,2021.2.3,59.96426130735908,
0,1,-1,1,50,-1,2,0,1,,,,,0,0,0,0,0,44,44,76,,,,,,,,,,,,,,,,,,,,,,,,,,,,,,,,,,,-1,1,,,0,,,,,,,,,,,,,,,,,,1,,,,,,,Sub034,001,2022_Sep_15_1137,2_1_MRI_Rating_SE_RE,2021.2.3,59.96426130735908,
1,0,0,-1,-1,2,-1,0,0,,,,,0,0,0,0,0,45,45,10,0,0,0,0,,,,,,,,,,,,,,,,,,,,,,,,,331.06543490011245,None,331.06543490011245,None,333.07737550046295,None,0,-1,11.041620467121463,2,0,,,,,,,,,,,,,,,,,,0,,,,,,,Sub034,001,2022_Sep_15_1137,2_1_MRI_Rating_SE_RE,2021.2.3,59.96426130735908,
1,0,0,-1,-1,2,-1,0,0,,,,,0,0,0,0,0,45,45,10,,,,,,,,,,,,,,,,,,,,,,,,,,,,,,,,,,,0,-1,,,0,,,,,,,,,,,,,,,,,,0,,,,,,,Sub034,001,2022_Sep_15_1137,2_1_MRI_Rating_SE_RE,2021.2.3,59.96426130735908,
0,1,-1,1,50,-1,3,0,0,,,,,0,0,0,0,0,46,46,52,,,,,,,,,0,0,0,0,,,,,,,,,,,,,,,,,,,,,,,-1,1,,,0,,,,,,,,,,,,335.0800654999912,None,337.0939618004486,None,50,3,0,,,,,,,Sub034,001,2022_Sep_15_1137,2_1_MRI_Rating_SE_RE,2021.2.3,59.96426130735908,
0,1,-1,1,50,-1,3,0,0,,,,,0,0,0,0,0,46,46,52,,,,,,,,,,,,,,,,,,,,,,,,,,,,,,,,,,,-1,1,,,0,,,,,,,,,,,,,,,,,,0,,,,,,,Sub034,001,2022_Sep_15_1137,2_1_MRI_Rating_SE_RE,2021.2.3,59.96426130735908,
0,1,-1,2,80,-1,3,0,0,,,,,0,0,0,0,0,47,47,62,,,,,,,,,0,0,0,0,,,,,,,,,,,,,,,,,,,,,,,-1,2,,,0,,,,,,,,,,,,340.0954035008326,None,342.09438400063664,None,80,3,0,,,,,,,Sub034,001,2022_Sep_15_1137,2_1_MRI_Rating_SE_RE,2021.2.3,59.96426130735908,
0,1,-1,2,80,-1,3,0,0,,,,,0,0,0,0,0,47,47,62,,,,,,,,,,,,,,,,,,,,,,,,,,,,,,,,,,,-1,2,,,0,,,,,,,,,,,,,,,,,,0,,,,,,,Sub034,001,2022_Sep_15_1137,2_1_MRI_Rating_SE_RE,2021.2.3,59.96426130735908,
0,1,-1,1,50,-1,3,0,1,,,,,0,0,0,0,0,48,48,70,,,,,,,,,0,0,0,0,0,0,0,0,,,,,,,,,,,,,,,,,,,-1,1,,,0,,,,,,,Slightly Likely,1.7566092999999796,0.7566092999999796,351.34408750012517,None,345.0978725999594,None,347.11095060035586,None,50,3,1,350.1262594005093,None,g,1.1929923994466662,350.1262594005093,None,Sub034,001,2022_Sep_15_1137,2_1_MRI_Rating_SE_RE,2021.2.3,59.96426130735908,
0,1,-1,1,50,-1,3,0,1,,,,,0,0,0,0,0,48,48,70,,,,,,,,,0,0,0,0,,,,,,,,,,,,,,,,,,,,,,,-1,1,,,0,,,,,,,,,,,,,,,,,,1,,,,,,,Sub034,001,2022_Sep_15_1137,2_1_MRI_Rating_SE_RE,2021.2.3,59.96426130735908,
0,1,-1,1,50,-1,3,0,1,,,,,0,0,0,0,0,48,48,70,,,,,,,,,,,,,,,,,,,,,,,,,,,,,,,,,,,-1,1,,,0,,,,,,,,,,,,,,,,,,1,,,,,,,Sub034,001,2022_Sep_15_1137,2_1_MRI_Rating_SE_RE,2021.2.3,59.96426130735908,
1,0,1,-1,-1,2,-1,1,0,,,,,0,0,0,0,0,49,49,13,0,0,0,0,0,0,0,0,,,,,,,,,,,,,,,,,,,,,353.1181749003008,None,353.1181749003008,None,355.1280014999211,None,1,-1,29.40218320202695,2,1,357.1308718007058,None,g,1.2193700997158885,357.1308718007058,None,Slightly Likely,1.7444176000000198,0.7444176000000198,358.37761100009084,None,,,,,,,0,,,,,,,Sub034,001,2022_Sep_15_1137,2_1_MRI_Rating_SE_RE,2021.2.3,59.96426130735908,
1,0,1,-1,-1,2,-1,1,0,,,,,0,0,0,0,0,49,49,13,0,0,0,0,,,,,,,,,,,,,,,,,,,,,,,,,,,,,,,1,-1,,,1,,,,,,,,,,,,,,,,,,0,,,,,,,Sub034,001,2022_Sep_15_1137,2_1_MRI_Rating_SE_RE,2021.2.3,59.96426130735908,
1,0,1,-1,-1,2,-1,1,0,,,,,0,0,0,0,0,49,49,13,,,,,,,,,,,,,,,,,,,,,,,,,,,,,,,,,,,1,-1,,,1,,,,,,,,,,,,,,,,,,0,,,,,,,Sub034,001,2022_Sep_15_1137,2_1_MRI_Rating_SE_RE,2021.2.3,59.96426130735908,
1,0,2,-1,-1,2,-1,1,0,,,,,0,0,0,0,0,50,50,43,0,0,0,0,0,0,0,0,,,,,,,,,,,,,,,,,,,,,360.1367270005867,None,360.1367270005867,None,362.14518580026925,None,2,-1,55.86632763783208,2,1,364.14718410000205,None,r,1.0132855996489525,364.14718410000205,None,Extremely Likely,1.9589341999999874,0.9589341999999874,365.17843870073557,None,,,,,,,0,,,,,,,Sub034,001,2022_Sep_15_1137,2_1_MRI_Rating_SE_RE,2021.2.3,59.96426130735908,
1,0,2,-1,-1,2,-1,1,0,,,,,0,0,0,0,0,50,50,43,0,0,0,0,,,,,,,,,,,,,,,,,,,,,,,,,,,,,,,2,-1,,,1,,,,,,,,,,,,,,,,,,0,,,,,,,Sub034,001,2022_Sep_15_1137,2_1_MRI_Rating_SE_RE,2021.2.3,59.96426130735908,
1,0,2,-1,-1,2,-1,1,0,,,,,0,0,0,0,0,50,50,43,,,,,,,,,,,,,,,,,,,,,,,,,,,,,,,,,,,2,-1,,,1,,,,,,,,,,,,,,,,,,0,,,,,,,Sub034,001,2022_Sep_15_1137,2_1_MRI_Rating_SE_RE,2021.2.3,59.96426130735908,
1,0,2,-1,-1,3,-1,0,0,,,,,0,0,0,0,0,51,51,17,0,0,0,0,,,,,,,,,,,,,,,,,,,,,,,,,367.15223320014775,None,367.15223320014775,None,369.1617729999125,None,2,-1,55.86632763783208,3,0,,,,,,,,,,,,,,,,,,0,,,,,,,Sub034,001,2022_Sep_15_1137,2_1_MRI_Rating_SE_RE,2021.2.3,59.96426130735908,
1,0,2,-1,-1,3,-1,0,0,,,,,0,0,0,0,0,51,51,17,,,,,,,,,,,,,,,,,,,,,,,,,,,,,,,,,,,2,-1,,,0,,,,,,,,,,,,,,,,,,0,,,,,,,Sub034,001,2022_Sep_15_1137,2_1_MRI_Rating_SE_RE,2021.2.3,59.96426130735908,
0,1,-1,1,50,-1,3,0,1,,,,,0,0,0,0,0,52,52,79,,,,,,,,,0,0,0,0,0,0,0,0,,,,,,,,,,,,,,,,,,,-1,1,,,0,,,,,,,Slightly Likely,1.9369699999999739,0.9369699999999739,378.228287900798,None,372.1618494000286,None,374.1619955999777,None,50,3,1,377.1639483002946,None,g,1.0373084004968405,377.1639483002946,None,Sub034,001,2022_Sep_15_1137,2_1_MRI_Rating_SE_RE,2021.2.3,59.96426130735908,
0,1,-1,1,50,-1,3,0,1,,,,,0,0,0,0,0,52,52,79,,,,,,,,,0,0,0,0,,,,,,,,,,,,,,,,,,,,,,,-1,1,,,0,,,,,,,,,,,,,,,,,,1,,,,,,,Sub034,001,2022_Sep_15_1137,2_1_MRI_Rating_SE_RE,2021.2.3,59.96426130735908,
0,1,-1,1,50,-1,3,0,1,,,,,0,0,0,0,0,52,52,79,,,,,,,,,,,,,,,,,,,,,,,,,,,,,,,,,,,-1,1,,,0,,,,,,,,,,,,,,,,,,1,,,,,,,Sub034,001,2022_Sep_15_1137,2_1_MRI_Rating_SE_RE,2021.2.3,59.96426130735908,
0,1,-1,1,50,-1,2,0,1,,,,,0,0,0,0,0,53,53,85,,,,,,,,,0,0,0,0,0,0,0,0,,,,,,,,,,,,,,,,,,,-1,1,,,0,,,,,,,Slightly Likely,1.743540400000029,0.743540400000029,385.44610380008817,None,380.18201720062643,None,382.1958514004946,None,50,2,1,384.1956764003262,None,g,1.2246072003617883,384.1956764003262,None,Sub034,001,2022_Sep_15_1137,2_1_MRI_Rating_SE_RE,2021.2.3,59.96426130735908,
0,1,-1,1,50,-1,2,0,1,,,,,0,0,0,0,0,53,53,85,,,,,,,,,0,0,0,0,,,,,,,,,,,,,,,,,,,,,,,-1,1,,,0,,,,,,,,,,,,,,,,,,1,,,,,,,Sub034,001,2022_Sep_15_1137,2_1_MRI_Rating_SE_RE,2021.2.3,59.96426130735908,
0,1,-1,1,50,-1,2,0,1,,,,,0,0,0,0,0,53,53,85,,,,,,,,,,,,,,,,,,,,,,,,,,,,,,,,,,,-1,1,,,0,,,,,,,,,,,,,,,,,,1,,,,,,,Sub034,001,2022_Sep_15_1137,2_1_MRI_Rating_SE_RE,2021.2.3,59.96426130735908,
0,1,-1,2,80,-1,3,0,1,,,,,0,0,0,0,0,54,54,89,,,,,,,,,0,0,0,0,0,0,0,0,,,,,,,,,,,,,,,,,,,-1,2,,,0,,,,,,,Extremely Likely,1.6948886999999786,0.6948886999999786,393.51263110060245,None,387.2034696005285,None,389.21243240032345,None,80,3,1,392.21570600010455,None,r,1.2725694002583623,392.21570600010455,None,Sub034,001,2022_Sep_15_1137,2_1_MRI_Rating_SE_RE,2021.2.3,59.96426130735908,
0,1,-1,2,80,-1,3,0,1,,,,,0,0,0,0,0,54,54,89,,,,,,,,,0,0,0,0,,,,,,,,,,,,,,,,,,,,,,,-1,2,,,0,,,,,,,,,,,,,,,,,,1,,,,,,,Sub034,001,2022_Sep_15_1137,2_1_MRI_Rating_SE_RE,2021.2.3,59.96426130735908,
0,1,-1,2,80,-1,3,0,1,,,,,0,0,0,0,0,54,54,89,,,,,,,,,,,,,,,,,,,,,,,,,,,,,,,,,,,-1,2,,,0,,,,,,,,,,,,,,,,,,1,,,,,,,Sub034,001,2022_Sep_15_1137,2_1_MRI_Rating_SE_RE,2021.2.3,59.96426130735908,
0,1,-1,1,50,-1,1,0,1,,,,,0,0,0,0,0,55,55,73,,,,,,,,,0,0,0,0,0,0,0,0,,,,,,,,,,,,,,,,,,,-1,1,,,0,,,,,,,Slightly Likely,1.6936140999999907,0.6936140999999907,399.5293006002903,None,395.2176807001233,None,397.229829300195,None,50,1,1,398.23244580067694,None,g,1.2809768002480268,398.23244580067694,None,Sub034,001,2022_Sep_15_1137,2_1_MRI_Rating_SE_RE,2021.2.3,59.96426130735908,
0,1,-1,1,50,-1,1,0,1,,,,,0,0,0,0,0,55,55,73,,,,,,,,,0,0,0,0,,,,,,,,,,,,,,,,,,,,,,,-1,1,,,0,,,,,,,,,,,,,,,,,,1,,,,,,,Sub034,001,2022_Sep_15_1137,2_1_MRI_Rating_SE_RE,2021.2.3,59.96426130735908,
0,1,-1,1,50,-1,1,0,1,,,,,0,0,0,0,0,55,55,73,,,,,,,,,,,,,,,,,,,,,,,,,,,,,,,,,,,-1,1,,,0,,,,,,,,,,,,,,,,,,1,,,,,,,Sub034,001,2022_Sep_15_1137,2_1_MRI_Rating_SE_RE,2021.2.3,59.96426130735908,
1,0,0,-1,-1,1,-1,1,0,,,,,0,0,0,0,0,56,56,27,0,0,0,0,0,0,0,0,,,,,,,,,,,,,,,,,,,,,401.23837460018694,None,401.23837460018694,None,403.24628790002316,None,0,-1,11.041620467121463,1,1,404.2482863003388,None,b,1.3205420998856425,404.2482863003388,None,Extremely Unlikely,1.6463453000000072,0.6463453000000072,405.5965003008023,None,,,,,,,0,,,,,,,Sub034,001,2022_Sep_15_1137,2_1_MRI_Rating_SE_RE,2021.2.3,59.96426130735908,
1,0,0,-1,-1,1,-1,1,0,,,,,0,0,0,0,0,56,56,27,0,0,0,0,,,,,,,,,,,,,,,,,,,,,,,,,,,,,,,0,-1,,,1,,,,,,,,,,,,,,,,,,0,,,,,,,Sub034,001,2022_Sep_15_1137,2_1_MRI_Rating_SE_RE,2021.2.3,59.96426130735908,
1,0,0,-1,-1,1,-1,1,0,,,,,0,0,0,0,0,56,56,27,,,,,,,,,,,,,,,,,,,,,,,,,,,,,,,,,,,0,-1,,,1,,,,,,,,,,,,,,,,,,0,,,,,,,Sub034,001,2022_Sep_15_1137,2_1_MRI_Rating_SE_RE,2021.2.3,59.96426130735908,
0,1,-1,0,20,-1,1,0,0,,,,,0,0,0,0,0,57,57,54,,,,,,,,,0,0,0,0,,,,,,,,,,,,,,,,,,,,,,,-1,0,,,0,,,,,,,,,,,,407.2546232007444,None,409.2638449007645,None,20,1,0,,,,,,,Sub034,001,2022_Sep_15_1137,2_1_MRI_Rating_SE_RE,2021.2.3,59.96426130735908,
0,1,-1,0,20,-1,1,0,0,,,,,0,0,0,0,0,57,57,54,,,,,,,,,,,,,,,,,,,,,,,,,,,,,,,,,,,-1,0,,,0,,,,,,,,,,,,,,,,,,0,,,,,,,Sub034,001,2022_Sep_15_1137,2_1_MRI_Rating_SE_RE,2021.2.3,59.96426130735908,
0,1,-1,2,80,-1,2,0,1,,,,,0,0,0,0,0,58,58,77,,,,,,,,,0,0,0,0,0,0,0,0,,,,,,,,,,,,,,,,,,,-1,2,,,0,,,,,,,Extremely Likely,2.072481200000027,1.072481200000027,415.19695950020105,None,410.2648414000869,None,412.28029070049524,None,80,2,1,414.2796697001904,None,r,0.9006546996533871,414.2796697001904,None,Sub034,001,2022_Sep_15_1137,2_1_MRI_Rating_SE_RE,2021.2.3,59.96426130735908,
0,1,-1,2,80,-1,2,0,1,,,,,0,0,0,0,0,58,58,77,,,,,,,,,0,0,0,0,,,,,,,,,,,,,,,,,,,,,,,-1,2,,,0,,,,,,,,,,,,,,,,,,1,,,,,,,Sub034,001,2022_Sep_15_1137,2_1_MRI_Rating_SE_RE,2021.2.3,59.96426130735908,
0,1,-1,2,80,-1,2,0,1,,,,,0,0,0,0,0,58,58,77,,,,,,,,,,,,,,,,,,,,,,,,,,,,,,,,,,,-1,2,,,0,,,,,,,,,,,,,,,,,,1,,,,,,,Sub034,001,2022_Sep_15_1137,2_1_MRI_Rating_SE_RE,2021.2.3,59.96426130735908,
0,1,-1,2,80,-1,2,0,1,,,,,0,0,0,0,0,59,59,86,,,,,,,,,0,0,0,0,0,0,0,0,,,,,,,,,,,,,,,,,,,-1,2,,,0,,,,,,,Extremely Likely,1.9111757999999668,0.9111757999999668,422.38012950029224,None,417.2851583007723,None,419.29741790052503,None,80,2,1,421.312190300785,None,r,1.0372494999319315,421.312190300785,None,Sub034,001,2022_Sep_15_1137,2_1_MRI_Rating_SE_RE,2021.2.3,59.96426130735908,
0,1,-1,2,80,-1,2,0,1,,,,,0,0,0,0,0,59,59,86,,,,,,,,,0,0,0,0,,,,,,,,,,,,,,,,,,,,,,,-1,2,,,0,,,,,,,,,,,,,,,,,,1,,,,,,,Sub034,001,2022_Sep_15_1137,2_1_MRI_Rating_SE_RE,2021.2.3,59.96426130735908,
0,1,-1,2,80,-1,2,0,1,,,,,0,0,0,0,0,59,59,86,,,,,,,,,,,,,,,,,,,,,,,,,,,,,,,,,,,-1,2,,,0,,,,,,,,,,,,,,,,,,1,,,,,,,Sub034,001,2022_Sep_15_1137,2_1_MRI_Rating_SE_RE,2021.2.3,59.96426130735908,
0,1,-1,0,20,-1,1,0,1,,,,,0,0,0,0,0,60,60,81,,,,,,,,,0,0,0,0,0,0,0,0,,,,,,,,,,,,,,,,,,,-1,0,,,0,,,,,,,Extremely Unlikely,1.5611149000000069,0.5611149000000069,428.7477059001103,None,424.30370780080557,None,426.3143303003162,None,20,1,1,427.3159934999421,None,b,1.4095387002453208,427.3159934999421,None,Sub034,001,2022_Sep_15_1137,2_1_MRI_Rating_SE_RE,2021.2.3,59.96426130735908,
0,1,-1,0,20,-1,1,0,1,,,,,0,0,0,0,0,60,60,81,,,,,,,,,0,0,0,0,,,,,,,,,,,,,,,,,,,,,,,-1,0,,,0,,,,,,,,,,,,,,,,,,1,,,,,,,Sub034,001,2022_Sep_15_1137,2_1_MRI_Rating_SE_RE,2021.2.3,59.96426130735908,
0,1,-1,0,20,-1,1,0,1,,,,,0,0,0,0,0,60,60,81,,,,,,,,,,,,,,,,,,,,,,,,,,,,,,,,,,,-1,0,,,0,,,,,,,,,,,,,,,,,,1,,,,,,,Sub034,001,2022_Sep_15_1137,2_1_MRI_Rating_SE_RE,2021.2.3,59.96426130735908,
1,0,1,-1,-1,2,-1,1,0,,,,,0,0,0,0,0,61,61,22,0,0,0,0,0,0,0,0,,,,,,,,,,,,,,,,,,,,,430.31937460042536,None,430.31937460042536,None,432.3307622000575,None,1,-1,29.40218320202695,2,1,434.33423230051994,None,g,1.324155700393021,434.33423230051994,None,Slightly Likely,1.6403958999999873,0.6403958999999873,435.6809912007302,None,,,,,,,0,,,,,,,Sub034,001,2022_Sep_15_1137,2_1_MRI_Rating_SE_RE,2021.2.3,59.96426130735908,
1,0,1,-1,-1,2,-1,1,0,,,,,0,0,0,0,0,61,61,22,0,0,0,0,,,,,,,,,,,,,,,,,,,,,,,,,,,,,,,1,-1,,,1,,,,,,,,,,,,,,,,,,0,,,,,,,Sub034,001,2022_Sep_15_1137,2_1_MRI_Rating_SE_RE,2021.2.3,59.96426130735908,
1,0,1,-1,-1,2,-1,1,0,,,,,0,0,0,0,0,61,61,22,,,,,,,,,,,,,,,,,,,,,,,,,,,,,,,,,,,1,-1,,,1,,,,,,,,,,,,,,,,,,0,,,,,,,Sub034,001,2022_Sep_15_1137,2_1_MRI_Rating_SE_RE,2021.2.3,59.96426130735908,
0,1,-1,2,80,-1,1,0,1,,,,,0,0,0,0,0,62,62,83,,,,,,,,,0,0,0,0,0,0,0,0,,,,,,,,,,,,,,,,,,,-1,2,,,0,,,,,,,Extremely Likely,1.7650864999999953,0.7650864999999953,441.58100260049105,None,437.34096300043166,None,439.34801959991455,None,80,1,1,440.34804000053555,None,r,1.2157688001170754,440.34804000053555,None,Sub034,001,2022_Sep_15_1137,2_1_MRI_Rating_SE_RE,2021.2.3,59.96426130735908,
0,1,-1,2,80,-1,1,0,1,,,,,0,0,0,0,0,62,62,83,,,,,,,,,0,0,0,0,,,,,,,,,,,,,,,,,,,,,,,-1,2,,,0,,,,,,,,,,,,,,,,,,1,,,,,,,Sub034,001,2022_Sep_15_1137,2_1_MRI_Rating_SE_RE,2021.2.3,59.96426130735908,
0,1,-1,2,80,-1,1,0,1,,,,,0,0,0,0,0,62,62,83,,,,,,,,,,,,,,,,,,,,,,,,,,,,,,,,,,,-1,2,,,0,,,,,,,,,,,,,,,,,,1,,,,,,,Sub034,001,2022_Sep_15_1137,2_1_MRI_Rating_SE_RE,2021.2.3,59.96426130735908,
1,0,2,-1,-1,2,-1,1,0,,,,,0,0,0,0,0,63,63,25,0,0,0,0,0,0,0,0,,,,,,,,,,,,,,,,,,,,,443.35417139995843,None,443.35417139995843,None,445.3646601000801,None,2,-1,55.86632763783208,2,1,447.3650187002495,None,r,0.9773196997120976,447.3650187002495,None,Extremely Likely,1.993836999999985,0.993836999999985,448.3643873007968,None,,,,,,,0,,,,,,,Sub034,001,2022_Sep_15_1137,2_1_MRI_Rating_SE_RE,2021.2.3,59.96426130735908,
1,0,2,-1,-1,2,-1,1,0,,,,,0,0,0,0,0,63,63,25,0,0,0,0,,,,,,,,,,,,,,,,,,,,,,,,,,,,,,,2,-1,,,1,,,,,,,,,,,,,,,,,,0,,,,,,,Sub034,001,2022_Sep_15_1137,2_1_MRI_Rating_SE_RE,2021.2.3,59.96426130735908,
1,0,2,-1,-1,2,-1,1,0,,,,,0,0,0,0,0,63,63,25,,,,,,,,,,,,,,,,,,,,,,,,,,,,,,,,,,,2,-1,,,1,,,,,,,,,,,,,,,,,,0,,,,,,,Sub034,001,2022_Sep_15_1137,2_1_MRI_Rating_SE_RE,2021.2.3,59.96426130735908,
0,1,-1,1,50,-1,1,0,1,,,,,0,0,0,0,0,64,64,82,,,,,,,,,0,0,0,0,0,0,0,0,,,,,,,,,,,,,,,,,,,-1,1,,,0,,,,,,,Slightly Likely,1.7617708999999877,0.7617708999999877,454.61470470018685,None,450.37268349993974,None,452.38168410025537,None,50,1,1,453.3844811003655,None,g,1.205808000639081,453.3844811003655,None,Sub034,001,2022_Sep_15_1137,2_1_MRI_Rating_SE_RE,2021.2.3,59.96426130735908,
0,1,-1,1,50,-1,1,0,1,,,,,0,0,0,0,0,64,64,82,,,,,,,,,0,0,0,0,,,,,,,,,,,,,,,,,,,,,,,-1,1,,,0,,,,,,,,,,,,,,,,,,1,,,,,,,Sub034,001,2022_Sep_15_1137,2_1_MRI_Rating_SE_RE,2021.2.3,59.96426130735908,
0,1,-1,1,50,-1,1,0,1,,,,,0,0,0,0,0,64,64,82,,,,,,,,,,,,,,,,,,,,,,,,,,,,,,,,,,,-1,1,,,0,,,,,,,,,,,,,,,,,,1,,,,,,,Sub034,001,2022_Sep_15_1137,2_1_MRI_Rating_SE_RE,2021.2.3,59.96426130735908,
0,1,-1,2,80,-1,3,0,1,,,,,0,0,0,0,0,65,65,80,,,,,,,,,0,0,0,0,0,0,0,0,,,,,,,,,,,,,,,,,,,-1,2,,,0,,,,,,,Extremely Likely,1.7436270000000036,0.7436270000000036,462.6482548005879,None,456.38655300065875,None,458.3991686999798,None,80,3,1,461.3988524004817,None,r,1.2325627002865076,461.3988524004817,None,Sub034,001,2022_Sep_15_1137,2_1_MRI_Rating_SE_RE,2021.2.3,59.96426130735908,
0,1,-1,2,80,-1,3,0,1,,,,,0,0,0,0,0,65,65,80,,,,,,,,,0,0,0,0,,,,,,,,,,,,,,,,,,,,,,,-1,2,,,0,,,,,,,,,,,,,,,,,,1,,,,,,,Sub034,001,2022_Sep_15_1137,2_1_MRI_Rating_SE_RE,2021.2.3,59.96426130735908,
0,1,-1,2,80,-1,3,0,1,,,,,0,0,0,0,0,65,65,80,,,,,,,,,,,,,,,,,,,,,,,,,,,,,,,,,,,-1,2,,,0,,,,,,,,,,,,,,,,,,1,,,,,,,Sub034,001,2022_Sep_15_1137,2_1_MRI_Rating_SE_RE,2021.2.3,59.96426130735908,
1,0,0,-1,-1,2,-1,0,0,,,,,0,0,0,0,0,66,66,1,0,0,0,0,,,,,,,,,,,,,,,,,,,,,,,,,464.4038510005921,None,464.4038510005921,None,466.4151945002377,None,0,-1,11.041620467121463,2,0,,,,,,,,,,,,,,,,,,0,,,,,,,Sub034,001,2022_Sep_15_1137,2_1_MRI_Rating_SE_RE,2021.2.3,59.96426130735908,
1,0,0,-1,-1,2,-1,0,0,,,,,0,0,0,0,0,66,66,1,,,,,,,,,,,,,,,,,,,,,,,,,,,,,,,,,,,0,-1,,,0,,,,,,,,,,,,,,,,,,0,,,,,,,Sub034,001,2022_Sep_15_1137,2_1_MRI_Rating_SE_RE,2021.2.3,59.96426130735908,
1,0,0,-1,-1,3,-1,1,0,,,,,0,0,0,0,0,67,67,11,0,0,0,0,0,0,0,0,,,,,,,,,,,,,,,,,,,,,468.4177510002628,None,468.4177510002628,None,470.4322928003967,None,0,-1,11.041620467121463,3,1,473.432090700604,None,b,1.1494920998811722,473.432090700604,None,Extremely Unlikely,1.8231139999999755,0.8231139999999755,474.59887110069394,None,,,,,,,0,,,,,,,Sub034,001,2022_Sep_15_1137,2_1_MRI_Rating_SE_RE,2021.2.3,59.96426130735908,
1,0,0,-1,-1,3,-1,1,0,,,,,0,0,0,0,0,67,67,11,0,0,0,0,,,,,,,,,,,,,,,,,,,,,,,,,,,,,,,0,-1,,,1,,,,,,,,,,,,,,,,,,0,,,,,,,Sub034,001,2022_Sep_15_1137,2_1_MRI_Rating_SE_RE,2021.2.3,59.96426130735908,
1,0,0,-1,-1,3,-1,1,0,,,,,0,0,0,0,0,67,67,11,,,,,,,,,,,,,,,,,,,,,,,,,,,,,,,,,,,0,-1,,,1,,,,,,,,,,,,,,,,,,0,,,,,,,Sub034,001,2022_Sep_15_1137,2_1_MRI_Rating_SE_RE,2021.2.3,59.96426130735908,
1,0,2,-1,-1,3,-1,0,0,,,,,0,0,0,0,0,68,68,8,0,0,0,0,,,,,,,,,,,,,,,,,,,,,,,,,476.44066640082747,None,476.44066640082747,None,478.4496504003182,None,2,-1,55.86632763783208,3,0,,,,,,,,,,,,,,,,,,0,,,,,,,Sub034,001,2022_Sep_15_1137,2_1_MRI_Rating_SE_RE,2021.2.3,59.96426130735908,
1,0,2,-1,-1,3,-1,0,0,,,,,0,0,0,0,0,68,68,8,,,,,,,,,,,,,,,,,,,,,,,,,,,,,,,,,,,2,-1,,,0,,,,,,,,,,,,,,,,,,0,,,,,,,Sub034,001,2022_Sep_15_1137,2_1_MRI_Rating_SE_RE,2021.2.3,59.96426130735908,
0,1,-1,1,50,-1,2,0,0,,,,,0,0,0,0,0,69,69,49,,,,,,,,,0,0,0,0,,,,,,,,,,,,,,,,,,,,,,,-1,1,,,0,,,,,,,,,,,,481.45380169991404,None,483.4661918003112,None,50,2,0,,,,,,,Sub034,001,2022_Sep_15_1137,2_1_MRI_Rating_SE_RE,2021.2.3,59.96426130735908,
0,1,-1,1,50,-1,2,0,0,,,,,0,0,0,0,0,69,69,49,,,,,,,,,,,,,,,,,,,,,,,,,,,,,,,,,,,-1,1,,,0,,,,,,,,,,,,,,,,,,0,,,,,,,Sub034,001,2022_Sep_15_1137,2_1_MRI_Rating_SE_RE,2021.2.3,59.96426130735908,
0,1,-1,2,80,-1,2,0,0,,,,,0,0,0,0,0,70,70,59,,,,,,,,,0,0,0,0,,,,,,,,,,,,,,,,,,,,,,,-1,2,,,0,,,,,,,,,,,,485.46712930034846,None,487.46625800058246,None,80,2,0,,,,,,,Sub034,001,2022_Sep_15_1137,2_1_MRI_Rating_SE_RE,2021.2.3,59.96426130735908,
0,1,-1,2,80,-1,2,0,0,,,,,0,0,0,0,0,70,70,59,,,,,,,,,,,,,,,,,,,,,,,,,,,,,,,,,,,-1,2,,,0,,,,,,,,,,,,,,,,,,0,,,,,,,Sub034,001,2022_Sep_15_1137,2_1_MRI_Rating_SE_RE,2021.2.3,59.96426130735908,
1,0,0,-1,-1,1,-1,1,0,,,,,0,0,0,0,0,71,71,36,0,0,0,0,0,0,0,0,,,,,,,,,,,,,,,,,,,,,489.46816179994494,None,489.46816179994494,None,491.48329920042306,None,0,-1,11.041620467121463,1,1,492.48407840076834,None,b,1.475353299640119,492.48407840076834,None,Extremely Unlikely,1.4890972000000033,0.48909720000000334,493.9828944001347,None,,,,,,,0,,,,,,,Sub034,001,2022_Sep_15_1137,2_1_MRI_Rating_SE_RE,2021.2.3,59.96426130735908,
1,0,0,-1,-1,1,-1,1,0,,,,,0,0,0,0,0,71,71,36,0,0,0,0,,,,,,,,,,,,,,,,,,,,,,,,,,,,,,,0,-1,,,1,,,,,,,,,,,,,,,,,,0,,,,,,,Sub034,001,2022_Sep_15_1137,2_1_MRI_Rating_SE_RE,2021.2.3,59.96426130735908,
1,0,0,-1,-1,1,-1,1,0,,,,,0,0,0,0,0,71,71,36,,,,,,,,,,,,,,,,,,,,,,,,,,,,,,,,,,,0,-1,,,1,,,,,,,,,,,,,,,,,,0,,,,,,,Sub034,001,2022_Sep_15_1137,2_1_MRI_Rating_SE_RE,2021.2.3,59.96426130735908,
0,1,-1,0,20,-1,3,0,1,,,,,0,0,0,0,0,72,72,78,,,,,,,,,0,0,0,0,0,0,0,0,,,,,,,,,,,,,,,,,,,-1,0,,,0,,,,,,,,0.9955895999999598,-0.004410400000040227,502.5003936002031,None,495.4917339999229,None,497.5000036004931,None,20,3,1,500.5003914004192,None,None,,500.5003914004192,None,Sub034,001,2022_Sep_15_1137,2_1_MRI_Rating_SE_RE,2021.2.3,59.96426130735908,
0,1,-1,0,20,-1,3,0,1,,,,,0,0,0,0,0,72,72,78,,,,,,,,,0,0,0,0,,,,,,,,,,,,,,,,,,,,,,,-1,0,,,0,,,,,,,,,,,,,,,,,,1,,,,,,,Sub034,001,2022_Sep_15_1137,2_1_MRI_Rating_SE_RE,2021.2.3,59.96426130735908,
0,1,-1,0,20,-1,3,0,1,,,,,0,0,0,0,0,72,72,78,,,,,,,,,,,,,,,,,,,,,,,,,,,,,,,,,,,-1,0,,,0,,,,,,,,,,,,,,,,,,1,,,,,,,Sub034,001,2022_Sep_15_1137,2_1_MRI_Rating_SE_RE,2021.2.3,59.96426130735908,
0,1,-1,0,20,-1,3,0,0,,,,,0,0,0,0,0,73,73,51,,,,,,,,,0,0,0,0,,,,,,,,,,,,,,,,,,,,,,,-1,0,,,0,,,,,,,,,,,,503.5054574999958,None,505.51719550043344,None,20,3,0,,,,,,,Sub034,001,2022_Sep_15_1137,2_1_MRI_Rating_SE_RE,2021.2.3,59.96426130735908,
0,1,-1,0,20,-1,3,0,0,,,,,0,0,0,0,0,73,73,51,,,,,,,,,,,,,,,,,,,,,,,,,,,,,,,,,,,-1,0,,,0,,,,,,,,,,,,,,,,,,0,,,,,,,Sub034,001,2022_Sep_15_1137,2_1_MRI_Rating_SE_RE,2021.2.3,59.96426130735908,
1,0,2,-1,-1,1,-1,1,0,,,,,0,0,0,0,0,74,74,42,0,0,0,0,0,0,0,0,,,,,,,,,,,,,,,,,,,,,508.52143440023065,None,508.52143440023065,None,510.5340034002438,None,2,-1,55.86632763783208,1,1,511.54893060028553,None,r,0.9363894993439317,511.54893060028553,None,Extremely Likely,2.021616100000017,1.021616100000017,512.5003705006093,None,,,,,,,0,,,,,,,Sub034,001,2022_Sep_15_1137,2_1_MRI_Rating_SE_RE,2021.2.3,59.96426130735908,
1,0,2,-1,-1,1,-1,1,0,,,,,0,0,0,0,0,74,74,42,0,0,0,0,,,,,,,,,,,,,,,,,,,,,,,,,,,,,,,2,-1,,,1,,,,,,,,,,,,,,,,,,0,,,,,,,Sub034,001,2022_Sep_15_1137,2_1_MRI_Rating_SE_RE,2021.2.3,59.96426130735908,
1,0,2,-1,-1,1,-1,1,0,,,,,0,0,0,0,0,74,74,42,,,,,,,,,,,,,,,,,,,,,,,,,,,,,,,,,,,2,-1,,,1,,,,,,,,,,,,,,,,,,0,,,,,,,Sub034,001,2022_Sep_15_1137,2_1_MRI_Rating_SE_RE,2021.2.3,59.96426130735908,
0,1,-1,2,80,-1,3,0,0,,,,,0,0,0,0,0,75,75,53,,,,,,,,,0,0,0,0,,,,,,,,,,,,,,,,,,,,,,,-1,2,,,0,,,,,,,,,,,,514.5416296003386,None,516.5512856002897,None,80,3,0,,,,,,,Sub034,001,2022_Sep_15_1137,2_1_MRI_Rating_SE_RE,2021.2.3,59.96426130735908,
0,1,-1,2,80,-1,3,0,0,,,,,0,0,0,0,0,75,75,53,,,,,,,,,,,,,,,,,,,,,,,,,,,,,,,,,,,-1,2,,,0,,,,,,,,,,,,,,,,,,0,,,,,,,Sub034,001,2022_Sep_15_1137,2_1_MRI_Rating_SE_RE,2021.2.3,59.96426130735908,
1,0,2,-1,-1,2,-1,0,0,,,,,0,0,0,0,0,76,76,7,0,0,0,0,,,,,,,,,,,,,,,,,,,,,,,,,519.5513280006126,None,519.5513280006126,None,521.5505930008367,None,2,-1,55.86632763783208,2,0,,,,,,,,,,,,,,,,,,0,,,,,,,Sub034,001,2022_Sep_15_1137,2_1_MRI_Rating_SE_RE,2021.2.3,59.96426130735908,
1,0,2,-1,-1,2,-1,0,0,,,,,0,0,0,0,0,76,76,7,,,,,,,,,,,,,,,,,,,,,,,,,,,,,,,,,,,2,-1,,,0,,,,,,,,,,,,,,,,,,0,,,,,,,Sub034,001,2022_Sep_15_1137,2_1_MRI_Rating_SE_RE,2021.2.3,59.96426130735908,
1,0,2,-1,-1,1,-1,1,0,,,,,0,0,0,0,0,77,77,15,0,0,0,0,0,0,0,0,,,,,,,,,,,,,,,,,,,,,523.5515264999121,None,523.5515264999121,None,525.5517124999315,None,2,-1,55.86632763783208,1,1,526.5531755005941,None,r,0.9031507996842265,526.5531755005941,None,Extremely Likely,2.0723682999999937,1.0723682999999937,527.4840563004836,None,,,,,,,0,,,,,,,Sub034,001,2022_Sep_15_1137,2_1_MRI_Rating_SE_RE,2021.2.3,59.96426130735908,
1,0,2,-1,-1,1,-1,1,0,,,,,0,0,0,0,0,77,77,15,0,0,0,0,,,,,,,,,,,,,,,,,,,,,,,,,,,,,,,2,-1,,,1,,,,,,,,,,,,,,,,,,0,,,,,,,Sub034,001,2022_Sep_15_1137,2_1_MRI_Rating_SE_RE,2021.2.3,59.96426130735908,
1,0,2,-1,-1,1,-1,1,0,,,,,0,0,0,0,0,77,77,15,,,,,,,,,,,,,,,,,,,,,,,,,,,,,,,,,,,2,-1,,,1,,,,,,,,,,,,,,,,,,0,,,,,,,Sub034,001,2022_Sep_15_1137,2_1_MRI_Rating_SE_RE,2021.2.3,59.96426130735908,
1,0,0,-1,-1,2,-1,1,0,,,,,0,0,0,0,0,78,78,28,0,0,0,0,0,0,0,0,,,,,,,,,,,,,,,,,,,,,529.5745910005644,None,529.5745910005644,None,531.5850268006325,None,0,-1,11.041620467121463,2,1,533.5853511001915,None,b,0.8019912000745535,533.5853511001915,None,Extremely Unlikely,2.1614422000000104,1.1614422000000104,534.4180554002523,None,,,,,,,0,,,,,,,Sub034,001,2022_Sep_15_1137,2_1_MRI_Rating_SE_RE,2021.2.3,59.96426130735908,
1,0,0,-1,-1,2,-1,1,0,,,,,0,0,0,0,0,78,78,28,0,0,0,0,,,,,,,,,,,,,,,,,,,,,,,,,,,,,,,0,-1,,,1,,,,,,,,,,,,,,,,,,0,,,,,,,Sub034,001,2022_Sep_15_1137,2_1_MRI_Rating_SE_RE,2021.2.3,59.96426130735908,
1,0,0,-1,-1,2,-1,1,0,,,,,0,0,0,0,0,78,78,28,,,,,,,,,,,,,,,,,,,,,,,,,,,,,,,,,,,0,-1,,,1,,,,,,,,,,,,,,,,,,0,,,,,,,Sub034,001,2022_Sep_15_1137,2_1_MRI_Rating_SE_RE,2021.2.3,59.96426130735908,
0,1,-1,1,50,-1,1,0,0,,,,,0,0,0,0,0,79,79,46,,,,,,,,,0,0,0,0,,,,,,,,,,,,,,,,,,,,,,,-1,1,,,0,,,,,,,,,,,,536.5909591000527,None,538.6014839001,None,50,1,0,,,,,,,Sub034,001,2022_Sep_15_1137,2_1_MRI_Rating_SE_RE,2021.2.3,59.96426130735908,
0,1,-1,1,50,-1,1,0,0,,,,,0,0,0,0,0,79,79,46,,,,,,,,,,,,,,,,,,,,,,,,,,,,,,,,,,,-1,1,,,0,,,,,,,,,,,,,,,,,,0,,,,,,,Sub034,001,2022_Sep_15_1137,2_1_MRI_Rating_SE_RE,2021.2.3,59.96426130735908,
1,0,1,-1,-1,1,-1,1,0,,,,,0,0,0,0,0,80,80,21,0,0,0,0,0,0,0,0,,,,,,,,,,,,,,,,,,,,,539.6036621006206,None,539.6036621006206,None,541.6182172000408,None,1,-1,29.40218320202695,1,1,542.6188721004874,None,g,0.9375205002725124,542.6188721004874,None,Slightly Likely,2.0200552000000016,1.0200552000000016,543.5852433005348,None,,,,,,,0,,,,,,,Sub034,001,2022_Sep_15_1137,2_1_MRI_Rating_SE_RE,2021.2.3,59.96426130735908,
1,0,1,-1,-1,1,-1,1,0,,,,,0,0,0,0,0,80,80,21,0,0,0,0,,,,,,,,,,,,,,,,,,,,,,,,,,,,,,,1,-1,,,1,,,,,,,,,,,,,,,,,,0,,,,,,,Sub034,001,2022_Sep_15_1137,2_1_MRI_Rating_SE_RE,2021.2.3,59.96426130735908,
1,0,1,-1,-1,1,-1,1,0,,,,,0,0,0,0,0,80,80,21,,,,,,,,,,,,,,,,,,,,,,,,,,,,,,,,,,,1,-1,,,1,,,,,,,,,,,,,,,,,,0,,,,,,,Sub034,001,2022_Sep_15_1137,2_1_MRI_Rating_SE_RE,2021.2.3,59.96426130735908,
1,0,0,-1,-1,1,-1,0,0,,,,,0,0,0,0,0,81,81,0,0,0,0,0,,,,,,,,,,,,,,,,,,,,,,,,,545.624892600812,None,545.624892600812,None,547.635320100002,None,0,-1,11.041620467121463,1,0,,,,,,,,,,,,,,,,,,0,,,,,,,Sub034,001,2022_Sep_15_1137,2_1_MRI_Rating_SE_RE,2021.2.3,59.96426130735908,
1,0,0,-1,-1,1,-1,0,0,,,,,0,0,0,0,0,81,81,0,,,,,,,,,,,,,,,,,,,,,,,,,,,,,,,,,,,0,-1,,,0,,,,,,,,,,,,,,,,,,0,,,,,,,Sub034,001,2022_Sep_15_1137,2_1_MRI_Rating_SE_RE,2021.2.3,59.96426130735908,
0,1,-1,0,20,-1,2,0,1,,,,,0,0,0,0,0,82,82,75,,,,,,,,,0,0,0,0,0,0,0,0,,,,,,,,,,,,,,,,,,,-1,0,,,0,,,,,,,Extremely Unlikely,2.040061499999979,1.0400614999999789,553.6018876004964,None,548.63776780013,None,550.6522815003991,None,20,2,1,552.6532879006118,None,b,0.9261290999129415,552.6532879006118,None,Sub034,001,2022_Sep_15_1137,2_1_MRI_Rating_SE_RE,2021.2.3,59.96426130735908,
0,1,-1,0,20,-1,2,0,1,,,,,0,0,0,0,0,82,82,75,,,,,,,,,0,0,0,0,,,,,,,,,,,,,,,,,,,,,,,-1,0,,,0,,,,,,,,,,,,,,,,,,1,,,,,,,Sub034,001,2022_Sep_15_1137,2_1_MRI_Rating_SE_RE,2021.2.3,59.96426130735908,
0,1,-1,0,20,-1,2,0,1,,,,,0,0,0,0,0,82,82,75,,,,,,,,,,,,,,,,,,,,,,,,,,,,,,,,,,,-1,0,,,0,,,,,,,,,,,,,,,,,,1,,,,,,,Sub034,001,2022_Sep_15_1137,2_1_MRI_Rating_SE_RE,2021.2.3,59.96426130735908,
0,1,-1,2,80,-1,2,0,1,,,,,0,0,0,0,0,83,83,68,,,,,,,,,0,0,0,0,0,0,0,0,,,,,,,,,,,,,,,,,,,-1,2,,,0,,,,,,,Extremely Likely,2.076479099999915,1.076479099999915,560.5860408004373,None,555.6582717001438,None,557.6693806005642,None,80,2,1,559.6696175001562,None,r,0.8897507004439831,559.6696175001562,None,Sub034,001,2022_Sep_15_1137,2_1_MRI_Rating_SE_RE,2021.2.3,59.96426130735908,
0,1,-1,2,80,-1,2,0,1,,,,,0,0,0,0,0,83,83,68,,,,,,,,,0,0,0,0,,,,,,,,,,,,,,,,,,,,,,,-1,2,,,0,,,,,,,,,,,,,,,,,,1,,,,,,,Sub034,001,2022_Sep_15_1137,2_1_MRI_Rating_SE_RE,2021.2.3,59.96426130735908,
0,1,-1,2,80,-1,2,0,1,,,,,0,0,0,0,0,83,83,68,,,,,,,,,,,,,,,,,,,,,,,,,,,,,,,,,,,-1,2,,,0,,,,,,,,,,,,,,,,,,1,,,,,,,Sub034,001,2022_Sep_15_1137,2_1_MRI_Rating_SE_RE,2021.2.3,59.96426130735908,
1,0,1,-1,-1,1,-1,0,0,,,,,0,0,0,0,0,84,84,12,0,0,0,0,,,,,,,,,,,,,,,,,,,,,,,,,562.6752171004191,None,562.6752171004191,None,564.6860917005688,None,1,-1,29.40218320202695,1,0,,,,,,,,,,,,,,,,,,0,,,,,,,Sub034,001,2022_Sep_15_1137,2_1_MRI_Rating_SE_RE,2021.2.3,59.96426130735908,
1,0,1,-1,-1,1,-1,0,0,,,,,0,0,0,0,0,84,84,12,,,,,,,,,,,,,,,,,,,,,,,,,,,,,,,,,,,1,-1,,,0,,,,,,,,,,,,,,,,,,0,,,,,,,Sub034,001,2022_Sep_15_1137,2_1_MRI_Rating_SE_RE,2021.2.3,59.96426130735908,
0,1,-1,0,20,-1,2,0,1,,,,,0,0,0,0,0,85,85,84,,,,,,,,,0,0,0,0,0,0,0,0,,,,,,,,,,,,,,,,,,,-1,0,,,0,,,,,,,Extremely Unlikely,1.8909993999999415,0.8909993999999415,570.8025658000261,None,565.6900945007801,None,567.7026399001479,None,20,2,1,569.7052102005109,None,b,1.0682731000706553,569.7052102005109,None,Sub034,001,2022_Sep_15_1137,2_1_MRI_Rating_SE_RE,2021.2.3,59.96426130735908,
0,1,-1,0,20,-1,2,0,1,,,,,0,0,0,0,0,85,85,84,,,,,,,,,0,0,0,0,,,,,,,,,,,,,,,,,,,,,,,-1,0,,,0,,,,,,,,,,,,,,,,,,1,,,,,,,Sub034,001,2022_Sep_15_1137,2_1_MRI_Rating_SE_RE,2021.2.3,59.96426130735908,
0,1,-1,0,20,-1,2,0,1,,,,,0,0,0,0,0,85,85,84,,,,,,,,,,,,,,,,,,,,,,,,,,,,,,,,,,,-1,0,,,0,,,,,,,,,,,,,,,,,,1,,,,,,,Sub034,001,2022_Sep_15_1137,2_1_MRI_Rating_SE_RE,2021.2.3,59.96426130735908,
1,0,1,-1,-1,2,-1,1,0,,,,,0,0,0,0,0,86,86,31,0,0,0,0,0,0,0,0,,,,,,,,,,,,,,,,,,,,,572.7086118999869,None,572.7086118999869,None,574.7194890007377,None,1,-1,29.40218320202695,2,1,576.7208663001657,None,g,0.7445785002782941,576.7208663001657,None,Slightly Likely,2.227243999999928,1.2272439999999278,577.4862131001428,None,,,,,,,0,,,,,,,Sub034,001,2022_Sep_15_1137,2_1_MRI_Rating_SE_RE,2021.2.3,59.96426130735908,
1,0,1,-1,-1,2,-1,1,0,,,,,0,0,0,0,0,86,86,31,0,0,0,0,,,,,,,,,,,,,,,,,,,,,,,,,,,,,,,1,-1,,,1,,,,,,,,,,,,,,,,,,0,,,,,,,Sub034,001,2022_Sep_15_1137,2_1_MRI_Rating_SE_RE,2021.2.3,59.96426130735908,
1,0,1,-1,-1,2,-1,1,0,,,,,0,0,0,0,0,86,86,31,,,,,,,,,,,,,,,,,,,,,,,,,,,,,,,,,,,1,-1,,,1,,,,,,,,,,,,,,,,,,0,,,,,,,Sub034,001,2022_Sep_15_1137,2_1_MRI_Rating_SE_RE,2021.2.3,59.96426130735908,
1,0,1,-1,-1,1,-1,1,0,,,,,0,0,0,0,0,87,87,30,0,0,0,0,0,0,0,0,,,,,,,,,,,,,,,,,,,,,579.7250699000433,None,579.7250699000433,None,581.7363058999181,None,1,-1,29.40218320202695,1,1,582.7387552000582,None,g,0.8156765000894666,582.7387552000582,None,Slightly Likely,2.158843200000092,1.158843200000092,583.5702467001975,None,,,,,,,0,,,,,,,Sub034,001,2022_Sep_15_1137,2_1_MRI_Rating_SE_RE,2021.2.3,59.96426130735908,
1,0,1,-1,-1,1,-1,1,0,,,,,0,0,0,0,0,87,87,30,0,0,0,0,,,,,,,,,,,,,,,,,,,,,,,,,,,,,,,1,-1,,,1,,,,,,,,,,,,,,,,,,0,,,,,,,Sub034,001,2022_Sep_15_1137,2_1_MRI_Rating_SE_RE,2021.2.3,59.96426130735908,
1,0,1,-1,-1,1,-1,1,0,,,,,0,0,0,0,0,87,87,30,,,,,,,,,,,,,,,,,,,,,,,,,,,,,,,,,,,1,-1,,,1,,,,,,,,,,,,,,,,,,0,,,,,,,Sub034,001,2022_Sep_15_1137,2_1_MRI_Rating_SE_RE,2021.2.3,59.96426130735908,
1,0,0,-1,-1,3,-1,0,0,,,,,0,0,0,0,0,88,88,2,0,0,0,0,,,,,,,,,,,,,,,,,,,,,,,,,585.7437468999997,None,585.7437468999997,None,587.7532216003165,None,0,-1,11.041620467121463,3,0,,,,,,,,,,,,,,,,,,0,,,,,,,Sub034,001,2022_Sep_15_1137,2_1_MRI_Rating_SE_RE,2021.2.3,59.96426130735908,
1,0,0,-1,-1,3,-1,0,0,,,,,0,0,0,0,0,88,88,2,,,,,,,,,,,,,,,,,,,,,,,,,,,,,,,,,,,0,-1,,,0,,,,,,,,,,,,,,,,,,0,,,,,,,Sub034,001,2022_Sep_15_1137,2_1_MRI_Rating_SE_RE,2021.2.3,59.96426130735908,
1,0,0,-1,-1,3,-1,1,0,,,,,0,0,0,0,0,89,89,38,0,0,0,0,0,0,0,0,,,,,,,,,,,,,,,,,,,,,590.7550726002082,None,590.7550726002082,None,592.7708550002426,None,0,-1,11.041620467121463,3,1,595.7738845003769,None,b,0.8425195999443531,595.7738845003769,None,Extremely Unlikely,2.1236642000000074,1.1236642000000074,596.6368906004354,None,,,,,,,0,,,,,,,Sub034,001,2022_Sep_15_1137,2_1_MRI_Rating_SE_RE,2021.2.3,59.96426130735908,
1,0,0,-1,-1,3,-1,1,0,,,,,0,0,0,0,0,89,89,38,0,0,0,0,,,,,,,,,,,,,,,,,,,,,,,,,,,,,,,0,-1,,,1,,,,,,,,,,,,,,,,,,0,,,,,,,Sub034,001,2022_Sep_15_1137,2_1_MRI_Rating_SE_RE,2021.2.3,59.96426130735908,
1,0,0,-1,-1,3,-1,1,0,,,,,0,0,0,0,0,89,89,38,,,,,,,,,,,,,,,,,,,,,,,,,,,,,,,,,,,0,-1,,,1,,,,,,,,,,,,,,,,,,0,,,,,,,Sub034,001,2022_Sep_15_1137,2_1_MRI_Rating_SE_RE,2021.2.3,59.96426130735908,
,,,,,,,,,,,,,0,0,0,0,,,,,,,,,,,,,,,,,,,,,,,,,,,,,,,,,,,,,,,,,,,,,,,,,,,,,,,,,,,,,,,,,,,,Sub034,001,2022_Sep_15_1137,2_1_MRI_Rating_SE_RE,2021.2.3,59.96426130735908,
