﻿Run_Files,current_card_prob,current_WinLoss,Target_Size,start_position,start.thisRepN,start.thisTrialN,start.thisN,start.thisIndex,Run_card.thisRepN,Run_card.thisTrialN,Run_card.thisN,Run_card.thisIndex,trials_card.thisRepN,trials_card.thisTrialN,trials_card.thisN,trials_card.thisIndex,Qlikely_card_L.thisRepN,Qlikely_card_L.thisTrialN,Qlikely_card_L.thisN,Qlikely_card_L.thisIndex,Qlikely_card_R.thisRepN,Qlikely_card_R.thisTrialN,Qlikely_card_R.thisN,Qlikely_card_R.thisIndex,trials.thisRepN,trials.thisTrialN,trials.thisN,trials.thisIndex,trials_bar_Q.thisRepN,trials_bar_Q.thisTrialN,trials_bar_Q.thisN,trials_bar_Q.thisIndex,Qlikely_bar_L.thisRepN,Qlikely_bar_L.thisTrialN,Qlikely_bar_L.thisN,Qlikely_bar_L.thisIndex,Qlikely_bar_R.thisRepN,Qlikely_bar_R.thisTrialN,Qlikely_bar_R.thisN,Qlikely_bar_R.thisIndex,instr.started,instr.stopped,instr_5.started,instr_5.stopped,current_card_prob,current_WinLoss,Q_card_prob,Rating_Likely_card,key_resp_likely_card_L.keys,key_resp_likely_card_L.rt,key_resp_likely_card_L.started,key_resp_likely_card_L.stopped,bar_final_text_2.started,bar_final_text_2.stopped,key_resp_bar.keys,key_resp_bar.rt,key_resp_bar.started,key_resp_bar.stopped,Current_Target_Size,Start_position,key_resp_bar.position,key_resp_bar.hit,trial_speed,center.started,center.stopped,center2.started,center2.stopped,Rating_Likely_bar,center_2.started,center_2.stopped,key_resp_likely_bar_L.keys,key_resp_likely_bar_L.rt,key_resp_likely_bar_L.started,key_resp_likely_bar_L.stopped,instr_4.started,instr_4.stopped,participant,session,date,expName,psychopyVersion,frameRate,
,,,,,0,0,0,0,,,,,,,,,,,,,,,,,,,,,,,,,,,,,,,,,15.999404599890113,None,,,,,,,,,,,,,,,,,,,,,,,,,,,,,,,,,,,Sub033,001,2022_Sep_20_1337,1trainingbehavior_inMRI,2021.2.3,59.995596359539505,
Card_20.xlsx,20,0,,,,,,,0,0,0,0,0,0,0,1,,,,,,,,,,,,,,,,,,,,,,,,,,,25.029089500196278,None,20,0,,,,,,,,,,,,,,,,,,,,,,,,,,,,,,,Sub033,001,2022_Sep_20_1337,1trainingbehavior_inMRI,2021.2.3,59.995596359539505,
Card_20.xlsx,20,0,,,,,,,0,0,0,0,0,1,1,6,,,,,,,,,,,,,,,,,,,,,,,,,,,,,20,0,,,,,,,,,,,,,,,,,,,,,,,,,,,,,,,Sub033,001,2022_Sep_20_1337,1trainingbehavior_inMRI,2021.2.3,59.995596359539505,
Card_20.xlsx,20,0,,,,,,,0,0,0,0,0,2,2,5,,,,,,,,,,,,,,,,,,,,,,,,,,,,,20,0,,,,,,,,,,,,,,,,,,,,,,,,,,,,,,,Sub033,001,2022_Sep_20_1337,1trainingbehavior_inMRI,2021.2.3,59.995596359539505,
Card_20.xlsx,20,0,,,,,,,0,0,0,0,0,3,3,7,,,,,,,,,,,,,,,,,,,,,,,,,,,,,20,0,,,,,,,,,,,,,,,,,,,,,,,,,,,,,,,Sub033,001,2022_Sep_20_1337,1trainingbehavior_inMRI,2021.2.3,59.995596359539505,
Card_20.xlsx,20,1,,,,,,,0,0,0,0,0,4,4,8,,,,,,,,,,,,,,,,,,,,,,,,,,,,,20,1,,,,,,,,,,,,,,,,,,,,,,,,,,,,,,,Sub033,001,2022_Sep_20_1337,1trainingbehavior_inMRI,2021.2.3,59.995596359539505,
Card_20.xlsx,20,0,,,,,,,0,0,0,0,0,5,5,2,,,,,,,,,,,,,,,,,,,,,,,,,,,,,20,0,,,,,,,,,,,,,,,,,,,,,,,,,,,,,,,Sub033,001,2022_Sep_20_1337,1trainingbehavior_inMRI,2021.2.3,59.995596359539505,
Card_20.xlsx,20,0,,,,,,,0,0,0,0,0,6,6,0,,,,,,,,,,,,,,,,,,,,,,,,,,,,,20,0,,,,,,,,,,,,,,,,,,,,,,,,,,,,,,,Sub033,001,2022_Sep_20_1337,1trainingbehavior_inMRI,2021.2.3,59.995596359539505,
Card_20.xlsx,20,0,,,,,,,0,0,0,0,0,7,7,4,,,,,,,,,,,,,,,,,,,,,,,,,,,,,20,0,,,,,,,,,,,,,,,,,,,,,,,,,,,,,,,Sub033,001,2022_Sep_20_1337,1trainingbehavior_inMRI,2021.2.3,59.995596359539505,
Card_20.xlsx,20,1,,,,,,,0,0,0,0,0,8,8,9,,,,,,,,,,,,,,,,,,,,,,,,,,,,,20,1,,,,,,,,,,,,,,,,,,,,,,,,,,,,,,,Sub033,001,2022_Sep_20_1337,1trainingbehavior_inMRI,2021.2.3,59.995596359539505,
Card_20.xlsx,20,0,,,,,,,0,0,0,0,0,9,9,3,,,,,,,,,,,,,,,,,,,,,,,,,,,,,20,0,,,,,,,,,,,,,,,,,,,,,,,,,,,,,,,Sub033,001,2022_Sep_20_1337,1trainingbehavior_inMRI,2021.2.3,59.995596359539505,
Card_20.xlsx,,,,,,,,,0,0,0,0,,,,,0,0,0,0,,,,,,,,,,,,,,,,,,,,,,,,,,,20,Extremely Unlikely,b,1.4746141005307436,64.95040510036051,None,,,,,,,,,,,,,,,,,,,,,,,,,Sub033,001,2022_Sep_20_1337,1trainingbehavior_inMRI,2021.2.3,59.995596359539505,
Card_20.xlsx,,,,,,,,,0,0,0,0,,,,,,,,,,,,,,,,,,,,,,,,,,,,,,,,,,,,,,,,,,,,,,,,,,,,,,,,,,,,,,,,,Sub033,001,2022_Sep_20_1337,1trainingbehavior_inMRI,2021.2.3,59.995596359539505,
Card_50.xlsx,50,1,,,,,,,0,1,1,1,0,0,0,9,,,,,,,,,,,,,,,,,,,,,,,,,,,,,50,1,,,,,,,,,,,,,,,,,,,,,,,,,,,,,,,Sub033,001,2022_Sep_20_1337,1trainingbehavior_inMRI,2021.2.3,59.995596359539505,
Card_50.xlsx,50,0,,,,,,,0,1,1,1,0,1,1,3,,,,,,,,,,,,,,,,,,,,,,,,,,,,,50,0,,,,,,,,,,,,,,,,,,,,,,,,,,,,,,,Sub033,001,2022_Sep_20_1337,1trainingbehavior_inMRI,2021.2.3,59.995596359539505,
Card_50.xlsx,50,1,,,,,,,0,1,1,1,0,2,2,6,,,,,,,,,,,,,,,,,,,,,,,,,,,,,50,1,,,,,,,,,,,,,,,,,,,,,,,,,,,,,,,Sub033,001,2022_Sep_20_1337,1trainingbehavior_inMRI,2021.2.3,59.995596359539505,
Card_50.xlsx,50,0,,,,,,,0,1,1,1,0,3,3,2,,,,,,,,,,,,,,,,,,,,,,,,,,,,,50,0,,,,,,,,,,,,,,,,,,,,,,,,,,,,,,,Sub033,001,2022_Sep_20_1337,1trainingbehavior_inMRI,2021.2.3,59.995596359539505,
Card_50.xlsx,50,0,,,,,,,0,1,1,1,0,4,4,1,,,,,,,,,,,,,,,,,,,,,,,,,,,,,50,0,,,,,,,,,,,,,,,,,,,,,,,,,,,,,,,Sub033,001,2022_Sep_20_1337,1trainingbehavior_inMRI,2021.2.3,59.995596359539505,
Card_50.xlsx,50,1,,,,,,,0,1,1,1,0,5,5,7,,,,,,,,,,,,,,,,,,,,,,,,,,,,,50,1,,,,,,,,,,,,,,,,,,,,,,,,,,,,,,,Sub033,001,2022_Sep_20_1337,1trainingbehavior_inMRI,2021.2.3,59.995596359539505,
Card_50.xlsx,50,1,,,,,,,0,1,1,1,0,6,6,5,,,,,,,,,,,,,,,,,,,,,,,,,,,,,50,1,,,,,,,,,,,,,,,,,,,,,,,,,,,,,,,Sub033,001,2022_Sep_20_1337,1trainingbehavior_inMRI,2021.2.3,59.995596359539505,
Card_50.xlsx,50,0,,,,,,,0,1,1,1,0,7,7,4,,,,,,,,,,,,,,,,,,,,,,,,,,,,,50,0,,,,,,,,,,,,,,,,,,,,,,,,,,,,,,,Sub033,001,2022_Sep_20_1337,1trainingbehavior_inMRI,2021.2.3,59.995596359539505,
Card_50.xlsx,50,0,,,,,,,0,1,1,1,0,8,8,0,,,,,,,,,,,,,,,,,,,,,,,,,,,,,50,0,,,,,,,,,,,,,,,,,,,,,,,,,,,,,,,Sub033,001,2022_Sep_20_1337,1trainingbehavior_inMRI,2021.2.3,59.995596359539505,
Card_50.xlsx,50,1,,,,,,,0,1,1,1,0,9,9,8,,,,,,,,,,,,,,,,,,,,,,,,,,,,,50,1,,,,,,,,,,,,,,,,,,,,,,,,,,,,,,,Sub033,001,2022_Sep_20_1337,1trainingbehavior_inMRI,2021.2.3,59.995596359539505,
Card_50.xlsx,,,,,,,,,0,1,1,1,,,,,0,0,0,0,,,,,,,,,,,,,,,,,,,,,,,,,,,50,Slightly Likely,g,1.0816059997305274,101.44994140043855,None,,,,,,,,,,,,,,,,,,,,,,,,,Sub033,001,2022_Sep_20_1337,1trainingbehavior_inMRI,2021.2.3,59.995596359539505,
Card_50.xlsx,,,,,,,,,0,1,1,1,,,,,,,,,,,,,,,,,,,,,,,,,,,,,,,,,,,,,,,,,,,,,,,,,,,,,,,,,,,,,,,,,Sub033,001,2022_Sep_20_1337,1trainingbehavior_inMRI,2021.2.3,59.995596359539505,
Card_80.xlsx,80,1,,,,,,,0,2,2,2,0,0,0,6,,,,,,,,,,,,,,,,,,,,,,,,,,,,,80,1,,,,,,,,,,,,,,,,,,,,,,,,,,,,,,,Sub033,001,2022_Sep_20_1337,1trainingbehavior_inMRI,2021.2.3,59.995596359539505,
Card_80.xlsx,80,1,,,,,,,0,2,2,2,0,1,1,8,,,,,,,,,,,,,,,,,,,,,,,,,,,,,80,1,,,,,,,,,,,,,,,,,,,,,,,,,,,,,,,Sub033,001,2022_Sep_20_1337,1trainingbehavior_inMRI,2021.2.3,59.995596359539505,
Card_80.xlsx,80,1,,,,,,,0,2,2,2,0,2,2,2,,,,,,,,,,,,,,,,,,,,,,,,,,,,,80,1,,,,,,,,,,,,,,,,,,,,,,,,,,,,,,,Sub033,001,2022_Sep_20_1337,1trainingbehavior_inMRI,2021.2.3,59.995596359539505,
Card_80.xlsx,80,1,,,,,,,0,2,2,2,0,3,3,5,,,,,,,,,,,,,,,,,,,,,,,,,,,,,80,1,,,,,,,,,,,,,,,,,,,,,,,,,,,,,,,Sub033,001,2022_Sep_20_1337,1trainingbehavior_inMRI,2021.2.3,59.995596359539505,
Card_80.xlsx,80,1,,,,,,,0,2,2,2,0,4,4,7,,,,,,,,,,,,,,,,,,,,,,,,,,,,,80,1,,,,,,,,,,,,,,,,,,,,,,,,,,,,,,,Sub033,001,2022_Sep_20_1337,1trainingbehavior_inMRI,2021.2.3,59.995596359539505,
Card_80.xlsx,80,1,,,,,,,0,2,2,2,0,5,5,3,,,,,,,,,,,,,,,,,,,,,,,,,,,,,80,1,,,,,,,,,,,,,,,,,,,,,,,,,,,,,,,Sub033,001,2022_Sep_20_1337,1trainingbehavior_inMRI,2021.2.3,59.995596359539505,
Card_80.xlsx,80,1,,,,,,,0,2,2,2,0,6,6,9,,,,,,,,,,,,,,,,,,,,,,,,,,,,,80,1,,,,,,,,,,,,,,,,,,,,,,,,,,,,,,,Sub033,001,2022_Sep_20_1337,1trainingbehavior_inMRI,2021.2.3,59.995596359539505,
Card_80.xlsx,80,0,,,,,,,0,2,2,2,0,7,7,0,,,,,,,,,,,,,,,,,,,,,,,,,,,,,80,0,,,,,,,,,,,,,,,,,,,,,,,,,,,,,,,Sub033,001,2022_Sep_20_1337,1trainingbehavior_inMRI,2021.2.3,59.995596359539505,
Card_80.xlsx,80,0,,,,,,,0,2,2,2,0,8,8,1,,,,,,,,,,,,,,,,,,,,,,,,,,,,,80,0,,,,,,,,,,,,,,,,,,,,,,,,,,,,,,,Sub033,001,2022_Sep_20_1337,1trainingbehavior_inMRI,2021.2.3,59.995596359539505,
Card_80.xlsx,80,1,,,,,,,0,2,2,2,0,9,9,4,,,,,,,,,,,,,,,,,,,,,,,,,,,,,80,1,,,,,,,,,,,,,,,,,,,,,,,,,,,,,,,Sub033,001,2022_Sep_20_1337,1trainingbehavior_inMRI,2021.2.3,59.995596359539505,
Card_80.xlsx,,,,,,,,,0,2,2,2,,,,,0,0,0,0,,,,,,,,,,,,,,,,,,,,,,,,,,,80,Slightly Likely,g,2.426517699845135,137.55039200000465,None,,,,,,,,,,,,,,,,,,,,,,,,,Sub033,001,2022_Sep_20_1337,1trainingbehavior_inMRI,2021.2.3,59.995596359539505,
Card_80.xlsx,,,,,,,,,0,2,2,2,,,,,,,,,,,,,,,,,,,,,,,,,,,,,,,,,,,,,,,,,,,,,,,,,,,,,,,,,,,,,,,,,Sub033,001,2022_Sep_20_1337,1trainingbehavior_inMRI,2021.2.3,59.995596359539505,
,,,10,0,,,,,,,,,,,,,,,,,,,,,0,0,0,8,,,,,,,,,,,,,,,,,,,,,,,,,140.00067740026861,None,y,2.924417099915445,151.9557696999982,None,8.54039996232777,0,-12,0,7,151.9557696999982,None,154.9058530004695,None,,,,,,,,,,Sub033,001,2022_Sep_20_1337,1trainingbehavior_inMRI,2021.2.3,59.995596359539505,
,,,10,1,,,,,,,,,,,,,,,,,,,,,0,1,1,10,,,,,,,,,,,,,,,,,,,,,,,,,,,y,1.8239080999046564,155.41744089964777,None,8.54039996232777,1,26,0,7,155.41744089964777,None,157.26725129969418,None,,,,,,,,,,Sub033,001,2022_Sep_20_1337,1trainingbehavior_inMRI,2021.2.3,59.995596359539505,
,,,30,1,,,,,,,,,,,,,,,,,,,,,0,2,2,52,,,,,,,,,,,,,,,,,,,,,,,,,,,y,1.8190582999959588,157.76802210044116,None,43.21111958831137,1,26,0,7,157.76802210044116,None,159.61760360002518,None,,,,,,,,,,Sub033,001,2022_Sep_20_1337,1trainingbehavior_inMRI,2021.2.3,59.995596359539505,
,,,30,0,,,,,,,,,,,,,,,,,,,,,0,3,3,49,,,,,,,,,,,,,,,,,,,,,,,,,,,y,1.8175850994884968,160.11739610042423,None,43.21111958831137,0,-19,1,7,160.11739610042423,None,161.9525182005018,None,,,,,,,,,,Sub033,001,2022_Sep_20_1337,1trainingbehavior_inMRI,2021.2.3,59.995596359539505,
,,,20,1,,,,,,,,,,,,,,,,,,,,,0,4,4,37,,,,,,,,,,,,,,,,,,,,,,,,,,,y,1.8613712005317211,162.46779130026698,None,22.741807242755947,1,40,0,7,162.46779130026698,None,164.35093330033123,None,,,,,,,,,,Sub033,001,2022_Sep_20_1337,1trainingbehavior_inMRI,2021.2.3,59.995596359539505,
,,,20,0,,,,,,,,,,,,,,,,,,,,,0,5,5,21,,,,,,,,,,,,,,,,,,,,,,,,,,,y,1.8360000997781754,164.8510761000216,None,22.741807242755947,0,-33,0,7,164.8510761000216,None,166.7184578999877,None,,,,,,,,,,Sub033,001,2022_Sep_20_1337,1trainingbehavior_inMRI,2021.2.3,59.995596359539505,
,,,20,0,,,,,,,,,,,,,,,,,,,,,0,6,6,20,,,,,,,,,,,,,,,,,,,,,,,,,,,y,1.9079854004085064,167.2185060000047,None,22.741807242755947,0,-61,0,7,167.2185060000047,None,169.1511891996488,None,,,,,,,,,,Sub033,001,2022_Sep_20_1337,1trainingbehavior_inMRI,2021.2.3,59.995596359539505,
,,,20,1,,,,,,,,,,,,,,,,,,,,,0,7,7,34,,,,,,,,,,,,,,,,,,,,,,,,,,,y,1.7737908996641636,169.6523099001497,None,22.741807242755947,1,5,1,7,169.6523099001497,None,171.4512036005035,None,,,,,,,,,,Sub033,001,2022_Sep_20_1337,1trainingbehavior_inMRI,2021.2.3,59.995596359539505,
,,,20,1,,,,,,,,,,,,,,,,,,,,,0,8,8,30,,,,,,,,,,,,,,,,,,,,,,,,,,,y,1.7733629001304507,171.95177370030433,None,22.741807242755947,1,5,1,7,171.95177370030433,None,173.75116940028965,None,,,,,,,,,,Sub033,001,2022_Sep_20_1337,1trainingbehavior_inMRI,2021.2.3,59.995596359539505,
,,,20,1,,,,,,,,,,,,,,,,,,,,,0,9,9,32,,,,,,,,,,,,,,,,,,,,,,,,,,,y,1.7726151002570987,174.25134210009128,None,22.741807242755947,1,5,1,7,174.25134210009128,None,176.05144110042602,None,,,,,,,,,,Sub033,001,2022_Sep_20_1337,1trainingbehavior_inMRI,2021.2.3,59.995596359539505,
,,,30,1,,,,,,,,,,,,,,,,,,,,,0,10,10,51,,,,,,,,,,,,,,,,,,,,,,,,,,,y,4.05367820058018,176.55166979972273,None,43.21111958831137,1,-44,0,7,176.55166979972273,None,180.63560019992292,None,,,,,,,,,,Sub033,001,2022_Sep_20_1337,1trainingbehavior_inMRI,2021.2.3,59.995596359539505,
,,,10,0,,,,,,,,,,,,,,,,,,,,,0,11,11,4,,,,,,,,,,,,,,,,,,,,,,,,,,,y,2.9111408991739154,181.1353476997465,None,8.54039996232777,0,-19,0,7,181.1353476997465,None,184.06878700014204,None,,,,,,,,,,Sub033,001,2022_Sep_20_1337,1trainingbehavior_inMRI,2021.2.3,59.995596359539505,
,,,30,0,,,,,,,,,,,,,,,,,,,,,0,12,12,44,,,,,,,,,,,,,,,,,,,,,,,,,,,y,3.0010930001735687,184.56894499994814,None,43.21111958831137,0,16,1,7,184.56894499994814,None,187.5851330999285,None,,,,,,,,,,Sub033,001,2022_Sep_20_1337,1trainingbehavior_inMRI,2021.2.3,59.995596359539505,
,,,30,1,,,,,,,,,,,,,,,,,,,,,0,13,13,53,,,,,,,,,,,,,,,,,,,,,,,,,,,y,1.8052474996075034,188.0858343001455,None,43.21111958831137,1,19,1,7,188.0858343001455,None,189.91831910051405,None,,,,,,,,,,Sub033,001,2022_Sep_20_1337,1trainingbehavior_inMRI,2021.2.3,59.995596359539505,
,,,10,1,,,,,,,,,,,,,,,,,,,,,0,14,14,14,,,,,,,,,,,,,,,,,,,,,,,,,,,y,1.8129195999354124,190.41863540001214,None,8.54039996232777,1,19,0,7,190.41863540001214,None,192.2675409996882,None,,,,,,,,,,Sub033,001,2022_Sep_20_1337,1trainingbehavior_inMRI,2021.2.3,59.995596359539505,
,,,10,0,,,,,,,,,,,,,,,,,,,,,0,15,15,9,,,,,,,,,,,,,,,,,,,,,,,,,,,y,2.8263061000034213,192.76921389997005,None,8.54039996232777,0,-54,0,7,192.76921389997005,None,195.61928839981556,None,,,,,,,,,,Sub033,001,2022_Sep_20_1337,1trainingbehavior_inMRI,2021.2.3,59.995596359539505,
,,,20,1,,,,,,,,,,,,,,,,,,,,,0,16,16,36,,,,,,,,,,,,,,,,,,,,,,,,,,,y,1.7703298004344106,196.11887720040977,None,22.741807242755947,1,5,1,7,196.11887720040977,None,197.91901160031557,None,,,,,,,,,,Sub033,001,2022_Sep_20_1337,1trainingbehavior_inMRI,2021.2.3,59.995596359539505,
,,,20,0,,,,,,,,,,,,,,,,,,,,,0,17,17,26,,,,,,,,,,,,,,,,,,,,,,,,,,,y,2.9495335007086396,198.41897020023316,None,22.741807242755947,0,-5,1,7,198.41897020023316,None,201.38581600040197,None,,,,,,,,,,Sub033,001,2022_Sep_20_1337,1trainingbehavior_inMRI,2021.2.3,59.995596359539505,
,,,20,0,,,,,,,,,,,,,,,,,,,,,0,18,18,27,,,,,,,,,,,,,,,,,,,,,,,,,,,y,2.9662643000483513,201.8858425002545,None,22.741807242755947,0,2,1,7,201.8858425002545,None,204.8691782997921,None,,,,,,,,,,Sub033,001,2022_Sep_20_1337,1trainingbehavior_inMRI,2021.2.3,59.995596359539505,
,,,30,0,,,,,,,,,,,,,,,,,,,,,0,19,19,47,,,,,,,,,,,,,,,,,,,,,,,,,,,y,2.8631202997639775,205.36935800034553,None,43.21111958831137,0,-40,0,7,205.36935800034553,None,208.25366710033268,None,,,,,,,,,,Sub033,001,2022_Sep_20_1337,1trainingbehavior_inMRI,2021.2.3,59.995596359539505,
,,,30,1,,,,,,,,,,,,,,,,,,,,,0,20,20,50,,,,,,,,,,,,,,,,,,,,,,,,,,,y,1.8363466998562217,208.75280159991235,None,43.21111958831137,1,33,0,7,208.75280159991235,None,210.61934179998934,None,,,,,,,,,,Sub033,001,2022_Sep_20_1337,1trainingbehavior_inMRI,2021.2.3,59.995596359539505,
,,,30,1,,,,,,,,,,,,,,,,,,,,,0,21,21,54,,,,,,,,,,,,,,,,,,,,,,,,,,,y,1.84472749941051,211.11977509967983,None,43.21111958831137,1,33,0,7,211.11977509967983,None,212.98670980054885,None,,,,,,,,,,Sub033,001,2022_Sep_20_1337,1trainingbehavior_inMRI,2021.2.3,59.995596359539505,
,,,20,1,,,,,,,,,,,,,,,,,,,,,0,22,22,31,,,,,,,,,,,,,,,,,,,,,,,,,,,y,1.810079600661993,213.48707010038197,None,22.741807242755947,1,19,0,7,213.48707010038197,None,215.31985470000654,None,,,,,,,,,,Sub033,001,2022_Sep_20_1337,1trainingbehavior_inMRI,2021.2.3,59.995596359539505,
,,,10,0,,,,,,,,,,,,,,,,,,,,,0,23,23,0,,,,,,,,,,,,,,,,,,,,,,,,,,,y,2.985165299847722,215.81990350037813,None,8.54039996232777,0,9,0,7,215.81990350037813,None,218.82032059971243,None,,,,,,,,,,Sub033,001,2022_Sep_20_1337,1trainingbehavior_inMRI,2021.2.3,59.995596359539505,
,,,10,1,,,,,,,,,,,,,,,,,,,,,0,24,24,19,,,,,,,,,,,,,,,,,,,,,,,,,,,y,4.114290600642562,219.3197683999315,None,8.54039996232777,1,-23,0,7,219.3197683999315,None,223.45388330053538,None,,,,,,,,,,Sub033,001,2022_Sep_20_1337,1trainingbehavior_inMRI,2021.2.3,59.995596359539505,
,,,20,1,,,,,,,,,,,,,,,,,,,,,0,25,25,35,,,,,,,,,,,,,,,,,,,,,,,,,,,y,4.225489499978721,223.95382640045136,None,22.741807242755947,1,26,0,7,223.95382640045136,None,228.20397260040045,None,,,,,,,,,,Sub033,001,2022_Sep_20_1337,1trainingbehavior_inMRI,2021.2.3,59.995596359539505,
,,,10,0,,,,,,,,,,,,,,,,,,,,,0,26,26,3,,,,,,,,,,,,,,,,,,,,,,,,,,,y,3.01840309984982,228.70375940017402,None,8.54039996232777,0,23,0,7,228.70375940017402,None,231.73688790015876,None,,,,,,,,,,Sub033,001,2022_Sep_20_1337,1trainingbehavior_inMRI,2021.2.3,59.995596359539505,
,,,30,0,,,,,,,,,,,,,,,,,,,,,0,27,27,41,,,,,,,,,,,,,,,,,,,,,,,,,,,y,3.009586799889803,232.23871700000018,None,43.21111958831137,0,23,0,7,232.23871700000018,None,235.27033159974962,None,,,,,,,,,,Sub033,001,2022_Sep_20_1337,1trainingbehavior_inMRI,2021.2.3,59.995596359539505,
,,,10,0,,,,,,,,,,,,,,,,,,,,,0,28,28,1,,,,,,,,,,,,,,,,,,,,,,,,,,,y,3.0215226002037525,235.77067560050637,None,8.54039996232777,0,30,0,7,235.77067560050637,None,238.8208857998252,None,,,,,,,,,,Sub033,001,2022_Sep_20_1337,1trainingbehavior_inMRI,2021.2.3,59.995596359539505,
,,,30,0,,,,,,,,,,,,,,,,,,,,,0,29,29,40,,,,,,,,,,,,,,,,,,,,,,,,,,,y,2.9625406991690397,239.32082909997553,None,43.21111958831137,0,2,1,7,239.32082909997553,None,242.3038355000317,None,,,,,,,,,,Sub033,001,2022_Sep_20_1337,1trainingbehavior_inMRI,2021.2.3,59.995596359539505,
,,,10,1,,,,,,,,,,,,,,,,,,,,,0,30,30,18,,,,,,,,,,,,,,,,,,,,,,,,,,,y,1.8459356995299459,242.8045600997284,None,8.54039996232777,1,33,0,7,242.8045600997284,None,244.6707250000909,None,,,,,,,,,,Sub033,001,2022_Sep_20_1337,1trainingbehavior_inMRI,2021.2.3,59.995596359539505,
,,,20,0,,,,,,,,,,,,,,,,,,,,,0,31,31,22,,,,,,,,,,,,,,,,,,,,,,,,,,,y,3.022073299624026,245.17104560043663,None,22.741807242755947,0,30,0,7,245.17104560043663,None,248.22076889965683,None,,,,,,,,,,Sub033,001,2022_Sep_20_1337,1trainingbehavior_inMRI,2021.2.3,59.995596359539505,
,,,10,0,,,,,,,,,,,,,,,,,,,,,0,32,32,7,,,,,,,,,,,,,,,,,,,,,,,,,,,y,5.40384910069406,248.72128820046782,None,8.54039996232777,0,23,0,7,248.72128820046782,None,254.15455080009997,None,,,,,,,,,,Sub033,001,2022_Sep_20_1337,1trainingbehavior_inMRI,2021.2.3,59.995596359539505,
,,,20,1,,,,,,,,,,,,,,,,,,,,,0,33,33,38,,,,,,,,,,,,,,,,,,,,,,,,,,,y,1.7954080998897552,254.6548806997016,None,22.741807242755947,1,12,0,7,254.6548806997016,None,256.47110159974545,None,,,,,,,,,,Sub033,001,2022_Sep_20_1337,1trainingbehavior_inMRI,2021.2.3,59.995596359539505,
,,,30,1,,,,,,,,,,,,,,,,,,,,,0,34,34,55,,,,,,,,,,,,,,,,,,,,,,,,,,,y,1.8163596000522375,256.97175970021635,None,43.21111958831137,1,19,1,7,256.97175970021635,None,258.80463500041515,None,,,,,,,,,,Sub033,001,2022_Sep_20_1337,1trainingbehavior_inMRI,2021.2.3,59.995596359539505,
,,,20,0,,,,,,,,,,,,,,,,,,,,,0,35,35,28,,,,,,,,,,,,,,,,,,,,,,,,,,,y,2.986305800266564,259.30482260044664,None,22.741807242755947,0,16,0,7,259.30482260044664,None,262.32147440034896,None,,,,,,,,,,Sub033,001,2022_Sep_20_1337,1trainingbehavior_inMRI,2021.2.3,59.995596359539505,
,,,10,1,,,,,,,,,,,,,,,,,,,,,0,36,36,13,,,,,,,,,,,,,,,,,,,,,,,,,,,y,4.209461700171232,262.8221140000969,None,8.54039996232777,1,19,0,7,262.8221140000969,None,267.0555303003639,None,,,,,,,,,,Sub033,001,2022_Sep_20_1337,1trainingbehavior_inMRI,2021.2.3,59.995596359539505,
,,,30,1,,,,,,,,,,,,,,,,,,,,,0,37,37,59,,,,,,,,,,,,,,,,,,,,,,,,,,,y,4.1832256000489,267.55492839962244,None,43.21111958831137,1,5,1,7,267.55492839962244,None,271.7551814997569,None,,,,,,,,,,Sub033,001,2022_Sep_20_1337,1trainingbehavior_inMRI,2021.2.3,59.995596359539505,
,,,10,0,,,,,,,,,,,,,,,,,,,,,0,38,38,5,,,,,,,,,,,,,,,,,,,,,,,,,,,y,3.0407889001071453,272.25545809976757,None,8.54039996232777,0,37,0,7,272.25545809976757,None,275.32276260014623,None,,,,,,,,,,Sub033,001,2022_Sep_20_1337,1trainingbehavior_inMRI,2021.2.3,59.995596359539505,
,,,30,1,,,,,,,,,,,,,,,,,,,,,0,39,39,56,,,,,,,,,,,,,,,,,,,,,,,,,,,y,1.7807719996199012,275.8218894004822,None,43.21111958831137,1,5,1,7,275.8218894004822,None,277.6220493996516,None,,,,,,,,,,Sub033,001,2022_Sep_20_1337,1trainingbehavior_inMRI,2021.2.3,59.995596359539505,
,,,30,0,,,,,,,,,,,,,,,,,,,,,0,40,40,42,,,,,,,,,,,,,,,,,,,,,,,,,,,y,2.942344500683248,278.1218980997801,None,43.21111958831137,0,-5,1,7,278.1218980997801,None,281.08877420052886,None,,,,,,,,,,Sub033,001,2022_Sep_20_1337,1trainingbehavior_inMRI,2021.2.3,59.995596359539505,
,,,20,1,,,,,,,,,,,,,,,,,,,,,0,41,41,39,,,,,,,,,,,,,,,,,,,,,,,,,,,y,1.8123611994087696,281.5892807999626,None,22.741807242755947,1,19,0,7,281.5892807999626,None,283.42307280004025,None,,,,,,,,,,Sub033,001,2022_Sep_20_1337,1trainingbehavior_inMRI,2021.2.3,59.995596359539505,
,,,10,0,,,,,,,,,,,,,,,,,,,,,0,42,42,6,,,,,,,,,,,,,,,,,,,,,,,,,,,y,2.962040999904275,283.9225957002491,None,8.54039996232777,0,2,1,7,283.9225957002491,None,286.9071345003322,None,,,,,,,,,,Sub033,001,2022_Sep_20_1337,1trainingbehavior_inMRI,2021.2.3,59.995596359539505,
,,,30,0,,,,,,,,,,,,,,,,,,,,,0,43,43,46,,,,,,,,,,,,,,,,,,,,,,,,,,,y,3.0097602996975183,287.40638389997184,None,43.21111958831137,0,23,0,7,287.40638389997184,None,290.43914739973843,None,,,,,,,,,,Sub033,001,2022_Sep_20_1337,1trainingbehavior_inMRI,2021.2.3,59.995596359539505,
,,,30,0,,,,,,,,,,,,,,,,,,,,,0,44,44,43,,,,,,,,,,,,,,,,,,,,,,,,,,,y,2.9810046991333365,290.93918260000646,None,43.21111958831137,0,9,1,7,290.93918260000646,None,293.9397523002699,None,,,,,,,,,,Sub033,001,2022_Sep_20_1337,1trainingbehavior_inMRI,2021.2.3,59.995596359539505,
,,,10,0,,,,,,,,,,,,,,,,,,,,,0,45,45,2,,,,,,,,,,,,,,,,,,,,,,,,,,,y,3.0118130007758737,294.43944410048425,None,8.54039996232777,0,23,0,7,294.43944410048425,None,297.47284820023924,None,,,,,,,,,,Sub033,001,2022_Sep_20_1337,1trainingbehavior_inMRI,2021.2.3,59.995596359539505,
,,,10,1,,,,,,,,,,,,,,,,,,,,,0,46,46,17,,,,,,,,,,,,,,,,,,,,,,,,,,,y,1.7158527998253703,297.97289209999144,None,8.54039996232777,1,-23,0,7,297.97289209999144,None,299.7061791997403,None,,,,,,,,,,Sub033,001,2022_Sep_20_1337,1trainingbehavior_inMRI,2021.2.3,59.995596359539505,
,,,30,0,,,,,,,,,,,,,,,,,,,,,0,47,47,48,,,,,,,,,,,,,,,,,,,,,,,,,,,y,2.98857899941504,300.2066139001399,None,43.21111958831137,0,16,1,7,300.2066139001399,None,303.2230815002695,None,,,,,,,,,,Sub033,001,2022_Sep_20_1337,1trainingbehavior_inMRI,2021.2.3,59.995596359539505,
,,,20,0,,,,,,,,,,,,,,,,,,,,,0,48,48,24,,,,,,,,,,,,,,,,,,,,,,,,,,,y,2.970698899589479,303.72346920054406,None,22.741807242755947,0,9,1,7,303.72346920054406,None,306.7234097998589,None,,,,,,,,,,Sub033,001,2022_Sep_20_1337,1trainingbehavior_inMRI,2021.2.3,59.995596359539505,
,,,10,1,,,,,,,,,,,,,,,,,,,,,0,49,49,16,,,,,,,,,,,,,,,,,,,,,,,,,,,y,1.8137376001104712,307.2235312005505,None,8.54039996232777,1,19,0,7,307.2235312005505,None,309.0568511001766,None,,,,,,,,,,Sub033,001,2022_Sep_20_1337,1trainingbehavior_inMRI,2021.2.3,59.995596359539505,
,,,20,0,,,,,,,,,,,,,,,,,,,,,0,50,50,29,,,,,,,,,,,,,,,,,,,,,,,,,,,y,3.0182691998779774,309.55685220006853,None,22.741807242755947,0,23,0,7,309.55685220006853,None,312.5900769000873,None,,,,,,,,,,Sub033,001,2022_Sep_20_1337,1trainingbehavior_inMRI,2021.2.3,59.995596359539505,
,,,10,1,,,,,,,,,,,,,,,,,,,,,0,51,51,11,,,,,,,,,,,,,,,,,,,,,,,,,,,y,1.844769200310111,313.09042229969054,None,8.54039996232777,1,33,0,7,313.09042229969054,None,314.9566615000367,None,,,,,,,,,,Sub033,001,2022_Sep_20_1337,1trainingbehavior_inMRI,2021.2.3,59.995596359539505,
,,,10,1,,,,,,,,,,,,,,,,,,,,,0,52,52,15,,,,,,,,,,,,,,,,,,,,,,,,,,,y,1.816732999868691,315.4576454004273,None,8.54039996232777,1,19,0,7,315.4576454004273,None,317.29079550039023,None,,,,,,,,,,Sub033,001,2022_Sep_20_1337,1trainingbehavior_inMRI,2021.2.3,59.995596359539505,
,,,20,0,,,,,,,,,,,,,,,,,,,,,0,53,53,25,,,,,,,,,,,,,,,,,,,,,,,,,,,y,2.911908299662173,317.7902337005362,None,22.741807242755947,0,-19,0,7,317.7902337005362,None,320.7237323997542,None,,,,,,,,,,Sub033,001,2022_Sep_20_1337,1trainingbehavior_inMRI,2021.2.3,59.995596359539505,
,,,20,0,,,,,,,,,,,,,,,,,,,,,0,54,54,23,,,,,,,,,,,,,,,,,,,,,,,,,,,y,2.974808500148356,321.22369730006903,None,22.741807242755947,0,9,1,7,321.22369730006903,None,324.2246783003211,None,,,,,,,,,,Sub033,001,2022_Sep_20_1337,1trainingbehavior_inMRI,2021.2.3,59.995596359539505,
,,,10,1,,,,,,,,,,,,,,,,,,,,,0,55,55,12,,,,,,,,,,,,,,,,,,,,,,,,,,,y,1.8965058997273445,324.723912300542,None,8.54039996232777,1,54,0,7,324.723912300542,None,326.6405694000423,None,,,,,,,,,,Sub033,001,2022_Sep_20_1337,1trainingbehavior_inMRI,2021.2.3,59.995596359539505,
,,,30,1,,,,,,,,,,,,,,,,,,,,,0,56,56,57,,,,,,,,,,,,,,,,,,,,,,,,,,,y,1.761825199238956,327.14073640014976,None,43.21111958831137,1,-2,1,7,327.14073640014976,None,328.9241867000237,None,,,,,,,,,,Sub033,001,2022_Sep_20_1337,1trainingbehavior_inMRI,2021.2.3,59.995596359539505,
,,,30,1,,,,,,,,,,,,,,,,,,,,,0,57,57,58,,,,,,,,,,,,,,,,,,,,,,,,,,,y,1.7748744003474712,329.4242711998522,None,43.21111958831137,1,5,1,7,329.4242711998522,None,331.2241141004488,None,,,,,,,,,,Sub033,001,2022_Sep_20_1337,1trainingbehavior_inMRI,2021.2.3,59.995596359539505,
,,,20,1,,,,,,,,,,,,,,,,,,,,,0,58,58,33,,,,,,,,,,,,,,,,,,,,,,,,,,,y,1.8389999996870756,331.72415150050074,None,22.741807242755947,1,33,0,7,331.72415150050074,None,333.5921504003927,None,,,,,,,,,,Sub033,001,2022_Sep_20_1337,1trainingbehavior_inMRI,2021.2.3,59.995596359539505,
,,,30,0,,,,,,,,,,,,,,,,,,,,,0,59,59,45,,,,,,,,,,,,,,,,,,,,,,,,,,,y,2.9010247997939587,334.10819139983505,None,43.21111958831137,0,-26,0,7,334.10819139983505,None,337.024800600484,None,,,,,,,,,,Sub033,001,2022_Sep_20_1337,1trainingbehavior_inMRI,2021.2.3,59.995596359539505,
,,,10,,,,,,,,,,,,,,,,,,,,,,,,,,0,0,0,0,0,0,0,0,,,,,,,,,,,,,,,,,,,,,,,,,,,,,,,,Extremely Unlikely,337.5306086000055,None,b,3.626460399478674,337.5306086000055,None,,,Sub033,001,2022_Sep_20_1337,1trainingbehavior_inMRI,2021.2.3,59.995596359539505,
,,,10,,,,,,,,,,,,,,,,,,,,,,,,,,0,0,0,0,,,,,,,,,,,,,,,,,,,,,,,,,,,,,,,,,,,,,,,,,,,,,Sub033,001,2022_Sep_20_1337,1trainingbehavior_inMRI,2021.2.3,59.995596359539505,
,,,20,,,,,,,,,,,,,,,,,,,,,,,,,,0,1,1,1,0,0,0,0,,,,,,,,,,,,,,,,,,,,,,,,,,,,,,,,Slightly Unlikely,341.1749985003844,None,y,1.782027100212872,341.1749985003844,None,,,Sub033,001,2022_Sep_20_1337,1trainingbehavior_inMRI,2021.2.3,59.995596359539505,
,,,20,,,,,,,,,,,,,,,,,,,,,,,,,,0,1,1,1,,,,,,,,,,,,,,,,,,,,,,,,,,,,,,,,,,,,,,,,,,,,,Sub033,001,2022_Sep_20_1337,1trainingbehavior_inMRI,2021.2.3,59.995596359539505,
,,,30,,,,,,,,,,,,,,,,,,,,,,,,,,0,2,2,2,0,0,0,0,,,,,,,,,,,,,,,,,,,,,,,,,,,,,,,,Slightly Likely,342.9780051000416,None,g,1.729093300178647,342.9780051000416,None,,,Sub033,001,2022_Sep_20_1337,1trainingbehavior_inMRI,2021.2.3,59.995596359539505,
,,,30,,,,,,,,,,,,,,,,,,,,,,,,,,0,2,2,2,,,,,,,,,,,,,,,,,,,,,,,,,,,,,,,,,,,,,,,,,,,,,Sub033,001,2022_Sep_20_1337,1trainingbehavior_inMRI,2021.2.3,59.995596359539505,
,,,,,,,,,,,,,,,,,,,,,,,,,,,,,,,,,,,,,,,,,,,,,,,,,,,,,,,,,,,,,,,,,,,,,,,,,,,344.72451100032777,None,,,,,,,
